CONTIG	SUPERCLUSTER	START	STOP	SIZE	QUERY1_VARS	QUERY2_VARS	TRUTH1_VARS	TRUTH2_VARS	ORIG_ED	SWAP_ED	PHASE_STATE	SC_PHASE	PHASE_SET	PHASE_BLOCK	FLIP_ERROR
chr2	0	35950115	35950118	3	1	1	1	1	0	0	0	?	0	0	0
chr2	1	35950634	35950637	3	1	1	1	1	0	0	0	?	0	0	0
chr2	2	35950892	35950895	3	1	1	1	1	0	0	0	?	0	0	0
chr2	3	35951335	35951338	3	1	1	1	1	0	0	0	?	0	0	0
chr2	4	35952064	35952067	3	1	1	1	1	0	0	0	?	0	0	0
chr2	5	35952754	35952756	2	1	1	1	1	0	0	0	?	0	0	0
chr2	6	35953789	35953792	3	1	1	1	1	0	0	0	?	0	0	0
chr2	7	35953827	35953830	3	1	1	1	1	0	0	0	?	0	0	0
chr2	8	35953898	35953901	3	1	1	1	1	0	0	0	?	0	0	0
chr2	9	35953963	35953966	3	1	1	1	1	0	0	0	?	0	0	0
chr2	10	35954125	35954128	3	1	1	1	1	0	0	0	?	0	0	0
chr2	11	35954277	35954280	3	1	1	1	1	0	0	0	?	0	0	0
chr2	12	35954380	35954383	3	1	1	1	1	0	0	0	?	0	0	0
chr2	13	35955056	35955059	3	1	1	1	1	0	0	0	?	0	0	0
chr2	14	35955124	35955127	3	1	1	1	1	0	0	0	?	0	0	0
chr2	15	35955175	35955178	3	1	1	1	1	0	0	0	?	0	0	0
chr2	16	35955208	35955231	23	2	2	2	2	0	0	0	?	0	0	0
chr2	17	35955264	35955267	3	1	1	1	1	0	0	0	?	0	0	0
chr2	18	35955493	35955496	3	1	1	1	1	0	0	0	?	0	0	0
chr2	19	35955528	35955531	3	1	1	1	1	0	0	0	?	0	0	0
chr2	20	35955685	35955688	3	1	1	1	1	0	0	0	?	0	0	0
chr2	21	35955704	35955707	3	1	1	1	1	0	0	0	?	0	0	0
chr2	22	35955773	35956156	383	0	0	12	12	298	298	0	?	0	0	0
chr2	23	35956234	35956510	276	0	0	29	29	156	156	0	?	0	0	0
chr2	24	35956561	35956566	5	0	0	2	2	4	4	0	?	0	0	0
chr2	25	35956587	35956590	3	0	0	1	1	2	2	0	?	0	0	0
chr2	26	35956621	35956636	15	0	0	5	5	10	10	0	?	0	0	0
chr2	27	35956688	35956729	41	0	0	4	4	18	18	0	?	0	0	0
chr2	28	35956757	35956761	4	0	0	1	1	4	4	0	?	0	0	0
chr2	29	35956798	35957814	1016	0	0	56	56	414	414	0	?	0	0	0
chr2	30	35957867	35957871	4	0	0	1	1	4	4	0	?	0	0	0
chr2	31	35957969	35957973	4	2	2	2	2	0	0	0	?	0	0	0
chr2	32	35958042	35958045	3	1	1	1	1	0	0	0	?	0	0	0
chr2	33	35958105	35958108	3	1	1	1	1	0	0	0	?	0	0	0
chr2	34	35958299	35958308	9	2	2	2	2	0	0	0	?	0	0	0
chr2	35	35958384	35958387	3	1	1	1	1	0	0	0	?	0	0	0
chr2	36	35958576	35958579	3	1	1	1	1	0	0	0	?	0	0	0
chr2	37	35958647	35958654	7	2	2	2	2	0	0	0	?	0	0	0
chr2	38	35958697	35958700	3	1	1	1	1	0	0	0	?	0	0	0
chr2	39	35958715	35958718	3	1	1	1	1	0	0	0	?	0	0	0
chr2	40	35958760	35958763	3	1	1	1	1	0	0	0	?	0	0	0
chr2	41	35958878	35958881	3	1	1	1	1	0	0	0	?	0	0	0
chr2	42	35958916	35958919	3	1	1	1	1	0	0	0	?	0	0	0
chr2	43	35959019	35959022	3	1	1	1	1	0	0	0	?	0	0	0
chr2	44	35959212	35959215	3	1	1	1	1	0	0	0	?	0	0	0
chr2	45	35959287	35959290	3	1	1	1	1	0	0	0	?	0	0	0
chr2	46	35959493	35959496	3	1	1	1	1	0	0	0	?	0	0	0
chr2	47	35959509	35959512	3	1	1	1	1	0	0	0	?	0	0	0
chr2	48	35959552	35959555	3	1	1	1	1	0	0	0	?	0	0	0
chr2	49	35959857	35959860	3	1	1	1	1	0	0	0	?	0	0	0
chr2	50	35960029	35960031	2	1	1	1	1	0	0	0	?	0	0	0
chr2	51	35960317	35960320	3	1	1	1	1	0	0	0	?	0	0	0
chr2	52	35960599	35960602	3	1	1	1	1	0	0	0	?	0	0	0
chr2	53	35960664	35960667	3	1	1	1	1	0	0	0	?	0	0	0
chr2	54	35960891	35960894	3	1	1	1	1	0	0	0	?	0	0	0
chr2	55	35961045	35961048	3	1	1	1	1	0	0	0	?	0	0	0
chr2	56	35961323	35961329	6	2	2	2	2	0	0	0	?	0	0	0
chr2	57	35961338	35961341	3	1	1	1	1	0	0	0	?	0	0	0
chr2	58	35961477	35961480	3	1	1	1	1	0	0	0	?	0	0	0
chr2	59	35961554	35961557	3	1	1	1	1	0	0	0	?	0	0	0
chr2	60	35961962	35961965	3	1	1	1	1	0	0	0	?	0	0	0
chr2	61	35962000	35962003	3	1	1	1	1	0	0	0	?	0	0	0
chr2	62	35962017	35962020	3	1	1	1	1	0	0	0	?	0	0	0
chr2	63	35962245	35962247	2	1	1	1	1	0	0	0	?	0	0	0
chr2	64	35962286	35962289	3	1	1	1	1	0	0	0	?	0	0	0
chr2	65	35962328	35962331	3	1	1	1	1	0	0	0	?	0	0	0
chr2	66	35962395	35962398	3	1	1	1	1	0	0	0	?	0	0	0
chr2	67	35962427	35962430	3	1	1	1	1	0	0	0	?	0	0	0
chr2	68	35962490	35962492	2	1	1	1	1	0	0	0	?	0	0	0
chr2	69	35962993	35962996	3	1	1	1	1	0	0	0	?	0	0	0
chr2	70	35963073	35963076	3	1	1	1	1	0	0	0	?	0	0	0
chr2	71	35963872	35963875	3	1	1	1	1	0	0	0	?	0	0	0
chr2	72	35964393	35964395	2	1	1	1	1	0	0	0	?	0	0	0
chr2	73	35964424	35964427	3	1	1	1	1	0	0	0	?	0	0	0
chr2	74	35964565	35964568	3	1	1	1	1	0	0	0	?	0	0	0
chr2	75	35964610	35964613	3	1	1	1	1	0	0	0	?	0	0	0
chr2	76	35966140	35966142	2	1	1	1	1	0	0	0	?	0	0	0
chr2	77	35966752	35966755	3	1	1	1	1	0	0	0	?	0	0	0
chr2	78	35967504	35967506	2	1	1	1	1	0	0	0	?	0	0	0
chr2	79	35969080	35969083	3	1	1	1	1	0	0	0	?	0	0	0
chr2	80	35974208	35974210	2	1	1	1	1	0	0	0	?	0	0	0
chr2	81	35974663	35974671	8	3	3	4	4	2	2	0	?	0	0	0
chr2	82	35975417	35975437	20	6	6	5	5	12	12	0	?	0	0	0
chr2	83	35976347	35976350	3	1	1	1	1	0	0	0	?	0	0	0
chr2	84	35976372	35976375	3	1	1	1	1	0	0	0	?	0	0	0
chr2	85	35976816	35976819	3	1	1	1	1	0	0	0	?	0	0	0
chr2	86	35977133	35977136	3	1	1	1	1	0	0	0	?	0	0	0
chr2	87	35977754	35977757	3	1	1	1	1	0	0	0	?	0	0	0
chr2	88	35978195	35978198	3	1	1	1	1	0	0	0	?	0	0	0
chr2	89	35979727	35979730	3	1	1	1	1	0	0	0	?	0	0	0
chr2	90	35981021	35981024	3	1	1	1	1	0	0	0	?	0	0	0
chr2	91	35981186	35981189	3	1	1	1	1	0	0	0	?	0	0	0
chr2	92	35981734	35981737	3	1	1	1	1	0	0	0	?	0	0	0
chr2	93	35982161	35982164	3	1	1	1	1	0	0	0	?	0	0	0
chr2	94	35985927	35985930	3	1	1	1	1	0	0	0	?	0	0	0
chr2	95	35986616	35986619	3	1	1	1	1	0	0	0	?	0	0	0
chr2	96	35986643	35986646	3	1	1	1	1	0	0	0	?	0	0	0
chr2	97	35986998	35987001	3	1	1	1	1	0	0	0	?	0	0	0
chr2	98	35987627	35987630	3	1	1	1	1	0	0	0	?	0	0	0
chr2	99	35988963	35988966	3	1	1	1	1	0	0	0	?	0	0	0
chr2	100	35990425	35990428	3	1	1	1	1	0	0	0	?	0	0	0
chr2	101	35990506	35990509	3	1	1	1	1	0	0	0	?	0	0	0
chr2	102	35990739	35990742	3	1	1	1	1	0	0	0	?	0	0	0
chr2	103	35991555	35991558	3	1	1	1	1	0	0	0	?	0	0	0
chr2	104	35992654	35992657	3	1	1	1	1	0	0	0	?	0	0	0
chr2	105	35992953	35992956	3	1	1	1	1	0	0	0	?	0	0	0
chr2	106	35993668	35993671	3	1	1	1	1	0	0	0	?	0	0	0
chr2	107	35994555	35994558	3	1	1	1	1	0	0	0	?	0	0	0
chr2	108	35994861	35994864	3	1	1	1	1	0	0	0	?	0	0	0
chr2	109	35994970	35994973	3	1	1	1	1	0	0	0	?	0	0	0
chr2	110	35996900	35996903	3	1	1	1	1	0	0	0	?	0	0	0
chr2	111	35997275	35997278	3	1	1	1	1	0	0	0	?	0	0	0
chr2	112	35997299	35997302	3	1	1	1	1	0	0	0	?	0	0	0
chr2	113	35997692	35997695	3	1	1	1	1	0	0	0	?	0	0	0
chr2	114	35998915	35998929	14	0	0	1	1	24	24	0	?	0	0	0
chr2	115	35999050	35999053	3	1	1	1	1	0	0	0	?	0	0	0
chr2	116	35999468	35999471	3	1	1	1	1	0	0	0	?	0	0	0
chr2	117	36000492	36000494	2	1	1	1	1	0	0	0	?	0	0	0
chr2	118	36000856	36000859	3	1	1	1	1	0	0	0	?	0	0	0
chr2	119	36000978	36000981	3	1	1	1	1	0	0	0	?	0	0	0
chr2	120	36001255	36001258	3	1	1	1	1	0	0	0	?	0	0	0
chr2	121	36001329	36001332	3	1	1	1	1	0	0	0	?	0	0	0
chr2	122	36001970	36001973	3	1	1	1	1	0	0	0	?	0	0	0
chr2	123	36002508	36002511	3	1	1	1	1	0	0	0	?	0	0	0
chr2	124	36002929	36002932	3	1	1	1	1	0	0	0	?	0	0	0
chr2	125	36003173	36003176	3	1	1	1	1	0	0	0	?	0	0	0
chr2	126	36005588	36005591	3	1	1	1	1	0	0	0	?	0	0	0
chr2	127	36006050	36006053	3	1	1	1	1	0	0	0	?	0	0	0
chr2	128	36006248	36006251	3	1	1	1	1	0	0	0	?	0	0	0
chr2	129	36007148	36007151	3	1	1	1	1	0	0	0	?	0	0	0
chr2	130	36007601	36007604	3	1	1	1	1	0	0	0	?	0	0	0
chr2	131	36007788	36007791	3	1	1	1	1	0	0	0	?	0	0	0
chr2	132	36007827	36007830	3	1	1	1	1	0	0	0	?	0	0	0
chr2	133	36008131	36008134	3	1	1	1	1	0	0	0	?	0	0	0
chr2	134	36008297	36008300	3	1	1	1	1	0	0	0	?	0	0	0
chr2	135	36009305	36009308	3	1	1	1	1	0	0	0	?	0	0	0
chr2	136	36010348	36010350	2	0	0	1	1	30	30	0	?	0	0	0
chr2	137	36011036	36011039	3	1	1	1	1	0	0	0	?	0	0	0
chr2	138	36012768	36012770	2	1	1	1	1	0	0	0	?	0	0	0
chr2	139	36012929	36012932	3	1	1	1	1	0	0	0	?	0	0	0
chr2	140	36013179	36013182	3	1	1	1	1	0	0	0	?	0	0	0
chr2	141	36013897	36013900	3	1	1	1	1	0	0	0	?	0	0	0
chr2	142	36013978	36013981	3	1	1	1	1	0	0	0	?	0	0	0
chr2	143	36014983	36014986	3	1	1	1	1	0	0	0	?	0	0	0
chr2	144	36015202	36015205	3	1	1	1	1	0	0	0	?	0	0	0
chr2	145	36017381	36017383	2	1	1	1	1	0	0	0	?	0	0	0
chr2	146	36017613	36017616	3	1	1	1	1	0	0	0	?	0	0	0
chr2	147	36017927	36017930	3	1	1	1	1	0	0	0	?	0	0	0
chr2	148	36017962	36017964	2	1	1	1	1	0	0	0	?	0	0	0
chr2	149	36018039	36018042	3	1	1	1	1	0	0	0	?	0	0	0
chr2	150	36018367	36018370	3	1	1	1	1	0	0	0	?	0	0	0
chr2	151	36025240	36025243	3	1	1	1	1	0	0	0	?	0	0	0
chr2	152	36033186	36033188	2	1	1	1	1	0	0	0	?	0	0	0
chr2	153	36033263	36033269	6	1	1	1	1	0	0	0	?	0	0	0
chr2	154	36048009	36048013	4	0	0	1	1	4	4	0	?	0	0	0
chr2	155	36052336	36052339	3	1	1	1	1	0	0	0	?	0	0	0
chr2	156	36053448	36053451	3	1	1	1	1	0	0	0	?	0	0	0
chr2	157	36054077	36054080	3	1	1	1	1	0	0	0	?	0	0	0
chr2	158	36054445	36054448	3	1	1	1	1	0	0	0	?	0	0	0
chr2	159	36055400	36055403	3	1	1	1	1	0	0	0	?	0	0	0
chr2	160	36056008	36056018	10	0	0	1	1	16	16	0	?	0	0	0
chr2	161	36056159	36056162	3	1	1	1	1	0	0	0	?	0	0	0
chr2	162	36057026	36057043	17	1	1	1	1	0	0	0	?	0	0	0
chr2	163	36057102	36057111	9	2	2	2	2	0	0	0	?	0	0	0
chr2	164	36057983	36057987	4	1	1	1	1	0	0	0	?	0	0	0
chr2	165	36058409	36058412	3	1	1	1	1	0	0	0	?	0	0	0
chr2	166	36059122	36059125	3	1	1	1	1	0	0	0	?	0	0	0
chr2	167	36059788	36059791	3	1	1	1	1	0	0	0	?	0	0	0
chr2	168	36059854	36059857	3	1	1	1	1	0	0	0	?	0	0	0
chr2	169	36060307	36060310	3	1	1	1	1	0	0	0	?	0	0	0
chr2	170	36060343	36060346	3	1	1	1	1	0	0	0	?	0	0	0
chr2	171	36060543	36060546	3	1	1	1	1	0	0	0	?	0	0	0
chr2	172	36061065	36061068	3	1	1	1	1	0	0	0	?	0	0	0
chr2	173	36061307	36061310	3	1	1	1	1	0	0	0	?	0	0	0
chr2	174	36061603	36061606	3	1	1	1	1	0	0	0	?	0	0	0
chr2	175	36062017	36062020	3	1	1	1	1	0	0	0	?	0	0	0
chr2	176	36063466	36063469	3	1	1	1	1	0	0	0	?	0	0	0
chr2	177	36063820	36063823	3	1	1	1	1	0	0	0	?	0	0	0
chr2	178	36064093	36064102	9	3	3	3	3	0	0	0	?	0	0	0
chr2	179	36064301	36064304	3	1	1	1	1	0	0	0	?	0	0	0
chr2	180	36064355	36064367	12	3	3	3	3	0	0	0	?	0	0	0
chr2	181	36065582	36065585	3	1	1	1	1	0	0	0	?	0	0	0
chr2	182	36065692	36065695	3	1	1	1	1	0	0	0	?	0	0	0
chr2	183	36065830	36065833	3	1	1	1	1	0	0	0	?	0	0	0
chr2	184	36065917	36065920	3	1	1	1	1	0	0	0	?	0	0	0
chr2	185	36066137	36066140	3	1	1	1	1	0	0	0	?	0	0	0
chr2	186	36066162	36066165	3	1	1	1	1	0	0	0	?	0	0	0
chr2	187	36066806	36066809	3	1	1	1	1	0	0	0	?	0	0	0
chr2	188	36067210	36067213	3	1	1	1	1	0	0	0	?	0	0	0
chr2	189	36067540	36067543	3	1	1	1	1	0	0	0	?	0	0	0
chr2	190	36068402	36068405	3	1	1	1	1	0	0	0	?	0	0	0
chr2	191	36068503	36068506	3	1	1	1	1	0	0	0	?	0	0	0
chr2	192	36069295	36069298	3	1	1	1	1	0	0	0	?	0	0	0
chr2	193	36069429	36069432	3	1	1	1	1	0	0	0	?	0	0	0
chr2	194	36069752	36069755	3	1	1	1	1	0	0	0	?	0	0	0
chr2	195	36070150	36070153	3	1	1	1	1	0	0	0	?	0	0	0
chr2	196	36070918	36070921	3	1	1	1	1	0	0	0	?	0	0	0
chr2	197	36072989	36072992	3	1	1	1	1	0	0	0	?	0	0	0
chr2	198	36073498	36073501	3	1	1	1	1	0	0	0	?	0	0	0
chr2	199	36073621	36073624	3	1	1	1	1	0	0	0	?	0	0	0
chr2	200	36074387	36074390	3	1	1	1	1	0	0	0	?	0	0	0
chr2	201	36075567	36075570	3	1	1	1	1	0	0	0	?	0	0	0
chr2	202	36075746	36075749	3	1	1	1	1	0	0	0	?	0	0	0
chr2	203	36075783	36075791	8	1	1	1	1	0	0	0	?	0	0	0
chr2	204	36076253	36076256	3	1	1	1	1	0	0	0	?	0	0	0
chr2	205	36076365	36076368	3	1	1	1	1	0	0	0	?	0	0	0
chr2	206	36076695	36076698	3	1	1	1	1	0	0	0	?	0	0	0
chr2	207	36076838	36076841	3	1	1	1	1	0	0	0	?	0	0	0
chr2	208	36077484	36077487	3	1	1	1	1	0	0	0	?	0	0	0
chr2	209	36077716	36077719	3	1	1	1	1	0	0	0	?	0	0	0
chr2	210	36077993	36077996	3	1	1	1	1	0	0	0	?	0	0	0
chr2	211	36078094	36078097	3	1	1	1	1	0	0	0	?	0	0	0
chr2	212	36078366	36078369	3	1	1	1	1	0	0	0	?	0	0	0
chr2	213	36078887	36078890	3	0	0	1	1	2	2	0	?	0	0	0
chr2	214	36079246	36079249	3	1	1	1	1	0	0	0	?	0	0	0
chr2	215	36079630	36079632	2	1	1	1	1	0	0	0	?	0	0	0
chr2	216	36079811	36079814	3	1	1	1	1	0	0	0	?	0	0	0
chr2	217	36080186	36080189	3	1	1	1	1	0	0	0	?	0	0	0
chr2	218	36080448	36080451	3	1	1	1	1	0	0	0	?	0	0	0
chr2	219	36081613	36081616	3	1	1	1	1	0	0	0	?	0	0	0
chr2	220	36081697	36081700	3	1	1	1	1	0	0	0	?	0	0	0
chr2	221	36082430	36082433	3	1	1	1	1	0	0	0	?	0	0	0
chr2	222	36083157	36083160	3	1	1	1	1	0	0	0	?	0	0	0
chr2	223	36083538	36083541	3	1	1	1	1	0	0	0	?	0	0	0
chr2	224	36084922	36084924	2	1	1	1	1	0	0	0	?	0	0	0
chr2	225	36087807	36087810	3	1	1	1	1	0	0	0	?	0	0	0
chr2	226	36087883	36087886	3	1	1	1	1	0	0	0	?	0	0	0
chr2	227	36088060	36088063	3	1	1	1	1	0	0	0	?	0	0	0
chr2	228	36088097	36088100	3	1	1	1	1	0	0	0	?	0	0	0
chr2	229	36088386	36088390	4	2	2	2	2	0	0	0	?	0	0	0
chr2	230	36088405	36088408	3	1	1	1	1	0	0	0	?	0	0	0
chr2	231	36088524	36088527	3	1	1	1	1	0	0	0	?	0	0	0
chr2	232	36088897	36088900	3	1	1	1	1	0	0	0	?	0	0	0
chr2	233	36089062	36089065	3	1	1	1	1	0	0	0	?	0	0	0
chr2	234	36089399	36089402	3	1	1	1	1	0	0	0	?	0	0	0
chr2	235	36090714	36090721	7	1	1	1	1	0	0	0	?	0	0	0
chr2	236	36090876	36090879	3	1	1	1	1	0	0	0	?	0	0	0
chr2	237	36091375	36091378	3	1	1	1	1	0	0	0	?	0	0	0
chr2	238	36091603	36091605	2	1	1	1	1	0	0	0	?	0	0	0
chr2	239	36091853	36091856	3	1	1	1	1	0	0	0	?	0	0	0
chr2	240	36093363	36093366	3	1	1	1	1	0	0	0	?	0	0	0
chr2	241	36093631	36093634	3	1	1	1	1	0	0	0	?	0	0	0
chr2	242	36094032	36094035	3	1	1	1	1	0	0	0	?	0	0	0
chr2	243	36094339	36094342	3	1	1	1	1	0	0	0	?	0	0	0
chr2	244	36094421	36094424	3	1	1	1	1	0	0	0	?	0	0	0
chr2	245	36094577	36094580	3	1	1	1	1	0	0	0	?	0	0	0
chr2	246	36094629	36094632	3	1	1	1	1	0	0	0	?	0	0	0
chr2	247	36095161	36095165	4	2	2	2	2	0	0	0	?	0	0	0
chr2	248	36095659	36095662	3	1	1	1	1	0	0	0	?	0	0	0
chr2	249	36095849	36095852	3	1	1	1	1	0	0	0	?	0	0	0
chr2	250	36095952	36095955	3	1	1	1	1	0	0	0	?	0	0	0
chr2	251	36096163	36096166	3	1	1	1	1	0	0	0	?	0	0	0
chr2	252	36096353	36096356	3	1	1	1	1	0	0	0	?	0	0	0
chr2	253	36096826	36096829	3	1	1	1	1	0	0	0	?	0	0	0
chr2	254	36097830	36097840	10	2	2	2	2	0	0	0	?	0	0	0
chr2	255	36098866	36098869	3	1	1	1	1	0	0	0	?	0	0	0
chr2	256	36099268	36099271	3	1	1	1	1	0	0	0	?	0	0	0
chr2	257	36099422	36099425	3	1	1	1	1	0	0	0	?	0	0	0
chr2	258	36099500	36099503	3	1	1	1	1	0	0	0	?	0	0	0
chr2	259	36099588	36099591	3	1	1	1	1	0	0	0	?	0	0	0
chr2	260	36100292	36100295	3	1	1	1	1	0	0	0	?	0	0	0
chr2	261	36100395	36100404	9	2	2	2	2	0	0	0	?	0	0	0
chr2	262	36100434	36100437	3	1	1	1	1	0	0	0	?	0	0	0
chr2	263	36100803	36100806	3	1	1	1	1	0	0	0	?	0	0	0
chr2	264	36101112	36101115	3	1	1	1	1	0	0	0	?	0	0	0
chr2	265	36101693	36101696	3	1	1	1	1	0	0	0	?	0	0	0
chr2	266	36101967	36101970	3	1	1	1	1	0	0	0	?	0	0	0
chr2	267	36102948	36102951	3	1	1	1	1	0	0	0	?	0	0	0
chr2	268	36102996	36102999	3	0	0	1	1	2	2	0	?	0	0	0
chr2	269	36103236	36103239	3	1	1	1	1	0	0	0	?	0	0	0
chr2	270	36103276	36103279	3	1	1	1	1	0	0	0	?	0	0	0
chr2	271	36104012	36104015	3	1	1	1	1	0	0	0	?	0	0	0
chr2	272	36104319	36104322	3	1	1	1	1	0	0	0	?	0	0	0
chr2	273	36104586	36104588	2	0	0	1	1	28	28	0	?	0	0	0
chr2	274	36104653	36104656	3	1	1	1	1	0	0	0	?	0	0	0
chr2	275	36105146	36105149	3	1	1	1	1	0	0	0	?	0	0	0
chr2	276	36105398	36105401	3	2	2	0	0	0	0	0	?	0	0	0
chr2	277	36105465	36105468	3	1	1	0	0	0	0	0	?	0	0	0
chr2	278	36112503	36112506	3	1	1	0	0	0	0	0	?	0	0	0
chr2	279	36116189	36116192	3	0	0	1	1	2	2	0	?	0	0	0
chr2	280	36116906	36116916	10	0	0	2	2	4	4	0	?	0	0	0
chr2	281	36117023	36117026	3	0	0	1	1	2	2	0	?	0	0	0
chr2	282	36117615	36117618	3	1	1	1	1	0	0	0	?	0	0	0
chr2	283	36117689	36117692	3	1	1	1	1	0	0	0	?	0	0	0
chr2	284	36117825	36117828	3	0	0	1	1	2	2	0	?	0	0	0
chr2	285	36118024	36118027	3	1	1	1	1	0	0	0	?	0	0	0
chr2	286	36118208	36118211	3	1	1	1	1	0	0	0	?	0	0	0
chr2	287	36118860	36118863	3	1	1	1	1	0	0	0	?	0	0	0
chr2	288	36120565	36120569	4	1	1	1	1	0	0	0	?	0	0	0
chr2	289	36121491	36121494	3	1	1	1	1	0	0	0	?	0	0	0
chr2	290	36121784	36121788	4	1	1	1	1	0	0	0	?	0	0	0
chr2	291	36122161	36122164	3	1	1	1	1	0	0	0	?	0	0	0
chr2	292	36122340	36122343	3	1	1	1	1	0	0	0	?	0	0	0
chr2	293	36123087	36123090	3	1	1	1	1	0	0	0	?	0	0	0
chr2	294	36123395	36123398	3	1	1	1	1	0	0	0	?	0	0	0
chr2	295	36123958	36123961	3	1	1	1	1	0	0	0	?	0	0	0
chr2	296	36124638	36124641	3	1	1	1	1	0	0	0	?	0	0	0
chr2	297	36125258	36125261	3	1	1	1	1	0	0	0	?	0	0	0
chr2	298	36125969	36125972	3	1	1	1	1	0	0	0	?	0	0	0
chr2	299	36126529	36126532	3	1	1	1	1	0	0	0	?	0	0	0
chr2	300	36126720	36126723	3	1	1	1	1	0	0	0	?	0	0	0
chr2	301	36126851	36126854	3	1	1	1	1	0	0	0	?	0	0	0
chr2	302	36127279	36127282	3	1	1	1	1	0	0	0	?	0	0	0
chr2	303	36127534	36127554	20	2	2	2	2	0	0	0	?	0	0	0
chr2	304	36127860	36127863	3	1	1	1	1	0	0	0	?	0	0	0
chr2	305	36128022	36128025	3	1	1	1	1	0	0	0	?	0	0	0
chr2	306	36128147	36128150	3	1	1	1	1	0	0	0	?	0	0	0
chr2	307	36129045	36129048	3	1	1	1	1	0	0	0	?	0	0	0
chr2	308	36129900	36129902	2	0	0	1	1	2	2	0	?	0	0	0
chr2	309	36130196	36130199	3	1	1	1	1	0	0	0	?	0	0	0
chr2	310	36130834	36130837	3	1	1	1	1	0	0	0	?	0	0	0
chr2	311	36132189	36132192	3	1	1	1	1	0	0	0	?	0	0	0
chr2	312	36133404	36133407	3	1	1	1	1	0	0	0	?	0	0	0
chr2	313	36134816	36134819	3	1	1	1	1	0	0	0	?	0	0	0
chr2	314	36136529	36136531	2	1	1	1	1	0	0	0	?	0	0	0
chr2	315	36137019	36137022	3	1	1	1	1	0	0	0	?	0	0	0
chr2	316	36137146	36137149	3	1	1	1	1	0	0	0	?	0	0	0
chr2	317	36137654	36137657	3	1	1	1	1	0	0	0	?	0	0	0
chr2	318	36137874	36137877	3	1	1	1	1	0	0	0	?	0	0	0
chr2	319	36138659	36138664	5	2	2	2	2	0	0	0	?	0	0	0
chr2	320	36139347	36139350	3	1	1	1	1	0	0	0	?	0	0	0
chr2	321	36139595	36139607	12	1	1	1	1	0	0	0	?	0	0	0
chr2	322	36139991	36139994	3	1	1	1	1	0	0	0	?	0	0	0
chr2	323	36141127	36141130	3	1	1	1	1	0	0	0	?	0	0	0
chr2	324	36143338	36143340	2	1	1	1	1	0	0	0	?	0	0	0
chr2	325	36146503	36146511	8	1	1	1	1	0	0	0	?	0	0	0
chr2	326	36150900	36150903	3	0	0	1	1	2	2	0	?	0	0	0
chr2	327	36154463	36154466	3	1	1	1	1	0	0	0	?	0	0	0
chr2	328	36161783	36161786	3	1	1	1	1	0	0	0	?	0	0	0
chr2	329	36162243	36162247	4	1	1	1	1	0	0	0	?	0	0	0
chr2	330	36162332	36162334	2	0	0	1	1	24	24	0	?	0	0	0
chr2	331	36163156	36163158	2	1	1	1	1	0	0	0	?	0	0	0
chr2	332	36163658	36163661	3	1	1	1	1	0	0	0	?	0	0	0
chr2	333	36163877	36163880	3	1	1	1	1	0	0	0	?	0	0	0
chr2	334	36163941	36163944	3	1	1	1	1	0	0	0	?	0	0	0
chr2	335	36164662	36164665	3	1	1	1	1	0	0	0	?	0	0	0
chr2	336	36165057	36165060	3	1	1	1	1	0	0	0	?	0	0	0
chr2	337	36165229	36165231	2	0	0	1	1	6	6	0	?	0	0	0
chr2	338	36165364	36165367	3	1	1	1	1	0	0	0	?	0	0	0
chr2	339	36165566	36165569	3	1	1	1	1	0	0	0	?	0	0	0
chr2	340	36165830	36165847	17	1	1	2	2	40	40	0	?	0	0	0
chr2	341	36165943	36165946	3	1	1	1	1	0	0	0	?	0	0	0
chr2	342	36165987	36165990	3	1	1	1	1	0	0	0	?	0	0	0
chr2	343	36166102	36166105	3	1	1	1	1	0	0	0	?	0	0	0
chr2	344	36167380	36167386	6	0	0	1	1	8	8	0	?	0	0	0
chr2	345	36168720	36168723	3	1	1	1	1	0	0	0	?	0	0	0
chr2	346	36169831	36169834	3	1	1	1	1	0	0	0	?	0	0	0
chr2	347	36169993	36169996	3	1	1	1	1	0	0	0	?	0	0	0
chr2	348	36171134	36171137	3	1	1	1	1	0	0	0	?	0	0	0
chr2	349	36172079	36172082	3	1	1	1	1	0	0	0	?	0	0	0
chr2	350	36172780	36172783	3	1	1	1	1	0	0	0	?	0	0	0
chr2	351	36174861	36174864	3	1	1	1	1	0	0	0	?	0	0	0
chr2	352	36176645	36176648	3	1	1	1	1	0	0	0	?	0	0	0
chr2	353	36178485	36178488	3	1	1	1	1	0	0	0	?	0	0	0
chr2	354	36179341	36179344	3	1	1	1	1	0	0	0	?	0	0	0
chr2	355	36179438	36179441	3	1	1	1	1	0	0	0	?	0	0	0
chr2	356	36179934	36179937	3	1	1	1	1	0	0	0	?	0	0	0
chr2	357	36180108	36180111	3	1	1	1	1	0	0	0	?	0	0	0
chr2	358	36180288	36180291	3	1	1	1	1	0	0	0	?	0	0	0
chr2	359	36180388	36180390	2	1	1	1	1	0	0	0	?	0	0	0
chr2	360	36181890	36184941	3051	8	8	53	53	3250	3250	0	?	0	0	0
chr2	361	36186420	36186422	2	1	1	1	1	0	0	0	?	0	0	0
chr2	362	36186792	36186795	3	1	1	1	1	0	0	0	?	0	0	0
chr2	363	36186944	36186947	3	1	1	1	1	0	0	0	?	0	0	0
chr2	364	36189695	36189698	3	1	1	1	1	0	0	0	?	0	0	0
chr2	365	36190191	36190193	2	1	1	1	1	0	0	0	?	0	0	0
chr2	366	36191986	36191989	3	1	1	1	1	0	0	0	?	0	0	0
chr2	367	36192394	36192397	3	1	1	1	1	0	0	0	?	0	0	0
chr2	368	36195459	36195462	3	1	1	1	1	0	0	0	?	0	0	0
chr2	369	36196548	36196551	3	1	1	1	1	0	0	0	?	0	0	0
chr2	370	36197297	36197310	13	1	1	3	3	2	2	0	?	0	0	0
chr2	371	36197758	36197761	3	1	1	1	1	0	0	0	?	0	0	0
chr2	372	36198353	36198356	3	1	1	1	1	0	0	0	?	0	0	0
chr2	373	36198935	36198938	3	1	1	1	1	0	0	0	?	0	0	0
chr2	374	36200004	36200007	3	1	1	1	1	0	0	0	?	0	0	0
chr2	375	36200198	36200201	3	1	1	1	1	0	0	0	?	0	0	0
chr2	376	36202866	36202871	5	1	1	1	1	0	0	0	?	0	0	0
chr2	377	36204246	36204249	3	1	1	1	1	0	0	0	?	0	0	0
chr2	378	36204554	36204557	3	1	1	1	1	0	0	0	?	0	0	0
chr2	379	36205309	36205312	3	1	1	1	1	0	0	0	?	0	0	0
chr2	380	36206196	36206199	3	1	1	1	1	0	0	0	?	0	0	0
chr2	381	36209020	36209035	15	2	2	2	2	0	0	0	?	0	0	0
chr2	382	36209158	36209161	3	1	1	1	1	0	0	0	?	0	0	0
chr2	383	36209514	36209517	3	1	1	1	1	0	0	0	?	0	0	0
chr2	384	36209715	36209717	2	1	1	1	1	0	0	0	?	0	0	0
chr2	385	36209740	36209743	3	1	1	1	1	0	0	0	?	0	0	0
chr2	386	36209898	36209901	3	1	1	1	1	0	0	0	?	0	0	0
chr2	387	36209946	36209949	3	1	1	1	1	0	0	0	?	0	0	0
chr2	388	36210304	36210307	3	1	1	1	1	0	0	0	?	0	0	0
chr2	389	36210334	36210341	7	1	1	1	1	0	0	0	?	0	0	0
chr2	390	36210504	36210507	3	1	1	1	1	0	0	0	?	0	0	0
chr2	391	36212118	36212121	3	1	1	1	1	0	0	0	?	0	0	0
chr2	392	36213778	36213781	3	1	1	1	1	0	0	0	?	0	0	0
chr2	393	36213801	36213804	3	1	1	1	1	0	0	0	?	0	0	0
chr2	394	36213963	36213966	3	1	1	1	1	0	0	0	?	0	0	0
chr2	395	36214139	36214141	2	1	1	1	1	0	0	0	?	0	0	0
chr2	396	36214466	36214469	3	1	1	1	1	0	0	0	?	0	0	0
chr2	397	36217500	36217503	3	1	1	1	1	0	0	0	?	0	0	0
chr2	398	36217528	36217531	3	1	1	1	1	0	0	0	?	0	0	0
chr2	399	36218525	36218528	3	1	1	1	1	0	0	0	?	0	0	0
chr2	400	36218810	36218813	3	1	1	1	1	0	0	0	?	0	0	0
chr2	401	36219051	36219054	3	1	1	1	1	0	0	0	?	0	0	0
chr2	402	36219139	36219142	3	1	1	1	1	0	0	0	?	0	0	0
chr2	403	36219659	36219661	2	1	1	1	1	0	0	0	?	0	0	0
chr2	404	36219777	36219780	3	1	1	1	1	0	0	0	?	0	0	0
chr2	405	36219842	36219845	3	1	1	1	1	0	0	0	?	0	0	0
chr2	406	36220487	36220490	3	1	1	1	1	0	0	0	?	0	0	0
chr2	407	36221004	36221007	3	1	1	1	1	0	0	0	?	0	0	0
chr2	408	36221846	36221849	3	1	1	1	1	0	0	0	?	0	0	0
chr2	409	36223315	36223318	3	1	1	1	1	0	0	0	?	0	0	0
chr2	410	36223328	36223331	3	1	1	1	1	0	0	0	?	0	0	0
chr2	411	36227536	36227538	2	1	1	1	1	0	0	0	?	0	0	0
chr2	412	36229046	36229049	3	1	1	1	1	0	0	0	?	0	0	0
chr2	413	36230289	36230294	5	1	1	1	1	0	0	0	?	0	0	0
chr2	414	36231637	36231640	3	1	1	1	1	0	0	0	?	0	0	0
chr2	415	36233704	36233707	3	1	1	1	1	0	0	0	?	0	0	0
chr2	416	36233773	36233776	3	1	1	1	1	0	0	0	?	0	0	0
chr2	417	36234370	36234373	3	1	1	1	1	0	0	0	?	0	0	0
chr2	418	36234627	36234629	2	0	0	1	1	14	14	0	?	0	0	0
chr2	419	36235163	36235166	3	1	1	1	1	0	0	0	?	0	0	0
chr2	420	36235245	36235248	3	1	1	1	1	0	0	0	?	0	0	0
chr2	421	36235535	36235538	3	1	1	1	1	0	0	0	?	0	0	0
chr2	422	36235769	36235772	3	1	1	1	1	0	0	0	?	0	0	0
chr2	423	36235921	36235924	3	1	1	1	1	0	0	0	?	0	0	0
chr2	424	36236083	36236086	3	1	1	1	1	0	0	0	?	0	0	0
chr2	425	36236437	36236440	3	1	1	1	1	0	0	0	?	0	0	0
chr2	426	36236905	36236908	3	1	1	1	1	0	0	0	?	0	0	0
chr2	427	36238231	36238233	2	1	1	1	1	0	0	0	?	0	0	0
chr2	428	36238797	36238800	3	1	1	1	1	0	0	0	?	0	0	0
chr2	429	36240303	36240306	3	1	1	1	1	0	0	0	?	0	0	0
chr2	430	36240428	36240431	3	1	1	1	1	0	0	0	?	0	0	0
chr2	431	36240981	36240984	3	1	1	1	1	0	0	0	?	0	0	0
chr2	432	36241022	36241032	10	1	1	1	1	0	0	0	?	0	0	0
chr2	433	36241189	36241192	3	1	1	1	1	0	0	0	?	0	0	0
chr2	434	36242840	36242842	2	1	1	1	1	0	0	0	?	0	0	0
chr2	435	36244234	36244237	3	1	1	1	1	0	0	0	?	0	0	0
chr2	436	36244476	36244479	3	1	1	1	1	0	0	0	?	0	0	0
chr2	437	36245887	36245890	3	1	1	1	1	0	0	0	?	0	0	0
chr2	438	36248730	36248735	5	1	1	1	1	0	0	0	?	0	0	0
chr2	439	36248909	36248912	3	1	1	1	1	0	0	0	?	0	0	0
chr2	440	36248974	36248977	3	1	1	1	1	0	0	0	?	0	0	0
chr2	441	36249131	36249134	3	1	1	1	1	0	0	0	?	0	0	0
chr2	442	36249539	36249763	224	4	4	3	3	652	652	0	?	0	0	0
chr2	443	36249955	36249958	3	1	1	1	1	0	0	0	?	0	0	0
chr2	444	36250657	36250659	2	1	1	1	1	0	0	0	?	0	0	0
chr2	445	36251489	36251492	3	1	1	1	1	0	0	0	?	0	0	0
chr2	446	36252006	36252009	3	1	1	1	1	0	0	0	?	0	0	0
chr2	447	36252503	36252506	3	1	1	1	1	0	0	0	?	0	0	0
chr2	448	36253214	36253217	3	1	1	1	1	0	0	0	?	0	0	0
chr2	449	36253231	36253234	3	1	1	1	1	0	0	0	?	0	0	0
chr2	450	36253497	36253500	3	1	1	1	1	0	0	0	?	0	0	0
chr2	451	36254185	36254188	3	1	1	1	1	0	0	0	?	0	0	0
chr2	452	36254844	36254847	3	1	1	1	1	0	0	0	?	0	0	0
chr2	453	36255057	36255060	3	1	1	1	1	0	0	0	?	0	0	0
chr2	454	36255278	36255281	3	1	1	1	1	0	0	0	?	0	0	0
chr2	455	36255306	36255309	3	1	1	1	1	0	0	0	?	0	0	0
chr2	456	36256797	36256800	3	1	1	1	1	0	0	0	?	0	0	0
chr2	457	36257632	36257634	2	1	1	1	1	0	0	0	?	0	0	0
chr2	458	36257803	36257806	3	1	1	1	1	0	0	0	?	0	0	0
chr2	459	36257905	36257908	3	1	1	1	1	0	0	0	?	0	0	0
chr2	460	36260148	36260151	3	1	1	1	1	0	0	0	?	0	0	0
chr2	461	36262030	36262036	6	1	1	1	1	0	0	0	?	0	0	0
chr2	462	36262525	36262528	3	1	1	1	1	0	0	0	?	0	0	0
chr2	463	36262675	36262678	3	1	1	1	1	0	0	0	?	0	0	0
chr2	464	36263896	36263899	3	1	1	1	1	0	0	0	?	0	0	0
chr2	465	36266950	36266953	3	1	1	1	1	0	0	0	?	0	0	0
chr2	466	36267031	36267034	3	1	1	1	1	0	0	0	?	0	0	0
chr2	467	36267885	36267888	3	1	1	1	1	0	0	0	?	0	0	0
chr2	468	36268688	36268694	6	1	1	1	1	0	0	0	?	0	0	0
chr2	469	36269088	36269091	3	1	1	1	1	0	0	0	?	0	0	0
chr2	470	36269747	36269750	3	1	1	1	1	0	0	0	?	0	0	0
chr2	471	36270026	36270029	3	1	1	1	1	0	0	0	?	0	0	0
chr2	472	36270167	36270170	3	1	1	1	1	0	0	0	?	0	0	0
chr2	473	36270516	36270519	3	1	1	1	1	0	0	0	?	0	0	0
chr2	474	36273653	36273656	3	1	1	1	1	0	0	0	?	0	0	0
chr2	475	36274002	36274005	3	1	1	1	1	0	0	0	?	0	0	0
chr2	476	36276332	36276335	3	1	1	1	1	0	0	0	?	0	0	0
chr2	477	36276936	36276939	3	1	1	1	1	0	0	0	?	0	0	0
chr2	478	36278020	36278023	3	1	1	1	1	0	0	0	?	0	0	0
chr2	479	36279158	36279161	3	1	1	1	1	0	0	0	?	0	0	0
chr2	480	36279600	36279602	2	1	1	1	1	0	0	0	?	0	0	0
chr2	481	36280082	36280085	3	1	1	1	1	0	0	0	?	0	0	0
chr2	482	36280155	36280158	3	1	1	1	1	0	0	0	?	0	0	0
chr2	483	36280198	36280215	17	2	2	2	2	0	0	0	?	0	0	0
chr2	484	36280301	36280304	3	1	1	1	1	0	0	0	?	0	0	0
chr2	485	36280540	36280543	3	1	1	1	1	0	0	0	?	0	0	0
chr2	486	36280821	36280824	3	1	1	1	1	0	0	0	?	0	0	0
chr2	487	36280903	36280906	3	1	1	1	1	0	0	0	?	0	0	0
chr2	488	36281198	36281201	3	1	1	1	1	0	0	0	?	0	0	0
chr2	489	36281399	36281402	3	1	1	1	1	0	0	0	?	0	0	0
chr2	490	36281631	36281634	3	1	1	1	1	0	0	0	?	0	0	0
chr2	491	36281744	36281747	3	1	1	1	1	0	0	0	?	0	0	0
chr2	492	36281819	36281822	3	1	1	1	1	0	0	0	?	0	0	0
chr2	493	36281865	36281868	3	1	1	1	1	0	0	0	?	0	0	0
chr2	494	36281882	36281885	3	1	1	1	1	0	0	0	?	0	0	0
chr2	495	36282327	36282330	3	1	1	1	1	0	0	0	?	0	0	0
chr2	496	36282371	36282374	3	1	1	1	1	0	0	0	?	0	0	0
chr2	497	36282511	36282514	3	1	1	1	1	0	0	0	?	0	0	0
chr2	498	36283498	36283501	3	1	1	1	1	0	0	0	?	0	0	0
chr2	499	36283580	36283583	3	1	1	1	1	0	0	0	?	0	0	0
chr2	500	36284392	36284395	3	1	1	1	1	0	0	0	?	0	0	0
chr2	501	36284785	36284788	3	1	1	1	1	0	0	0	?	0	0	0
chr2	502	36285464	36285467	3	1	1	1	1	0	0	0	?	0	0	0
chr2	503	36285868	36285871	3	1	1	1	1	0	0	0	?	0	0	0
chr2	504	36285910	36285924	14	2	2	2	2	0	0	0	?	0	0	0
chr2	505	36286058	36286061	3	1	1	1	1	0	0	0	?	0	0	0
chr2	506	36286646	36286649	3	1	1	1	1	0	0	0	?	0	0	0
chr2	507	36287528	36287531	3	1	1	1	1	0	0	0	?	0	0	0
chr2	508	36289028	36289031	3	1	1	1	1	0	0	0	?	0	0	0
chr2	509	36289518	36289521	3	1	1	1	1	0	0	0	?	0	0	0
chr2	510	36291554	36291557	3	1	1	1	1	0	0	0	?	0	0	0
chr2	511	36292532	36292535	3	1	1	1	1	0	0	0	?	0	0	0
chr2	512	36292723	36292726	3	1	1	1	1	0	0	0	?	0	0	0
chr2	513	36292783	36292786	3	1	1	1	1	0	0	0	?	0	0	0
chr2	514	36292848	36292850	2	1	1	1	1	0	0	0	?	0	0	0
chr2	515	36293205	36293208	3	1	1	1	1	0	0	0	?	0	0	0
chr2	516	36294614	36294617	3	1	1	1	1	0	0	0	?	0	0	0
chr2	517	36294832	36294835	3	1	1	1	1	0	0	0	?	0	0	0
chr2	518	36297163	36297165	2	1	1	1	1	0	0	0	?	0	0	0
chr2	519	36297354	36297357	3	1	1	1	1	0	0	0	?	0	0	0
chr2	520	36297395	36297398	3	1	1	1	1	0	0	0	?	0	0	0
chr2	521	36298225	36298228	3	1	1	1	1	0	0	0	?	0	0	0
chr2	522	36298908	36298911	3	1	1	1	1	0	0	0	?	0	0	0
chr2	523	36299067	36299077	10	2	2	2	2	0	0	0	?	0	0	0
chr2	524	36299291	36299294	3	1	1	1	1	0	0	0	?	0	0	0
chr2	525	36300073	36300076	3	1	1	1	1	0	0	0	?	0	0	0
chr2	526	36300243	36300246	3	1	1	1	1	0	0	0	?	0	0	0
chr2	527	36300402	36300404	2	1	1	1	1	0	0	0	?	0	0	0
chr2	528	36300588	36300591	3	1	1	1	1	0	0	0	?	0	0	0
chr2	529	36301164	36301167	3	1	1	1	1	0	0	0	?	0	0	0
chr2	530	36302134	36302137	3	1	1	1	1	0	0	0	?	0	0	0
chr2	531	36304152	36304154	2	1	1	1	1	0	0	0	?	0	0	0
chr2	532	36304533	36304536	3	1	1	1	1	0	0	0	?	0	0	0
chr2	533	36305273	36305276	3	1	1	1	1	0	0	0	?	0	0	0
chr2	534	36305488	36305491	3	1	1	1	1	0	0	0	?	0	0	0
chr2	535	36306485	36306488	3	1	1	1	1	0	0	0	?	0	0	0
chr2	536	36306767	36306770	3	1	1	1	1	0	0	0	?	0	0	0
chr2	537	36307819	36307822	3	1	1	1	1	0	0	0	?	0	0	0
chr2	538	36308482	36308485	3	1	1	1	1	0	0	0	?	0	0	0
chr2	539	36310343	36310346	3	1	1	1	1	0	0	0	?	0	0	0
chr2	540	36313147	36313150	3	1	1	1	1	0	0	0	?	0	0	0
chr2	541	36313429	36313432	3	1	1	1	1	0	0	0	?	0	0	0
chr2	542	36314081	36314084	3	1	1	1	1	0	0	0	?	0	0	0
chr2	543	36315609	36315611	2	0	0	1	1	2	2	0	?	0	0	0
chr2	544	36315670	36315683	13	2	2	2	2	0	0	0	?	0	0	0
chr2	545	36316138	36316141	3	1	1	1	1	0	0	0	?	0	0	0
chr2	546	36317300	36317303	3	1	1	1	1	0	0	0	?	0	0	0
chr2	547	36317949	36317955	6	0	0	1	1	8	8	0	?	0	0	0
chr2	548	36320920	36320935	15	1	1	1	1	0	0	0	?	0	0	0
chr2	549	36322109	36322112	3	0	0	1	1	2	2	0	?	0	0	0
chr2	550	36322821	36322824	3	1	1	1	1	0	0	0	?	0	0	0
chr2	551	36323320	36323323	3	1	1	1	1	0	0	0	?	0	0	0
chr2	552	36324338	36324341	3	1	1	1	1	0	0	0	?	0	0	0
chr2	553	36325866	36325869	3	1	1	1	1	0	0	0	?	0	0	0
chr2	554	36325997	36326005	8	1	1	1	1	0	0	0	?	0	0	0
chr2	555	36326123	36326126	3	1	1	1	1	0	0	0	?	0	0	0
chr2	556	36329783	36329786	3	1	1	1	1	0	0	0	?	0	0	0
chr2	557	36330143	36330146	3	1	1	1	1	0	0	0	?	0	0	0
chr2	558	36332403	36332406	3	1	1	1	1	0	0	0	?	0	0	0
chr2	559	36333035	36333037	2	0	0	1	1	2	2	0	?	0	0	0
chr2	560	36333167	36333170	3	1	1	1	1	0	0	0	?	0	0	0
chr2	561	36334658	36334661	3	1	1	1	1	0	0	0	?	0	0	0
chr2	562	36336496	36336523	27	2	2	2	2	0	0	0	?	0	0	0
chr2	563	36336823	36336826	3	1	1	1	1	0	0	0	?	0	0	0
chr2	564	36337466	36337469	3	1	1	1	1	0	0	0	?	0	0	0
chr2	565	36338649	36338651	2	0	0	1	1	8	8	0	?	0	0	0
chr2	566	36339802	36339804	2	1	1	1	1	0	0	0	?	0	0	0
chr2	567	36340692	36340694	2	1	1	1	1	0	0	0	?	0	0	0
chr2	568	36342605	36342607	2	1	1	1	1	0	0	0	?	0	0	0
chr2	569	36343320	36343323	3	1	1	1	1	0	0	0	?	0	0	0
chr2	570	36344492	36344557	65	0	0	2	2	72	72	0	?	0	0	0
chr2	571	36344658	36344661	3	1	1	1	1	0	0	0	?	0	0	0
chr2	572	36344987	36344992	5	2	2	2	2	0	0	0	?	0	0	0
chr2	573	36345221	36345224	3	1	1	1	1	0	0	0	?	0	0	0
chr2	574	36345768	36345771	3	1	1	1	1	0	0	0	?	0	0	0
chr2	575	36346309	36346312	3	1	1	1	1	0	0	0	?	0	0	0
chr2	576	36346843	36346846	3	1	1	1	1	0	0	0	?	0	0	0
chr2	577	36347528	36347531	3	1	1	1	1	0	0	0	?	0	0	0
chr2	578	36347702	36347705	3	1	1	1	1	0	0	0	?	0	0	0
chr2	579	36349819	36349822	3	1	1	1	1	0	0	0	?	0	0	0
chr2	580	36350868	36350871	3	1	1	1	1	0	0	0	?	0	0	0
chr2	581	36350925	36350928	3	1	1	1	1	0	0	0	?	0	0	0
chr2	582	36351469	36351479	10	1	1	1	1	12	12	0	?	0	0	0
chr2	583	36354322	36354325	3	1	1	1	1	0	0	0	?	0	0	0
chr2	584	36355675	36355678	3	1	1	1	1	0	0	0	?	0	0	0
chr2	585	36356198	36356200	2	1	1	1	1	0	0	0	?	0	0	0
chr2	586	36358127	36358130	3	2	2	2	2	0	0	0	?	0	0	0
chr2	587	36358179	36358182	3	1	1	1	1	0	0	0	?	0	0	0
chr2	588	36360368	36360371	3	1	1	1	1	0	0	0	?	0	0	0
chr2	589	36360546	36360549	3	1	1	1	1	0	0	0	?	0	0	0
chr2	590	36360602	36360605	3	1	1	1	1	0	0	0	?	0	0	0
chr2	591	36360725	36360728	3	1	1	1	1	0	0	0	?	0	0	0
chr2	592	36360961	36360964	3	1	1	1	1	0	0	0	?	0	0	0
chr2	593	36362865	36362868	3	1	1	1	1	0	0	0	?	0	0	0
chr2	594	36362878	36362881	3	1	1	1	1	0	0	0	?	0	0	0
chr2	595	36363681	36363692	11	2	2	2	2	0	0	0	?	0	0	0
chr2	596	36365735	36365737	2	1	1	1	1	0	0	0	?	0	0	0
chr2	597	36365915	36365918	3	1	1	1	1	0	0	0	?	0	0	0
chr2	598	36366666	36366669	3	1	1	1	1	0	0	0	?	0	0	0
chr2	599	36368126	36368129	3	1	1	1	1	0	0	0	?	0	0	0
chr2	600	36369972	36369975	3	1	1	1	1	0	0	0	?	0	0	0
chr2	601	36374006	36374009	3	1	1	1	1	0	0	0	?	0	0	0
chr2	602	36374860	36374863	3	1	1	1	1	0	0	0	?	0	0	0
chr2	603	36375223	36375226	3	1	1	1	1	0	0	0	?	0	0	0
chr2	604	36378159	36378162	3	1	1	1	1	0	0	0	?	0	0	0
chr2	605	36378440	36378443	3	1	1	1	1	0	0	0	?	0	0	0
chr2	606	36378957	36378960	3	1	1	1	1	0	0	0	?	0	0	0
chr2	607	36379637	36379640	3	1	1	1	1	0	0	0	?	0	0	0
chr2	608	36379741	36379743	2	1	1	1	1	0	0	0	?	0	0	0
chr2	609	36379945	36379948	3	1	1	1	1	0	0	0	?	0	0	0
chr2	610	36380041	36380044	3	1	1	1	1	0	0	0	?	0	0	0
chr2	611	36380106	36380109	3	1	1	1	1	0	0	0	?	0	0	0
chr2	612	36380750	36380753	3	1	1	1	1	0	0	0	?	0	0	0
chr2	613	36380853	36380856	3	1	1	1	1	0	0	0	?	0	0	0
chr2	614	36382082	36382085	3	1	1	1	1	0	0	0	?	0	0	0
chr2	615	36382231	36382234	3	1	1	1	1	0	0	0	?	0	0	0
chr2	616	36382491	36382496	5	1	1	1	1	0	0	0	?	0	0	0
chr2	617	36382572	36382575	3	1	1	1	1	0	0	0	?	0	0	0
chr2	618	36382781	36382784	3	1	1	1	1	0	0	0	?	0	0	0
chr2	619	36382924	36382927	3	1	1	1	1	0	0	0	?	0	0	0
chr2	620	36383637	36383640	3	1	1	1	1	0	0	0	?	0	0	0
chr2	621	36383958	36383961	3	1	1	1	1	0	0	0	?	0	0	0
chr2	622	36385083	36385085	2	1	0	1	1	1	1	0	?	0	0	0
chr2	623	36385189	36385192	3	1	1	1	1	0	0	0	?	0	0	0
chr2	624	36386411	36386414	3	1	1	1	1	0	0	0	?	0	0	0
chr2	625	36386743	36386746	3	1	1	1	1	0	0	0	?	0	0	0
chr2	626	36388214	36388217	3	1	1	1	1	0	0	0	?	0	0	0
chr2	627	36388307	36388310	3	1	1	1	1	0	0	0	?	0	0	0
chr2	628	36388444	36388447	3	1	1	1	1	0	0	0	?	0	0	0
chr2	629	36388509	36388512	3	1	1	1	1	0	0	0	?	0	0	0
chr2	630	36390327	36390330	3	1	1	1	1	0	0	0	?	0	0	0
chr2	631	36390521	36390524	3	1	1	1	1	0	0	0	?	0	0	0
chr2	632	36391117	36391126	9	0	0	1	1	14	14	0	?	0	0	0
chr2	633	36391522	36391525	3	1	1	1	1	0	0	0	?	0	0	0
chr2	634	36391919	36391922	3	1	1	1	1	0	0	0	?	0	0	0
chr2	635	36391976	36391986	10	2	2	2	2	0	0	0	?	0	0	0
chr2	636	36392015	36392018	3	1	1	1	1	0	0	0	?	0	0	0
chr2	637	36392486	36392489	3	1	1	1	1	0	0	0	?	0	0	0
chr2	638	36392619	36392622	3	1	1	1	1	0	0	0	?	0	0	0
chr2	639	36393808	36393811	3	1	1	1	1	0	0	0	?	0	0	0
chr2	640	36394225	36394228	3	1	1	1	1	0	0	0	?	0	0	0
chr2	641	36394734	36394737	3	1	1	1	1	0	0	0	?	0	0	0
chr2	642	36394930	36394933	3	1	1	1	1	0	0	0	?	0	0	0
chr2	643	36395075	36395078	3	1	1	1	1	0	0	0	?	0	0	0
chr2	644	36395582	36395585	3	1	1	1	1	0	0	0	?	0	0	0
chr2	645	36395903	36395906	3	1	1	1	1	0	0	0	?	0	0	0
chr2	646	36397718	36397721	3	1	1	1	1	0	0	0	?	0	0	0
chr2	647	36398933	36398936	3	1	1	1	1	0	0	0	?	0	0	0
chr2	648	36399278	36399281	3	1	1	1	1	0	0	0	?	0	0	0
chr2	649	36399309	36399312	3	1	1	1	1	0	0	0	?	0	0	0
chr2	650	36400357	36400359	2	1	1	1	1	0	0	0	?	0	0	0
chr2	651	36400420	36400423	3	1	1	1	1	0	0	0	?	0	0	0
chr2	652	36400505	36400508	3	1	1	1	1	0	0	0	?	0	0	0
chr2	653	36401457	36401460	3	1	1	1	1	0	0	0	?	0	0	0
chr2	654	36401497	36401500	3	1	1	1	1	0	0	0	?	0	0	0
chr2	655	36401863	36401866	3	1	1	1	1	0	0	0	?	0	0	0
chr2	656	36402067	36402070	3	1	1	1	1	0	0	0	?	0	0	0
chr2	657	36402102	36402105	3	1	1	1	1	0	0	0	?	0	0	0
chr2	658	36402869	36402872	3	1	1	1	1	0	0	0	?	0	0	0
chr2	659	36403598	36403601	3	1	1	1	1	0	0	0	?	0	0	0
chr2	660	36404063	36404066	3	1	1	1	1	0	0	0	?	0	0	0
chr2	661	36404376	36404379	3	1	1	1	1	0	0	0	?	0	0	0
chr2	662	36404634	36404637	3	1	1	1	1	0	0	0	?	0	0	0
chr2	663	36405030	36405033	3	1	1	1	1	0	0	0	?	0	0	0
chr2	664	36405381	36405384	3	1	1	1	1	0	0	0	?	0	0	0
chr2	665	36406621	36406634	13	2	2	2	2	0	0	0	?	0	0	0
chr2	666	36408177	36408180	3	1	1	1	1	0	0	0	?	0	0	0
chr2	667	36408802	36408805	3	1	1	1	1	0	0	0	?	0	0	0
chr2	668	36409012	36409014	2	1	1	1	1	0	0	0	?	0	0	0
chr2	669	36410412	36410415	3	1	1	1	1	0	0	0	?	0	0	0
chr2	670	36411328	36411331	3	1	1	1	1	0	0	0	?	0	0	0
chr2	671	36411661	36411663	2	1	1	1	1	0	0	0	?	0	0	0
chr2	672	36414699	36414702	3	1	1	1	1	0	0	0	?	0	0	0
chr2	673	36419198	36419201	3	1	1	1	1	0	0	0	?	0	0	0
chr2	674	36421903	36421906	3	1	1	1	1	0	0	0	?	0	0	0
chr2	675	36422635	36422638	3	1	1	1	1	0	0	0	?	0	0	0
chr2	676	36423519	36423522	3	1	1	1	1	0	0	0	?	0	0	0
chr2	677	36423804	36423807	3	1	1	1	1	0	0	0	?	0	0	0
chr2	678	36427778	36427781	3	1	1	1	1	0	0	0	?	0	0	0
chr2	679	36427918	36427921	3	1	1	1	1	0	0	0	?	0	0	0
chr2	680	36428249	36428252	3	1	1	1	1	0	0	0	?	0	0	0
chr2	681	36430519	36430522	3	1	1	1	1	0	0	0	?	0	0	0
chr2	682	36430590	36430593	3	1	1	1	1	0	0	0	?	0	0	0
chr2	683	36432004	36432007	3	1	1	1	1	0	0	0	?	0	0	0
chr2	684	36432221	36432224	3	1	1	1	1	0	0	0	?	0	0	0
chr2	685	36432789	36432801	12	2	2	2	2	0	0	0	?	0	0	0
chr2	686	36432912	36432915	3	1	1	1	1	0	0	0	?	0	0	0
chr2	687	36435329	36435331	2	1	1	1	1	0	0	0	?	0	0	0
chr2	688	36435924	36435927	3	1	1	1	1	0	0	0	?	0	0	0
chr2	689	36437574	36437576	2	1	1	1	1	0	0	0	?	0	0	0
chr2	690	36439435	36439438	3	1	1	1	1	0	0	0	?	0	0	0
chr2	691	36440138	36440141	3	1	1	1	1	0	0	0	?	0	0	0
chr2	692	36440528	36440531	3	1	1	1	1	0	0	0	?	0	0	0
chr2	693	36445516	36445519	3	1	1	1	1	0	0	0	?	0	0	0
chr2	694	36447682	36447685	3	1	1	1	1	0	0	0	?	0	0	0
chr2	695	36447851	36447854	3	1	1	1	1	0	0	0	?	0	0	0
chr2	696	36448385	36448388	3	1	1	1	1	0	0	0	?	0	0	0
chr2	697	36448631	36448633	2	1	1	1	1	0	0	0	?	0	0	0
chr2	698	36449882	36449884	2	1	1	1	1	0	0	0	?	0	0	0
chr2	699	36452201	36452204	3	1	1	1	1	0	0	0	?	0	0	0
chr2	700	36452685	36452687	2	1	1	1	1	0	0	0	?	0	0	0
chr2	701	36453293	36453296	3	1	1	1	1	0	0	0	?	0	0	0
chr2	702	36453703	36453706	3	1	1	1	1	0	0	0	?	0	0	0
chr2	703	36454022	36454025	3	1	1	1	1	0	0	0	?	0	0	0
chr2	704	36454839	36454842	3	1	1	1	1	0	0	0	?	0	0	0
chr2	705	36458764	36458767	3	1	1	1	1	0	0	0	?	0	0	0
chr2	706	36463097	36463100	3	1	1	1	1	0	0	0	?	0	0	0
chr2	707	36464806	36464809	3	1	1	1	1	0	0	0	?	0	0	0
chr2	708	36465359	36465362	3	1	1	1	1	0	0	0	?	0	0	0
chr2	709	36465953	36465956	3	1	1	1	1	0	0	0	?	0	0	0
chr2	710	36467185	36467188	3	1	1	1	1	0	0	0	?	0	0	0
chr2	711	36467352	36467355	3	1	1	1	1	0	0	0	?	0	0	0
chr2	712	36467414	36467417	3	1	1	1	1	0	0	0	?	0	0	0
chr2	713	36467853	36467856	3	1	1	1	1	0	0	0	?	0	0	0
chr2	714	36468475	36468478	3	1	1	1	1	0	0	0	?	0	0	0
chr2	715	36471106	36471109	3	1	1	1	1	0	0	0	?	0	0	0
chr2	716	36471758	36471762	4	1	1	1	1	0	0	0	?	0	0	0
chr2	717	36471863	36471866	3	1	1	1	1	0	0	0	?	0	0	0
chr2	718	36472833	36472836	3	1	1	1	1	0	0	0	?	0	0	0
chr2	719	36473435	36473438	3	1	1	1	1	0	0	0	?	0	0	0
chr2	720	36473494	36473497	3	1	1	1	1	0	0	0	?	0	0	0
chr2	721	36474846	36474848	2	0	0	1	1	22	22	0	?	0	0	0
chr2	722	36475117	36475120	3	1	1	1	1	0	0	0	?	0	0	0
chr2	723	36475244	36475247	3	1	1	1	1	0	0	0	?	0	0	0
chr2	724	36475313	36475316	3	1	1	1	1	0	0	0	?	0	0	0
chr2	725	36476999	36477002	3	1	1	1	1	0	0	0	?	0	0	0
chr2	726	36477622	36477625	3	1	1	1	1	0	0	0	?	0	0	0
chr2	727	36477866	36477869	3	1	1	1	1	0	0	0	?	0	0	0
chr2	728	36477895	36477898	3	1	1	1	1	0	0	0	?	0	0	0
chr2	729	36478434	36478437	3	1	1	1	1	0	0	0	?	0	0	0
chr2	730	36478837	36478840	3	1	1	1	1	0	0	0	?	0	0	0
chr2	731	36479276	36479279	3	1	1	1	1	0	0	0	?	0	0	0
chr2	732	36479366	36479369	3	1	1	1	1	0	0	0	?	0	0	0
chr2	733	36479802	36479805	3	1	1	1	1	0	0	0	?	0	0	0
chr2	734	36479892	36479895	3	1	1	1	1	0	0	0	?	0	0	0
chr2	735	36487284	36487287	3	1	1	1	1	0	0	0	?	0	0	0
chr2	736	36487558	36487581	23	2	2	2	2	0	0	0	?	0	0	0
chr2	737	36488954	36488957	3	1	1	1	1	0	0	0	?	0	0	0
chr2	738	36490979	36490982	3	1	1	1	1	0	0	0	?	0	0	0
chr2	739	36494980	36494983	3	1	1	1	1	0	0	0	?	0	0	0
chr2	740	36495477	36495484	7	1	1	2	2	2	2	0	?	0	0	0
chr2	741	36497137	36497140	3	1	1	1	1	0	0	0	?	0	0	0
chr2	742	36499972	36499975	3	1	1	1	1	0	0	0	?	0	0	0
chr2	743	36500874	36500877	3	1	1	1	1	0	0	0	?	0	0	0
chr2	744	36501297	36501300	3	1	1	1	1	0	0	0	?	0	0	0
chr2	745	36501760	36501769	9	1	1	1	1	0	0	0	?	0	0	0
chr2	746	36503641	36503644	3	1	1	1	1	0	0	0	?	0	0	0
chr2	747	36504715	36504718	3	1	1	1	1	0	0	0	?	0	0	0
chr2	748	36504927	36504930	3	1	1	1	1	0	0	0	?	0	0	0
chr2	749	36505026	36505029	3	1	1	1	1	0	0	0	?	0	0	0
chr2	750	36505349	36505352	3	1	1	1	1	0	0	0	?	0	0	0
chr2	751	36506156	36506160	4	1	1	1	1	0	0	0	?	0	0	0
chr2	752	36512408	36512411	3	1	1	1	1	0	0	0	?	0	0	0
chr2	753	36516878	36516881	3	1	1	1	1	0	0	0	?	0	0	0
chr2	754	36518100	36518103	3	1	1	1	1	0	0	0	?	0	0	0
chr2	755	36519126	36519129	3	1	1	1	1	0	0	0	?	0	0	0
chr2	756	36519925	36519927	2	1	1	1	1	0	0	0	?	0	0	0
chr2	757	36520511	36520514	3	1	1	1	1	0	0	0	?	0	0	0
chr2	758	36523677	36523680	3	1	1	1	1	0	0	0	?	0	0	0
chr2	759	36524298	36524301	3	1	1	1	1	0	0	0	?	0	0	0
chr2	760	36524374	36524377	3	1	1	1	1	0	0	0	?	0	0	0
chr2	761	36524856	36524859	3	1	1	1	1	0	0	0	?	0	0	0
chr2	762	36526555	36526558	3	1	1	1	1	0	0	0	?	0	0	0
chr2	763	36529143	36529146	3	1	1	1	1	0	0	0	?	0	0	0
chr2	764	36532785	36532788	3	1	1	1	1	0	0	0	?	0	0	0
chr2	765	36535129	36535136	7	1	1	2	2	2	2	0	?	0	0	0
chr2	766	36536060	36536063	3	1	1	1	1	0	0	0	?	0	0	0
chr2	767	36536217	36536220	3	1	1	1	1	0	0	0	?	0	0	0
chr2	768	36536357	36536359	2	1	1	1	1	0	0	0	?	0	0	0
chr2	769	36536803	36536805	2	1	1	1	1	0	0	0	?	0	0	0
chr2	770	36537257	36537260	3	1	1	1	1	0	0	0	?	0	0	0
chr2	771	36540112	36540115	3	1	1	1	1	0	0	0	?	0	0	0
chr2	772	36541574	36541577	3	1	1	1	1	0	0	0	?	0	0	0
chr2	773	36541730	36541733	3	1	1	1	1	0	0	0	?	0	0	0
chr2	774	36543047	36543050	3	1	1	1	1	0	0	0	?	0	0	0
chr2	775	36543499	36543502	3	1	1	1	1	0	0	0	?	0	0	0
chr2	776	36543591	36543594	3	1	1	1	1	0	0	0	?	0	0	0
chr2	777	36543701	36543703	2	1	1	1	1	0	0	0	?	0	0	0
chr2	778	36546115	36546118	3	1	1	1	1	0	0	0	?	0	0	0
chr2	779	36546367	36546370	3	1	1	1	1	0	0	0	?	0	0	0
chr2	780	36546723	36546726	3	1	1	1	1	0	0	0	?	0	0	0
chr2	781	36546762	36546767	5	1	1	1	1	0	0	0	?	0	0	0
chr2	782	36548905	36548908	3	1	1	1	1	0	0	0	?	0	0	0
chr2	783	36550233	36550236	3	1	1	1	1	0	0	0	?	0	0	0
chr2	784	36551227	36551230	3	1	1	1	1	0	0	0	?	0	0	0
chr2	785	36555242	36555245	3	1	1	1	1	0	0	0	?	0	0	0
chr2	786	36555741	36555744	3	1	1	1	1	0	0	0	?	0	0	0
chr2	787	36558024	36558027	3	1	1	1	1	0	0	0	?	0	0	0
chr2	788	36565937	36565940	3	1	1	1	1	0	0	0	?	0	0	0
chr2	789	36566338	36566340	2	1	1	1	1	0	0	0	?	0	0	0
chr2	790	36566808	36566811	3	1	1	1	1	0	0	0	?	0	0	0
chr2	791	36567143	36567146	3	1	1	1	1	0	0	0	?	0	0	0
chr2	792	36567171	36567174	3	1	1	1	1	0	0	0	?	0	0	0
chr2	793	36567760	36567763	3	1	1	1	1	0	0	0	?	0	0	0
chr2	794	36568826	36568829	3	1	1	1	1	0	0	0	?	0	0	0
chr2	795	36569828	36569831	3	1	1	1	1	0	0	0	?	0	0	0
chr2	796	36569860	36569863	3	1	1	1	1	0	0	0	?	0	0	0
chr2	797	36569993	36569996	3	1	1	1	1	0	0	0	?	0	0	0
chr2	798	36571076	36571079	3	1	1	1	1	0	0	0	?	0	0	0
chr2	799	36571270	36571273	3	1	1	1	1	0	0	0	?	0	0	0
chr2	800	36571310	36571313	3	1	1	1	1	0	0	0	?	0	0	0
chr2	801	36571767	36571770	3	1	1	1	1	0	0	0	?	0	0	0
chr2	802	36572016	36572030	14	1	1	1	1	0	0	0	?	0	0	0
chr2	803	36572921	36572924	3	1	1	1	1	0	0	0	?	0	0	0
chr2	804	36573187	36573190	3	1	1	1	1	0	0	0	?	0	0	0
chr2	805	36573980	36573983	3	1	1	1	1	0	0	0	?	0	0	0
chr2	806	36574173	36574176	3	1	1	1	1	0	0	0	?	0	0	0
chr2	807	36574290	36574293	3	1	1	1	1	0	0	0	?	0	0	0
chr2	808	36574447	36574450	3	1	1	1	1	0	0	0	?	0	0	0
chr2	809	36574854	36574857	3	1	1	1	1	0	0	0	?	0	0	0
chr2	810	36575186	36575189	3	1	1	1	1	0	0	0	?	0	0	0
chr2	811	36575657	36575660	3	1	1	1	1	0	0	0	?	0	0	0
chr2	812	36575737	36575740	3	1	1	1	1	0	0	0	?	0	0	0
chr2	813	36575840	36575843	3	1	1	1	1	0	0	0	?	0	0	0
chr2	814	36576109	36576112	3	1	1	1	1	0	0	0	?	0	0	0
chr2	815	36576274	36576276	2	1	1	1	1	0	0	0	?	0	0	0
chr2	816	36576455	36576458	3	1	1	1	1	0	0	0	?	0	0	0
chr2	817	36576662	36576665	3	1	1	1	1	0	0	0	?	0	0	0
chr2	818	36576718	36576721	3	1	1	1	1	0	0	0	?	0	0	0
chr2	819	36577545	36577548	3	1	1	1	1	0	0	0	?	0	0	0
chr2	820	36579525	36579528	3	1	1	1	1	0	0	0	?	0	0	0
chr2	821	36580521	36580524	3	1	1	1	1	0	0	0	?	0	0	0
chr2	822	36580790	36580793	3	1	1	1	1	0	0	0	?	0	0	0
chr2	823	36581198	36581208	10	2	2	2	2	0	0	0	?	0	0	0
chr2	824	36581587	36581590	3	1	1	1	1	0	0	0	?	0	0	0
chr2	825	36582351	36582354	3	1	1	1	1	0	0	0	?	0	0	0
chr2	826	36583441	36583444	3	1	1	1	1	0	0	0	?	0	0	0
chr2	827	36583624	36583627	3	1	1	1	1	0	0	0	?	0	0	0
chr2	828	36583730	36583733	3	1	1	1	1	0	0	0	?	0	0	0
chr2	829	36584153	36584156	3	1	1	1	1	0	0	0	?	0	0	0
chr2	830	36584322	36584325	3	1	1	1	1	0	0	0	?	0	0	0
chr2	831	36585815	36585818	3	1	1	1	1	0	0	0	?	0	0	0
chr2	832	36586389	36586392	3	1	1	1	1	0	0	0	?	0	0	0
chr2	833	36587657	36587659	2	1	1	1	1	0	0	0	?	0	0	0
chr2	834	36587703	36587706	3	1	1	1	1	0	0	0	?	0	0	0
chr2	835	36588048	36588051	3	1	1	1	1	0	0	0	?	0	0	0
chr2	836	36588882	36588885	3	1	1	1	1	0	0	0	?	0	0	0
chr2	837	36589114	36589117	3	1	1	1	1	0	0	0	?	0	0	0
chr2	838	36589283	36589286	3	1	1	1	1	0	0	0	?	0	0	0
chr2	839	36590024	36590026	2	1	1	1	1	0	0	0	?	0	0	0
chr2	840	36590360	36590364	4	2	2	2	2	0	0	0	?	0	0	0
chr2	841	36591356	36591359	3	1	1	1	1	0	0	0	?	0	0	0
chr2	842	36592743	36592746	3	1	1	1	1	0	0	0	?	0	0	0
chr2	843	36593843	36593846	3	1	1	1	1	0	0	0	?	0	0	0
chr2	844	36593986	36593989	3	1	1	1	1	0	0	0	?	0	0	0
chr2	845	36594469	36594472	3	1	1	1	1	0	0	0	?	0	0	0
chr2	846	36594605	36594608	3	1	1	1	1	0	0	0	?	0	0	0
chr2	847	36594684	36594687	3	1	1	1	1	0	0	0	?	0	0	0
chr2	848	36595539	36595542	3	1	1	1	1	0	0	0	?	0	0	0
chr2	849	36595856	36595859	3	1	1	1	1	0	0	0	?	0	0	0
chr2	850	36596091	36596094	3	1	1	1	1	0	0	0	?	0	0	0
chr2	851	36597546	36597560	14	1	1	1	1	0	0	0	?	0	0	0
chr2	852	36597812	36597814	2	0	0	1	1	2	2	0	?	0	0	0
chr2	853	36597992	36597995	3	1	1	1	1	0	0	0	?	0	0	0
chr2	854	36598025	36598028	3	1	1	1	1	0	0	0	?	0	0	0
chr2	855	36598186	36598188	2	1	1	1	1	0	0	0	?	0	0	0
chr2	856	36598603	36598606	3	1	1	1	1	0	0	0	?	0	0	0
chr2	857	36599933	36599936	3	1	1	1	1	0	0	0	?	0	0	0
chr2	858	36601224	36601227	3	1	1	1	1	0	0	0	?	0	0	0
chr2	859	36601255	36601264	9	2	2	2	2	0	0	0	?	0	0	0
chr2	860	36601273	36601276	3	1	1	1	1	0	0	0	?	0	0	0
chr2	861	36602515	36602518	3	1	1	1	1	0	0	0	?	0	0	0
chr2	862	36603118	36603121	3	1	1	1	1	0	0	0	?	0	0	0
chr2	863	36603173	36603176	3	1	1	1	1	0	0	0	?	0	0	0
chr2	864	36603515	36603518	3	1	1	1	1	0	0	0	?	0	0	0
chr2	865	36604792	36604794	2	0	0	1	1	474	474	0	?	0	0	0
chr2	866	36605367	36605370	3	1	1	1	1	0	0	0	?	0	0	0
chr2	867	36606716	36606719	3	1	1	1	1	0	0	0	?	0	0	0
chr2	868	36606888	36606891	3	1	1	1	1	0	0	0	?	0	0	0
chr2	869	36607296	36607299	3	1	1	1	1	0	0	0	?	0	0	0
chr2	870	36607460	36607463	3	1	1	1	1	0	0	0	?	0	0	0
chr2	871	36608533	36608536	3	1	1	1	1	0	0	0	?	0	0	0
chr2	872	36608943	36608946	3	1	1	1	1	0	0	0	?	0	0	0
chr2	873	36608999	36609002	3	1	1	1	1	0	0	0	?	0	0	0
chr2	874	36609231	36609234	3	0	0	1	1	2	2	0	?	0	0	0
chr2	875	36610619	36610622	3	1	1	1	1	0	0	0	?	0	0	0
chr2	876	36610689	36610692	3	1	1	1	1	0	0	0	?	0	0	0
chr2	877	36611000	36611003	3	1	1	1	1	0	0	0	?	0	0	0
chr2	878	36611229	36611232	3	1	1	1	1	0	0	0	?	0	0	0
chr2	879	36611455	36611458	3	1	1	1	1	0	0	0	?	0	0	0
chr2	880	36612840	36612843	3	1	1	1	1	0	0	0	?	0	0	0
chr2	881	36614173	36614176	3	1	1	1	1	0	0	0	?	0	0	0
chr2	882	36614280	36614283	3	1	1	1	1	0	0	0	?	0	0	0
chr2	883	36615739	36615742	3	1	1	1	1	0	0	0	?	0	0	0
chr2	884	36615971	36615974	3	1	1	1	1	0	0	0	?	0	0	0
chr2	885	36617153	36617155	2	1	1	1	1	0	0	0	?	0	0	0
chr2	886	36617248	36617250	2	1	1	1	1	0	0	0	?	0	0	0
chr2	887	36617724	36617729	5	1	1	1	1	0	0	0	?	0	0	0
chr2	888	36617821	36617824	3	1	1	1	1	0	0	0	?	0	0	0
chr2	889	36618263	36618274	11	2	2	2	2	0	0	0	?	0	0	0
chr2	890	36618713	36618716	3	1	1	1	1	0	0	0	?	0	0	0
chr2	891	36619810	36619813	3	1	1	1	1	0	0	0	?	0	0	0
chr2	892	36623197	36623200	3	1	1	1	1	0	0	0	?	0	0	0
chr2	893	36623934	36623937	3	1	1	1	1	0	0	0	?	0	0	0
chr2	894	36623976	36623979	3	1	1	1	1	0	0	0	?	0	0	0
chr2	895	36624119	36624122	3	1	1	1	1	0	0	0	?	0	0	0
chr2	896	36624166	36624169	3	1	1	1	1	0	0	0	?	0	0	0
chr2	897	36624756	36624759	3	1	1	1	1	0	0	0	?	0	0	0
chr2	898	36625098	36625101	3	1	1	1	1	0	0	0	?	0	0	0
chr2	899	36625840	36625843	3	1	1	1	1	0	0	0	?	0	0	0
chr2	900	36629444	36629447	3	1	1	1	1	0	0	0	?	0	0	0
chr2	901	36629695	36629698	3	1	1	1	1	0	0	0	?	0	0	0
chr2	902	36629757	36629760	3	1	1	1	1	0	0	0	?	0	0	0
chr2	903	36630191	36630194	3	1	1	1	1	0	0	0	?	0	0	0
chr2	904	36632603	36632606	3	1	1	1	1	0	0	0	?	0	0	0
chr2	905	36632892	36632895	3	1	1	1	1	0	0	0	?	0	0	0
chr2	906	36633004	36633007	3	1	1	1	1	0	0	0	?	0	0	0
chr2	907	36633463	36633466	3	1	1	1	1	0	0	0	?	0	0	0
chr2	908	36633609	36633612	3	1	1	1	1	0	0	0	?	0	0	0
chr2	909	36634470	36634473	3	1	1	1	1	0	0	0	?	0	0	0
chr2	910	36634497	36634500	3	1	1	1	1	0	0	0	?	0	0	0
chr2	911	36634528	36634531	3	1	1	1	1	0	0	0	?	0	0	0
chr2	912	36634612	36634615	3	1	1	1	1	0	0	0	?	0	0	0
chr2	913	36634643	36634646	3	1	1	1	1	0	0	0	?	0	0	0
chr2	914	36634900	36634903	3	1	1	1	1	0	0	0	?	0	0	0
chr2	915	36635133	36635149	16	3	3	3	3	0	0	0	?	0	0	0
chr2	916	36635387	36635390	3	1	1	1	1	0	0	0	?	0	0	0
chr2	917	36635524	36635526	2	1	1	1	1	0	0	0	?	0	0	0
chr2	918	36635830	36635849	19	3	3	3	3	0	0	0	?	0	0	0
chr2	919	36635985	36635988	3	1	1	1	1	0	0	0	?	0	0	0
chr2	920	36636125	36636128	3	1	1	1	1	0	0	0	?	0	0	0
chr2	921	36636247	36636250	3	1	1	1	1	0	0	0	?	0	0	0
chr2	922	36636319	36636322	3	1	1	1	1	0	0	0	?	0	0	0
chr2	923	36636407	36636410	3	1	1	1	1	0	0	0	?	0	0	0
chr2	924	36636608	36636611	3	1	1	1	1	0	0	0	?	0	0	0
chr2	925	36636644	36636647	3	1	1	1	1	0	0	0	?	0	0	0
chr2	926	36636697	36636700	3	1	1	1	1	0	0	0	?	0	0	0
chr2	927	36636726	36636729	3	1	1	1	1	0	0	0	?	0	0	0
chr2	928	36636911	36636914	3	1	1	1	1	0	0	0	?	0	0	0
chr2	929	36637116	36637119	3	1	1	1	1	0	0	0	?	0	0	0
chr2	930	36637340	36637343	3	1	1	1	1	0	0	0	?	0	0	0
chr2	931	36637362	36637365	3	1	1	1	1	0	0	0	?	0	0	0
chr2	932	36637809	36637812	3	1	1	1	1	0	0	0	?	0	0	0
chr2	933	36637959	36637962	3	1	1	1	1	0	0	0	?	0	0	0
chr2	934	36638366	36638369	3	1	1	1	1	0	0	0	?	0	0	0
chr2	935	36639018	36639021	3	1	1	1	1	0	0	0	?	0	0	0
chr2	936	36641145	36641153	8	0	0	1	1	12	12	0	?	0	0	0
chr2	937	36641883	36641886	3	1	1	1	1	0	0	0	?	0	0	0
chr2	938	36645640	36645643	3	1	1	1	1	0	0	0	?	0	0	0
chr2	939	36645808	36645810	2	1	1	1	1	0	0	0	?	0	0	0
chr2	940	36646154	36646157	3	1	1	1	1	0	0	0	?	0	0	0
chr2	941	36646172	36646175	3	1	1	1	1	0	0	0	?	0	0	0
chr2	942	36647105	36647108	3	1	1	1	1	0	0	0	?	0	0	0
chr2	943	36647461	36647464	3	1	1	1	1	0	0	0	?	0	0	0
chr2	944	36647721	36647724	3	1	1	1	1	0	0	0	?	0	0	0
chr2	945	36648391	36648394	3	1	1	1	1	0	0	0	?	0	0	0
chr2	946	36648547	36648550	3	1	1	1	1	0	0	0	?	0	0	0
chr2	947	36648611	36648614	3	1	1	1	1	0	0	0	?	0	0	0
chr2	948	36649184	36649196	12	3	3	3	3	0	0	0	?	0	0	0
chr2	949	36649800	36649803	3	1	1	1	1	0	0	0	?	0	0	0
chr2	950	36649944	36649947	3	1	1	1	1	0	0	0	?	0	0	0
chr2	951	36649974	36649977	3	1	1	1	1	0	0	0	?	0	0	0
chr2	952	36650035	36650038	3	1	1	1	1	0	0	0	?	0	0	0
chr2	953	36650514	36650517	3	1	1	1	1	0	0	0	?	0	0	0
chr2	954	36651213	36651243	30	2	2	2	2	0	0	0	?	0	0	0
chr2	955	36651329	36651332	3	1	1	1	1	0	0	0	?	0	0	0
chr2	956	36651396	36651398	2	1	1	1	1	0	0	0	?	0	0	0
chr2	957	36651547	36651550	3	1	1	1	1	0	0	0	?	0	0	0
chr2	958	36651614	36651617	3	1	1	1	1	0	0	0	?	0	0	0
chr2	959	36651805	36651808	3	1	1	1	1	0	0	0	?	0	0	0
chr2	960	36652676	36652679	3	1	1	1	1	0	0	0	?	0	0	0
chr2	961	36652725	36652728	3	1	1	1	1	0	0	0	?	0	0	0
chr2	962	36652743	36652746	3	1	1	1	1	0	0	0	?	0	0	0
chr2	963	36652885	36652888	3	1	1	1	1	0	0	0	?	0	0	0
chr2	964	36653653	36653656	3	1	1	1	1	0	0	0	?	0	0	0
chr2	965	36653686	36653689	3	1	1	1	1	0	0	0	?	0	0	0
chr2	966	36655383	36655385	2	1	1	1	1	0	0	0	?	0	0	0
chr2	967	36656577	36656580	3	1	1	1	1	0	0	0	?	0	0	0
chr2	968	36657328	36657331	3	1	1	1	1	0	0	0	?	0	0	0
chr2	969	36658450	36658453	3	1	1	1	1	0	0	0	?	0	0	0
chr2	970	36659098	36659101	3	1	1	1	1	0	0	0	?	0	0	0
chr2	971	36659143	36659146	3	1	1	1	1	0	0	0	?	0	0	0
chr2	972	36659187	36659190	3	1	1	1	1	0	0	0	?	0	0	0
chr2	973	36659485	36659488	3	1	1	1	1	0	0	0	?	0	0	0
chr2	974	36660268	36660271	3	1	1	1	1	0	0	0	?	0	0	0
chr2	975	36660317	36660320	3	1	1	1	1	0	0	0	?	0	0	0
chr2	976	36660573	36660576	3	1	1	1	1	0	0	0	?	0	0	0
chr2	977	36661105	36661108	3	1	1	1	1	0	0	0	?	0	0	0
chr2	978	36661134	36661137	3	1	1	1	1	0	0	0	?	0	0	0
chr2	979	36661821	36661824	3	1	1	1	1	0	0	0	?	0	0	0
chr2	980	36661955	36661958	3	1	1	1	1	0	0	0	?	0	0	0
chr2	981	36662671	36662673	2	1	1	1	1	0	0	0	?	0	0	0
chr2	982	36662810	36662813	3	1	1	1	1	0	0	0	?	0	0	0
chr2	983	36663724	36663727	3	1	1	1	1	0	0	0	?	0	0	0
chr2	984	36663811	36663814	3	1	1	1	1	0	0	0	?	0	0	0
chr2	985	36665293	36665296	3	1	1	1	1	0	0	0	?	0	0	0
chr2	986	36665956	36665959	3	1	1	1	1	0	0	0	?	0	0	0
chr2	987	36666266	36666268	2	1	1	1	1	0	0	0	?	0	0	0
chr2	988	36666315	36666318	3	1	1	1	1	0	0	0	?	0	0	0
chr2	989	36666485	36666488	3	1	1	1	1	0	0	0	?	0	0	0
chr2	990	36666910	36666913	3	1	1	1	1	0	0	0	?	0	0	0
chr2	991	36667321	36667324	3	1	1	1	1	0	0	0	?	0	0	0
chr2	992	36667388	36667394	6	1	1	1	1	0	0	0	?	0	0	0
chr2	993	36667517	36667520	3	1	1	1	1	0	0	0	?	0	0	0
chr2	994	36667761	36667764	3	1	1	1	1	0	0	0	?	0	0	0
chr2	995	36667882	36667892	10	2	2	2	2	0	0	0	?	0	0	0
chr2	996	36668199	36668202	3	1	1	1	1	0	0	0	?	0	0	0
chr2	997	36668216	36668219	3	1	1	1	1	0	0	0	?	0	0	0
chr2	998	36668277	36668280	3	1	1	1	1	0	0	0	?	0	0	0
chr2	999	36668292	36668295	3	1	1	1	1	0	0	0	?	0	0	0
chr2	1000	36668355	36668358	3	1	1	1	1	0	0	0	?	0	0	0
chr2	1001	36668445	36668448	3	1	1	1	1	0	0	0	?	0	0	0
chr2	1002	36668507	36668510	3	1	1	1	1	0	0	0	?	0	0	0
chr2	1003	36668521	36668524	3	1	1	1	1	0	0	0	?	0	0	0
chr2	1004	36668780	36668784	4	2	2	2	2	0	0	0	?	0	0	0
chr2	1005	36668897	36668930	33	2	2	2	2	0	0	0	?	0	0	0
chr2	1006	36668939	36668942	3	1	1	1	1	0	0	0	?	0	0	0
chr2	1007	36669042	36669045	3	1	1	1	1	0	0	0	?	0	0	0
chr2	1008	36669061	36669082	21	2	2	2	2	0	0	0	?	0	0	0
chr2	1009	36669225	36669228	3	1	1	1	1	0	0	0	?	0	0	0
chr2	1010	36669290	36669293	3	1	1	1	1	0	0	0	?	0	0	0
chr2	1011	36669425	36669428	3	1	1	1	1	0	0	0	?	0	0	0
chr2	1012	36669458	36669461	3	1	1	1	1	0	0	0	?	0	0	0
chr2	1013	36669562	36669569	7	2	2	2	2	0	0	0	?	0	0	0
chr2	1014	36669699	36669702	3	1	1	1	1	0	0	0	?	0	0	0
chr2	1015	36669731	36669733	2	1	1	1	1	0	0	0	?	0	0	0
chr2	1016	36669857	36669860	3	1	1	1	1	0	0	0	?	0	0	0
chr2	1017	36669927	36669931	4	1	1	1	1	0	0	0	?	0	0	0
chr2	1018	36670168	36670180	12	2	2	2	2	0	0	0	?	0	0	0
chr2	1019	36670214	36670217	3	1	1	1	1	0	0	0	?	0	0	0
chr2	1020	36670310	36670313	3	1	1	1	1	0	0	0	?	0	0	0
chr2	1021	36670386	36670389	3	1	1	1	1	0	0	0	?	0	0	0
chr2	1022	36670458	36670460	2	1	1	1	1	0	0	0	?	0	0	0
chr2	1023	36670764	36670767	3	1	1	1	1	0	0	0	?	0	0	0
chr2	1024	36670823	36670832	9	2	2	2	2	0	0	0	?	0	0	0
chr2	1025	36671218	36671221	3	1	1	1	1	0	0	0	?	0	0	0
chr2	1026	36671376	36671381	5	1	1	1	1	0	0	0	?	0	0	0
chr2	1027	36671482	36671484	2	1	1	1	1	0	0	0	?	0	0	0
chr2	1028	36671525	36671528	3	1	1	1	1	0	0	0	?	0	0	0
chr2	1029	36671645	36671648	3	1	1	1	1	0	0	0	?	0	0	0
chr2	1030	36672147	36672150	3	1	1	1	1	0	0	0	?	0	0	0
chr2	1031	36672174	36672177	3	1	1	1	1	0	0	0	?	0	0	0
chr2	1032	36672353	36672357	4	2	2	2	2	0	0	0	?	0	0	0
chr2	1033	36672561	36672564	3	1	1	1	1	0	0	0	?	0	0	0
chr2	1034	36672714	36672717	3	1	1	1	1	0	0	0	?	0	0	0
chr2	1035	36672753	36672756	3	1	1	1	1	0	0	0	?	0	0	0
chr2	1036	36672815	36672818	3	1	1	1	1	0	0	0	?	0	0	0
chr2	1037	36672894	36672897	3	1	1	1	1	0	0	0	?	0	0	0
chr2	1038	36672912	36672915	3	1	1	1	1	0	0	0	?	0	0	0
chr2	1039	36673191	36673194	3	1	1	1	1	0	0	0	?	0	0	0
chr2	1040	36673297	36673300	3	1	1	1	1	0	0	0	?	0	0	0
chr2	1041	36673477	36673479	2	1	1	1	1	0	0	0	?	0	0	0
chr2	1042	36674106	36674118	12	2	2	2	2	0	0	0	?	0	0	0
chr2	1043	36674911	36674914	3	1	1	1	1	0	0	0	?	0	0	0
chr2	1044	36674925	36674928	3	1	1	1	1	0	0	0	?	0	0	0
chr2	1045	36674993	36674996	3	1	1	1	1	0	0	0	?	0	0	0
chr2	1046	36676377	36676380	3	1	1	1	1	0	0	0	?	0	0	0
chr2	1047	36677051	36677054	3	1	1	1	1	0	0	0	?	0	0	0
chr2	1048	36677073	36677080	7	2	2	2	2	0	0	0	?	0	0	0
chr2	1049	36677183	36677186	3	1	1	1	1	0	0	0	?	0	0	0
chr2	1050	36677297	36677300	3	1	1	1	1	0	0	0	?	0	0	0
chr2	1051	36678741	36678744	3	1	1	1	1	0	0	0	?	0	0	0
chr2	1052	36679418	36679421	3	1	1	1	1	0	0	0	?	0	0	0
chr2	1053	36679501	36679504	3	1	1	1	1	0	0	0	?	0	0	0
chr2	1054	36679590	36679593	3	1	1	1	1	0	0	0	?	0	0	0
chr2	1055	36679792	36679795	3	1	1	1	1	0	0	0	?	0	0	0
chr2	1056	36680713	36680716	3	1	1	1	1	0	0	0	?	0	0	0
chr2	1057	36681457	36681460	3	1	1	1	1	0	0	0	?	0	0	0
chr2	1058	36681516	36681519	3	1	1	1	1	0	0	0	?	0	0	0
chr2	1059	36683280	36683283	3	1	1	1	1	0	0	0	?	0	0	0
chr2	1060	36683710	36683713	3	1	1	1	1	0	0	0	?	0	0	0
chr2	1061	36684975	36684977	2	1	1	1	1	0	0	0	?	0	0	0
chr2	1062	36685428	36685431	3	1	1	1	1	0	0	0	?	0	0	0
chr2	1063	36686212	36686215	3	1	1	1	1	0	0	0	?	0	0	0
chr2	1064	36686271	36686275	4	1	1	1	1	0	0	0	?	0	0	0
chr2	1065	36687411	36687414	3	1	1	1	1	0	0	0	?	0	0	0
chr2	1066	36687697	36687707	10	2	2	2	2	0	0	0	?	0	0	0
chr2	1067	36688108	36688111	3	1	1	1	1	0	0	0	?	0	0	0
chr2	1068	36689009	36689012	3	1	1	1	1	0	0	0	?	0	0	0
chr2	1069	36689036	36689039	3	1	1	1	1	0	0	0	?	0	0	0
chr2	1070	36690347	36690355	8	1	1	1	1	0	0	0	?	0	0	0
chr2	1071	36690407	36690410	3	1	1	1	1	0	0	0	?	0	0	0
chr2	1072	36690624	36690627	3	1	1	1	1	0	0	0	?	0	0	0
chr2	1073	36690900	36690903	3	1	1	1	1	0	0	0	?	0	0	0
chr2	1074	36691580	36691583	3	1	1	1	1	0	0	0	?	0	0	0
chr2	1075	36691728	36691731	3	1	1	1	1	0	0	0	?	0	0	0
chr2	1076	36692099	36692102	3	1	1	1	1	0	0	0	?	0	0	0
chr2	1077	36692177	36692180	3	1	1	1	1	0	0	0	?	0	0	0
chr2	1078	36692245	36692248	3	1	1	1	1	0	0	0	?	0	0	0
chr2	1079	36694041	36694043	2	1	1	1	1	0	0	0	?	0	0	0
chr2	1080	36694812	36694814	2	1	1	1	1	0	0	0	?	0	0	0
chr2	1081	36695402	36695405	3	1	1	1	1	0	0	0	?	0	0	0
chr2	1082	36695615	36695617	2	1	1	1	1	0	0	0	?	0	0	0
chr2	1083	36695810	36695813	3	1	1	1	1	0	0	0	?	0	0	0
chr2	1084	36696634	36696645	11	1	1	1	1	0	0	0	?	0	0	0
chr2	1085	36696753	36696756	3	1	1	1	1	0	0	0	?	0	0	0
chr2	1086	36697032	36697035	3	1	1	1	1	0	0	0	?	0	0	0
chr2	1087	36697420	36697423	3	1	1	1	1	0	0	0	?	0	0	0
chr2	1088	36697818	36697821	3	1	1	1	1	0	0	0	?	0	0	0
chr2	1089	36698148	36698155	7	2	2	2	2	0	0	0	?	0	0	0
chr2	1090	36698583	36698586	3	1	1	1	1	0	0	0	?	0	0	0
chr2	1091	36698902	36698905	3	1	1	1	1	0	0	0	?	0	0	0
chr2	1092	36698970	36698973	3	1	1	1	1	0	0	0	?	0	0	0
chr2	1093	36698999	36699001	2	1	1	1	1	0	0	0	?	0	0	0
chr2	1094	36699130	36699133	3	1	1	1	1	0	0	0	?	0	0	0
chr2	1095	36699204	36699207	3	1	1	1	1	0	0	0	?	0	0	0
chr2	1096	36699226	36699229	3	1	1	1	1	0	0	0	?	0	0	0
chr2	1097	36699295	36699305	10	1	1	1	1	0	0	0	?	0	0	0
chr2	1098	36699402	36699405	3	1	1	1	1	0	0	0	?	0	0	0
chr2	1099	36699511	36699517	6	2	2	2	2	0	0	0	?	0	0	0
chr2	1100	36699587	36699627	40	6	6	5	5	0	0	0	?	0	0	0
chr2	1101	36699832	36699835	3	1	1	1	1	0	0	0	?	0	0	0
chr2	1102	36699867	36699875	8	2	2	2	2	0	0	0	?	0	0	0
chr2	1103	36699932	36699935	3	1	1	1	1	0	0	0	?	0	0	0
chr2	1104	36700138	36700141	3	1	1	1	1	0	0	0	?	0	0	0
chr2	1105	36700217	36700220	3	1	1	1	1	0	0	0	?	0	0	0
chr2	1106	36700622	36700625	3	1	1	1	1	0	0	0	?	0	0	0
chr2	1107	36700696	36700699	3	1	1	1	1	0	0	0	?	0	0	0
chr2	1108	36700712	36700715	3	1	1	1	1	0	0	0	?	0	0	0
chr2	1109	36700774	36700777	3	1	1	1	1	0	0	0	?	0	0	0
chr2	1110	36700863	36700866	3	1	1	1	1	0	0	0	?	0	0	0
chr2	1111	36700885	36700888	3	1	1	1	1	0	0	0	?	0	0	0
chr2	1112	36701104	36701106	2	1	1	1	1	0	0	0	?	0	0	0
chr2	1113	36701309	36701312	3	1	1	1	1	0	0	0	?	0	0	0
chr2	1114	36701505	36701508	3	1	1	1	1	0	0	0	?	0	0	0
chr2	1115	36701621	36701623	2	1	1	1	1	0	0	0	?	0	0	0
chr2	1116	36701710	36701713	3	1	1	1	1	0	0	0	?	0	0	0
chr2	1117	36701784	36701787	3	1	1	1	1	0	0	0	?	0	0	0
chr2	1118	36701803	36701806	3	1	1	1	1	0	0	0	?	0	0	0
chr2	1119	36701842	36701845	3	1	1	1	1	0	0	0	?	0	0	0
chr2	1120	36701900	36701903	3	1	1	1	1	0	0	0	?	0	0	0
chr2	1121	36701923	36701926	3	1	1	1	1	0	0	0	?	0	0	0
chr2	1122	36702076	36702079	3	1	1	1	1	0	0	0	?	0	0	0
chr2	1123	36702219	36702222	3	1	1	1	1	0	0	0	?	0	0	0
chr2	1124	36702261	36702267	6	2	2	2	2	0	0	0	?	0	0	0
chr2	1125	36702393	36702417	24	2	2	2	2	0	0	0	?	0	0	0
chr2	1126	36702500	36702503	3	1	1	1	1	0	0	0	?	0	0	0
chr2	1127	36702642	36702655	13	2	2	2	2	0	0	0	?	0	0	0
chr2	1128	36702769	36702772	3	1	1	1	1	0	0	0	?	0	0	0
chr2	1129	36703278	36703281	3	1	1	1	1	0	0	0	?	0	0	0
chr2	1130	36703352	36703355	3	1	1	1	1	0	0	0	?	0	0	0
chr2	1131	36703643	36703646	3	1	1	1	1	0	0	0	?	0	0	0
chr2	1132	36703717	36703720	3	1	1	1	1	0	0	0	?	0	0	0
chr2	1133	36703764	36703767	3	1	1	1	1	0	0	0	?	0	0	0
chr2	1134	36703870	36703873	3	1	1	1	1	0	0	0	?	0	0	0
chr2	1135	36703896	36703937	41	3	3	3	3	0	0	0	?	0	0	0
chr2	1136	36704018	36704021	3	1	1	1	1	0	0	0	?	0	0	0
chr2	1137	36704147	36704150	3	1	1	1	1	0	0	0	?	0	0	0
chr2	1138	36704226	36704229	3	1	1	1	1	0	0	0	?	0	0	0
chr2	1139	36704282	36704285	3	1	1	1	1	0	0	0	?	0	0	0
chr2	1140	36704340	36704343	3	1	1	1	1	0	0	0	?	0	0	0
chr2	1141	36704684	36704687	3	1	1	1	1	0	0	0	?	0	0	0
chr2	1142	36704772	36704775	3	1	1	1	1	0	0	0	?	0	0	0
chr2	1143	36704786	36704789	3	1	1	1	1	0	0	0	?	0	0	0
chr2	1144	36707313	36707316	3	1	1	1	1	0	0	0	?	0	0	0
chr2	1145	36707787	36707790	3	1	1	1	1	0	0	0	?	0	0	0
chr2	1146	36708146	36708149	3	1	1	1	1	0	0	0	?	0	0	0
chr2	1147	36708261	36708264	3	1	1	1	1	0	0	0	?	0	0	0
chr2	1148	36709685	36709688	3	1	1	1	1	0	0	0	?	0	0	0
chr2	1149	36710046	36710049	3	1	1	1	1	0	0	0	?	0	0	0
chr2	1150	36710618	36710620	2	1	1	1	1	0	0	0	?	0	0	0
chr2	1151	36710677	36710680	3	1	1	1	1	0	0	0	?	0	0	0
chr2	1152	36710915	36710918	3	1	1	1	1	0	0	0	?	0	0	0
chr2	1153	36712148	36712150	2	1	1	1	1	0	0	0	?	0	0	0
chr2	1154	36712230	36712233	3	1	1	1	1	0	0	0	?	0	0	0
chr2	1155	36712443	36712446	3	1	1	1	1	0	0	0	?	0	0	0
chr2	1156	36714202	36714205	3	1	1	1	1	0	0	0	?	0	0	0
chr2	1157	36714837	36714840	3	1	1	1	1	0	0	0	?	0	0	0
chr2	1158	36715121	36715124	3	1	1	1	1	0	0	0	?	0	0	0
chr2	1159	36715257	36715260	3	1	1	1	1	0	0	0	?	0	0	0
chr2	1160	36715585	36715588	3	1	1	1	1	0	0	0	?	0	0	0
chr2	1161	36716193	36716196	3	1	1	1	1	0	0	0	?	0	0	0
chr2	1162	36716274	36716277	3	1	1	1	1	0	0	0	?	0	0	0
chr2	1163	36716868	36716875	7	1	0	1	1	5	5	0	?	0	0	0
chr2	1164	36716921	36716924	3	1	1	1	1	0	0	0	?	0	0	0
chr2	1165	36717333	36717428	95	1	1	2	2	8	8	0	?	0	0	0
chr2	1166	36718718	36718732	14	2	2	2	2	0	0	0	?	0	0	0
chr2	1167	36719288	36719291	3	1	1	1	1	0	0	0	?	0	0	0
chr2	1168	36719429	36719432	3	1	1	1	1	0	0	0	?	0	0	0
chr2	1169	36719463	36719466	3	1	1	1	1	0	0	0	?	0	0	0
chr2	1170	36719527	36719530	3	1	1	1	1	0	0	0	?	0	0	0
chr2	1171	36719578	36719581	3	1	1	1	1	0	0	0	?	0	0	0
chr2	1172	36720073	36720076	3	1	1	1	1	0	0	0	?	0	0	0
chr2	1173	36720651	36720654	3	1	1	1	1	0	0	0	?	0	0	0
chr2	1174	36721151	36721154	3	1	1	1	1	0	0	0	?	0	0	0
chr2	1175	36721615	36721618	3	1	1	1	1	0	0	0	?	0	0	0
chr2	1176	36721987	36721990	3	1	1	1	1	0	0	0	?	0	0	0
chr2	1177	36722415	36722418	3	1	1	1	1	0	0	0	?	0	0	0
chr2	1178	36722631	36722634	3	1	1	1	1	0	0	0	?	0	0	0
chr2	1179	36722712	36722715	3	1	1	1	1	0	0	0	?	0	0	0
chr2	1180	36722967	36722970	3	1	1	1	1	0	0	0	?	0	0	0
chr2	1181	36723077	36723080	3	1	1	1	1	0	0	0	?	0	0	0
chr2	1182	36724141	36724144	3	1	1	1	1	0	0	0	?	0	0	0
chr2	1183	36724334	36724337	3	1	1	1	1	0	0	0	?	0	0	0
chr2	1184	36724515	36724518	3	1	1	1	1	0	0	0	?	0	0	0
chr2	1185	36724628	36724631	3	1	1	1	1	0	0	0	?	0	0	0
chr2	1186	36724725	36724728	3	1	1	1	1	0	0	0	?	0	0	0
chr2	1187	36725888	36725891	3	1	1	1	1	0	0	0	?	0	0	0
chr2	1188	36726392	36726395	3	1	1	1	1	0	0	0	?	0	0	0
chr2	1189	36726837	36726840	3	0	0	1	1	2	2	0	?	0	0	0
chr2	1190	36727053	36727056	3	1	1	1	1	0	0	0	?	0	0	0
chr2	1191	36728798	36728801	3	0	0	1	1	2	2	0	?	0	0	0
chr2	1192	36728821	36728831	10	0	0	1	1	16	16	0	?	0	0	0
chr2	1193	36730018	36730021	3	1	1	1	1	0	0	0	?	0	0	0
chr2	1194	36732146	36732149	3	1	1	1	1	0	0	0	?	0	0	0
chr2	1195	36739204	36739207	3	1	1	1	1	0	0	0	?	0	0	0
chr2	1196	36739539	36739542	3	1	1	1	1	0	0	0	?	0	0	0
chr2	1197	36739577	36739586	9	2	2	2	2	0	0	0	?	0	0	0
chr2	1198	36739755	36739758	3	1	1	1	1	0	0	0	?	0	0	0
chr2	1199	36739846	36739849	3	1	1	1	1	0	0	0	?	0	0	0
chr2	1200	36739902	36739905	3	1	1	1	1	0	0	0	?	0	0	0
chr2	1201	36740549	36740552	3	1	1	1	1	0	0	0	?	0	0	0
chr2	1202	36740623	36740626	3	1	1	1	1	0	0	0	?	0	0	0
chr2	1203	36741314	36741317	3	1	1	1	1	0	0	0	?	0	0	0
chr2	1204	36742577	36742580	3	1	1	1	1	0	0	0	?	0	0	0
chr2	1205	36744062	36744065	3	1	1	1	1	0	0	0	?	0	0	0
chr2	1206	36745922	36745925	3	1	1	1	1	0	0	0	?	0	0	0
chr2	1207	36747416	36747419	3	1	1	1	1	0	0	0	?	0	0	0
chr2	1208	36749971	36749974	3	1	1	1	1	0	0	0	?	0	0	0
chr2	1209	36750432	36750435	3	1	1	1	1	0	0	0	?	0	0	0
chr2	1210	36751276	36751279	3	1	1	1	1	0	0	0	?	0	0	0
chr2	1211	36751437	36751440	3	1	1	1	1	0	0	0	?	0	0	0
chr2	1212	36751604	36751607	3	1	1	1	1	0	0	0	?	0	0	0
chr2	1213	36752140	36752143	3	1	1	1	1	0	0	0	?	0	0	0
chr2	1214	36752367	36752370	3	1	1	1	1	0	0	0	?	0	0	0
chr2	1215	36753210	36753213	3	1	1	1	1	0	0	0	?	0	0	0
chr2	1216	36753361	36753368	7	1	1	1	1	0	0	0	?	0	0	0
chr2	1217	36754773	36754776	3	1	1	1	1	0	0	0	?	0	0	0
chr2	1218	36755607	36755610	3	1	1	1	1	0	0	0	?	0	0	0
chr2	1219	36755954	36755956	2	1	1	1	1	2	2	0	?	0	0	0
chr2	1220	36756283	36756286	3	1	1	1	1	0	0	0	?	0	0	0
chr2	1221	36756410	36756413	3	1	1	1	1	0	0	0	?	0	0	0
chr2	1222	36757017	36757020	3	1	1	1	1	0	0	0	?	0	0	0
chr2	1223	36757462	36757464	2	1	1	1	1	0	0	0	?	0	0	0
chr2	1224	36759404	36759407	3	1	1	1	1	0	0	0	?	0	0	0
chr2	1225	36759913	36759916	3	1	1	1	1	0	0	0	?	0	0	0
chr2	1226	36760012	36760014	2	1	1	1	1	0	0	0	?	0	0	0
chr2	1227	36760162	36760165	3	1	1	1	1	0	0	0	?	0	0	0
chr2	1228	36760215	36760218	3	1	1	1	1	0	0	0	?	0	0	0
chr2	1229	36760407	36760410	3	1	1	1	1	0	0	0	?	0	0	0
chr2	1230	36761583	36761597	14	2	2	2	2	0	0	0	?	0	0	0
chr2	1231	36761653	36761656	3	1	1	1	1	0	0	0	?	0	0	0
chr2	1232	36763582	36763585	3	0	0	1	1	2	2	0	?	0	0	0
chr2	1233	36763893	36763896	3	1	1	1	1	0	0	0	?	0	0	0
chr2	1234	36764076	36764079	3	1	1	1	1	0	0	0	?	0	0	0
chr2	1235	36764358	36764361	3	1	1	1	1	0	0	0	?	0	0	0
chr2	1236	36765413	36765436	23	2	2	2	2	0	0	0	?	0	0	0
chr2	1237	36766074	36766077	3	1	1	1	1	0	0	0	?	0	0	0
chr2	1238	36766666	36766669	3	1	1	1	1	0	0	0	?	0	0	0
chr2	1239	36767294	36767297	3	1	1	1	1	0	0	0	?	0	0	0
chr2	1240	36768232	36768235	3	1	1	1	1	0	0	0	?	0	0	0
chr2	1241	36769253	36769256	3	1	1	1	1	0	0	0	?	0	0	0
chr2	1242	36770923	36770932	9	2	2	2	2	0	0	0	?	0	0	0
chr2	1243	36771217	36771219	2	1	1	1	1	0	0	0	?	0	0	0
chr2	1244	36771252	36771255	3	1	1	1	1	0	0	0	?	0	0	0
chr2	1245	36772292	36772295	3	1	1	1	1	0	0	0	?	0	0	0
chr2	1246	36773040	36773043	3	1	1	1	1	0	0	0	?	0	0	0
chr2	1247	36773468	36773471	3	1	1	1	1	0	0	0	?	0	0	0
chr2	1248	36773652	36773655	3	1	1	1	1	0	0	0	?	0	0	0
chr2	1249	36774425	36774428	3	1	1	1	1	0	0	0	?	0	0	0
chr2	1250	36776055	36776058	3	1	1	1	1	0	0	0	?	0	0	0
chr2	1251	36776441	36777089	648	4	4	5	5	616	616	0	?	0	0	0
chr2	1252	36779268	36779271	3	1	1	1	1	0	0	0	?	0	0	0
chr2	1253	36780596	36780599	3	1	1	1	1	0	0	0	?	0	0	0
chr2	1254	36781034	36781037	3	1	1	1	1	0	0	0	?	0	0	0
chr2	1255	36781090	36781093	3	1	1	1	1	0	0	0	?	0	0	0
chr2	1256	36782137	36782140	3	1	1	1	1	0	0	0	?	0	0	0
chr2	1257	36783060	36783063	3	1	1	1	1	0	0	0	?	0	0	0
chr2	1258	36783429	36783432	3	1	1	1	1	0	0	0	?	0	0	0
chr2	1259	36784522	36784525	3	1	1	1	1	0	0	0	?	0	0	0
chr2	1260	36786407	36786410	3	1	1	1	1	0	0	0	?	0	0	0
chr2	1261	36788558	36788561	3	1	1	1	1	0	0	0	?	0	0	0
chr2	1262	36789882	36789885	3	1	1	1	1	0	0	0	?	0	0	0
chr2	1263	36790381	36790384	3	1	1	1	1	0	0	0	?	0	0	0
chr2	1264	36790917	36790919	2	0	0	1	1	2	2	0	?	0	0	0
chr2	1265	36790978	36790999	21	4	4	4	4	0	0	0	?	0	0	0
chr2	1266	36791827	36791830	3	1	1	1	1	0	0	0	?	0	0	0
chr2	1267	36792870	36792873	3	1	1	1	1	0	0	0	?	0	0	0
chr2	1268	36793118	36793121	3	1	1	1	1	0	0	0	?	0	0	0
chr2	1269	36793720	36793722	2	1	1	1	1	0	0	0	?	0	0	0
chr2	1270	36793945	36793948	3	1	1	1	1	0	0	0	?	0	0	0
chr2	1271	36794029	36794032	3	1	1	1	1	0	0	0	?	0	0	0
chr2	1272	36794329	36794332	3	1	1	1	1	0	0	0	?	0	0	0
chr2	1273	36795216	36795219	3	1	1	1	1	0	0	0	?	0	0	0
chr2	1274	36795260	36795263	3	1	1	1	1	0	0	0	?	0	0	0
chr2	1275	36795277	36795285	8	2	2	2	2	0	0	0	?	0	0	0
chr2	1276	36795363	36795385	22	3	3	3	3	0	0	0	?	0	0	0
chr2	1277	36795656	36795659	3	1	1	1	1	0	0	0	?	0	0	0
chr2	1278	36795764	36795767	3	1	1	1	1	0	0	0	?	0	0	0
chr2	1279	36795899	36795902	3	1	1	1	1	0	0	0	?	0	0	0
chr2	1280	36795977	36795980	3	1	1	1	1	0	0	0	?	0	0	0
chr2	1281	36796037	36796040	3	1	1	1	1	0	0	0	?	0	0	0
chr2	1282	36796109	36796114	5	1	1	1	1	0	0	0	?	0	0	0
chr2	1283	36796349	36796352	3	1	1	1	1	0	0	0	?	0	0	0
chr2	1284	36796543	36796546	3	1	1	1	1	0	0	0	?	0	0	0
chr2	1285	36796643	36796646	3	1	1	1	1	0	0	0	?	0	0	0
chr2	1286	36797098	36797101	3	1	1	1	1	0	0	0	?	0	0	0
chr2	1287	36797203	36797206	3	1	1	1	1	0	0	0	?	0	0	0
chr2	1288	36797568	36797571	3	1	1	1	1	0	0	0	?	0	0	0
chr2	1289	36797931	36797934	3	1	1	1	1	0	0	0	?	0	0	0
chr2	1290	36797969	36797972	3	1	1	1	1	0	0	0	?	0	0	0
chr2	1291	36798478	36798490	12	3	3	3	3	0	0	0	?	0	0	0
chr2	1292	36798604	36798612	8	3	3	3	3	0	0	0	?	0	0	0
chr2	1293	36799276	36799279	3	1	1	1	1	0	0	0	?	0	0	0
chr2	1294	36799717	36799719	2	1	1	1	1	0	0	0	?	0	0	0
chr2	1295	36800250	36800253	3	1	1	1	1	0	0	0	?	0	0	0
chr2	1296	36800674	36800677	3	1	1	1	1	0	0	0	?	0	0	0
chr2	1297	36800970	36800973	3	1	1	1	1	0	0	0	?	0	0	0
chr2	1298	36801773	36801776	3	1	1	1	1	0	0	0	?	0	0	0
chr2	1299	36803351	36803354	3	1	1	1	1	0	0	0	?	0	0	0
chr2	1300	36804556	36804559	3	1	1	1	1	0	0	0	?	0	0	0
chr2	1301	36804601	36804604	3	1	1	1	1	0	0	0	?	0	0	0
chr2	1302	36805307	36805309	2	1	1	1	1	0	0	0	?	0	0	0
chr2	1303	36806014	36806017	3	1	1	1	1	0	0	0	?	0	0	0
chr2	1304	36807348	36807361	13	4	4	4	4	0	0	0	?	0	0	0
chr2	1305	36807868	36807871	3	1	1	1	1	0	0	0	?	0	0	0
chr2	1306	36809989	36809991	2	1	1	1	1	0	0	0	?	0	0	0
chr2	1307	36811646	36811649	3	1	1	1	1	0	0	0	?	0	0	0
chr2	1308	36812628	36812631	3	1	1	1	1	0	0	0	?	0	0	0
chr2	1309	36812860	36812863	3	1	1	1	1	0	0	0	?	0	0	0
chr2	1310	36813035	36813047	12	2	2	2	2	2	2	0	?	0	0	0
chr2	1311	36813399	36813402	3	1	1	1	1	0	0	0	?	0	0	0
chr2	1312	36813565	36813579	14	2	2	2	2	0	0	0	?	0	0	0
chr2	1313	36815065	36815068	3	1	1	1	1	0	0	0	?	0	0	0
chr2	1314	36816330	36816333	3	1	1	1	1	0	0	0	?	0	0	0
chr2	1315	36817046	36817049	3	1	1	1	1	0	0	0	?	0	0	0
chr2	1316	36817299	36817302	3	1	1	1	1	0	0	0	?	0	0	0
chr2	1317	36817739	36817742	3	1	1	1	1	0	0	0	?	0	0	0
chr2	1318	36817941	36817944	3	1	1	1	1	0	0	0	?	0	0	0
chr2	1319	36818048	36818057	9	2	2	2	2	0	0	0	?	0	0	0
chr2	1320	36818156	36818159	3	1	1	1	1	0	0	0	?	0	0	0
chr2	1321	36818532	36818535	3	1	1	1	1	0	0	0	?	0	0	0
chr2	1322	36818638	36818641	3	1	1	1	1	0	0	0	?	0	0	0
chr2	1323	36818824	36818827	3	1	1	1	1	0	0	0	?	0	0	0
chr2	1324	36818843	36818846	3	1	1	1	1	0	0	0	?	0	0	0
chr2	1325	36818863	36818876	13	2	2	2	2	0	0	0	?	0	0	0
chr2	1326	36818974	36818977	3	1	1	1	1	0	0	0	?	0	0	0
chr2	1327	36819013	36819016	3	1	1	1	1	0	0	0	?	0	0	0
chr2	1328	36819102	36819105	3	1	1	1	1	0	0	0	?	0	0	0
chr2	1329	36819449	36819460	11	2	2	2	2	0	0	0	?	0	0	0
chr2	1330	36819512	36819515	3	1	1	1	1	0	0	0	?	0	0	0
chr2	1331	36819566	36819569	3	1	1	1	1	0	0	0	?	0	0	0
chr2	1332	36820020	36820023	3	1	1	1	1	0	0	0	?	0	0	0
chr2	1333	36820208	36820211	3	1	1	1	1	0	0	0	?	0	0	0
chr2	1334	36820383	36820386	3	1	1	1	1	0	0	0	?	0	0	0
chr2	1335	36820596	36820599	3	1	1	1	1	0	0	0	?	0	0	0
chr2	1336	36820722	36820725	3	1	1	1	1	0	0	0	?	0	0	0
chr2	1337	36821038	36821041	3	1	1	1	1	0	0	0	?	0	0	0
chr2	1338	36821377	36821380	3	1	1	1	1	0	0	0	?	0	0	0
chr2	1339	36821579	36821582	3	1	1	1	1	0	0	0	?	0	0	0
chr2	1340	36821979	36821982	3	1	1	1	1	0	0	0	?	0	0	0
chr2	1341	36822142	36822145	3	1	1	1	1	0	0	0	?	0	0	0
chr2	1342	36822418	36822421	3	1	1	1	1	0	0	0	?	0	0	0
chr2	1343	36822795	36822799	4	2	2	2	2	0	0	0	?	0	0	0
chr2	1344	36823710	36823713	3	1	1	1	1	0	0	0	?	0	0	0
chr2	1345	36823728	36823760	32	3	3	3	3	0	0	0	?	0	0	0
chr2	1346	36823932	36823935	3	1	1	1	1	0	0	0	?	0	0	0
chr2	1347	36823965	36823968	3	1	1	1	1	0	0	0	?	0	0	0
chr2	1348	36824109	36824111	2	1	1	1	1	0	0	0	?	0	0	0
chr2	1349	36824372	36824375	3	1	1	1	1	0	0	0	?	0	0	0
chr2	1350	36824414	36824417	3	1	1	1	1	0	0	0	?	0	0	0
chr2	1351	36825440	36825443	3	1	1	1	1	0	0	0	?	0	0	0
chr2	1352	36825999	36826002	3	1	1	1	1	0	0	0	?	0	0	0
chr2	1353	36826064	36826067	3	1	1	1	1	0	0	0	?	0	0	0
chr2	1354	36826299	36826302	3	1	1	1	1	0	0	0	?	0	0	0
chr2	1355	36827052	36827055	3	1	1	1	1	0	0	0	?	0	0	0
chr2	1356	36828596	36828599	3	1	1	1	1	0	0	0	?	0	0	0
chr2	1357	36829185	36829188	3	1	1	1	1	0	0	0	?	0	0	0
chr2	1358	36829285	36829288	3	1	1	1	1	0	0	0	?	0	0	0
chr2	1359	36829876	36829879	3	1	1	1	1	0	0	0	?	0	0	0
chr2	1360	36830003	36830006	3	1	1	1	1	0	0	0	?	0	0	0
chr2	1361	36830313	36830315	2	0	0	1	1	4	4	0	?	0	0	0
chr2	1362	36830894	36830897	3	1	1	1	1	0	0	0	?	0	0	0
chr2	1363	36831649	36831656	7	0	0	1	1	10	10	0	?	0	0	0
chr2	1364	36831963	36831966	3	1	1	1	1	0	0	0	?	0	0	0
chr2	1365	36832317	36832320	3	1	1	1	1	0	0	0	?	0	0	0
chr2	1366	36832412	36832415	3	1	1	1	1	0	0	0	?	0	0	0
chr2	1367	36832513	36832516	3	1	1	1	1	0	0	0	?	0	0	0
chr2	1368	36832573	36832576	3	1	1	1	1	0	0	0	?	0	0	0
chr2	1369	36832714	36832717	3	1	1	1	1	0	0	0	?	0	0	0
chr2	1370	36833886	36833889	3	1	1	1	1	0	0	0	?	0	0	0
chr2	1371	36834274	36834300	26	1	1	2	2	12	12	0	?	0	0	0
chr2	1372	36834927	36834929	2	0	0	1	1	10	10	0	?	0	0	0
chr2	1373	36835170	36835173	3	1	1	1	1	0	0	0	?	0	0	0
chr2	1374	36836006	36836009	3	1	1	1	1	0	0	0	?	0	0	0
chr2	1375	36836095	36836098	3	2	2	2	2	0	0	0	?	0	0	0
chr2	1376	36836354	36836357	3	1	1	1	1	0	0	0	?	0	0	0
chr2	1377	36836560	36836563	3	1	1	1	1	0	0	0	?	0	0	0
chr2	1378	36836962	36836968	6	1	1	1	1	0	0	0	?	0	0	0
chr2	1379	36837993	36837996	3	1	1	1	1	0	0	0	?	0	0	0
chr2	1380	36838547	36838550	3	1	1	1	1	0	0	0	?	0	0	0
chr2	1381	36838645	36838648	3	1	1	1	1	0	0	0	?	0	0	0
chr2	1382	36839018	36839021	3	1	1	1	1	0	0	0	?	0	0	0
chr2	1383	36840354	36840357	3	1	1	1	1	0	0	0	?	0	0	0
chr2	1384	36840537	36840541	4	1	1	1	1	0	0	0	?	0	0	0
chr2	1385	36841127	36841130	3	1	1	1	1	0	0	0	?	0	0	0
chr2	1386	36841710	36841713	3	1	1	1	1	0	0	0	?	0	0	0
chr2	1387	36842175	36842178	3	1	1	1	1	0	0	0	?	0	0	0
chr2	1388	36842505	36842508	3	1	1	1	1	0	0	0	?	0	0	0
chr2	1389	36842740	36842743	3	1	1	1	1	0	0	0	?	0	0	0
chr2	1390	36845121	36845124	3	1	1	1	1	0	0	0	?	0	0	0
chr2	1391	36845883	36845918	35	1	1	2	2	12	12	0	?	0	0	0
chr2	1392	36846028	36846030	2	1	1	1	1	0	0	0	?	0	0	0
chr2	1393	36846386	36846398	12	0	0	1	1	20	20	0	?	0	0	0
chr2	1394	36846664	36846667	3	1	1	1	1	0	0	0	?	0	0	0
chr2	1395	36847806	36847809	3	1	1	1	1	0	0	0	?	0	0	0
chr2	1396	36848252	36848255	3	1	1	1	1	0	0	0	?	0	0	0
chr2	1397	36849870	36849873	3	1	1	1	1	0	0	0	?	0	0	0
chr2	1398	36850031	36850034	3	1	1	1	1	0	0	0	?	0	0	0
chr2	1399	36850951	36850953	2	1	1	1	1	0	0	0	?	0	0	0
chr2	1400	36851560	36851563	3	1	1	1	1	0	0	0	?	0	0	0
chr2	1401	36852053	36852056	3	1	1	1	1	0	0	0	?	0	0	0
chr2	1402	36852515	36852518	3	1	1	1	1	0	0	0	?	0	0	0
chr2	1403	36853099	36853102	3	1	1	1	1	0	0	0	?	0	0	0
chr2	1404	36853155	36853157	2	1	1	1	1	0	0	0	?	0	0	0
chr2	1405	36853199	36853202	3	1	1	1	1	0	0	0	?	0	0	0
chr2	1406	36854889	36854892	3	1	1	1	1	0	0	0	?	0	0	0
chr2	1407	36855550	36855553	3	1	1	1	1	0	0	0	?	0	0	0
chr2	1408	36855986	36856000	14	2	2	2	2	0	0	0	?	0	0	0
chr2	1409	36857224	36857227	3	1	1	1	1	0	0	0	?	0	0	0
chr2	1410	36857572	36857575	3	1	1	1	1	0	0	0	?	0	0	0
chr2	1411	36857649	36857652	3	1	1	1	1	0	0	0	?	0	0	0
chr2	1412	36858329	36858332	3	1	1	1	1	0	0	0	?	0	0	0
chr2	1413	36858916	36858919	3	1	1	1	1	0	0	0	?	0	0	0
chr2	1414	36859052	36859055	3	1	1	1	1	0	0	0	?	0	0	0
chr2	1415	36859275	36859278	3	1	1	1	1	0	0	0	?	0	0	0
chr2	1416	36859335	36859338	3	1	1	1	1	0	0	0	?	0	0	0
chr2	1417	36859885	36859888	3	1	1	1	1	0	0	0	?	0	0	0
chr2	1418	36860795	36860798	3	1	1	1	1	0	0	0	?	0	0	0
chr2	1419	36860938	36860941	3	1	1	1	1	0	0	0	?	0	0	0
chr2	1420	36861726	36861738	12	2	2	2	2	0	0	0	?	0	0	0
chr2	1421	36862015	36862018	3	1	1	1	1	0	0	0	?	0	0	0
chr2	1422	36862165	36862168	3	1	1	1	1	0	0	0	?	0	0	0
chr2	1423	36862180	36862183	3	1	1	1	1	0	0	0	?	0	0	0
chr2	1424	36862826	36862829	3	1	1	1	1	0	0	0	?	0	0	0
chr2	1425	36862883	36862886	3	1	1	1	1	0	0	0	?	0	0	0
chr2	1426	36863088	36863091	3	1	1	1	1	0	0	0	?	0	0	0
chr2	1427	36863132	36863135	3	1	1	1	1	0	0	0	?	0	0	0
chr2	1428	36863554	36863557	3	1	1	1	1	0	0	0	?	0	0	0
chr2	1429	36863649	36863652	3	1	1	1	1	0	0	0	?	0	0	0
chr2	1430	36863752	36863755	3	1	1	1	1	0	0	0	?	0	0	0
chr2	1431	36863967	36863970	3	1	1	1	1	0	0	0	?	0	0	0
chr2	1432	36864315	36864318	3	1	1	1	1	0	0	0	?	0	0	0
chr2	1433	36866542	36866545	3	1	1	1	1	0	0	0	?	0	0	0
chr2	1434	36866579	36866582	3	1	1	1	1	0	0	0	?	0	0	0
chr2	1435	36867800	36867803	3	1	1	1	1	0	0	0	?	0	0	0
chr2	1436	36868253	36868255	2	1	1	1	1	0	0	0	?	0	0	0
chr2	1437	36868649	36868652	3	1	1	1	1	0	0	0	?	0	0	0
chr2	1438	36868802	36868805	3	1	1	1	1	0	0	0	?	0	0	0
chr2	1439	36869825	36869828	3	1	1	1	1	0	0	0	?	0	0	0
chr2	1440	36870237	36870240	3	1	1	1	1	0	0	0	?	0	0	0
chr2	1441	36870251	36870255	4	1	1	1	1	0	0	0	?	0	0	0
chr2	1442	36870295	36870298	3	1	1	1	1	0	0	0	?	0	0	0
chr2	1443	36871473	36871476	3	1	1	1	1	0	0	0	?	0	0	0
chr2	1444	36872194	36872197	3	1	1	1	1	0	0	0	?	0	0	0
chr2	1445	36873061	36873073	12	1	1	1	1	0	0	0	?	0	0	0
chr2	1446	36873940	36873943	3	1	1	1	1	0	0	0	?	0	0	0
chr2	1447	36874045	36874048	3	1	1	1	1	0	0	0	?	0	0	0
chr2	1448	36874716	36874719	3	0	0	1	1	2	2	0	?	0	0	0
chr2	1449	36874984	36874987	3	1	1	1	1	0	0	0	?	0	0	0
chr2	1450	36875475	36875478	3	1	1	1	1	0	0	0	?	0	0	0
chr2	1451	36875504	36875507	3	0	0	1	1	2	2	0	?	0	0	0
chr2	1452	36875570	36875575	5	2	2	2	2	0	0	0	?	0	0	0
chr2	1453	36875658	36875660	2	1	1	1	1	0	0	0	?	0	0	0
chr2	1454	36876216	36876219	3	1	1	1	1	0	0	0	?	0	0	0
chr2	1455	36876269	36876272	3	1	1	1	1	0	0	0	?	0	0	0
chr2	1456	36876545	36876548	3	1	1	1	1	0	0	0	?	0	0	0
chr2	1457	36876750	36876753	3	1	1	1	1	0	0	0	?	0	0	0
chr2	1458	36877263	36877266	3	1	1	1	1	0	0	0	?	0	0	0
chr2	1459	36877370	36877373	3	1	1	1	1	0	0	0	?	0	0	0
chr2	1460	36879283	36879286	3	1	1	1	1	0	0	0	?	0	0	0
chr2	1461	36879313	36879316	3	1	1	1	1	0	0	0	?	0	0	0
chr2	1462	36881117	36881120	3	0	0	1	1	2	2	0	?	0	0	0
chr2	1463	36882136	36882139	3	1	1	1	1	0	0	0	?	0	0	0
chr2	1464	36882599	36882602	3	1	1	1	1	0	0	0	?	0	0	0
chr2	1465	36883900	36883903	3	1	1	1	1	0	0	0	?	0	0	0
chr2	1466	36885213	36885216	3	1	1	1	1	0	0	0	?	0	0	0
chr2	1467	36887041	36887055	14	0	1	1	1	12	12	0	?	0	0	0
chr2	1468	36887365	36887368	3	1	1	1	1	0	0	0	?	0	0	0
chr2	1469	36887830	36887833	3	1	1	1	1	0	0	0	?	0	0	0
chr2	1470	36888251	36888254	3	1	1	1	1	0	0	0	?	0	0	0
chr2	1471	36888638	36888644	6	0	0	1	1	8	8	0	?	0	0	0
chr2	1472	36889268	36889271	3	1	1	1	1	0	0	0	?	0	0	0
chr2	1473	36889467	36889469	2	1	1	1	1	0	0	0	?	0	0	0
chr2	1474	36889617	36889620	3	1	1	1	1	0	0	0	?	0	0	0
chr2	1475	36891521	36891523	2	1	1	1	1	0	0	0	?	0	0	0
chr2	1476	36892092	36892095	3	1	1	1	1	0	0	0	?	0	0	0
chr2	1477	36892111	36892114	3	1	1	1	1	0	0	0	?	0	0	0
chr2	1478	36893301	36893312	11	2	2	2	2	0	0	0	?	0	0	0
chr2	1479	36893442	36893444	2	1	1	1	1	0	0	0	?	0	0	0
chr2	1480	36895407	36895410	3	1	1	1	1	0	0	0	?	0	0	0
chr2	1481	36895755	36895759	4	1	1	1	1	0	0	0	?	0	0	0
chr2	1482	36896238	36896241	3	1	1	1	1	0	0	0	?	0	0	0
chr2	1483	36897120	36897123	3	1	1	1	1	0	0	0	?	0	0	0
chr2	1484	36897328	36897331	3	1	1	1	1	0	0	0	?	0	0	0
chr2	1485	36897428	36897463	35	3	3	3	3	0	0	0	?	0	0	0
chr2	1486	36897610	36897613	3	1	1	1	1	0	0	0	?	0	0	0
chr2	1487	36898297	36898300	3	1	1	1	1	0	0	0	?	0	0	0
chr2	1488	36898501	36898504	3	1	1	1	1	0	0	0	?	0	0	0
chr2	1489	36899041	36899044	3	1	1	1	1	0	0	0	?	0	0	0
chr2	1490	36900130	36900133	3	1	1	1	1	0	0	0	?	0	0	0
chr2	1491	36900799	36900802	3	1	1	1	1	0	0	0	?	0	0	0
chr2	1492	36901550	36901553	3	0	0	1	1	2	2	0	?	0	0	0
chr2	1493	36902474	36902476	2	1	1	1	1	0	0	0	?	0	0	0
chr2	1494	36904146	36904149	3	1	1	1	1	0	0	0	?	0	0	0
chr2	1495	36904401	36904404	3	1	1	1	1	0	0	0	?	0	0	0
chr2	1496	36915231	36915233	2	0	0	1	1	16	16	0	?	0	0	0
chr2	1497	36922517	36922520	3	0	0	1	1	2	2	0	?	0	0	0
chr2	1498	36923497	36923500	3	0	0	1	1	2	2	0	?	0	0	0
chr2	1499	36924131	36924134	3	0	0	1	1	2	2	0	?	0	0	0
chr2	1500	36927523	36927525	2	0	0	1	1	2	2	0	?	0	0	0
chr2	1501	36937341	36937344	3	1	1	1	1	0	0	0	?	0	0	0
chr2	1502	36948080	36948082	2	0	0	1	1	2	2	0	?	0	0	0
chr2	1503	36950113	36950116	3	1	1	1	1	0	0	0	?	0	0	0
chr2	1504	36952288	36952291	3	1	1	1	1	0	0	0	?	0	0	0
chr2	1505	36970568	36970570	2	1	1	1	1	0	0	0	?	0	0	0
chr2	1506	36973978	36973980	2	1	1	1	1	0	0	0	?	0	0	0
chr2	1507	36974600	36974604	4	0	0	1	1	4	4	0	?	0	0	0
chr2	1508	36975311	36975314	3	1	1	1	1	0	0	0	?	0	0	0
chr2	1509	36982329	36982343	14	1	1	1	1	0	0	0	?	0	0	0
chr2	1510	36984215	36984218	3	0	0	1	1	2	2	0	?	0	0	0
chr2	1511	36985116	36985119	3	1	1	1	1	0	0	0	?	0	0	0
chr2	1512	36996560	36996563	3	1	1	1	1	0	0	0	?	0	0	0
chr2	1513	36997566	36997568	2	1	1	1	1	0	0	0	?	0	0	0
chr2	1514	37006370	37006373	3	1	1	1	1	0	0	0	?	0	0	0
chr2	1515	37014677	37014680	3	1	1	1	1	0	0	0	?	0	0	0
chr2	1516	37015711	37015714	3	1	1	1	1	0	0	0	?	0	0	0
chr2	1517	37019344	37019347	3	1	1	1	1	0	0	0	?	0	0	0
chr2	1518	37029694	37029697	3	1	1	1	1	0	0	0	?	0	0	0
chr2	1519	37036658	37036661	3	1	1	1	1	0	0	0	?	0	0	0
chr2	1520	37053918	37053921	3	1	1	1	1	0	0	0	?	0	0	0
chr2	1521	37054479	37054481	2	1	1	1	1	0	0	0	?	0	0	0
chr2	1522	37058267	37058270	3	1	1	1	1	0	0	0	?	0	0	0
chr2	1523	37059405	37059465	60	1	1	2	2	2	2	0	?	0	0	0
chr2	1524	37059713	37059716	3	1	1	1	1	0	0	0	?	0	0	0
chr2	1525	37060250	37060253	3	1	1	1	1	0	0	0	?	0	0	0
chr2	1526	37061447	37061450	3	1	1	1	1	0	0	0	?	0	0	0
chr2	1527	37061609	37061612	3	1	1	1	1	0	0	0	?	0	0	0
chr2	1528	37063514	37063517	3	1	1	1	1	0	0	0	?	0	0	0
chr2	1529	37063875	37063878	3	1	1	1	1	0	0	0	?	0	0	0
chr2	1530	37065745	37065748	3	1	1	1	1	0	0	0	?	0	0	0
chr2	1531	37069899	37069901	2	1	1	1	1	0	0	0	?	0	0	0
chr2	1532	37070184	37070187	3	1	1	1	1	0	0	0	?	0	0	0
chr2	1533	37071129	37071137	8	1	1	1	1	0	0	0	?	0	0	0
chr2	1534	37072000	37072003	3	1	1	1	1	0	0	0	?	0	0	0
chr2	1535	37075412	37075415	3	1	1	1	1	0	0	0	?	0	0	0
chr2	1536	37076142	37076154	12	3	3	3	3	0	0	0	?	0	0	0
chr2	1537	37076653	37076655	2	1	1	1	1	0	0	0	?	0	0	0
chr2	1538	37076999	37077002	3	1	1	1	1	0	0	0	?	0	0	0
chr2	1539	37077346	37077349	3	1	1	1	1	0	0	0	?	0	0	0
chr2	1540	37079006	37079009	3	1	1	1	1	0	0	0	?	0	0	0
chr2	1541	37079198	37079201	3	1	1	1	1	0	0	0	?	0	0	0
chr2	1542	37080087	37080090	3	1	1	1	1	0	0	0	?	0	0	0
chr2	1543	37080101	37080104	3	1	1	1	1	0	0	0	?	0	0	0
chr2	1544	37081367	37081370	3	1	1	1	1	0	0	0	?	0	0	0
chr2	1545	37081908	37081915	7	1	1	1	1	0	0	0	?	0	0	0
chr2	1546	37082051	37082087	36	0	0	2	2	30	30	0	?	0	0	0
chr2	1547	37085572	37085575	3	1	1	1	1	0	0	0	?	0	0	0
chr2	1548	37088783	37088786	3	1	1	1	1	0	0	0	?	0	0	0
chr2	1549	37089206	37089209	3	1	1	1	1	0	0	0	?	0	0	0
chr2	1550	37089296	37089299	3	1	1	1	1	0	0	0	?	0	0	0
chr2	1551	37090312	37090315	3	1	1	1	1	0	0	0	?	0	0	0
chr2	1552	37090724	37090727	3	1	1	1	1	0	0	0	?	0	0	0
chr2	1553	37095768	37095771	3	1	1	1	1	0	0	0	?	0	0	0
chr2	1554	37096952	37096954	2	1	1	1	1	0	0	0	?	0	0	0
chr2	1555	37097963	37097966	3	1	1	1	1	0	0	0	?	0	0	0
chr2	1556	37098351	37098355	4	0	1	1	1	2	2	0	?	0	0	0
chr2	1557	37101217	37101220	3	1	1	1	1	0	0	0	?	0	0	0
chr2	1558	37101904	37101907	3	1	1	1	1	0	0	0	?	0	0	0
chr2	1559	37102389	37102392	3	1	1	1	1	0	0	0	?	0	0	0
chr2	1560	37106567	37106570	3	1	1	1	1	0	0	0	?	0	0	0
chr2	1561	37107041	37107043	2	1	1	1	1	0	0	0	?	0	0	0
chr2	1562	37107171	37107174	3	1	1	1	1	0	0	0	?	0	0	0
chr2	1563	37109575	37109578	3	1	1	1	1	0	0	0	?	0	0	0
chr2	1564	37110265	37110268	3	1	1	1	1	0	0	0	?	0	0	0
chr2	1565	37111742	37111744	2	1	1	1	1	0	0	0	?	0	0	0
chr2	1566	37111877	37111885	8	0	0	2	2	8	8	0	?	0	0	0
chr2	1567	37113050	37113053	3	1	1	1	1	0	0	0	?	0	0	0
chr2	1568	37115311	37115314	3	1	1	1	1	0	0	0	?	0	0	0
chr2	1569	37115941	37115944	3	1	1	1	1	0	0	0	?	0	0	0
chr2	1570	37120521	37120527	6	0	0	1	1	8	8	0	?	0	0	0
chr2	1571	37121261	37121264	3	0	0	1	1	2	2	0	?	0	0	0
chr2	1572	37124130	37124133	3	1	1	1	1	0	0	0	?	0	0	0
chr2	1573	37124912	37124915	3	1	1	1	1	0	0	0	?	0	0	0
chr2	1574	37125355	37125358	3	1	1	1	1	0	0	0	?	0	0	0
chr2	1575	37126966	37126981	15	0	0	1	1	26	26	0	?	0	0	0
chr2	1576	37127740	37127744	4	1	1	1	1	0	0	0	?	0	0	0
chr2	1577	37130631	37130634	3	1	1	1	1	0	0	0	?	0	0	0
chr2	1578	37132166	37132169	3	1	1	1	1	0	0	0	?	0	0	0
chr2	1579	37132324	37132326	2	0	0	1	1	2	2	0	?	0	0	0
chr2	1580	37133490	37133493	3	1	1	1	1	0	0	0	?	0	0	0
chr2	1581	37134535	37134538	3	1	1	1	1	0	0	0	?	0	0	0
chr2	1582	37139097	37139100	3	1	1	1	1	0	0	0	?	0	0	0
chr2	1583	37139141	37139144	3	1	1	1	1	0	0	0	?	0	0	0
chr2	1584	37140037	37140040	3	1	1	1	1	0	0	0	?	0	0	0
chr2	1585	37140847	37140850	3	1	1	1	1	0	0	0	?	0	0	0
chr2	1586	37143221	37143224	3	1	1	1	1	0	0	0	?	0	0	0
chr2	1587	37143814	37143817	3	1	1	1	1	0	0	0	?	0	0	0
chr2	1588	37144300	37144302	2	1	1	1	1	0	0	0	?	0	0	0
chr2	1589	37144363	37144365	2	1	1	1	1	0	0	0	?	0	0	0
chr2	1590	37145741	37145754	13	0	0	1	1	22	22	0	?	0	0	0
chr2	1591	37145945	37145948	3	1	1	1	1	0	0	0	?	0	0	0
chr2	1592	37146105	37146108	3	1	1	1	1	0	0	0	?	0	0	0
chr2	1593	37146838	37146840	2	1	1	1	1	0	0	0	?	0	0	0
chr2	1594	37151453	37151456	3	1	1	1	1	0	0	0	?	0	0	0
chr2	1595	37154936	37154939	3	1	1	1	1	0	0	0	?	0	0	0
chr2	1596	37155599	37155602	3	1	1	1	1	0	0	0	?	0	0	0
chr2	1597	37156021	37156024	3	1	1	1	1	0	0	0	?	0	0	0
chr2	1598	37157151	37157154	3	1	1	1	1	0	0	0	?	0	0	0
chr2	1599	37158192	37158195	3	1	1	1	1	0	0	0	?	0	0	0
chr2	1600	37159835	37159838	3	1	1	1	1	0	0	0	?	0	0	0
chr2	1601	37161235	37161321	86	0	0	3	3	34	34	0	?	0	0	0
chr2	1602	37161674	37161677	3	1	1	1	1	0	0	0	?	0	0	0
chr2	1603	37161691	37161694	3	1	1	1	1	0	0	0	?	0	0	0
chr2	1604	37161744	37161747	3	1	1	1	1	0	0	0	?	0	0	0
chr2	1605	37161878	37161881	3	1	1	1	1	0	0	0	?	0	0	0
chr2	1606	37161988	37161991	3	1	1	1	1	0	0	0	?	0	0	0
chr2	1607	37162084	37162087	3	1	1	1	1	0	0	0	?	0	0	0
chr2	1608	37163849	37163852	3	1	1	1	1	0	0	0	?	0	0	0
chr2	1609	37164310	37164344	34	1	1	2	2	2	2	0	?	0	0	0
chr2	1610	37164647	37164652	5	2	2	2	2	0	0	0	?	0	0	0
chr2	1611	37165095	37165097	2	1	1	1	1	0	0	0	?	0	0	0
chr2	1612	37165257	37165260	3	1	1	1	1	0	0	0	?	0	0	0
chr2	1613	37165328	37165331	3	1	1	1	1	0	0	0	?	0	0	0
chr2	1614	37165646	37165649	3	1	1	1	1	0	0	0	?	0	0	0
chr2	1615	37166185	37166190	5	1	1	1	1	0	0	0	?	0	0	0
chr2	1616	37166247	37166250	3	1	1	1	1	0	0	0	?	0	0	0
chr2	1617	37166479	37166575	96	2	2	2	2	0	0	0	?	0	0	0
chr2	1618	37166796	37166799	3	1	1	1	1	0	0	0	?	0	0	0
chr2	1619	37167120	37167123	3	1	1	1	1	0	0	0	?	0	0	0
chr2	1620	37167290	37167293	3	1	1	1	1	0	0	0	?	0	0	0
chr2	1621	37167643	37167646	3	1	1	1	1	0	0	0	?	0	0	0
chr2	1622	37168424	37168427	3	1	1	1	1	0	0	0	?	0	0	0
chr2	1623	37168443	37168446	3	1	1	1	1	0	0	0	?	0	0	0
chr2	1624	37169216	37169219	3	1	1	1	1	0	0	0	?	0	0	0
chr2	1625	37169359	37169371	12	2	2	2	2	0	0	0	?	0	0	0
chr2	1626	37169635	37169638	3	1	1	1	1	0	0	0	?	0	0	0
chr2	1627	37169698	37169701	3	1	1	1	1	0	0	0	?	0	0	0
chr2	1628	37170736	37170739	3	1	1	1	1	0	0	0	?	0	0	0
chr2	1629	37172049	37172052	3	1	1	1	1	0	0	0	?	0	0	0
chr2	1630	37172206	37172209	3	1	1	1	1	0	0	0	?	0	0	0
chr2	1631	37172666	37172669	3	1	1	1	1	0	0	0	?	0	0	0
chr2	1632	37172822	37172824	2	1	1	1	1	0	0	0	?	0	0	0
chr2	1633	37174090	37174093	3	1	1	1	1	0	0	0	?	0	0	0
chr2	1634	37174226	37174230	4	1	1	1	1	0	0	0	?	0	0	0
chr2	1635	37174792	37174794	2	1	1	1	1	0	0	0	?	0	0	0
chr2	1636	37174879	37174882	3	1	1	1	1	0	0	0	?	0	0	0
chr2	1637	37175728	37175731	3	1	1	1	1	0	0	0	?	0	0	0
chr2	1638	37175810	37175813	3	1	1	1	1	0	0	0	?	0	0	0
chr2	1639	37176259	37176261	2	1	1	1	1	0	0	0	?	0	0	0
chr2	1640	37177410	37177413	3	0	0	1	1	2	2	0	?	0	0	0
chr2	1641	37177456	37177458	2	1	1	1	1	0	0	0	?	0	0	0
chr2	1642	37178510	37178513	3	1	1	1	1	0	0	0	?	0	0	0
chr2	1643	37178613	37178616	3	1	1	1	1	0	0	0	?	0	0	0
chr2	1644	37178952	37178958	6	1	1	1	1	0	0	0	?	0	0	0
chr2	1645	37178998	37179001	3	1	1	1	1	0	0	0	?	0	0	0
chr2	1646	37179017	37179020	3	1	1	1	1	0	0	0	?	0	0	0
chr2	1647	37179038	37179041	3	1	1	1	1	0	0	0	?	0	0	0
chr2	1648	37179117	37179120	3	1	1	1	1	0	0	0	?	0	0	0
chr2	1649	37179139	37179145	6	2	2	2	2	0	0	0	?	0	0	0
chr2	1650	37179172	37179175	3	1	1	1	1	0	0	0	?	0	0	0
chr2	1651	37179274	37179277	3	1	1	1	1	0	0	0	?	0	0	0
chr2	1652	37179499	37179502	3	1	1	1	1	0	0	0	?	0	0	0
chr2	1653	37179535	37179538	3	1	1	1	1	0	0	0	?	0	0	0
chr2	1654	37179616	37179619	3	1	1	1	1	0	0	0	?	0	0	0
chr2	1655	37179662	37179665	3	1	1	1	1	0	0	0	?	0	0	0
chr2	1656	37179721	37179724	3	1	1	1	1	0	0	0	?	0	0	0
chr2	1657	37180033	37180036	3	1	1	1	1	0	0	0	?	0	0	0
chr2	1658	37180158	37180161	3	1	1	1	1	0	0	0	?	0	0	0
chr2	1659	37180485	37180488	3	1	1	1	1	0	0	0	?	0	0	0
chr2	1660	37180692	37180695	3	1	1	1	1	0	0	0	?	0	0	0
chr2	1661	37180713	37180716	3	1	1	1	1	0	0	0	?	0	0	0
chr2	1662	37180831	37180834	3	1	1	1	1	0	0	0	?	0	0	0
chr2	1663	37180865	37180868	3	1	1	1	1	0	0	0	?	0	0	0
chr2	1664	37181153	37181156	3	1	1	1	1	0	0	0	?	0	0	0
chr2	1665	37181168	37181171	3	1	1	1	1	0	0	0	?	0	0	0
chr2	1666	37181403	37181406	3	1	1	1	1	0	0	0	?	0	0	0
chr2	1667	37181530	37181533	3	1	1	1	1	0	0	0	?	0	0	0
chr2	1668	37181567	37181570	3	1	1	1	1	0	0	0	?	0	0	0
chr2	1669	37181620	37181632	12	2	2	2	2	0	0	0	?	0	0	0
chr2	1670	37182003	37182006	3	1	1	1	1	0	0	0	?	0	0	0
chr2	1671	37182165	37182168	3	1	1	1	1	0	0	0	?	0	0	0
chr2	1672	37182239	37182280	41	3	3	3	3	0	0	0	?	0	0	0
chr2	1673	37182363	37182366	3	1	1	1	1	0	0	0	?	0	0	0
chr2	1674	37182427	37182430	3	1	1	1	1	0	0	0	?	0	0	0
chr2	1675	37182605	37182608	3	1	1	1	1	0	0	0	?	0	0	0
chr2	1676	37182709	37182712	3	1	1	1	1	0	0	0	?	0	0	0
chr2	1677	37182892	37182900	8	2	2	2	2	0	0	0	?	0	0	0
chr2	1678	37182912	37182915	3	1	1	1	1	0	0	0	?	0	0	0
chr2	1679	37183171	37183174	3	1	1	1	1	0	0	0	?	0	0	0
chr2	1680	37183719	37183722	3	1	1	1	1	0	0	0	?	0	0	0
chr2	1681	37183818	37183821	3	1	1	1	1	0	0	0	?	0	0	0
chr2	1682	37183851	37183854	3	1	1	1	1	0	0	0	?	0	0	0
chr2	1683	37183931	37183934	3	1	1	1	1	0	0	0	?	0	0	0
chr2	1684	37184658	37184661	3	1	1	1	1	0	0	0	?	0	0	0
chr2	1685	37184825	37184828	3	1	1	1	1	0	0	0	?	0	0	0
chr2	1686	37185004	37185007	3	1	1	1	1	0	0	0	?	0	0	0
chr2	1687	37185442	37185445	3	1	1	1	1	0	0	0	?	0	0	0
chr2	1688	37185716	37185726	10	1	1	1	1	0	0	0	?	0	0	0
chr2	1689	37185790	37185793	3	1	1	1	1	0	0	0	?	0	0	0
chr2	1690	37186000	37186003	3	1	1	1	1	0	0	0	?	0	0	0
chr2	1691	37186225	37186228	3	1	1	1	1	0	0	0	?	0	0	0
chr2	1692	37186382	37186385	3	1	1	1	1	0	0	0	?	0	0	0
chr2	1693	37188351	37188354	3	1	1	1	1	0	0	0	?	0	0	0
chr2	1694	37189907	37189910	3	1	1	1	1	0	0	0	?	0	0	0
chr2	1695	37191256	37191259	3	1	1	1	1	0	0	0	?	0	0	0
chr2	1696	37191551	37191554	3	1	1	1	1	0	0	0	?	0	0	0
chr2	1697	37192840	37192843	3	1	1	1	1	0	0	0	?	0	0	0
chr2	1698	37193293	37193295	2	1	1	1	1	0	0	0	?	0	0	0
chr2	1699	37193580	37193583	3	1	1	1	1	0	0	0	?	0	0	0
chr2	1700	37193595	37193598	3	0	0	1	1	2	2	0	?	0	0	0
chr2	1701	37193918	37193921	3	1	1	1	1	0	0	0	?	0	0	0
chr2	1702	37194896	37194918	22	0	0	1	1	40	40	0	?	0	0	0
chr2	1703	37195120	37195123	3	1	1	1	1	0	0	0	?	0	0	0
chr2	1704	37197958	37197961	3	1	1	1	1	0	0	0	?	0	0	0
chr2	1705	37197970	37197973	3	1	1	1	1	0	0	0	?	0	0	0
chr2	1706	37200660	37200663	3	1	1	1	1	0	0	0	?	0	0	0
chr2	1707	37201598	37201601	3	1	1	1	1	0	0	0	?	0	0	0
chr2	1708	37202204	37202207	3	1	1	1	1	0	0	0	?	0	0	0
chr2	1709	37202643	37202667	24	0	0	1	1	44	44	0	?	0	0	0
chr2	1710	37204686	37204689	3	1	1	1	1	0	0	0	?	0	0	0
chr2	1711	37205082	37205085	3	1	1	1	1	0	0	0	?	0	0	0
chr2	1712	37206303	37206306	3	1	1	1	1	0	0	0	?	0	0	0
chr2	1713	37208161	37208164	3	1	1	1	1	0	0	0	?	0	0	0
chr2	1714	37209046	37209048	2	0	0	1	1	2	2	0	?	0	0	0
chr2	1715	37209836	37209849	13	1	1	1	1	0	0	0	?	0	0	0
chr2	1716	37211619	37211622	3	1	1	1	1	0	0	0	?	0	0	0
chr2	1717	37212834	37212837	3	1	1	1	1	0	0	0	?	0	0	0
chr2	1718	37213210	37213213	3	1	1	1	1	0	0	0	?	0	0	0
chr2	1719	37213469	37213472	3	1	1	1	1	0	0	0	?	0	0	0
chr2	1720	37215188	37215198	10	2	2	2	2	0	0	0	?	0	0	0
chr2	1721	37217472	37217475	3	1	1	1	1	0	0	0	?	0	0	0
chr2	1722	37217666	37217669	3	1	1	1	1	0	0	0	?	0	0	0
chr2	1723	37217894	37217902	8	2	2	2	2	0	0	0	?	0	0	0
chr2	1724	37218214	37218217	3	1	1	1	1	0	0	0	?	0	0	0
chr2	1725	37218440	37218443	3	1	1	1	1	0	0	0	?	0	0	0
chr2	1726	37220320	37220335	15	3	3	4	4	2	2	0	?	0	0	0
chr2	1727	37221160	37221163	3	1	1	1	1	0	0	0	?	0	0	0
chr2	1728	37221781	37221784	3	1	1	1	1	0	0	0	?	0	0	0
chr2	1729	37224547	37224570	23	1	1	1	1	0	0	0	?	0	0	0
chr2	1730	37224862	37224865	3	1	1	1	1	0	0	0	?	0	0	0
chr2	1731	37226615	37226618	3	1	1	1	1	0	0	0	?	0	0	0
chr2	1732	37227112	37227123	11	2	2	2	2	0	0	0	?	0	0	0
chr2	1733	37228887	37228890	3	1	1	1	1	0	0	0	?	0	0	0
chr2	1734	37229867	37229870	3	1	1	1	1	0	0	0	?	0	0	0
chr2	1735	37230545	37230548	3	1	1	1	1	0	0	0	?	0	0	0
chr2	1736	37231523	37231526	3	1	1	1	1	0	0	0	?	0	0	0
chr2	1737	37232063	37232066	3	1	1	1	1	0	0	0	?	0	0	0
chr2	1738	37232590	37232593	3	1	1	1	1	0	0	0	?	0	0	0
chr2	1739	37233089	37233092	3	1	1	1	1	0	0	0	?	0	0	0
chr2	1740	37233442	37233445	3	1	1	1	1	0	0	0	?	0	0	0
chr2	1741	37233639	37233642	3	1	1	1	1	0	0	0	?	0	0	0
chr2	1742	37233672	37233675	3	1	1	1	1	0	0	0	?	0	0	0
chr2	1743	37233994	37233997	3	1	1	1	1	0	0	0	?	0	0	0
chr2	1744	37234572	37234575	3	1	1	1	1	0	0	0	?	0	0	0
chr2	1745	37234641	37234644	3	1	1	1	1	0	0	0	?	0	0	0
chr2	1746	37234864	37234867	3	1	1	1	1	0	0	0	?	0	0	0
chr2	1747	37235083	37235086	3	1	1	1	1	0	0	0	?	0	0	0
chr2	1748	37235555	37235558	3	1	1	1	1	0	0	0	?	0	0	0
chr2	1749	37235638	37235640	2	1	1	1	1	0	0	0	?	0	0	0
chr2	1750	37236475	37236478	3	1	1	1	1	0	0	0	?	0	0	0
chr2	1751	37236497	37236500	3	1	1	1	1	0	0	0	?	0	0	0
chr2	1752	37236779	37236781	2	1	0	1	1	2	2	0	?	0	0	0
chr2	1753	37237366	37237369	3	1	1	1	1	0	0	0	?	0	0	0
chr2	1754	37238013	37238019	6	1	1	1	1	0	0	0	?	0	0	0
chr2	1755	37238164	37238167	3	1	1	1	1	0	0	0	?	0	0	0
chr2	1756	37238199	37238202	3	0	0	1	1	2	2	0	?	0	0	0
chr2	1757	37238284	37238287	3	1	1	1	1	0	0	0	?	0	0	0
chr2	1758	37239701	37239704	3	1	1	1	1	0	0	0	?	0	0	0
chr2	1759	37239740	37239742	2	1	1	1	1	0	0	0	?	0	0	0
chr2	1760	37239959	37239962	3	1	1	1	1	0	0	0	?	0	0	0
chr2	1761	37240119	37240122	3	1	1	1	1	0	0	0	?	0	0	0
chr2	1762	37240194	37240197	3	1	1	1	1	0	0	0	?	0	0	0
chr2	1763	37241303	37241306	3	1	1	1	1	0	0	0	?	0	0	0
chr2	1764	37241419	37241422	3	1	1	1	1	0	0	0	?	0	0	0
chr2	1765	37243365	37243368	3	1	1	1	1	0	0	0	?	0	0	0
chr2	1766	37243611	37243614	3	1	1	1	1	0	0	0	?	0	0	0
chr2	1767	37243969	37243972	3	1	1	1	1	0	0	0	?	0	0	0
chr2	1768	37244570	37244573	3	1	1	1	1	0	0	0	?	0	0	0
chr2	1769	37245659	37245662	3	1	1	1	1	0	0	0	?	0	0	0
chr2	1770	37245685	37245688	3	1	1	1	1	0	0	0	?	0	0	0
chr2	1771	37246440	37246443	3	1	1	1	1	0	0	0	?	0	0	0
chr2	1772	37246510	37246513	3	1	1	1	1	0	0	0	?	0	0	0
chr2	1773	37246758	37246764	6	2	2	2	2	0	0	0	?	0	0	0
chr2	1774	37247241	37247244	3	1	1	1	1	0	0	0	?	0	0	0
chr2	1775	37248831	37248834	3	1	1	1	1	0	0	0	?	0	0	0
chr2	1776	37249557	37249575	18	1	1	1	1	28	28	0	?	0	0	0
chr2	1777	37249642	37249644	2	1	1	1	1	0	0	0	?	0	0	0
chr2	1778	37250161	37250164	3	1	1	1	1	0	0	0	?	0	0	0
chr2	1779	37250649	37250652	3	1	1	1	1	0	0	0	?	0	0	0
chr2	1780	37251332	37251335	3	1	1	1	1	0	0	0	?	0	0	0
chr2	1781	37251823	37251826	3	1	1	1	1	0	0	0	?	0	0	0
chr2	1782	37251879	37251881	2	1	1	1	1	0	0	0	?	0	0	0
chr2	1783	37252639	37252642	3	1	1	1	1	0	0	0	?	0	0	0
chr2	1784	37252717	37252720	3	1	1	1	1	0	0	0	?	0	0	0
chr2	1785	37252814	37252817	3	1	1	1	1	0	0	0	?	0	0	0
chr2	1786	37252846	37252848	2	0	0	1	1	20	20	0	?	0	0	0
chr2	1787	37253869	37253872	3	1	1	1	1	0	0	0	?	0	0	0
chr2	1788	37254642	37254645	3	1	1	1	1	0	0	0	?	0	0	0
chr2	1789	37254815	37254818	3	1	1	1	1	0	0	0	?	0	0	0
chr2	1790	37256627	37256629	2	0	0	1	1	4	4	0	?	0	0	0
chr2	1791	37257665	37257672	7	0	0	2	2	6	6	0	?	0	0	0
chr2	1792	37257935	37257938	3	1	1	1	1	0	0	0	?	0	0	0
chr2	1793	37259051	37259053	2	1	1	1	1	0	0	0	?	0	0	0
chr2	1794	37259382	37259385	3	1	1	1	1	0	0	0	?	0	0	0
chr2	1795	37260844	37260847	3	1	1	1	1	0	0	0	?	0	0	0
chr2	1796	37262680	37262683	3	1	1	1	1	0	0	0	?	0	0	0
chr2	1797	37262901	37262903	2	1	1	1	1	0	0	0	?	0	0	0
chr2	1798	37263222	37263225	3	1	1	1	1	0	0	0	?	0	0	0
chr2	1799	37264521	37264524	3	1	1	1	1	0	0	0	?	0	0	0
chr2	1800	37265411	37265414	3	1	1	1	1	0	0	0	?	0	0	0
chr2	1801	37265737	37265740	3	1	1	1	1	0	0	0	?	0	0	0
chr2	1802	37266488	37266490	2	1	1	1	1	0	0	0	?	0	0	0
chr2	1803	37267191	37267194	3	1	1	1	1	0	0	0	?	0	0	0
chr2	1804	37267345	37267348	3	0	0	1	1	2	2	0	?	0	0	0
chr2	1805	37267907	37267911	4	1	1	1	1	0	0	0	?	0	0	0
chr2	1806	37268647	37268650	3	1	1	1	1	0	0	0	?	0	0	0
chr2	1807	37268817	37268820	3	1	1	1	1	0	0	0	?	0	0	0
chr2	1808	37269333	37269349	16	2	2	2	2	0	0	0	?	0	0	0
chr2	1809	37270272	37270286	14	2	2	2	2	0	0	0	?	0	0	0
chr2	1810	37270350	37270352	2	1	1	1	1	0	0	0	?	0	0	0
chr2	1811	37270749	37270752	3	1	1	1	1	0	0	0	?	0	0	0
chr2	1812	37271307	37271310	3	1	1	1	1	0	0	0	?	0	0	0
chr2	1813	37271543	37271546	3	1	1	1	1	0	0	0	?	0	0	0
chr2	1814	37272009	37272012	3	1	1	1	1	0	0	0	?	0	0	0
chr2	1815	37272922	37272925	3	1	1	1	1	0	0	0	?	0	0	0
chr2	1816	37273290	37273293	3	1	1	1	1	0	0	0	?	0	0	0
chr2	1817	37273582	37273585	3	1	1	1	1	0	0	0	?	0	0	0
chr2	1818	37275189	37275192	3	1	1	1	1	0	0	0	?	0	0	0
chr2	1819	37276793	37276820	27	2	2	2	2	0	0	0	?	0	0	0
chr2	1820	37277960	37277963	3	1	1	1	1	0	0	0	?	0	0	0
chr2	1821	37278382	37278385	3	1	1	1	1	0	0	0	?	0	0	0
chr2	1822	37278416	37278419	3	1	1	1	1	0	0	0	?	0	0	0
chr2	1823	37278511	37278514	3	1	1	1	1	0	0	0	?	0	0	0
chr2	1824	37278679	37278682	3	1	1	1	1	0	0	0	?	0	0	0
chr2	1825	37278874	37278877	3	1	1	1	1	0	0	0	?	0	0	0
chr2	1826	37278933	37278936	3	1	1	1	1	0	0	0	?	0	0	0
chr2	1827	37279021	37279024	3	1	1	1	1	0	0	0	?	0	0	0
chr2	1828	37279083	37279086	3	1	1	1	1	0	0	0	?	0	0	0
chr2	1829	37279512	37279522	10	2	2	2	2	0	0	0	?	0	0	0
chr2	1830	37279794	37279797	3	1	1	1	1	0	0	0	?	0	0	0
chr2	1831	37280053	37280056	3	1	1	1	1	0	0	0	?	0	0	0
chr2	1832	37280199	37280202	3	1	1	1	1	0	0	0	?	0	0	0
chr2	1833	37280683	37280686	3	1	1	1	1	0	0	0	?	0	0	0
chr2	1834	37281399	37281402	3	1	1	1	1	0	0	0	?	0	0	0
chr2	1835	37282336	37282339	3	1	1	1	1	0	0	0	?	0	0	0
chr2	1836	37282868	37282871	3	1	1	1	1	0	0	0	?	0	0	0
chr2	1837	37283350	37283352	2	1	1	1	1	0	0	0	?	0	0	0
chr2	1838	37283374	37283377	3	1	1	1	1	0	0	0	?	0	0	0
chr2	1839	37283899	37283901	2	1	1	1	1	0	0	0	?	0	0	0
chr2	1840	37285823	37285826	3	1	1	1	1	0	0	0	?	0	0	0
chr2	1841	37285879	37285882	3	1	1	1	1	0	0	0	?	0	0	0
chr2	1842	37286441	37286444	3	1	1	1	1	0	0	0	?	0	0	0
chr2	1843	37286525	37286528	3	1	1	1	1	0	0	0	?	0	0	0
chr2	1844	37286618	37286621	3	1	1	1	1	0	0	0	?	0	0	0
chr2	1845	37287089	37287092	3	1	1	1	1	0	0	0	?	0	0	0
chr2	1846	37287196	37287199	3	1	1	1	1	0	0	0	?	0	0	0
chr2	1847	37287224	37287263	39	0	0	3	3	8	8	0	?	0	0	0
chr2	1848	37287419	37287422	3	1	1	1	1	0	0	0	?	0	0	0
chr2	1849	37288276	37288279	3	1	1	1	1	0	0	0	?	0	0	0
chr2	1850	37288970	37288973	3	1	1	1	1	0	0	0	?	0	0	0
chr2	1851	37289079	37289081	2	1	1	1	1	0	0	0	?	0	0	0
chr2	1852	37289336	37289339	3	1	1	1	1	0	0	0	?	0	0	0
chr2	1853	37289805	37289808	3	1	1	1	1	0	0	0	?	0	0	0
chr2	1854	37290421	37290424	3	1	1	1	1	0	0	0	?	0	0	0
chr2	1855	37290582	37290585	3	1	1	1	1	0	0	0	?	0	0	0
chr2	1856	37292565	37292568	3	1	1	1	1	0	0	0	?	0	0	0
chr2	1857	37292822	37292825	3	1	1	1	1	0	0	0	?	0	0	0
chr2	1858	37293925	37293928	3	1	1	1	1	0	0	0	?	0	0	0
chr2	1859	37294040	37294043	3	1	1	1	1	0	0	0	?	0	0	0
chr2	1860	37294261	37294263	2	1	1	1	1	0	0	0	?	0	0	0
chr2	1861	37294577	37294579	2	1	1	1	1	0	0	0	?	0	0	0
chr2	1862	37296898	37296900	2	1	1	1	1	0	0	0	?	0	0	0
chr2	1863	37298875	37298878	3	1	1	1	1	0	0	0	?	0	0	0
chr2	1864	37298924	37298927	3	1	1	1	1	0	0	0	?	0	0	0
chr2	1865	37299510	37299518	8	1	1	1	1	0	0	0	?	0	0	0
chr2	1866	37300248	37300251	3	1	1	1	1	0	0	0	?	0	0	0
chr2	1867	37301019	37301024	5	1	1	1	1	0	0	0	?	0	0	0
chr2	1868	37301166	37301169	3	1	1	1	1	0	0	0	?	0	0	0
chr2	1869	37301333	37301336	3	1	1	1	1	0	0	0	?	0	0	0
chr2	1870	37303579	37303582	3	1	1	1	1	0	0	0	?	0	0	0
chr2	1871	37303705	37303708	3	1	1	1	1	0	0	0	?	0	0	0
chr2	1872	37304378	37304381	3	1	1	1	1	0	0	0	?	0	0	0
chr2	1873	37304794	37304797	3	1	1	1	1	0	0	0	?	0	0	0
chr2	1874	37304964	37304966	2	1	1	1	1	0	0	0	?	0	0	0
chr2	1875	37306030	37306033	3	1	1	1	1	0	0	0	?	0	0	0
chr2	1876	37306677	37306680	3	1	1	1	1	0	0	0	?	0	0	0
chr2	1877	37306762	37306765	3	1	1	1	1	0	0	0	?	0	0	0
chr2	1878	37307766	37307769	3	1	1	1	1	0	0	0	?	0	0	0
chr2	1879	37308584	37308587	3	1	1	1	1	0	0	0	?	0	0	0
chr2	1880	37308824	37308826	2	1	1	1	1	0	0	0	?	0	0	0
chr2	1881	37309291	37309294	3	1	1	1	1	0	0	0	?	0	0	0
chr2	1882	37309343	37309346	3	1	1	1	1	0	0	0	?	0	0	0
chr2	1883	37309368	37309371	3	1	1	1	1	0	0	0	?	0	0	0
chr2	1884	37309845	37309848	3	1	0	1	1	1	1	0	?	0	0	0
chr2	1885	37310277	37310280	3	1	1	1	1	0	0	0	?	0	0	0
chr2	1886	37310340	37310343	3	1	1	1	1	0	0	0	?	0	0	0
chr2	1887	37313336	37313339	3	1	1	1	1	0	0	0	?	0	0	0
chr2	1888	37313429	37313432	3	1	1	1	1	0	0	0	?	0	0	0
chr2	1889	37313915	37313918	3	1	1	1	1	0	0	0	?	0	0	0
chr2	1890	37314614	37314617	3	1	1	1	1	0	0	0	?	0	0	0
chr2	1891	37314985	37314990	5	1	1	1	1	0	0	0	?	0	0	0
chr2	1892	37316226	37316229	3	1	1	1	1	0	0	0	?	0	0	0
chr2	1893	37320422	37320424	2	0	0	1	1	4	4	0	?	0	0	0
chr2	1894	37322297	37322300	3	1	1	1	1	0	0	0	?	0	0	0
chr2	1895	37322459	37322462	3	1	1	1	1	0	0	0	?	0	0	0
chr2	1896	37322974	37322977	3	1	1	1	1	0	0	0	?	0	0	0
chr2	1897	37323084	37323088	4	1	1	1	1	0	0	0	?	0	0	0
chr2	1898	37325329	37325332	3	1	1	1	1	0	0	0	?	0	0	0
chr2	1899	37327616	37327619	3	1	1	1	1	0	0	0	?	0	0	0
chr2	1900	37327692	37327695	3	1	1	1	1	0	0	0	?	0	0	0
chr2	1901	37327817	37327820	3	1	1	1	1	0	0	0	?	0	0	0
chr2	1902	37328423	37328426	3	1	1	1	1	0	0	0	?	0	0	0
chr2	1903	37328827	37328829	2	1	1	1	1	0	0	0	?	0	0	0
chr2	1904	37329121	37329124	3	1	1	1	1	0	0	0	?	0	0	0
chr2	1905	37329263	37329266	3	1	1	1	1	0	0	0	?	0	0	0
chr2	1906	37329391	37329394	3	1	1	1	1	0	0	0	?	0	0	0
chr2	1907	37329715	37329717	2	1	1	1	1	0	0	0	?	0	0	0
chr2	1908	37329822	37329825	3	1	1	1	1	0	0	0	?	0	0	0
chr2	1909	37331039	37331042	3	1	1	1	1	0	0	0	?	0	0	0
chr2	1910	37332210	37332213	3	1	1	1	1	0	0	0	?	0	0	0
chr2	1911	37332598	37332601	3	1	1	1	1	0	0	0	?	0	0	0
chr2	1912	37333538	37333541	3	1	1	1	1	0	0	0	?	0	0	0
chr2	1913	37334212	37334215	3	1	1	1	1	0	0	0	?	0	0	0
chr2	1914	37335043	37335046	3	1	1	1	1	0	0	0	?	0	0	0
chr2	1915	37335104	37335106	2	1	1	1	1	0	0	0	?	0	0	0
chr2	1916	37335231	37335234	3	1	1	1	1	0	0	0	?	0	0	0
chr2	1917	37337445	37337448	3	1	1	1	1	0	0	0	?	0	0	0
chr2	1918	37337537	37337541	4	2	2	2	2	0	0	0	?	0	0	0
chr2	1919	37338131	37338134	3	1	1	1	1	0	0	0	?	0	0	0
chr2	1920	37339772	37339775	3	1	1	1	1	0	0	0	?	0	0	0
chr2	1921	37340776	37340780	4	1	1	1	1	0	0	0	?	0	0	0
chr2	1922	37341102	37341105	3	1	1	1	1	0	0	0	?	0	0	0
chr2	1923	37342363	37342366	3	1	1	1	1	0	0	0	?	0	0	0
chr2	1924	37342430	37342433	3	1	1	1	1	0	0	0	?	0	0	0
chr2	1925	37342886	37342889	3	1	1	1	1	0	0	0	?	0	0	0
chr2	1926	37343635	37343638	3	1	1	1	1	0	0	0	?	0	0	0
chr2	1927	37344092	37344095	3	1	1	1	1	0	0	0	?	0	0	0
chr2	1928	37344607	37344610	3	0	0	1	1	2	2	0	?	0	0	0
chr2	1929	37345542	37345545	3	1	1	1	1	0	0	0	?	0	0	0
chr2	1930	37345661	37345664	3	1	1	1	1	0	0	0	?	0	0	0
chr2	1931	37345762	37345765	3	1	1	1	1	0	0	0	?	0	0	0
chr2	1932	37345974	37345977	3	1	1	1	1	0	0	0	?	0	0	0
chr2	1933	37346101	37346104	3	1	1	1	1	0	0	0	?	0	0	0
chr2	1934	37346411	37346414	3	1	1	1	1	0	0	0	?	0	0	0
chr2	1935	37346442	37346445	3	1	1	1	1	0	0	0	?	0	0	0
chr2	1936	37346752	37346755	3	1	1	1	1	0	0	0	?	0	0	0
chr2	1937	37346989	37346992	3	1	1	1	1	0	0	0	?	0	0	0
chr2	1938	37347143	37347208	65	0	0	6	6	70	70	0	?	0	0	0
chr2	1939	37347820	37347823	3	1	1	1	1	0	0	0	?	0	0	0
chr2	1940	37347881	37347884	3	1	1	1	1	0	0	0	?	0	0	0
chr2	1941	37347952	37347955	3	1	1	1	1	0	0	0	?	0	0	0
chr2	1942	37348037	37348066	29	2	2	2	2	0	0	0	?	0	0	0
chr2	1943	37348142	37348145	3	1	1	1	1	0	0	0	?	0	0	0
chr2	1944	37349408	37349411	3	1	1	1	1	0	0	0	?	0	0	0
chr2	1945	37349493	37349496	3	1	1	1	1	0	0	0	?	0	0	0
chr2	1946	37349707	37349710	3	1	1	1	1	0	0	0	?	0	0	0
chr2	1947	37349770	37349773	3	1	1	1	1	0	0	0	?	0	0	0
chr2	1948	37349829	37349831	2	1	1	1	1	0	0	0	?	0	0	0
chr2	1949	37351063	37351066	3	1	1	1	1	0	0	0	?	0	0	0
chr2	1950	37351158	37351161	3	1	1	1	1	0	0	0	?	0	0	0
chr2	1951	37352014	37352050	36	3	3	3	3	0	0	0	?	0	0	0
chr2	1952	37352792	37352795	3	1	1	1	1	0	0	0	?	0	0	0
chr2	1953	37352826	37352829	3	1	1	1	1	0	0	0	?	0	0	0
chr2	1954	37354109	37354112	3	1	1	1	1	0	0	0	?	0	0	0
chr2	1955	37357560	37357563	3	1	1	1	1	0	0	0	?	0	0	0
chr2	1956	37359536	37359539	3	1	1	1	1	0	0	0	?	0	0	0
chr2	1957	37359895	37359898	3	1	1	1	1	0	0	0	?	0	0	0
chr2	1958	37359987	37359990	3	1	1	1	1	0	0	0	?	0	0	0
chr2	1959	37363139	37363142	3	1	1	1	1	0	0	0	?	0	0	0
chr2	1960	37363458	37363460	2	1	1	1	1	0	0	0	?	0	0	0
chr2	1961	37363658	37363664	6	1	1	1	1	0	0	0	?	0	0	0
chr2	1962	37365000	37365002	2	1	1	1	1	0	0	0	?	0	0	0
chr2	1963	37365483	37365486	3	1	1	1	1	0	0	0	?	0	0	0
chr2	1964	37368551	37368554	3	1	1	1	1	0	0	0	?	0	0	0
chr2	1965	37368944	37368956	12	2	2	2	2	0	0	0	?	0	0	0
chr2	1966	37369196	37369199	3	1	1	1	1	0	0	0	?	0	0	0
chr2	1967	37370241	37370244	3	1	1	1	1	0	0	0	?	0	0	0
chr2	1968	37370945	37370948	3	1	1	1	1	0	0	0	?	0	0	0
chr2	1969	37371276	37371279	3	1	1	1	1	0	0	0	?	0	0	0
chr2	1970	37371367	37371370	3	1	1	1	1	0	0	0	?	0	0	0
chr2	1971	37371430	37371432	2	1	1	1	1	0	0	0	?	0	0	0
chr2	1972	37371853	37371856	3	1	1	1	1	0	0	0	?	0	0	0
chr2	1973	37372082	37372085	3	1	1	1	1	0	0	0	?	0	0	0
chr2	1974	37372192	37372195	3	1	1	1	1	0	0	0	?	0	0	0
chr2	1975	37372543	37372546	3	1	1	1	1	0	0	0	?	0	0	0
chr2	1976	37372818	37372821	3	1	1	1	1	0	0	0	?	0	0	0
chr2	1977	37372843	37372846	3	1	1	1	1	0	0	0	?	0	0	0
chr2	1978	37373147	37373150	3	1	1	1	1	0	0	0	?	0	0	0
chr2	1979	37373282	37373285	3	1	1	1	1	0	0	0	?	0	0	0
chr2	1980	37373442	37373445	3	1	1	1	1	0	0	0	?	0	0	0
chr2	1981	37373663	37373666	3	1	1	1	1	0	0	0	?	0	0	0
chr2	1982	37373766	37373779	13	2	2	2	2	0	0	0	?	0	0	0
chr2	1983	37374063	37374066	3	1	1	1	1	0	0	0	?	0	0	0
chr2	1984	37374439	37374442	3	1	1	1	1	0	0	0	?	0	0	0
chr2	1985	37375625	37375628	3	1	1	1	1	0	0	0	?	0	0	0
chr2	1986	37376656	37376659	3	1	1	1	1	0	0	0	?	0	0	0
chr2	1987	37376799	37376802	3	1	1	1	1	0	0	0	?	0	0	0
chr2	1988	37377624	37377627	3	1	1	1	1	0	0	0	?	0	0	0
chr2	1989	37379373	37379376	3	1	1	1	1	0	0	0	?	0	0	0
chr2	1990	37380296	37380299	3	1	1	1	1	0	0	0	?	0	0	0
chr2	1991	37380607	37380609	2	1	1	1	1	0	0	0	?	0	0	0
chr2	1992	37381028	37381031	3	1	1	1	1	0	0	0	?	0	0	0
chr2	1993	37383901	37383904	3	1	1	1	1	0	0	0	?	0	0	0
chr2	1994	37384214	37384217	3	1	1	1	1	0	0	0	?	0	0	0
chr2	1995	37384616	37384619	3	1	1	1	1	0	0	0	?	0	0	0
chr2	1996	37385743	37385746	3	1	1	1	1	0	0	0	?	0	0	0
chr2	1997	37387402	37387405	3	1	1	1	1	0	0	0	?	0	0	0
chr2	1998	37387875	37387878	3	1	1	1	1	0	0	0	?	0	0	0
chr2	1999	37388596	37388598	2	1	1	1	1	0	0	0	?	0	0	0
chr2	2000	37389875	37389878	3	1	1	1	1	0	0	0	?	0	0	0
chr2	2001	37392268	37392271	3	1	1	1	1	0	0	0	?	0	0	0
chr2	2002	37392285	37392288	3	1	1	1	1	0	0	0	?	0	0	0
chr2	2003	37396368	37396376	8	1	1	1	1	0	0	0	?	0	0	0
chr2	2004	37396939	37396941	2	1	1	1	1	0	0	0	?	0	0	0
chr2	2005	37398222	37398229	7	0	0	1	1	10	10	0	?	0	0	0
chr2	2006	37400178	37400181	3	1	1	1	1	0	0	0	?	0	0	0
chr2	2007	37404516	37404519	3	1	1	1	1	0	0	0	?	0	0	0
chr2	2008	37404777	37404780	3	1	1	1	1	0	0	0	?	0	0	0
chr2	2009	37407328	37407331	3	1	1	1	1	0	0	0	?	0	0	0
chr2	2010	37407707	37407710	3	1	1	1	1	0	0	0	?	0	0	0
chr2	2011	37408002	37408005	3	1	1	1	1	0	0	0	?	0	0	0
chr2	2012	37409145	37409148	3	1	1	1	1	0	0	0	?	0	0	0
chr2	2013	37409197	37409200	3	1	1	1	1	0	0	0	?	0	0	0
chr2	2014	37409921	37409924	3	1	1	1	1	0	0	0	?	0	0	0
chr2	2015	37414035	37414038	3	1	1	1	1	0	0	0	?	0	0	0
chr2	2016	37414386	37414389	3	1	1	1	1	0	0	0	?	0	0	0
chr2	2017	37415810	37415812	2	1	1	1	1	0	0	0	?	0	0	0
chr2	2018	37419487	37419490	3	1	1	1	1	0	0	0	?	0	0	0
chr2	2019	37419903	37419908	5	1	1	1	1	0	0	0	?	0	0	0
chr2	2020	37425447	37425450	3	1	1	1	1	0	0	0	?	0	0	0
chr2	2021	37426810	37426813	3	1	1	1	1	0	0	0	?	0	0	0
chr2	2022	37427265	37427268	3	1	1	1	1	0	0	0	?	0	0	0
chr2	2023	37427932	37427935	3	1	1	1	1	0	0	0	?	0	0	0
chr2	2024	37429586	37429589	3	1	1	1	1	0	0	0	?	0	0	0
chr2	2025	37430235	37430237	2	1	1	1	1	0	0	0	?	0	0	0
chr2	2026	37430391	37430394	3	1	1	1	1	0	0	0	?	0	0	0
chr2	2027	37430906	37430909	3	1	1	1	1	0	0	0	?	0	0	0
chr2	2028	37432341	37432343	2	1	1	1	1	0	0	0	?	0	0	0
chr2	2029	37433445	37433448	3	1	1	1	1	0	0	0	?	0	0	0
chr2	2030	37433863	37433866	3	1	1	1	1	0	0	0	?	0	0	0
chr2	2031	37434153	37434156	3	1	1	1	1	0	0	0	?	0	0	0
chr2	2032	37434198	37434201	3	1	1	1	1	0	0	0	?	0	0	0
chr2	2033	37434461	37434464	3	1	1	1	1	0	0	0	?	0	0	0
chr2	2034	37435915	37435918	3	1	1	1	1	0	0	0	?	0	0	0
chr2	2035	37436849	37436852	3	1	1	1	1	0	0	0	?	0	0	0
chr2	2036	37440659	37440662	3	1	1	1	1	0	0	0	?	0	0	0
chr2	2037	37441453	37441458	5	1	1	1	1	0	0	0	?	0	0	0
chr2	2038	37442342	37442345	3	1	1	1	1	0	0	0	?	0	0	0
chr2	2039	37443781	37443784	3	1	1	1	1	0	0	0	?	0	0	0
chr2	2040	37443842	37443845	3	1	1	1	1	0	0	0	?	0	0	0
chr2	2041	37446495	37446498	3	1	1	1	1	0	0	0	?	0	0	0
chr2	2042	37446886	37446889	3	1	1	1	1	0	0	0	?	0	0	0
chr2	2043	37447076	37447079	3	1	1	1	1	0	0	0	?	0	0	0
chr2	2044	37448102	37448105	3	1	1	1	1	0	0	0	?	0	0	0
chr2	2045	37448883	37448886	3	1	1	1	1	0	0	0	?	0	0	0
chr2	2046	37449341	37449344	3	1	1	1	1	0	0	0	?	0	0	0
chr2	2047	37449526	37449529	3	1	1	1	1	0	0	0	?	0	0	0
chr2	2048	37449840	37449843	3	1	1	1	1	0	0	0	?	0	0	0
chr2	2049	37449864	37449867	3	1	1	1	1	0	0	0	?	0	0	0
chr2	2050	37449970	37449972	2	0	1	1	1	1	1	0	?	0	0	0
chr2	2051	37450704	37450707	3	1	1	1	1	0	0	0	?	0	0	0
chr2	2052	37450836	37450839	3	1	1	1	1	0	0	0	?	0	0	0
chr2	2053	37450962	37450965	3	1	1	1	1	0	0	0	?	0	0	0
chr2	2054	37452106	37452108	2	0	0	1	1	2	2	0	?	0	0	0
chr2	2055	37452952	37452955	3	1	1	1	1	0	0	0	?	0	0	0
chr2	2056	37453397	37453399	2	1	1	1	1	0	0	0	?	0	0	0
chr2	2057	37453574	37453577	3	1	1	1	1	0	0	0	?	0	0	0
chr2	2058	37454250	37454253	3	1	1	1	1	0	0	0	?	0	0	0
chr2	2059	37455459	37455462	3	1	1	1	1	0	0	0	?	0	0	0
chr2	2060	37455763	37455770	7	3	3	3	3	0	0	0	?	0	0	0
chr2	2061	37456007	37456010	3	1	1	1	1	0	0	0	?	0	0	0
chr2	2062	37456063	37456066	3	1	1	1	1	0	0	0	?	0	0	0
chr2	2063	37456172	37456207	35	2	2	2	2	0	0	0	?	0	0	0
chr2	2064	37456371	37456374	3	1	1	1	1	0	0	0	?	0	0	0
chr2	2065	37456414	37456417	3	1	1	1	1	0	0	0	?	0	0	0
chr2	2066	37457359	37457362	3	1	1	1	1	0	0	0	?	0	0	0
chr2	2067	37457402	37457405	3	1	1	1	1	0	0	0	?	0	0	0
chr2	2068	37457596	37457599	3	1	1	1	1	0	0	0	?	0	0	0
chr2	2069	37458114	37458117	3	1	1	1	1	0	0	0	?	0	0	0
chr2	2070	37458815	37458818	3	1	1	1	1	0	0	0	?	0	0	0
chr2	2071	37459575	37459578	3	1	1	1	1	0	0	0	?	0	0	0
chr2	2072	37459676	37459679	3	1	1	1	1	0	0	0	?	0	0	0
chr2	2073	37460059	37460062	3	1	1	1	1	0	0	0	?	0	0	0
chr2	2074	37460512	37460526	14	1	1	1	1	0	0	0	?	0	0	0
chr2	2075	37460625	37460628	3	1	1	1	1	0	0	0	?	0	0	0
chr2	2076	37460808	37460811	3	1	1	1	1	0	0	0	?	0	0	0
chr2	2077	37461535	37461538	3	1	1	1	1	0	0	0	?	0	0	0
chr2	2078	37461623	37461626	3	1	1	1	1	0	0	0	?	0	0	0
chr2	2079	37463353	37463356	3	1	1	1	1	0	0	0	?	0	0	0
chr2	2080	37463488	37463491	3	1	1	1	1	0	0	0	?	0	0	0
chr2	2081	37463560	37463563	3	1	1	1	1	0	0	0	?	0	0	0
chr2	2082	37463985	37463988	3	1	1	1	1	0	0	0	?	0	0	0
chr2	2083	37464067	37464070	3	1	1	1	1	0	0	0	?	0	0	0
chr2	2084	37464243	37464246	3	1	1	1	1	0	0	0	?	0	0	0
chr2	2085	37464877	37464880	3	1	1	1	1	0	0	0	?	0	0	0
chr2	2086	37465311	37465314	3	1	1	1	1	0	0	0	?	0	0	0
chr2	2087	37465435	37465438	3	1	1	1	1	0	0	0	?	0	0	0
chr2	2088	37465588	37465591	3	1	1	1	1	0	0	0	?	0	0	0
chr2	2089	37465983	37465986	3	1	1	1	1	0	0	0	?	0	0	0
chr2	2090	37466505	37466508	3	1	1	1	1	0	0	0	?	0	0	0
chr2	2091	37467036	37467038	2	1	1	1	1	0	0	0	?	0	0	0
chr2	2092	37467263	37467266	3	1	1	1	1	0	0	0	?	0	0	0
chr2	2093	37467332	37467335	3	1	1	1	1	0	0	0	?	0	0	0
chr2	2094	37467400	37467403	3	1	1	1	1	0	0	0	?	0	0	0
chr2	2095	37467705	37467708	3	1	1	1	1	0	0	0	?	0	0	0
chr2	2096	37467981	37467984	3	1	1	1	1	0	0	0	?	0	0	0
chr2	2097	37468603	37468606	3	1	1	1	1	0	0	0	?	0	0	0
chr2	2098	37469467	37469470	3	1	1	1	1	0	0	0	?	0	0	0
chr2	2099	37469495	37469497	2	1	1	1	1	0	0	0	?	0	0	0
chr2	2100	37469943	37469946	3	1	1	1	1	0	0	0	?	0	0	0
chr2	2101	37470416	37470418	2	1	1	1	1	0	0	0	?	0	0	0
chr2	2102	37470955	37470957	2	0	0	1	1	30	30	0	?	0	0	0
chr2	2103	37472042	37472045	3	1	1	1	1	0	0	0	?	0	0	0
chr2	2104	37473118	37473121	3	1	1	1	1	0	0	0	?	0	0	0
chr2	2105	37474278	37474281	3	1	1	1	1	0	0	0	?	0	0	0
chr2	2106	37474712	37474718	6	1	1	1	1	0	0	0	?	0	0	0
chr2	2107	37476498	37476501	3	1	1	1	1	0	0	0	?	0	0	0
chr2	2108	37477038	37477041	3	1	1	1	1	0	0	0	?	0	0	0
chr2	2109	37477621	37477624	3	1	1	1	1	0	0	0	?	0	0	0
chr2	2110	37477717	37477720	3	1	1	1	1	0	0	0	?	0	0	0
chr2	2111	37480286	37480289	3	1	1	1	1	0	0	0	?	0	0	0
chr2	2112	37482255	37482258	3	1	1	1	1	0	0	0	?	0	0	0
chr2	2113	37482624	37482627	3	1	1	1	1	0	0	0	?	0	0	0
chr2	2114	37482752	37482754	2	0	0	1	1	2	2	0	?	0	0	0
chr2	2115	37484087	37484090	3	1	1	1	1	0	0	0	?	0	0	0
chr2	2116	37490307	37490310	3	1	1	1	1	0	0	0	?	0	0	0
chr2	2117	37490482	37490485	3	1	1	1	1	0	0	0	?	0	0	0
chr2	2118	37490651	37490654	3	1	1	1	1	0	0	0	?	0	0	0
chr2	2119	37490687	37490690	3	1	1	1	1	0	0	0	?	0	0	0
chr2	2120	37490773	37490776	3	1	1	1	1	0	0	0	?	0	0	0
chr2	2121	37490791	37490794	3	1	1	1	1	0	0	0	?	0	0	0
chr2	2122	37491036	37491039	3	1	1	1	1	0	0	0	?	0	0	0
chr2	2123	37491447	37491450	3	0	1	1	1	1	1	0	?	0	0	0
chr2	2124	37494423	37494426	3	0	0	1	1	2	2	0	?	0	0	0
chr2	2125	37495731	37495734	3	1	1	1	1	0	0	0	?	0	0	0
chr2	2126	37495892	37495895	3	1	1	1	1	0	0	0	?	0	0	0
chr2	2127	37496050	37496053	3	1	1	1	1	0	0	0	?	0	0	0
chr2	2128	37497189	37497192	3	1	1	1	1	0	0	0	?	0	0	0
chr2	2129	37499971	37499974	3	1	1	1	1	0	0	0	?	0	0	0
chr2	2130	37504149	37504152	3	1	1	1	1	0	0	0	?	0	0	0
chr2	2131	37504315	37504318	3	1	1	1	1	0	0	0	?	0	0	0
chr2	2132	37504520	37504523	3	1	1	1	1	0	0	0	?	0	0	0
chr2	2133	37504719	37504722	3	1	1	1	1	0	0	0	?	0	0	0
chr2	2134	37504884	37504887	3	1	1	1	1	0	0	0	?	0	0	0
chr2	2135	37506157	37506160	3	1	1	1	1	0	0	0	?	0	0	0
chr2	2136	37506996	37506999	3	1	1	1	1	0	0	0	?	0	0	0
chr2	2137	37507071	37507074	3	1	1	1	1	0	0	0	?	0	0	0
chr2	2138	37507276	37507279	3	1	1	1	1	0	0	0	?	0	0	0
chr2	2139	37507741	37507744	3	1	1	1	1	0	0	0	?	0	0	0
chr2	2140	37508236	37508239	3	1	1	1	1	0	0	0	?	0	0	0
chr2	2141	37509022	37509025	3	1	1	1	1	0	0	0	?	0	0	0
chr2	2142	37509736	37509739	3	1	1	1	1	0	0	0	?	0	0	0
chr2	2143	37510738	37510741	3	1	1	1	1	0	0	0	?	0	0	0
chr2	2144	37510796	37510798	2	0	0	1	1	4	4	0	?	0	0	0
chr2	2145	37511242	37511245	3	1	1	1	1	0	0	0	?	0	0	0
chr2	2146	37512112	37512115	3	1	1	1	1	0	0	0	?	0	0	0
chr2	2147	37512367	37512370	3	1	1	1	1	0	0	0	?	0	0	0
chr2	2148	37512486	37512510	24	2	2	3	3	4	4	0	?	0	0	0
chr2	2149	37514432	37514436	4	2	2	2	2	0	0	0	?	0	0	0
chr2	2150	37514997	37515000	3	1	1	1	1	0	0	0	?	0	0	0
chr2	2151	37515156	37515159	3	1	1	1	1	0	0	0	?	0	0	0
chr2	2152	37515613	37515616	3	1	1	1	1	0	0	0	?	0	0	0
chr2	2153	37515638	37515641	3	1	1	1	1	0	0	0	?	0	0	0
chr2	2154	37516234	37516237	3	1	1	1	1	0	0	0	?	0	0	0
chr2	2155	37517071	37517074	3	1	1	1	1	0	0	0	?	0	0	0
chr2	2156	37517985	37518468	483	3	3	3	3	720	720	0	?	0	0	0
chr2	2157	37518756	37518759	3	1	1	1	1	0	0	0	?	0	0	0
chr2	2158	37519175	37519178	3	1	1	1	1	0	0	0	?	0	0	0
chr2	2159	37519282	37519285	3	1	1	1	1	0	0	0	?	0	0	0
chr2	2160	37519353	37520114	761	4	4	13	13	510	510	0	?	0	0	0
chr2	2161	37520396	37520399	3	1	1	1	1	0	0	0	?	0	0	0
chr2	2162	37521222	37521225	3	1	1	1	1	0	0	0	?	0	0	0
chr2	2163	37521429	37521432	3	1	1	1	1	0	0	0	?	0	0	0
chr2	2164	37521549	37521552	3	1	1	1	1	0	0	0	?	0	0	0
chr2	2165	37522104	37522107	3	1	1	1	1	0	0	0	?	0	0	0
chr2	2166	37523298	37523301	3	1	1	1	1	0	0	0	?	0	0	0
chr2	2167	37523507	37523510	3	1	1	1	1	0	0	0	?	0	0	0
chr2	2168	37523835	37523838	3	1	1	1	1	0	0	0	?	0	0	0
chr2	2169	37524639	37524642	3	1	1	1	1	0	0	0	?	0	0	0
chr2	2170	37524870	37524873	3	1	1	1	1	0	0	0	?	0	0	0
chr2	2171	37525104	37525107	3	1	1	1	1	0	0	0	?	0	0	0
chr2	2172	37525243	37525246	3	1	1	1	1	0	0	0	?	0	0	0
chr2	2173	37525639	37525642	3	1	1	1	1	0	0	0	?	0	0	0
chr2	2174	37526128	37526131	3	1	1	1	1	0	0	0	?	0	0	0
chr2	2175	37526164	37526167	3	1	1	1	1	0	0	0	?	0	0	0
chr2	2176	37526438	37526441	3	1	1	1	1	0	0	0	?	0	0	0
chr2	2177	37526705	37526708	3	1	1	1	1	0	0	0	?	0	0	0
chr2	2178	37526875	37526878	3	1	1	1	1	0	0	0	?	0	0	0
chr2	2179	37527159	37527162	3	1	1	1	1	0	0	0	?	0	0	0
chr2	2180	37527834	37527836	2	1	1	1	1	0	0	0	?	0	0	0
chr2	2181	37527886	37527889	3	1	1	1	1	0	0	0	?	0	0	0
chr2	2182	37528896	37528899	3	1	1	1	1	0	0	0	?	0	0	0
chr2	2183	37529415	37529418	3	1	1	1	1	0	0	0	?	0	0	0
chr2	2184	37530185	37530188	3	1	1	1	1	0	0	0	?	0	0	0
chr2	2185	37530518	37530520	2	1	1	1	1	0	0	0	?	0	0	0
chr2	2186	37530732	37530735	3	1	1	1	1	0	0	0	?	0	0	0
chr2	2187	37530870	37530873	3	1	1	1	1	0	0	0	?	0	0	0
chr2	2188	37531455	37531458	3	1	1	1	1	0	0	0	?	0	0	0
chr2	2189	37531527	37531536	9	1	1	1	1	0	0	0	?	0	0	0
chr2	2190	37531695	37531698	3	1	1	1	1	0	0	0	?	0	0	0
chr2	2191	37533251	37533342	91	0	0	3	3	38	38	0	?	0	0	0
chr2	2192	37533391	37533394	3	0	0	1	1	2	2	0	?	0	0	0
chr2	2193	37533639	37533642	3	1	1	1	1	0	0	0	?	0	0	0
chr2	2194	37534019	37534022	3	1	1	1	1	0	0	0	?	0	0	0
chr2	2195	37534066	37534069	3	1	1	1	1	0	0	0	?	0	0	0
chr2	2196	37534350	37534353	3	1	1	1	1	0	0	0	?	0	0	0
chr2	2197	37534454	37534457	3	1	1	1	1	0	0	0	?	0	0	0
chr2	2198	37534574	37534577	3	1	1	1	1	0	0	0	?	0	0	0
chr2	2199	37535079	37535082	3	1	1	1	1	0	0	0	?	0	0	0
chr2	2200	37535168	37535171	3	1	1	1	1	0	0	0	?	0	0	0
chr2	2201	37535615	37535618	3	1	1	1	1	0	0	0	?	0	0	0
chr2	2202	37535864	37535881	17	2	2	2	2	0	0	0	?	0	0	0
chr2	2203	37535907	37535910	3	1	1	1	1	0	0	0	?	0	0	0
chr2	2204	37536168	37536170	2	1	1	1	1	0	0	0	?	0	0	0
chr2	2205	37537439	37537441	2	1	1	1	1	0	0	0	?	0	0	0
chr2	2206	37540723	37540726	3	1	1	1	1	0	0	0	?	0	0	0
chr2	2207	37541510	37541513	3	1	1	1	1	0	0	0	?	0	0	0
chr2	2208	37541822	37541825	3	1	1	1	1	0	0	0	?	0	0	0
chr2	2209	37542445	37542448	3	1	1	1	1	0	0	0	?	0	0	0
chr2	2210	37542692	37542695	3	1	1	1	1	0	0	0	?	0	0	0
chr2	2211	37544665	37544668	3	1	1	1	1	0	0	0	?	0	0	0
chr2	2212	37545483	37545486	3	1	1	1	1	0	0	0	?	0	0	0
chr2	2213	37547481	37547483	2	1	1	1	1	0	0	0	?	0	0	0
chr2	2214	37548596	37548599	3	1	1	1	1	0	0	0	?	0	0	0
chr2	2215	37548854	37548857	3	1	1	1	1	0	0	0	?	0	0	0
chr2	2216	37549801	37549804	3	1	1	1	1	0	0	0	?	0	0	0
chr2	2217	37550607	37550610	3	1	1	1	1	0	0	0	?	0	0	0
chr2	2218	37552887	37552890	3	1	1	1	1	0	0	0	?	0	0	0
chr2	2219	37553147	37553150	3	1	1	1	1	0	0	0	?	0	0	0
chr2	2220	37555893	37555896	3	1	1	1	1	0	0	0	?	0	0	0
chr2	2221	37558605	37558608	3	1	1	1	1	0	0	0	?	0	0	0
chr2	2222	37558864	37558867	3	1	1	1	1	0	0	0	?	0	0	0
chr2	2223	37559491	37559494	3	1	1	1	1	0	0	0	?	0	0	0
chr2	2224	37560126	37560129	3	1	1	1	1	0	0	0	?	0	0	0
chr2	2225	37560833	37560836	3	1	1	1	1	0	0	0	?	0	0	0
chr2	2226	37561516	37561519	3	1	1	1	1	0	0	0	?	0	0	0
chr2	2227	37565570	37565573	3	1	1	1	1	0	0	0	?	0	0	0
chr2	2228	37567130	37567133	3	1	1	1	1	0	0	0	?	0	0	0
chr2	2229	37568549	37568552	3	1	1	1	1	0	0	0	?	0	0	0
chr2	2230	37570669	37570685	16	1	1	1	1	0	0	0	?	0	0	0
chr2	2231	37572825	37572827	2	1	1	1	1	0	0	0	?	0	0	0
chr2	2232	37574385	37574387	2	0	0	1	1	2	2	0	?	0	0	0
chr2	2233	37575119	37575122	3	1	1	1	1	0	0	0	?	0	0	0
chr2	2234	37579694	37579697	3	0	0	1	1	2	2	0	?	0	0	0
chr2	2235	37584025	37584027	2	1	1	1	1	0	0	0	?	0	0	0
chr2	2236	37584411	37584415	4	1	1	1	1	0	0	0	?	0	0	0
chr2	2237	37584715	37584718	3	1	1	1	1	0	0	0	?	0	0	0
chr2	2238	37585193	37585216	23	3	3	3	3	0	0	0	?	0	0	0
chr2	2239	37586228	37586231	3	1	1	1	1	0	0	0	?	0	0	0
chr2	2240	37587875	37587878	3	1	1	1	1	0	0	0	?	0	0	0
chr2	2241	37588824	37588827	3	1	1	1	1	0	0	0	?	0	0	0
chr2	2242	37591305	37591308	3	1	1	1	1	0	0	0	?	0	0	0
chr2	2243	37591605	37591608	3	1	1	1	1	0	0	0	?	0	0	0
chr2	2244	37608937	37608940	3	1	1	1	1	0	0	0	?	0	0	0
chr2	2245	37614488	37614491	3	0	0	1	1	2	2	0	?	0	0	0
chr2	2246	37649444	37649448	4	0	0	1	1	4	4	0	?	0	0	0
chr2	2247	37649601	37649604	3	1	1	1	1	0	0	0	?	0	0	0
chr2	2248	37651042	37651045	3	1	1	1	1	0	0	0	?	0	0	0
chr2	2249	37652173	37652175	2	0	0	1	1	2	2	0	?	0	0	0
chr2	2250	37660501	37660504	3	1	1	1	1	0	0	0	?	0	0	0
chr2	2251	37660653	37660656	3	1	1	1	1	0	0	0	?	0	0	0
chr2	2252	37660819	37660822	3	1	1	1	1	0	0	0	?	0	0	0
chr2	2253	37661073	37661076	3	1	1	1	1	0	0	0	?	0	0	0
chr2	2254	37661127	37661129	2	1	1	1	1	0	0	0	?	0	0	0
chr2	2255	37662282	37662285	3	1	1	1	1	0	0	0	?	0	0	0
chr2	2256	37662468	37662471	3	1	1	1	1	0	0	0	?	0	0	0
chr2	2257	37662555	37662558	3	1	1	1	1	0	0	0	?	0	0	0
chr2	2258	37662670	37662680	10	2	2	2	2	0	0	0	?	0	0	0
chr2	2259	37662838	37662841	3	1	1	1	1	0	0	0	?	0	0	0
chr2	2260	37663167	37663170	3	1	1	1	1	0	0	0	?	0	0	0
chr2	2261	37664744	37664747	3	1	1	1	1	0	0	0	?	0	0	0
chr2	2262	37665806	37665809	3	1	1	1	1	0	0	0	?	0	0	0
chr2	2263	37665864	37665866	2	1	1	1	1	0	0	0	?	0	0	0
chr2	2264	37666252	37666255	3	1	1	1	1	0	0	0	?	0	0	0
chr2	2265	37666812	37666815	3	1	1	1	1	0	0	0	?	0	0	0
chr2	2266	37667635	37667638	3	1	1	1	1	0	0	0	?	0	0	0
chr2	2267	37668518	37668521	3	1	1	1	1	0	0	0	?	0	0	0
chr2	2268	37669232	37669234	2	1	1	1	1	0	0	0	?	0	0	0
chr2	2269	37670085	37670088	3	1	1	1	1	0	0	0	?	0	0	0
chr2	2270	37670531	37670534	3	1	1	1	1	0	0	0	?	0	0	0
chr2	2271	37670790	37670793	3	1	1	1	1	0	0	0	?	0	0	0
chr2	2272	37671086	37671089	3	1	1	1	1	0	0	0	?	0	0	0
chr2	2273	37671765	37671768	3	1	1	1	1	0	0	0	?	0	0	0
chr2	2274	37671814	37671822	8	1	1	3	3	4	4	0	?	0	0	0
chr2	2275	37672273	37672276	3	1	1	1	1	0	0	0	?	0	0	0
chr2	2276	37672493	37672496	3	1	1	1	1	0	0	0	?	0	0	0
chr2	2277	37672875	37672878	3	1	1	1	1	0	0	0	?	0	0	0
chr2	2278	37672958	37672961	3	1	1	1	1	0	0	0	?	0	0	0
chr2	2279	37673593	37673596	3	1	1	1	1	0	0	0	?	0	0	0
chr2	2280	37673828	37673845	17	2	2	2	2	0	0	0	?	0	0	0
chr2	2281	37674080	37674083	3	1	1	1	1	0	0	0	?	0	0	0
chr2	2282	37675163	37675166	3	1	1	1	1	0	0	0	?	0	0	0
chr2	2283	37675445	37675448	3	1	1	1	1	0	0	0	?	0	0	0
chr2	2284	37677474	37677510	36	2	2	2	2	0	0	0	?	0	0	0
chr2	2285	37677759	37677762	3	1	1	1	1	0	0	0	?	0	0	0
chr2	2286	37678831	37678834	3	1	1	1	1	0	0	0	?	0	0	0
chr2	2287	37680289	37680292	3	1	1	1	1	0	0	0	?	0	0	0
chr2	2288	37680440	37680443	3	1	1	1	1	0	0	0	?	0	0	0
chr2	2289	37680482	37680485	3	1	1	1	1	0	0	0	?	0	0	0
chr2	2290	37680905	37680907	2	1	1	1	1	0	0	0	?	0	0	0
chr2	2291	37680990	37680993	3	1	1	1	1	0	0	0	?	0	0	0
chr2	2292	37681835	37681838	3	1	1	1	1	0	0	0	?	0	0	0
chr2	2293	37681963	37681966	3	1	1	1	1	0	0	0	?	0	0	0
chr2	2294	37682277	37682285	8	1	1	1	1	0	0	0	?	0	0	0
chr2	2295	37682452	37682455	3	1	1	1	1	0	0	0	?	0	0	0
chr2	2296	37682747	37682750	3	1	1	1	1	0	0	0	?	0	0	0
chr2	2297	37683445	37683448	3	1	1	1	1	0	0	0	?	0	0	0
chr2	2298	37684030	37684033	3	1	1	1	1	0	0	0	?	0	0	0
chr2	2299	37685900	37685903	3	1	1	1	1	0	0	0	?	0	0	0
chr2	2300	37686620	37686623	3	1	1	1	1	0	0	0	?	0	0	0
chr2	2301	37687243	37687246	3	1	1	1	1	0	0	0	?	0	0	0
chr2	2302	37687785	37687788	3	1	1	1	1	0	0	0	?	0	0	0
chr2	2303	37688915	37688918	3	1	1	1	1	0	0	0	?	0	0	0
chr2	2304	37689360	37689363	3	1	1	1	1	0	0	0	?	0	0	0
chr2	2305	37690084	37690087	3	1	1	1	1	0	0	0	?	0	0	0
chr2	2306	37690218	37690221	3	1	1	1	1	0	0	0	?	0	0	0
chr2	2307	37691303	37691306	3	1	1	1	1	0	0	0	?	0	0	0
chr2	2308	37691371	37691374	3	1	1	1	1	0	0	0	?	0	0	0
chr2	2309	37691543	37691546	3	1	1	1	1	0	0	0	?	0	0	0
chr2	2310	37692301	37692304	3	1	1	1	1	0	0	0	?	0	0	0
chr2	2311	37692347	37692350	3	1	1	1	1	0	0	0	?	0	0	0
chr2	2312	37692623	37692626	3	1	1	1	1	0	0	0	?	0	0	0
chr2	2313	37693101	37693103	2	1	1	1	1	0	0	0	?	0	0	0
chr2	2314	37693564	37693567	3	1	1	1	1	0	0	0	?	0	0	0
chr2	2315	37693722	37693725	3	1	1	1	1	0	0	0	?	0	0	0
chr2	2316	37694196	37694199	3	1	1	1	1	0	0	0	?	0	0	0
chr2	2317	37694249	37694252	3	1	1	1	1	0	0	0	?	0	0	0
chr2	2318	37694502	37694505	3	1	1	1	1	0	0	0	?	0	0	0
chr2	2319	37694544	37694546	2	1	1	1	1	0	0	0	?	0	0	0
chr2	2320	37694757	37694769	12	3	3	3	3	0	0	0	?	0	0	0
chr2	2321	37695674	37695677	3	1	1	1	1	0	0	0	?	0	0	0
chr2	2322	37696061	37696064	3	1	1	1	1	0	0	0	?	0	0	0
chr2	2323	37696273	37696282	9	2	2	2	2	0	0	0	?	0	0	0
chr2	2324	37696371	37696374	3	1	1	1	1	0	0	0	?	0	0	0
chr2	2325	37697012	37697015	3	1	1	1	1	0	0	0	?	0	0	0
chr2	2326	37698045	37698047	2	0	0	1	1	48	48	0	?	0	0	0
chr2	2327	37698221	37698223	2	1	1	1	1	0	0	0	?	0	0	0
chr2	2328	37698671	37698674	3	1	1	1	1	0	0	0	?	0	0	0
chr2	2329	37698728	37698731	3	1	1	1	1	0	0	0	?	0	0	0
chr2	2330	37698756	37698759	3	1	1	1	1	0	0	0	?	0	0	0
chr2	2331	37698901	37698904	3	1	1	1	1	0	0	0	?	0	0	0
chr2	2332	37699699	37699702	3	1	1	1	1	0	0	0	?	0	0	0
chr2	2333	37700628	37700631	3	1	1	1	1	0	0	0	?	0	0	0
chr2	2334	37700746	37700749	3	1	1	1	1	0	0	0	?	0	0	0
chr2	2335	37701590	37701594	4	1	1	1	1	0	0	0	?	0	0	0
chr2	2336	37703072	37703075	3	1	1	1	1	0	0	0	?	0	0	0
chr2	2337	37703423	37703426	3	1	1	1	1	0	0	0	?	0	0	0
chr2	2338	37704122	37704125	3	1	1	1	1	0	0	0	?	0	0	0
chr2	2339	37704425	37704428	3	1	1	1	1	0	0	0	?	0	0	0
chr2	2340	37704465	37704468	3	0	0	1	1	2	2	0	?	0	0	0
chr2	2341	37705675	37705678	3	1	1	1	1	0	0	0	?	0	0	0
chr2	2342	37705717	37705720	3	1	1	1	1	0	0	0	?	0	0	0
chr2	2343	37705792	37705795	3	1	1	1	1	0	0	0	?	0	0	0
chr2	2344	37705813	37705816	3	1	1	1	1	0	0	0	?	0	0	0
chr2	2345	37705861	37705864	3	1	1	1	1	0	0	0	?	0	0	0
chr2	2346	37706102	37706105	3	1	1	1	1	0	0	0	?	0	0	0
chr2	2347	37706159	37706162	3	1	1	1	1	0	0	0	?	0	0	0
chr2	2348	37706525	37706528	3	1	1	1	1	0	0	0	?	0	0	0
chr2	2349	37706595	37706598	3	1	1	1	1	0	0	0	?	0	0	0
chr2	2350	37707118	37707121	3	1	1	1	1	0	0	0	?	0	0	0
chr2	2351	37707169	37707172	3	1	1	1	1	0	0	0	?	0	0	0
chr2	2352	37707418	37707421	3	1	1	1	1	0	0	0	?	0	0	0
chr2	2353	37707825	37707828	3	1	1	1	1	0	0	0	?	0	0	0
chr2	2354	37708777	37708779	2	0	0	1	1	28	28	0	?	0	0	0
chr2	2355	37710987	37710990	3	1	1	1	1	0	0	0	?	0	0	0
chr2	2356	37711065	37711068	3	1	1	1	1	0	0	0	?	0	0	0
chr2	2357	37712346	37712349	3	1	1	1	1	0	0	0	?	0	0	0
chr2	2358	37712402	37712405	3	1	1	1	1	0	0	0	?	0	0	0
chr2	2359	37712471	37712474	3	1	1	1	1	0	0	0	?	0	0	0
chr2	2360	37712503	37712505	2	1	1	1	1	0	0	0	?	0	0	0
chr2	2361	37712727	37712730	3	1	1	1	1	0	0	0	?	0	0	0
chr2	2362	37713397	37713400	3	1	1	1	1	0	0	0	?	0	0	0
chr2	2363	37713769	37713772	3	1	1	1	1	0	0	0	?	0	0	0
chr2	2364	37714272	37714275	3	1	1	1	1	0	0	0	?	0	0	0
chr2	2365	37714311	37714314	3	1	1	1	1	0	0	0	?	0	0	0
chr2	2366	37714747	37714750	3	1	1	1	1	0	0	0	?	0	0	0
chr2	2367	37715387	37715390	3	1	1	1	1	0	0	0	?	0	0	0
chr2	2368	37715703	37715706	3	1	1	1	1	0	0	0	?	0	0	0
chr2	2369	37715717	37715720	3	1	1	1	1	0	0	0	?	0	0	0
chr2	2370	37715748	37715751	3	1	1	1	1	0	0	0	?	0	0	0
chr2	2371	37715810	37715813	3	1	1	1	1	0	0	0	?	0	0	0
chr2	2372	37716273	37716276	3	1	1	1	1	0	0	0	?	0	0	0
chr2	2373	37716461	37716463	2	1	1	1	1	0	0	0	?	0	0	0
chr2	2374	37716743	37716746	3	1	1	1	1	0	0	0	?	0	0	0
chr2	2375	37717916	37717919	3	1	1	1	1	0	0	0	?	0	0	0
chr2	2376	37717986	37717989	3	1	1	1	1	0	0	0	?	0	0	0
chr2	2377	37718201	37718204	3	1	1	1	1	0	0	0	?	0	0	0
chr2	2378	37718720	37718723	3	1	1	1	1	0	0	0	?	0	0	0
chr2	2379	37718753	37718756	3	1	1	1	1	0	0	0	?	0	0	0
chr2	2380	37718910	37718913	3	1	1	1	1	0	0	0	?	0	0	0
chr2	2381	37719060	37719063	3	1	1	1	1	0	0	0	?	0	0	0
chr2	2382	37720609	37720612	3	1	1	1	1	0	0	0	?	0	0	0
chr2	2383	37721329	37721332	3	1	1	1	1	0	0	0	?	0	0	0
chr2	2384	37722015	37722018	3	1	1	1	1	0	0	0	?	0	0	0
chr2	2385	37722234	37722237	3	1	1	1	1	0	0	0	?	0	0	0
chr2	2386	37722263	37722266	3	1	1	1	1	0	0	0	?	0	0	0
chr2	2387	37722525	37722528	3	1	1	1	1	0	0	0	?	0	0	0
chr2	2388	37723253	37723256	3	1	1	1	1	0	0	0	?	0	0	0
chr2	2389	37723918	37723921	3	1	1	1	1	0	0	0	?	0	0	0
chr2	2390	37723978	37723981	3	1	1	1	1	0	0	0	?	0	0	0
chr2	2391	37724104	37724107	3	1	1	1	1	0	0	0	?	0	0	0
chr2	2392	37724877	37724880	3	1	1	1	1	0	0	0	?	0	0	0
chr2	2393	37725542	37725545	3	1	1	1	1	0	0	0	?	0	0	0
chr2	2394	37726142	37726145	3	1	1	1	1	0	0	0	?	0	0	0
chr2	2395	37726895	37726898	3	1	1	1	1	0	0	0	?	0	0	0
chr2	2396	37726909	37726912	3	1	1	1	1	0	0	0	?	0	0	0
chr2	2397	37727440	37727443	3	1	1	1	1	0	0	0	?	0	0	0
chr2	2398	37727682	37727685	3	1	1	1	1	0	0	0	?	0	0	0
chr2	2399	37727865	37727868	3	1	1	1	1	0	0	0	?	0	0	0
chr2	2400	37728122	37728125	3	1	1	1	1	0	0	0	?	0	0	0
chr2	2401	37728272	37728275	3	1	1	1	1	0	0	0	?	0	0	0
chr2	2402	37728338	37728341	3	1	1	1	1	0	0	0	?	0	0	0
chr2	2403	37728873	37728876	3	1	1	1	1	0	0	0	?	0	0	0
chr2	2404	37729304	37729310	6	1	1	1	1	4	4	0	?	0	0	0
chr2	2405	37730335	37730338	3	1	1	1	1	0	0	0	?	0	0	0
chr2	2406	37731485	37731488	3	1	1	1	1	0	0	0	?	0	0	0
chr2	2407	37733223	37733226	3	1	1	1	1	0	0	0	?	0	0	0
chr2	2408	37733567	37733584	17	3	3	3	3	0	0	0	?	0	0	0
chr2	2409	37733733	37733736	3	1	1	1	1	0	0	0	?	0	0	0
chr2	2410	37734281	37734284	3	1	1	1	1	0	0	0	?	0	0	0
chr2	2411	37734644	37734647	3	1	1	1	1	0	0	0	?	0	0	0
chr2	2412	37735230	37735233	3	1	1	1	1	0	0	0	?	0	0	0
chr2	2413	37735261	37735264	3	1	1	1	1	0	0	0	?	0	0	0
chr2	2414	37736355	37736358	3	1	1	1	1	0	0	0	?	0	0	0
chr2	2415	37736652	37736655	3	1	1	1	1	0	0	0	?	0	0	0
chr2	2416	37737267	37737270	3	1	1	1	1	0	0	0	?	0	0	0
chr2	2417	37741668	37741671	3	1	1	1	1	0	0	0	?	0	0	0
chr2	2418	37742546	37742549	3	1	1	1	1	0	0	0	?	0	0	0
chr2	2419	37743584	37743587	3	1	1	1	1	0	0	0	?	0	0	0
chr2	2420	37744639	37744642	3	1	1	1	1	0	0	0	?	0	0	0
chr2	2421	37744652	37744655	3	1	1	1	1	0	0	0	?	0	0	0
chr2	2422	37747364	37747367	3	1	1	1	1	0	0	0	?	0	0	0
chr2	2423	37747616	37747619	3	1	1	1	1	0	0	0	?	0	0	0
chr2	2424	37749805	37749808	3	1	1	1	1	0	0	0	?	0	0	0
chr2	2425	37749872	37749875	3	1	1	1	1	0	0	0	?	0	0	0
chr2	2426	37750616	37750619	3	1	1	1	1	0	0	0	?	0	0	0
chr2	2427	37751748	37751751	3	1	1	1	1	0	0	0	?	0	0	0
chr2	2428	37752755	37752758	3	1	1	1	1	0	0	0	?	0	0	0
chr2	2429	37753218	37753221	3	1	1	1	1	0	0	0	?	0	0	0
chr2	2430	37753407	37753410	3	1	1	1	1	0	0	0	?	0	0	0
chr2	2431	37753449	37753452	3	1	1	1	1	0	0	0	?	0	0	0
chr2	2432	37753714	37753717	3	1	1	1	1	0	0	0	?	0	0	0
chr2	2433	37754037	37754040	3	1	1	1	1	0	0	0	?	0	0	0
chr2	2434	37755390	37755393	3	1	1	1	1	0	0	0	?	0	0	0
chr2	2435	37755517	37755520	3	1	1	1	1	0	0	0	?	0	0	0
chr2	2436	37755968	37755971	3	1	1	1	1	0	0	0	?	0	0	0
chr2	2437	37757825	37757828	3	1	1	1	1	0	0	0	?	0	0	0
chr2	2438	37760535	37760538	3	1	1	1	1	0	0	0	?	0	0	0
chr2	2439	37760695	37760698	3	1	1	1	1	0	0	0	?	0	0	0
chr2	2440	37760910	37760913	3	1	1	1	1	0	0	0	?	0	0	0
chr2	2441	37761061	37761066	5	1	1	1	1	0	0	0	?	0	0	0
chr2	2442	37761314	37761317	3	1	1	1	1	0	0	0	?	0	0	0
chr2	2443	37761561	37761564	3	1	1	1	1	0	0	0	?	0	0	0
chr2	2444	37761681	37761684	3	1	1	1	1	0	0	0	?	0	0	0
chr2	2445	37761705	37761708	3	1	1	1	1	0	0	0	?	0	0	0
chr2	2446	37761870	37761873	3	1	1	1	1	0	0	0	?	0	0	0
chr2	2447	37762271	37762274	3	1	1	1	1	0	0	0	?	0	0	0
chr2	2448	37762728	37762731	3	1	1	1	1	0	0	0	?	0	0	0
chr2	2449	37762934	37762937	3	1	1	1	1	0	0	0	?	0	0	0
chr2	2450	37763383	37763388	5	2	2	2	2	0	0	0	?	0	0	0
chr2	2451	37764179	37764182	3	1	1	1	1	0	0	0	?	0	0	0
chr2	2452	37764851	37764854	3	1	1	1	1	0	0	0	?	0	0	0
chr2	2453	37764933	37764936	3	1	1	1	1	0	0	0	?	0	0	0
chr2	2454	37765765	37765768	3	1	1	1	1	0	0	0	?	0	0	0
chr2	2455	37766622	37766625	3	1	1	1	1	0	0	0	?	0	0	0
chr2	2456	37767437	37767440	3	1	1	1	1	0	0	0	?	0	0	0
chr2	2457	37767876	37767879	3	1	1	1	1	0	0	0	?	0	0	0
chr2	2458	37768445	37768448	3	1	1	1	1	0	0	0	?	0	0	0
chr2	2459	37768793	37768796	3	1	1	1	1	0	0	0	?	0	0	0
chr2	2460	37769189	37769192	3	1	1	1	1	0	0	0	?	0	0	0
chr2	2461	37769992	37769995	3	1	1	1	1	0	0	0	?	0	0	0
chr2	2462	37770365	37770368	3	1	1	1	1	0	0	0	?	0	0	0
chr2	2463	37770667	37770671	4	1	1	1	1	0	0	0	?	0	0	0
chr2	2464	37770914	37770917	3	1	1	1	1	0	0	0	?	0	0	0
chr2	2465	37771503	37771506	3	1	1	1	1	0	0	0	?	0	0	0
chr2	2466	37771719	37771722	3	1	1	1	1	0	0	0	?	0	0	0
chr2	2467	37771758	37771761	3	1	1	1	1	0	0	0	?	0	0	0
chr2	2468	37772573	37772576	3	1	1	1	1	0	0	0	?	0	0	0
chr2	2469	37776737	37776739	2	1	1	1	1	0	0	0	?	0	0	0
chr2	2470	37779806	37779809	3	1	1	1	1	0	0	0	?	0	0	0
chr2	2471	37780839	37780842	3	1	1	1	1	0	0	0	?	0	0	0
chr2	2472	37781194	37781197	3	1	1	1	1	0	0	0	?	0	0	0
chr2	2473	37781523	37781526	3	1	1	1	1	0	0	0	?	0	0	0
chr2	2474	37783374	37783390	16	2	2	2	2	0	0	0	?	0	0	0
chr2	2475	37794353	37794356	3	1	1	1	1	0	0	0	?	0	0	0
chr2	2476	37798006	37798009	3	1	1	1	1	0	0	0	?	0	0	0
chr2	2477	37798881	37798884	3	1	1	1	1	0	0	0	?	0	0	0
chr2	2478	37799054	37799057	3	1	1	1	1	0	0	0	?	0	0	0
chr2	2479	37799453	37799456	3	1	1	1	1	0	0	0	?	0	0	0
chr2	2480	37799815	37799857	42	2	2	3	3	4	4	0	?	0	0	0
chr2	2481	37799911	37799914	3	1	1	1	1	0	0	0	?	0	0	0
chr2	2482	37802282	37802285	3	1	1	1	1	0	0	0	?	0	0	0
chr2	2483	37802356	37802359	3	1	1	1	1	0	0	0	?	0	0	0
chr2	2484	37805484	37805487	3	1	1	1	1	0	0	0	?	0	0	0
chr2	2485	37807073	37807076	3	1	1	1	1	0	0	0	?	0	0	0
chr2	2486	37807611	37807614	3	1	1	1	1	0	0	0	?	0	0	0
chr2	2487	37808145	37808148	3	1	1	1	1	0	0	0	?	0	0	0
chr2	2488	37808946	37808952	6	2	2	2	2	0	0	0	?	0	0	0
chr2	2489	37810819	37810879	60	1	1	3	3	46	46	0	?	0	0	0
chr2	2490	37810970	37810973	3	1	1	1	1	0	0	0	?	0	0	0
chr2	2491	37811001	37811004	3	1	1	1	1	0	0	0	?	0	0	0
chr2	2492	37811190	37811195	5	2	2	2	2	0	0	0	?	0	0	0
chr2	2493	37811454	37811457	3	1	1	1	1	0	0	0	?	0	0	0
chr2	2494	37811535	37811560	25	1	1	2	2	24	24	0	?	0	0	0
chr2	2495	37814751	37814754	3	1	1	1	1	0	0	0	?	0	0	0
chr2	2496	37815400	37815402	2	1	1	1	1	0	0	0	?	0	0	0
chr2	2497	37817199	37817202	3	1	1	1	1	0	0	0	?	0	0	0
chr2	2498	37817344	37817347	3	0	0	1	1	2	2	0	?	0	0	0
chr2	2499	37817685	37817688	3	1	1	1	1	0	0	0	?	0	0	0
chr2	2500	37818904	37818907	3	1	1	1	1	0	0	0	?	0	0	0
chr2	2501	37819140	37819143	3	1	1	1	1	0	0	0	?	0	0	0
chr2	2502	37819163	37819166	3	1	1	1	1	0	0	0	?	0	0	0
chr2	2503	37819642	37819645	3	1	1	1	1	0	0	0	?	0	0	0
chr2	2504	37819918	37819921	3	1	1	1	1	0	0	0	?	0	0	0
chr2	2505	37820195	37820198	3	1	1	1	1	0	0	0	?	0	0	0
chr2	2506	37820211	37820214	3	1	1	1	1	0	0	0	?	0	0	0
chr2	2507	37821526	37821529	3	1	1	1	1	0	0	0	?	0	0	0
chr2	2508	37821741	37821744	3	1	1	1	1	0	0	0	?	0	0	0
chr2	2509	37822152	37822155	3	1	1	1	1	0	0	0	?	0	0	0
chr2	2510	37822811	37822814	3	1	1	1	1	0	0	0	?	0	0	0
chr2	2511	37823087	37823090	3	1	1	1	1	0	0	0	?	0	0	0
chr2	2512	37823133	37823135	2	1	1	1	1	0	0	0	?	0	0	0
chr2	2513	37823250	37823320	70	3	3	2	2	2	2	0	?	0	0	0
chr2	2514	37823957	37823959	2	1	1	1	1	0	0	0	?	0	0	0
chr2	2515	37826942	37826945	3	1	1	1	1	0	0	0	?	0	0	0
chr2	2516	37827478	37827481	3	1	1	1	1	0	0	0	?	0	0	0
chr2	2517	37827883	37827886	3	1	1	1	1	0	0	0	?	0	0	0
chr2	2518	37827908	37827916	8	2	2	2	2	0	0	0	?	0	0	0
chr2	2519	37827998	37828001	3	1	1	1	1	0	0	0	?	0	0	0
chr2	2520	37828175	37828178	3	1	1	1	1	0	0	0	?	0	0	0
chr2	2521	37828211	37828214	3	1	1	1	1	0	0	0	?	0	0	0
chr2	2522	37828307	37828310	3	1	1	1	1	0	0	0	?	0	0	0
chr2	2523	37828399	37828402	3	1	1	1	1	0	0	0	?	0	0	0
chr2	2524	37828500	37828508	8	2	2	2	2	0	0	0	?	0	0	0
chr2	2525	37829014	37829017	3	1	1	1	1	0	0	0	?	0	0	0
chr2	2526	37829209	37829212	3	1	1	1	1	0	0	0	?	0	0	0
chr2	2527	37829258	37829261	3	1	1	1	1	0	0	0	?	0	0	0
chr2	2528	37829285	37829288	3	1	1	1	1	0	0	0	?	0	0	0
chr2	2529	37829327	37829330	3	1	1	1	1	0	0	0	?	0	0	0
chr2	2530	37829590	37829593	3	1	1	1	1	0	0	0	?	0	0	0
chr2	2531	37829806	37829809	3	1	1	1	1	0	0	0	?	0	0	0
chr2	2532	37830048	37830051	3	1	1	1	1	0	0	0	?	0	0	0
chr2	2533	37830176	37830179	3	1	1	1	1	0	0	0	?	0	0	0
chr2	2534	37830328	37830345	17	3	3	3	3	0	0	0	?	0	0	0
chr2	2535	37830361	37830364	3	1	1	1	1	0	0	0	?	0	0	0
chr2	2536	37830409	37830412	3	1	1	1	1	0	0	0	?	0	0	0
chr2	2537	37830436	37830439	3	1	1	1	1	0	0	0	?	0	0	0
chr2	2538	37830483	37830486	3	1	1	1	1	0	0	0	?	0	0	0
chr2	2539	37830529	37830532	3	1	1	1	1	0	0	0	?	0	0	0
chr2	2540	37831233	37831236	3	1	1	1	1	0	0	0	?	0	0	0
chr2	2541	37831300	37831303	3	1	1	1	1	0	0	0	?	0	0	0
chr2	2542	37831483	37831486	3	1	1	1	1	0	0	0	?	0	0	0
chr2	2543	37831668	37831671	3	1	1	1	1	0	0	0	?	0	0	0
chr2	2544	37832189	37832192	3	1	1	1	1	0	0	0	?	0	0	0
chr2	2545	37832466	37832469	3	1	1	1	1	0	0	0	?	0	0	0
chr2	2546	37832707	37832710	3	1	1	1	1	0	0	0	?	0	0	0
chr2	2547	37833044	37833047	3	1	1	1	1	0	0	0	?	0	0	0
chr2	2548	37833258	37833261	3	1	1	1	1	0	0	0	?	0	0	0
chr2	2549	37833329	37833332	3	1	1	1	1	0	0	0	?	0	0	0
chr2	2550	37833438	37833441	3	1	1	1	1	0	0	0	?	0	0	0
chr2	2551	37833490	37833509	19	3	3	3	3	0	0	0	?	0	0	0
chr2	2552	37833639	37833644	5	2	2	2	2	0	0	0	?	0	0	0
chr2	2553	37833682	37833685	3	1	1	1	1	0	0	0	?	0	0	0
chr2	2554	37833742	37833751	9	2	2	2	2	0	0	0	?	0	0	0
chr2	2555	37833767	37833770	3	1	1	1	1	0	0	0	?	0	0	0
chr2	2556	37833846	37833859	13	3	3	3	3	0	0	0	?	0	0	0
chr2	2557	37834076	37834079	3	1	1	1	1	0	0	0	?	0	0	0
chr2	2558	37834228	37834232	4	1	1	2	2	4	4	0	?	0	0	0
chr2	2559	37834353	37834356	3	1	1	1	1	0	0	0	?	0	0	0
chr2	2560	37834405	37834408	3	1	1	1	1	0	0	0	?	0	0	0
chr2	2561	37834472	37834475	3	1	1	1	1	0	0	0	?	0	0	0
chr2	2562	37834824	37834827	3	1	1	1	1	0	0	0	?	0	0	0
chr2	2563	37834916	37834920	4	1	1	1	1	0	0	0	?	0	0	0
chr2	2564	37834936	37834939	3	1	1	1	1	0	0	0	?	0	0	0
chr2	2565	37835222	37835225	3	1	1	1	1	0	0	0	?	0	0	0
chr2	2566	37835509	37835512	3	1	1	1	1	0	0	0	?	0	0	0
chr2	2567	37835596	37835615	19	4	4	4	4	0	0	0	?	0	0	0
chr2	2568	37835750	37835753	3	1	1	1	1	0	0	0	?	0	0	0
chr2	2569	37835788	37835797	9	2	2	2	2	0	0	0	?	0	0	0
chr2	2570	37835890	37835896	6	2	2	2	2	0	0	0	?	0	0	0
chr2	2571	37836027	37836030	3	1	1	1	1	0	0	0	?	0	0	0
chr2	2572	37836159	37836162	3	1	1	1	1	0	0	0	?	0	0	0
chr2	2573	37836212	37836215	3	1	1	1	1	0	0	0	?	0	0	0
chr2	2574	37836335	37836338	3	1	1	1	1	0	0	0	?	0	0	0
chr2	2575	37836422	37836425	3	1	1	1	1	0	0	0	?	0	0	0
chr2	2576	37836494	37836497	3	1	1	1	1	0	0	0	?	0	0	0
chr2	2577	37836735	37836748	13	2	2	2	2	0	0	0	?	0	0	0
chr2	2578	37836761	37836764	3	1	1	1	1	0	0	0	?	0	0	0
chr2	2579	37837371	37837374	3	1	1	1	1	0	0	0	?	0	0	0
chr2	2580	37837449	37837452	3	1	1	1	1	0	0	0	?	0	0	0
chr2	2581	37837526	37837529	3	1	1	1	1	0	0	0	?	0	0	0
chr2	2582	37837889	37837892	3	1	1	1	1	0	0	0	?	0	0	0
chr2	2583	37837901	37837904	3	1	1	1	1	0	0	0	?	0	0	0
chr2	2584	37837924	37837927	3	1	1	1	1	0	0	0	?	0	0	0
chr2	2585	37837947	37837950	3	1	1	1	1	0	0	0	?	0	0	0
chr2	2586	37837979	37837982	3	1	1	1	1	0	0	0	?	0	0	0
chr2	2587	37838044	37838047	3	1	1	1	1	0	0	0	?	0	0	0
chr2	2588	37838218	37838221	3	1	1	1	1	0	0	0	?	0	0	0
chr2	2589	37838257	37838260	3	1	1	1	1	0	0	0	?	0	0	0
chr2	2590	37838325	37838328	3	1	1	1	1	0	0	0	?	0	0	0
chr2	2591	37838536	37838539	3	1	1	1	1	0	0	0	?	0	0	0
chr2	2592	37838563	37838566	3	1	1	1	1	0	0	0	?	0	0	0
chr2	2593	37838580	37838583	3	1	1	1	1	0	0	0	?	0	0	0
chr2	2594	37838603	37838606	3	1	1	1	1	0	0	0	?	0	0	0
chr2	2595	37838962	37838965	3	1	1	1	1	0	0	0	?	0	0	0
chr2	2596	37839285	37839288	3	1	1	1	1	0	0	0	?	0	0	0
chr2	2597	37839300	37839303	3	1	1	1	1	0	0	0	?	0	0	0
chr2	2598	37839443	37839445	2	1	1	1	1	0	0	0	?	0	0	0
chr2	2599	37839674	37839676	2	1	1	1	1	0	0	0	?	0	0	0
chr2	2600	37840448	37840451	3	1	1	1	1	0	0	0	?	0	0	0
chr2	2601	37840526	37840529	3	1	1	1	1	0	0	0	?	0	0	0
chr2	2602	37840811	37840814	3	1	1	1	1	0	0	0	?	0	0	0
chr2	2603	37841022	37841025	3	1	1	1	1	0	0	0	?	0	0	0
chr2	2604	37841400	37841403	3	1	1	1	1	0	0	0	?	0	0	0
chr2	2605	37842144	37842147	3	1	1	1	1	0	0	0	?	0	0	0
chr2	2606	37842265	37842268	3	1	1	1	1	0	0	0	?	0	0	0
chr2	2607	37842314	37842317	3	1	1	1	1	0	0	0	?	0	0	0
chr2	2608	37842528	37842530	2	1	1	1	1	0	0	0	?	0	0	0
chr2	2609	37842694	37842697	3	1	1	1	1	0	0	0	?	0	0	0
chr2	2610	37843631	37843635	4	2	2	2	2	0	0	0	?	0	0	0
chr2	2611	37843691	37843694	3	1	1	1	1	0	0	0	?	0	0	0
chr2	2612	37843969	37843972	3	1	1	1	1	0	0	0	?	0	0	0
chr2	2613	37844094	37844097	3	1	1	1	1	0	0	0	?	0	0	0
chr2	2614	37844551	37844554	3	1	1	1	1	0	0	0	?	0	0	0
chr2	2615	37844777	37844780	3	1	1	1	1	0	0	0	?	0	0	0
chr2	2616	37845672	37845675	3	1	1	1	1	0	0	0	?	0	0	0
chr2	2617	37845696	37845699	3	1	1	1	1	0	0	0	?	0	0	0
chr2	2618	37845800	37845803	3	1	1	1	1	0	0	0	?	0	0	0
chr2	2619	37846086	37846089	3	1	1	1	1	0	0	0	?	0	0	0
chr2	2620	37846463	37846475	12	2	2	2	2	0	0	0	?	0	0	0
chr2	2621	37846573	37846599	26	1	1	2	2	14	14	0	?	0	0	0
chr2	2622	37847101	37847104	3	1	1	1	1	0	0	0	?	0	0	0
chr2	2623	37847599	37847602	3	1	1	1	1	0	0	0	?	0	0	0
chr2	2624	37848076	37848100	24	2	2	1	1	0	0	0	?	0	0	0
chr2	2625	37850063	37850066	3	1	1	1	1	0	0	0	?	0	0	0
chr2	2626	37850440	37850443	3	1	1	1	1	0	0	0	?	0	0	0
chr2	2627	37850638	37850641	3	1	1	1	1	0	0	0	?	0	0	0
chr2	2628	37850982	37850985	3	1	1	1	1	0	0	0	?	0	0	0
chr2	2629	37851963	37851966	3	1	1	1	1	0	0	0	?	0	0	0
chr2	2630	37852247	37852250	3	1	1	1	1	0	0	0	?	0	0	0
chr2	2631	37852322	37852326	4	1	1	1	1	0	0	0	?	0	0	0
chr2	2632	37852538	37852541	3	1	1	1	1	0	0	0	?	0	0	0
chr2	2633	37853431	37853433	2	1	1	1	1	0	0	0	?	0	0	0
chr2	2634	37854015	37854018	3	1	1	1	1	0	0	0	?	0	0	0
chr2	2635	37854108	37854111	3	1	1	1	1	0	0	0	?	0	0	0
chr2	2636	37854229	37854232	3	1	1	1	1	0	0	0	?	0	0	0
chr2	2637	37856271	37856274	3	1	1	1	1	0	0	0	?	0	0	0
chr2	2638	37856340	37856343	3	1	1	1	1	0	0	0	?	0	0	0
chr2	2639	37857323	37857347	24	2	2	2	2	0	0	0	?	0	0	0
chr2	2640	37857415	37857418	3	1	1	1	1	0	0	0	?	0	0	0
chr2	2641	37857940	37857943	3	1	1	1	1	0	0	0	?	0	0	0
chr2	2642	37859178	37859181	3	1	1	1	1	0	0	0	?	0	0	0
chr2	2643	37859744	37859747	3	1	1	1	1	0	0	0	?	0	0	0
chr2	2644	37859827	37859829	2	1	1	1	1	0	0	0	?	0	0	0
chr2	2645	37860198	37860201	3	1	1	1	1	0	0	0	?	0	0	0
chr2	2646	37861281	37861284	3	1	1	1	1	0	0	0	?	0	0	0
chr2	2647	37861385	37861388	3	1	1	1	1	0	0	0	?	0	0	0
chr2	2648	37861501	37861504	3	1	1	1	1	0	0	0	?	0	0	0
chr2	2649	37861515	37861518	3	1	1	1	1	0	0	0	?	0	0	0
chr2	2650	37862149	37862151	2	0	0	1	1	76	76	0	?	0	0	0
chr2	2651	37862323	37862326	3	1	1	1	1	0	0	0	?	0	0	0
chr2	2652	37863242	37863245	3	1	1	1	1	0	0	0	?	0	0	0
chr2	2653	37863675	37863678	3	1	1	1	1	0	0	0	?	0	0	0
chr2	2654	37863777	37863780	3	1	1	1	1	0	0	0	?	0	0	0
chr2	2655	37864027	37864030	3	1	1	1	1	0	0	0	?	0	0	0
chr2	2656	37864353	37864355	2	1	1	1	1	0	0	0	?	0	0	0
chr2	2657	37865431	37865434	3	1	1	1	1	0	0	0	?	0	0	0
chr2	2658	37865634	37865637	3	1	1	1	1	0	0	0	?	0	0	0
chr2	2659	37865701	37865704	3	1	1	1	1	0	0	0	?	0	0	0
chr2	2660	37866232	37866235	3	1	1	1	1	0	0	0	?	0	0	0
chr2	2661	37866445	37866448	3	1	1	1	1	0	0	0	?	0	0	0
chr2	2662	37866485	37866487	2	1	1	1	1	0	0	0	?	0	0	0
chr2	2663	37867004	37867007	3	1	1	1	1	0	0	0	?	0	0	0
chr2	2664	37868477	37868480	3	1	1	1	1	0	0	0	?	0	0	0
chr2	2665	37868941	37868944	3	1	1	1	1	0	0	0	?	0	0	0
chr2	2666	37869081	37869084	3	1	1	1	1	0	0	0	?	0	0	0
chr2	2667	37870496	37870498	2	1	1	1	1	0	0	0	?	0	0	0
chr2	2668	37871713	37871716	3	1	1	1	1	0	0	0	?	0	0	0
chr2	2669	37872713	37872716	3	1	1	1	1	0	0	0	?	0	0	0
chr2	2670	37872733	37872736	3	1	1	1	1	0	0	0	?	0	0	0
chr2	2671	37872836	37872839	3	1	1	1	1	0	0	0	?	0	0	0
chr2	2672	37872872	37872875	3	1	1	1	1	0	0	0	?	0	0	0
chr2	2673	37872945	37872955	10	1	1	1	1	0	0	0	?	0	0	0
chr2	2674	37873010	37873013	3	1	1	1	1	0	0	0	?	0	0	0
chr2	2675	37873114	37873117	3	1	1	1	1	0	0	0	?	0	0	0
chr2	2676	37873482	37873485	3	1	1	1	1	0	0	0	?	0	0	0
chr2	2677	37873992	37873995	3	1	1	1	1	0	0	0	?	0	0	0
chr2	2678	37874055	37874058	3	1	1	1	1	0	0	0	?	0	0	0
chr2	2679	37874294	37874297	3	1	1	1	1	0	0	0	?	0	0	0
chr2	2680	37874425	37874428	3	1	1	1	1	0	0	0	?	0	0	0
chr2	2681	37874610	37874623	13	2	2	2	2	0	0	0	?	0	0	0
chr2	2682	37875010	37875013	3	1	1	1	1	0	0	0	?	0	0	0
chr2	2683	37875145	37875148	3	1	1	1	1	0	0	0	?	0	0	0
chr2	2684	37875533	37875536	3	1	1	1	1	0	0	0	?	0	0	0
chr2	2685	37876058	37876061	3	1	1	1	1	0	0	0	?	0	0	0
chr2	2686	37876297	37876300	3	1	1	1	1	0	0	0	?	0	0	0
chr2	2687	37876333	37876336	3	1	1	1	1	0	0	0	?	0	0	0
chr2	2688	37876644	37876647	3	1	1	1	1	0	0	0	?	0	0	0
chr2	2689	37876875	37876878	3	1	1	1	1	0	0	0	?	0	0	0
chr2	2690	37876949	37876952	3	1	1	1	1	0	0	0	?	0	0	0
chr2	2691	37877058	37877061	3	1	1	1	1	0	0	0	?	0	0	0
chr2	2692	37877668	37877671	3	1	1	1	1	0	0	0	?	0	0	0
chr2	2693	37877726	37877729	3	1	1	1	1	0	0	0	?	0	0	0
chr2	2694	37877828	37877831	3	1	1	1	1	0	0	0	?	0	0	0
chr2	2695	37877866	37877869	3	1	1	1	1	0	0	0	?	0	0	0
chr2	2696	37878586	37878593	7	1	1	1	1	0	0	0	?	0	0	0
chr2	2697	37878629	37878632	3	1	1	1	1	0	0	0	?	0	0	0
chr2	2698	37878901	37878904	3	1	1	1	1	0	0	0	?	0	0	0
chr2	2699	37878935	37878938	3	1	1	1	1	0	0	0	?	0	0	0
chr2	2700	37879011	37879014	3	1	1	1	1	0	0	0	?	0	0	0
chr2	2701	37879071	37879074	3	1	1	1	1	0	0	0	?	0	0	0
chr2	2702	37879326	37879329	3	1	1	1	1	0	0	0	?	0	0	0
chr2	2703	37879494	37879497	3	1	1	1	1	0	0	0	?	0	0	0
chr2	2704	37879513	37879516	3	1	1	1	1	0	0	0	?	0	0	0
chr2	2705	37879550	37879552	2	1	1	1	1	0	0	0	?	0	0	0
chr2	2706	37879595	37879598	3	1	1	1	1	0	0	0	?	0	0	0
chr2	2707	37879615	37879618	3	1	1	1	1	0	0	0	?	0	0	0
chr2	2708	37879686	37879689	3	1	1	1	1	0	0	0	?	0	0	0
chr2	2709	37881786	37881789	3	1	1	1	1	0	0	0	?	0	0	0
chr2	2710	37882022	37882025	3	1	1	1	1	0	0	0	?	0	0	0
chr2	2711	37882147	37882150	3	1	1	1	1	0	0	0	?	0	0	0
chr2	2712	37882544	37882557	13	1	1	2	2	4	4	0	?	0	0	0
chr2	2713	37882890	37882893	3	1	1	1	1	0	0	0	?	0	0	0
chr2	2714	37882932	37882935	3	1	1	1	1	0	0	0	?	0	0	0
chr2	2715	37883385	37883388	3	1	1	1	1	0	0	0	?	0	0	0
chr2	2716	37883819	37883828	9	2	2	2	2	0	0	0	?	0	0	0
chr2	2717	37884491	37884493	2	1	1	1	1	0	0	0	?	0	0	0
chr2	2718	37886089	37886092	3	1	1	1	1	0	0	0	?	0	0	0
chr2	2719	37887044	37887047	3	1	1	1	1	0	0	0	?	0	0	0
chr2	2720	37887218	37887221	3	1	1	1	1	0	0	0	?	0	0	0
chr2	2721	37887336	37887349	13	0	0	1	1	22	22	0	?	0	0	0
chr2	2722	37887420	37887426	6	2	2	2	2	0	0	0	?	0	0	0
chr2	2723	37887669	37887671	2	1	1	1	1	0	0	0	?	0	0	0
chr2	2724	37887913	37887916	3	1	1	1	1	0	0	0	?	0	0	0
chr2	2725	37887994	37887997	3	1	1	1	1	0	0	0	?	0	0	0
chr2	2726	37888392	37888395	3	1	1	1	1	0	0	0	?	0	0	0
chr2	2727	37888890	37888894	4	0	0	1	1	4	4	0	?	0	0	0
chr2	2728	37889543	37889546	3	1	1	1	1	0	0	0	?	0	0	0
chr2	2729	37890788	37890791	3	1	1	1	1	0	0	0	?	0	0	0
chr2	2730	37890883	37890886	3	1	1	1	1	0	0	0	?	0	0	0
chr2	2731	37891363	37891366	3	1	1	1	1	0	0	0	?	0	0	0
chr2	2732	37892172	37892175	3	1	1	1	1	0	0	0	?	0	0	0
chr2	2733	37892350	37892353	3	1	1	1	1	0	0	0	?	0	0	0
chr2	2734	37892446	37892449	3	1	1	1	1	0	0	0	?	0	0	0
chr2	2735	37892766	37892768	2	1	1	1	1	0	0	0	?	0	0	0
chr2	2736	37893267	37893270	3	1	1	1	1	0	0	0	?	0	0	0
chr2	2737	37893701	37893704	3	1	1	1	1	0	0	0	?	0	0	0
chr2	2738	37893856	37893860	4	2	2	2	2	0	0	0	?	0	0	0
chr2	2739	37894519	37894522	3	1	1	1	1	0	0	0	?	0	0	0
chr2	2740	37895198	37895201	3	1	1	1	1	0	0	0	?	0	0	0
chr2	2741	37895263	37895266	3	1	1	1	1	0	0	0	?	0	0	0
chr2	2742	37895452	37895455	3	1	1	1	1	0	0	0	?	0	0	0
chr2	2743	37895845	37895848	3	1	1	1	1	0	0	0	?	0	0	0
chr2	2744	37895932	37895950	18	1	1	1	1	0	0	0	?	0	0	0
chr2	2745	37896109	37896112	3	1	1	1	1	0	0	0	?	0	0	0
chr2	2746	37896126	37896129	3	1	1	1	1	0	0	0	?	0	0	0
chr2	2747	37897291	37897294	3	1	1	1	1	0	0	0	?	0	0	0
chr2	2748	37897584	37897587	3	1	1	1	1	0	0	0	?	0	0	0
chr2	2749	37897727	37897730	3	1	1	1	1	0	0	0	?	0	0	0
chr2	2750	37897994	37897997	3	1	1	1	1	0	0	0	?	0	0	0
chr2	2751	37898267	37898270	3	1	1	1	1	0	0	0	?	0	0	0
chr2	2752	37898580	37898583	3	1	1	1	1	0	0	0	?	0	0	0
chr2	2753	37898715	37898718	3	1	1	1	1	0	0	0	?	0	0	0
chr2	2754	37898778	37898781	3	1	1	1	1	0	0	0	?	0	0	0
chr2	2755	37898891	37898894	3	1	1	1	1	0	0	0	?	0	0	0
chr2	2756	37898989	37898992	3	1	1	1	1	0	0	0	?	0	0	0
chr2	2757	37899355	37899358	3	1	1	1	1	0	0	0	?	0	0	0
chr2	2758	37899443	37899446	3	1	1	1	1	0	0	0	?	0	0	0
chr2	2759	37900016	37900019	3	1	1	1	1	0	0	0	?	0	0	0
chr2	2760	37900325	37900328	3	1	1	1	1	0	0	0	?	0	0	0
chr2	2761	37900441	37900444	3	1	1	1	1	0	0	0	?	0	0	0
chr2	2762	37901314	37901317	3	1	1	1	1	0	0	0	?	0	0	0
chr2	2763	37902333	37902336	3	1	1	1	1	0	0	0	?	0	0	0
chr2	2764	37904148	37904151	3	0	0	1	1	2	2	0	?	0	0	0
chr2	2765	37904628	37904631	3	1	1	1	1	0	0	0	?	0	0	0
chr2	2766	37905000	37905008	8	2	2	2	2	0	0	0	?	0	0	0
chr2	2767	37905083	37905086	3	1	1	1	1	0	0	0	?	0	0	0
chr2	2768	37905171	37905174	3	1	1	1	1	0	0	0	?	0	0	0
chr2	2769	37905505	37905508	3	1	1	1	1	0	0	0	?	0	0	0
chr2	2770	37905567	37905578	11	2	2	2	2	0	0	0	?	0	0	0
chr2	2771	37907529	37907532	3	0	0	1	1	2	2	0	?	0	0	0
chr2	2772	37908167	37908170	3	1	1	1	1	0	0	0	?	0	0	0
chr2	2773	37908279	37908282	3	1	1	1	1	0	0	0	?	0	0	0
chr2	2774	37909772	37909775	3	0	0	1	1	2	2	0	?	0	0	0
chr2	2775	37918688	37918690	2	0	0	1	1	2	2	0	?	0	0	0
chr2	2776	37918814	37918816	2	0	0	1	1	2	2	0	?	0	0	0
chr2	2777	37922137	37922140	3	1	1	1	1	0	0	0	?	0	0	0
chr2	2778	37925795	37925797	2	0	0	1	1	2	2	0	?	0	0	0
chr2	2779	37926067	37926070	3	1	1	1	1	0	0	0	?	0	0	0
chr2	2780	37928988	37928991	3	1	1	1	1	0	0	0	?	0	0	0
chr2	2781	37938180	37938183	3	1	1	1	1	0	0	0	?	0	0	0
chr2	2782	37938635	37938638	3	1	1	1	1	0	0	0	?	0	0	0
chr2	2783	37938649	37938652	3	1	1	1	1	0	0	0	?	0	0	0
chr2	2784	37939651	37939654	3	1	1	1	1	0	0	0	?	0	0	0
chr2	2785	37940006	37940009	3	1	1	1	1	0	0	0	?	0	0	0
chr2	2786	37940033	37940036	3	1	1	1	1	0	0	0	?	0	0	0
chr2	2787	37940115	37940118	3	1	1	1	1	0	0	0	?	0	0	0
chr2	2788	37941278	37941280	2	0	0	1	1	2	2	0	?	0	0	0
chr2	2789	37941941	37941944	3	1	1	1	1	0	0	0	?	0	0	0
chr2	2790	37944331	37944334	3	1	1	1	1	0	0	0	?	0	0	0
chr2	2791	37944792	37944795	3	1	1	1	1	0	0	0	?	0	0	0
chr2	2792	37944804	37944807	3	1	1	1	1	0	0	0	?	0	0	0
chr2	2793	37944990	37944993	3	1	1	1	1	0	0	0	?	0	0	0
chr2	2794	37945925	37945928	3	1	1	1	1	0	0	0	?	0	0	0
chr2	2795	37947819	37947822	3	1	1	1	1	0	0	0	?	0	0	0
chr2	2796	37948429	37948432	3	1	1	1	1	0	0	0	?	0	0	0
chr2	2797	37948446	37948449	3	1	1	1	1	0	0	0	?	0	0	0
chr2	2798	37950380	37950383	3	1	1	1	1	0	0	0	?	0	0	0
chr2	2799	37951261	37951264	3	1	1	1	1	0	0	0	?	0	0	0
chr2	2800	37952270	37952274	4	1	1	1	1	0	0	0	?	0	0	0
chr2	2801	37952628	37952631	3	1	1	1	1	0	0	0	?	0	0	0
chr2	2802	37952924	37952927	3	1	1	1	1	0	0	0	?	0	0	0
chr2	2803	37952943	37952946	3	1	1	1	1	0	0	0	?	0	0	0
chr2	2804	37955611	37955614	3	1	1	1	1	0	0	0	?	0	0	0
chr2	2805	37955800	37955803	3	1	1	1	1	0	0	0	?	0	0	0
chr2	2806	37955967	37955969	2	1	1	1	1	0	0	0	?	0	0	0
chr2	2807	37956885	37956888	3	1	1	1	1	0	0	0	?	0	0	0
chr2	2808	37957073	37957076	3	1	1	1	1	0	0	0	?	0	0	0
chr2	2809	37958076	37958079	3	1	1	1	1	0	0	0	?	0	0	0
chr2	2810	37958498	37958501	3	1	1	1	1	0	0	0	?	0	0	0
chr2	2811	37958802	37958805	3	1	1	1	1	0	0	0	?	0	0	0
chr2	2812	37959813	37959816	3	1	1	1	1	0	0	0	?	0	0	0
chr2	2813	37961537	37961540	3	1	1	1	1	0	0	0	?	0	0	0
chr2	2814	37961602	37961605	3	1	1	1	1	0	0	0	?	0	0	0
chr2	2815	37962109	37962112	3	1	1	1	1	0	0	0	?	0	0	0
chr2	2816	37962425	37962428	3	1	1	1	1	0	0	0	?	0	0	0
chr2	2817	37962837	37962840	3	1	1	1	1	0	0	0	?	0	0	0
chr2	2818	37962850	37962853	3	1	1	1	1	0	0	0	?	0	0	0
chr2	2819	37963064	37963067	3	1	1	1	1	0	0	0	?	0	0	0
chr2	2820	37963126	37963129	3	1	1	1	1	0	0	0	?	0	0	0
chr2	2821	37963316	37963318	2	1	1	1	1	0	0	0	?	0	0	0
chr2	2822	37963903	37963905	2	1	1	1	1	0	0	0	?	0	0	0
chr2	2823	37964041	37964044	3	1	1	1	1	0	0	0	?	0	0	0
chr2	2824	37964416	37964419	3	1	1	1	1	0	0	0	?	0	0	0
chr2	2825	37964492	37964495	3	1	1	1	1	0	0	0	?	0	0	0
chr2	2826	37964689	37964692	3	1	1	1	1	0	0	0	?	0	0	0
chr2	2827	37965871	37965874	3	1	1	1	1	0	0	0	?	0	0	0
chr2	2828	37966127	37966130	3	1	1	1	1	0	0	0	?	0	0	0
chr2	2829	37966142	37966148	6	2	2	2	2	0	0	0	?	0	0	0
chr2	2830	37966159	37966162	3	1	1	1	1	0	0	0	?	0	0	0
chr2	2831	37966467	37966469	2	0	0	1	1	2	2	0	?	0	0	0
chr2	2832	37966875	37966878	3	1	1	1	1	0	0	0	?	0	0	0
chr2	2833	37968437	37968441	4	1	1	1	1	0	0	0	?	0	0	0
chr2	2834	37968929	37968932	3	1	1	1	1	0	0	0	?	0	0	0
chr2	2835	37969160	37969163	3	1	1	1	1	0	0	0	?	0	0	0
chr2	2836	37969332	37969335	3	1	1	1	1	0	0	0	?	0	0	0
chr2	2837	37969789	37969794	5	1	1	1	1	0	0	0	?	0	0	0
chr2	2838	37970157	37970160	3	1	1	1	1	0	0	0	?	0	0	0
chr2	2839	37970808	37970811	3	1	1	1	1	0	0	0	?	0	0	0
chr2	2840	37970835	37970838	3	1	1	1	1	0	0	0	?	0	0	0
chr2	2841	37972933	37972936	3	1	1	1	1	0	0	0	?	0	0	0
chr2	2842	37977670	37977673	3	1	1	1	1	0	0	0	?	0	0	0
chr2	2843	37977695	37977698	3	1	1	1	1	0	0	0	?	0	0	0
chr2	2844	37978556	37978559	3	1	1	1	1	0	0	0	?	0	0	0
chr2	2845	37978776	37978778	2	1	1	1	1	0	0	0	?	0	0	0
chr2	2846	37982254	37982257	3	1	1	1	1	0	0	0	?	0	0	0
chr2	2847	37982560	37982563	3	1	1	1	1	0	0	0	?	0	0	0
chr2	2848	37984784	37984787	3	1	1	1	1	0	0	0	?	0	0	0
chr2	2849	37985781	37985784	3	1	1	1	1	0	0	0	?	0	0	0
chr2	2850	37988394	37988397	3	1	1	1	1	0	0	0	?	0	0	0
chr2	2851	38003545	38003547	2	1	1	1	1	0	0	0	?	0	0	0
chr2	2852	38008894	38008897	3	1	1	1	1	0	0	0	?	0	0	0
chr2	2853	38014666	38014669	3	1	1	1	1	0	0	0	?	0	0	0
chr2	2854	38038251	38038254	3	0	0	1	1	2	2	0	?	0	0	0
chr2	2855	38039046	38039048	2	0	0	1	1	4	4	0	?	0	0	0
chr2	2856	38040044	38040046	2	1	1	1	1	0	0	0	?	0	0	0
chr2	2857	38040649	38040652	3	1	1	1	1	0	0	0	?	0	0	0
chr2	2858	38040691	38040694	3	1	1	1	1	0	0	0	?	0	0	0
chr2	2859	38041426	38041428	2	1	1	1	1	0	0	0	?	0	0	0
chr2	2860	38041573	38041576	3	1	1	1	1	0	0	0	?	0	0	0
chr2	2861	38041618	38041621	3	1	1	1	1	0	0	0	?	0	0	0
chr2	2862	38042330	38042333	3	1	1	1	1	0	0	0	?	0	0	0
chr2	2863	38042399	38042425	26	2	2	2	2	0	0	0	?	0	0	0
chr2	2864	38042962	38042965	3	1	1	1	1	0	0	0	?	0	0	0
chr2	2865	38043345	38043348	3	1	1	1	1	0	0	0	?	0	0	0
chr2	2866	38044888	38044891	3	1	1	1	1	0	0	0	?	0	0	0
chr2	2867	38045197	38045200	3	1	1	1	1	0	0	0	?	0	0	0
chr2	2868	38045332	38045335	3	1	1	1	1	0	0	0	?	0	0	0
chr2	2869	38045383	38045386	3	1	1	1	1	0	0	0	?	0	0	0
chr2	2870	38045527	38045530	3	1	1	1	1	0	0	0	?	0	0	0
chr2	2871	38045645	38045647	2	1	1	1	1	0	0	0	?	0	0	0
chr2	2872	38045805	38045808	3	1	1	1	1	0	0	0	?	0	0	0
chr2	2873	38046613	38046616	3	1	1	1	1	0	0	0	?	0	0	0
chr2	2874	38046749	38046752	3	1	1	1	1	0	0	0	?	0	0	0
chr2	2875	38047763	38047766	3	1	1	1	1	0	0	0	?	0	0	0
chr2	2876	38048808	38048811	3	1	1	1	1	0	0	0	?	0	0	0
chr2	2877	38049267	38049270	3	1	1	1	1	0	0	0	?	0	0	0
chr2	2878	38049404	38049407	3	1	1	1	1	0	0	0	?	0	0	0
chr2	2879	38050219	38050234	15	3	3	3	3	0	0	0	?	0	0	0
chr2	2880	38051263	38051267	4	1	1	1	1	0	0	0	?	0	0	0
chr2	2881	38052025	38052028	3	1	1	1	1	0	0	0	?	0	0	0
chr2	2882	38052324	38052327	3	1	1	1	1	0	0	0	?	0	0	0
chr2	2883	38053108	38053111	3	1	1	1	1	0	0	0	?	0	0	0
chr2	2884	38055568	38055571	3	1	1	1	1	0	0	0	?	0	0	0
chr2	2885	38055590	38055593	3	1	1	1	1	0	0	0	?	0	0	0
chr2	2886	38056083	38056086	3	1	1	1	1	0	0	0	?	0	0	0
chr2	2887	38057245	38057248	3	1	1	1	1	0	0	0	?	0	0	0
chr2	2888	38058000	38058003	3	1	1	1	1	0	0	0	?	0	0	0
chr2	2889	38058406	38058422	16	1	1	1	1	0	0	0	?	0	0	0
chr2	2890	38058460	38058463	3	1	1	1	1	0	0	0	?	0	0	0
chr2	2891	38058590	38058593	3	1	1	1	1	0	0	0	?	0	0	0
chr2	2892	38058629	38058632	3	1	1	1	1	0	0	0	?	0	0	0
chr2	2893	38059769	38059772	3	1	1	1	1	0	0	0	?	0	0	0
chr2	2894	38059800	38059803	3	1	1	1	1	0	0	0	?	0	0	0
chr2	2895	38059919	38059922	3	1	1	1	1	0	0	0	?	0	0	0
chr2	2896	38060060	38060067	7	1	1	1	1	0	0	0	?	0	0	0
chr2	2897	38060827	38060830	3	1	1	1	1	0	0	0	?	0	0	0
chr2	2898	38061645	38061647	2	1	1	1	1	0	0	0	?	0	0	0
chr2	2899	38062017	38062020	3	1	1	1	1	0	0	0	?	0	0	0
chr2	2900	38062778	38062780	2	1	1	1	1	0	0	0	?	0	0	0
chr2	2901	38062992	38062995	3	1	1	1	1	0	0	0	?	0	0	0
chr2	2902	38063598	38063601	3	1	1	1	1	0	0	0	?	0	0	0
chr2	2903	38064355	38064358	3	1	1	1	1	0	0	0	?	0	0	0
chr2	2904	38064822	38064825	3	1	1	1	1	0	0	0	?	0	0	0
chr2	2905	38069745	38069748	3	1	1	1	1	0	0	0	?	0	0	0
chr2	2906	38070025	38070028	3	1	1	1	1	0	0	0	?	0	0	0
chr2	2907	38070370	38070373	3	1	1	1	1	0	0	0	?	0	0	0
chr2	2908	38070510	38070512	2	1	1	1	1	0	0	0	?	0	0	0
chr2	2909	38071005	38071008	3	1	1	1	1	0	0	0	?	0	0	0
chr2	2910	38071732	38071735	3	1	1	1	1	0	0	0	?	0	0	0
chr2	2911	38072897	38072900	3	1	1	1	1	0	0	0	?	0	0	0
chr2	2912	38075032	38075035	3	1	1	1	1	0	0	0	?	0	0	0
chr2	2913	38075245	38075248	3	1	1	1	1	0	0	0	?	0	0	0
chr2	2914	38075399	38075402	3	1	1	1	1	0	0	0	?	0	0	0
chr2	2915	38075649	38075652	3	1	1	1	1	0	0	0	?	0	0	0
chr2	2916	38076387	38076390	3	1	1	1	1	0	0	0	?	0	0	0
chr2	2917	38076498	38076501	3	1	1	1	1	0	0	0	?	0	0	0
chr2	2918	38077344	38077347	3	1	1	1	1	0	0	0	?	0	0	0
chr2	2919	38077785	38077787	2	1	1	1	1	0	0	0	?	0	0	0
chr2	2920	38078097	38078103	6	1	1	1	1	0	0	0	?	0	0	0
chr2	2921	38078307	38078310	3	1	1	1	1	0	0	0	?	0	0	0
chr2	2922	38079271	38079274	3	1	1	1	1	0	0	0	?	0	0	0
chr2	2923	38079310	38079313	3	1	1	1	1	0	0	0	?	0	0	0
chr2	2924	38079791	38079794	3	1	1	1	1	0	0	0	?	0	0	0
chr2	2925	38080499	38080502	3	1	1	1	1	0	0	0	?	0	0	0
chr2	2926	38080717	38080720	3	1	1	1	1	0	0	0	?	0	0	0
chr2	2927	38080811	38080814	3	1	1	1	1	0	0	0	?	0	0	0
chr2	2928	38080924	38080927	3	1	1	1	1	0	0	0	?	0	0	0
chr2	2929	38080942	38080945	3	1	1	1	1	0	0	0	?	0	0	0
chr2	2930	38081713	38081718	5	2	2	2	2	0	0	0	?	0	0	0
chr2	2931	38081836	38081839	3	1	1	1	1	0	0	0	?	0	0	0
chr2	2932	38081945	38081948	3	1	1	1	1	0	0	0	?	0	0	0
chr2	2933	38082030	38082033	3	1	1	1	1	0	0	0	?	0	0	0
chr2	2934	38082742	38082745	3	1	1	1	1	0	0	0	?	0	0	0
chr2	2935	38082854	38082857	3	1	1	1	1	0	0	0	?	0	0	0
chr2	2936	38083384	38083387	3	1	1	1	1	0	0	0	?	0	0	0
chr2	2937	38083967	38083970	3	1	1	1	1	0	0	0	?	0	0	0
chr2	2938	38084157	38084160	3	1	1	1	1	0	0	0	?	0	0	0
chr2	2939	38084269	38084272	3	1	1	1	1	0	0	0	?	0	0	0
chr2	2940	38085248	38085251	3	1	1	1	1	0	0	0	?	0	0	0
chr2	2941	38086405	38086408	3	1	1	1	1	0	0	0	?	0	0	0
chr2	2942	38086488	38086491	3	1	1	1	1	0	0	0	?	0	0	0
chr2	2943	38087876	38087879	3	1	1	1	1	0	0	0	?	0	0	0
chr2	2944	38088538	38088541	3	1	1	1	1	0	0	0	?	0	0	0
chr2	2945	38088796	38088866	70	0	2	2	2	49	49	0	?	0	0	0
chr2	2946	38089427	38089430	3	1	1	1	1	0	0	0	?	0	0	0
chr2	2947	38090566	38090569	3	1	1	1	1	0	0	0	?	0	0	0
chr2	2948	38090987	38090993	6	2	2	2	2	0	0	0	?	0	0	0
chr2	2949	38091206	38091209	3	1	1	1	1	0	0	0	?	0	0	0
chr2	2950	38091496	38091499	3	1	1	1	1	0	0	0	?	0	0	0
chr2	2951	38091544	38091547	3	1	1	1	1	0	0	0	?	0	0	0
chr2	2952	38091796	38091799	3	1	1	1	1	0	0	0	?	0	0	0
chr2	2953	38092352	38092355	3	1	1	1	1	0	0	0	?	0	0	0
chr2	2954	38092450	38092453	3	1	1	1	1	0	0	0	?	0	0	0
chr2	2955	38092619	38092622	3	1	1	1	1	0	0	0	?	0	0	0
chr2	2956	38093041	38093044	3	1	1	1	1	0	0	0	?	0	0	0
chr2	2957	38093234	38093236	2	1	1	1	1	0	0	0	?	0	0	0
chr2	2958	38093436	38093439	3	1	1	1	1	0	0	0	?	0	0	0
chr2	2959	38094683	38094686	3	1	1	1	1	0	0	0	?	0	0	0
chr2	2960	38094854	38094917	63	4	4	3	3	0	0	0	?	0	0	0
chr2	2961	38095217	38095220	3	1	1	1	1	0	0	0	?	0	0	0
chr2	2962	38095784	38095787	3	1	1	1	1	0	0	0	?	0	0	0
chr2	2963	38096791	38096794	3	1	1	1	1	0	0	0	?	0	0	0
chr2	2964	38096891	38096894	3	1	1	1	1	0	0	0	?	0	0	0
chr2	2965	38096974	38096976	2	1	1	1	1	0	0	0	?	0	0	0
chr2	2966	38099448	38099451	3	1	1	1	1	0	0	0	?	0	0	0
chr2	2967	38099574	38099610	36	1	1	2	2	14	14	0	?	0	0	0
chr2	2968	38099763	38099766	3	1	1	1	1	0	0	0	?	0	0	0
chr2	2969	38099777	38099780	3	1	1	1	1	0	0	0	?	0	0	0
chr2	2970	38100044	38100046	2	1	1	1	1	0	0	0	?	0	0	0
chr2	2971	38100212	38100215	3	1	1	1	1	0	0	0	?	0	0	0
chr2	2972	38100545	38100548	3	1	1	1	1	0	0	0	?	0	0	0
chr2	2973	38100908	38100910	2	1	1	1	1	0	0	0	?	0	0	0
chr2	2974	38101034	38101037	3	1	1	1	1	0	0	0	?	0	0	0
chr2	2975	38101061	38101064	3	1	1	1	1	0	0	0	?	0	0	0
chr2	2976	38101156	38101159	3	1	1	1	1	0	0	0	?	0	0	0
chr2	2977	38102251	38102254	3	1	1	1	1	0	0	0	?	0	0	0
chr2	2978	38102354	38102357	3	1	1	1	1	0	0	0	?	0	0	0
chr2	2979	38102700	38102703	3	1	1	1	1	0	0	0	?	0	0	0
chr2	2980	38102783	38102786	3	1	1	1	1	0	0	0	?	0	0	0
chr2	2981	38103542	38103545	3	1	1	1	1	0	0	0	?	0	0	0
chr2	2982	38104375	38104378	3	1	1	1	1	0	0	0	?	0	0	0
chr2	2983	38104412	38104415	3	1	1	1	1	0	0	0	?	0	0	0
chr2	2984	38105038	38105041	3	1	1	1	1	0	0	0	?	0	0	0
chr2	2985	38105159	38105162	3	1	1	1	1	0	0	0	?	0	0	0
chr2	2986	38105238	38105241	3	1	1	1	1	0	0	0	?	0	0	0
chr2	2987	38106957	38106960	3	1	1	1	1	0	0	0	?	0	0	0
chr2	2988	38107381	38107385	4	0	0	1	1	4	4	0	?	0	0	0
chr2	2989	38110553	38110556	3	1	1	1	1	0	0	0	?	0	0	0
chr2	2990	38111183	38111185	2	0	0	1	1	20	20	0	?	0	0	0
chr2	2991	38111796	38111799	3	1	1	1	1	0	0	0	?	0	0	0
chr2	2992	38112994	38112997	3	1	1	1	1	0	0	0	?	0	0	0
chr2	2993	38115399	38115402	3	1	1	1	1	0	0	0	?	0	0	0
chr2	2994	38115519	38115521	2	1	1	1	1	0	0	0	?	0	0	0
chr2	2995	38115691	38115694	3	1	1	1	1	0	0	0	?	0	0	0
chr2	2996	38116985	38116988	3	1	1	1	1	0	0	0	?	0	0	0
chr2	2997	38118317	38118320	3	1	1	1	1	0	0	0	?	0	0	0
chr2	2998	38119415	38119417	2	0	0	1	1	4	4	0	?	0	0	0
chr2	2999	38119773	38119776	3	1	1	1	1	0	0	0	?	0	0	0
chr2	3000	38120219	38120221	2	0	0	1	1	12	12	0	?	0	0	0
chr2	3001	38121691	38121694	3	1	1	1	1	0	0	0	?	0	0	0
chr2	3002	38122863	38122866	3	1	1	1	1	0	0	0	?	0	0	0
chr2	3003	38123313	38123316	3	1	1	1	1	0	0	0	?	0	0	0
chr2	3004	38123670	38123673	3	1	1	1	1	0	0	0	?	0	0	0
chr2	3005	38124089	38124092	3	1	1	1	1	0	0	0	?	0	0	0
chr2	3006	38124329	38124331	2	0	0	1	1	20	20	0	?	0	0	0
chr2	3007	38124825	38124828	3	1	1	1	1	0	0	0	?	0	0	0
chr2	3008	38125495	38125498	3	1	1	1	1	0	0	0	?	0	0	0
chr2	3009	38126343	38126346	3	1	1	1	1	0	0	0	?	0	0	0
chr2	3010	38127722	38127725	3	1	1	1	1	0	0	0	?	0	0	0
chr2	3011	38127966	38127969	3	1	1	1	1	0	0	0	?	0	0	0
chr2	3012	38128468	38128471	3	1	1	1	1	0	0	0	?	0	0	0
chr2	3013	38128611	38128614	3	1	1	1	1	0	0	0	?	0	0	0
chr2	3014	38128686	38128689	3	1	1	1	1	0	0	0	?	0	0	0
chr2	3015	38129648	38129651	3	1	1	1	1	0	0	0	?	0	0	0
chr2	3016	38130352	38130354	2	1	1	1	1	0	0	0	?	0	0	0
chr2	3017	38146662	38146665	3	1	1	1	1	0	0	0	?	0	0	0
chr2	3018	38150522	38150524	2	0	0	1	1	28	28	0	?	0	0	0
chr2	3019	38174517	38174519	2	1	1	1	1	0	0	0	?	0	0	0
chr2	3020	38186494	38186497	3	0	0	1	1	2	2	0	?	0	0	0
chr2	3021	38188189	38188192	3	1	1	1	1	0	0	0	?	0	0	0
chr2	3022	38188945	38188948	3	1	1	1	1	0	0	0	?	0	0	0
chr2	3023	38189387	38189390	3	1	1	1	1	0	0	0	?	0	0	0
chr2	3024	38190364	38190367	3	1	1	1	1	0	0	0	?	0	0	0
chr2	3025	38191969	38191971	2	1	1	1	1	0	0	0	?	0	0	0
chr2	3026	38192851	38192854	3	1	1	1	1	0	0	0	?	0	0	0
chr2	3027	38193009	38193012	3	1	1	1	1	0	0	0	?	0	0	0
chr2	3028	38193529	38193532	3	1	1	1	1	0	0	0	?	0	0	0
chr2	3029	38195506	38195509	3	1	1	1	1	0	0	0	?	0	0	0
chr2	3030	38195758	38195768	10	1	1	1	1	0	0	0	?	0	0	0
chr2	3031	38198820	38198823	3	1	1	1	1	0	0	0	?	0	0	0
chr2	3032	38199075	38199079	4	1	1	1	1	0	0	0	?	0	0	0
chr2	3033	38199714	38199718	4	1	1	1	1	0	0	0	?	0	0	0
chr2	3034	38200503	38200506	3	1	1	1	1	0	0	0	?	0	0	0
chr2	3035	38201098	38201101	3	1	1	1	1	0	0	0	?	0	0	0
chr2	3036	38201144	38201154	10	1	1	1	1	0	0	0	?	0	0	0
chr2	3037	38201362	38201365	3	1	1	1	1	0	0	0	?	0	0	0
chr2	3038	38202619	38202622	3	1	1	1	1	0	0	0	?	0	0	0
chr2	3039	38204285	38204288	3	1	1	1	1	0	0	0	?	0	0	0
chr2	3040	38204466	38204469	3	1	1	1	1	0	0	0	?	0	0	0
chr2	3041	38204724	38204727	3	1	1	1	1	0	0	0	?	0	0	0
chr2	3042	38204926	38204929	3	1	1	1	1	0	0	0	?	0	0	0
chr2	3043	38205181	38205184	3	1	1	1	1	0	0	0	?	0	0	0
chr2	3044	38205763	38205766	3	1	1	1	1	0	0	0	?	0	0	0
chr2	3045	38205855	38205858	3	1	1	1	1	0	0	0	?	0	0	0
chr2	3046	38206114	38206117	3	1	1	1	1	0	0	0	?	0	0	0
chr2	3047	38206536	38206539	3	1	1	1	1	0	0	0	?	0	0	0
chr2	3048	38207240	38207243	3	1	1	1	1	0	0	0	?	0	0	0
chr2	3049	38207259	38207262	3	1	1	1	1	0	0	0	?	0	0	0
chr2	3050	38207750	38207753	3	1	1	1	1	0	0	0	?	0	0	0
chr2	3051	38207765	38207768	3	1	1	1	1	0	0	0	?	0	0	0
chr2	3052	38207869	38207872	3	1	1	1	1	0	0	0	?	0	0	0
chr2	3053	38208097	38208100	3	1	1	1	1	0	0	0	?	0	0	0
chr2	3054	38209825	38209828	3	1	1	1	1	0	0	0	?	0	0	0
chr2	3055	38209880	38209883	3	1	1	1	1	0	0	0	?	0	0	0
chr2	3056	38210263	38210266	3	1	1	1	1	0	0	0	?	0	0	0
chr2	3057	38210480	38210483	3	1	1	1	1	0	0	0	?	0	0	0
chr2	3058	38210631	38210634	3	1	1	1	1	0	0	0	?	0	0	0
chr2	3059	38211336	38211338	2	1	1	1	1	0	0	0	?	0	0	0
chr2	3060	38211431	38211434	3	1	1	1	1	0	0	0	?	0	0	0
chr2	3061	38211667	38211670	3	1	1	1	1	0	0	0	?	0	0	0
chr2	3062	38213453	38213455	2	1	1	1	1	0	0	0	?	0	0	0
chr2	3063	38214839	38214842	3	1	1	1	1	0	0	0	?	0	0	0
chr2	3064	38214884	38214887	3	1	1	1	1	0	0	0	?	0	0	0
chr2	3065	38214961	38214964	3	1	1	1	1	0	0	0	?	0	0	0
chr2	3066	38216112	38216120	8	1	1	1	1	0	0	0	?	0	0	0
chr2	3067	38216175	38216178	3	1	1	1	1	0	0	0	?	0	0	0
chr2	3068	38216271	38216274	3	1	1	1	1	0	0	0	?	0	0	0
chr2	3069	38216708	38216711	3	1	1	1	1	0	0	0	?	0	0	0
chr2	3070	38216739	38216742	3	1	1	1	1	0	0	0	?	0	0	0
chr2	3071	38217081	38217084	3	1	1	1	1	0	0	0	?	0	0	0
chr2	3072	38217096	38217099	3	1	1	1	1	0	0	0	?	0	0	0
chr2	3073	38217254	38217262	8	2	2	2	2	0	0	0	?	0	0	0
chr2	3074	38217298	38217301	3	1	1	1	1	0	0	0	?	0	0	0
chr2	3075	38217363	38217366	3	1	1	1	1	0	0	0	?	0	0	0
chr2	3076	38217705	38217708	3	1	1	1	1	0	0	0	?	0	0	0
chr2	3077	38217791	38217794	3	1	1	1	1	0	0	0	?	0	0	0
chr2	3078	38217984	38217987	3	1	1	1	1	0	0	0	?	0	0	0
chr2	3079	38218009	38218016	7	2	2	2	2	0	0	0	?	0	0	0
chr2	3080	38218064	38218101	37	2	2	3	3	6	6	0	?	0	0	0
chr2	3081	38218190	38218194	4	1	1	1	1	0	0	0	?	0	0	0
chr2	3082	38218350	38218353	3	1	1	1	1	0	0	0	?	0	0	0
chr2	3083	38218448	38218451	3	1	1	1	1	0	0	0	?	0	0	0
chr2	3084	38218572	38218576	4	2	2	2	2	0	0	0	?	0	0	0
chr2	3085	38218726	38218740	14	1	1	1	1	0	0	0	?	0	0	0
chr2	3086	38218789	38218792	3	1	1	1	1	0	0	0	?	0	0	0
chr2	3087	38218873	38218876	3	1	1	1	1	0	0	0	?	0	0	0
chr2	3088	38218916	38218919	3	1	1	1	1	0	0	0	?	0	0	0
chr2	3089	38219245	38219248	3	1	1	1	1	0	0	0	?	0	0	0
chr2	3090	38220379	38220382	3	1	1	1	1	0	0	0	?	0	0	0
chr2	3091	38220816	38220818	2	0	0	1	1	2	2	0	?	0	0	0
chr2	3092	38221235	38221238	3	1	1	1	1	0	0	0	?	0	0	0
chr2	3093	38222865	38222868	3	1	1	1	1	0	0	0	?	0	0	0
chr2	3094	38223992	38223995	3	1	1	1	1	0	0	0	?	0	0	0
chr2	3095	38228384	38228387	3	1	1	1	1	0	0	0	?	0	0	0
chr2	3096	38228969	38228971	2	0	0	1	1	24	24	0	?	0	0	0
chr2	3097	38229960	38229962	2	1	1	1	1	0	0	0	?	0	0	0
chr2	3098	38232439	38232442	3	1	1	1	1	0	0	0	?	0	0	0
chr2	3099	38232786	38232789	3	1	1	1	1	0	0	0	?	0	0	0
chr2	3100	38236646	38236649	3	1	1	1	1	0	0	0	?	0	0	0
chr2	3101	38236695	38236698	3	1	1	1	1	0	0	0	?	0	0	0
chr2	3102	38236987	38236990	3	1	1	1	1	0	0	0	?	0	0	0
chr2	3103	38237830	38237833	3	1	1	1	1	0	0	0	?	0	0	0
chr2	3104	38237924	38237926	2	1	1	1	1	0	0	0	?	0	0	0
chr2	3105	38238620	38238623	3	1	1	1	1	0	0	0	?	0	0	0
chr2	3106	38238879	38238881	2	1	1	1	1	0	0	0	?	0	0	0
chr2	3107	38239481	38239484	3	1	1	1	1	0	0	0	?	0	0	0
chr2	3108	38239912	38239915	3	1	1	1	1	0	0	0	?	0	0	0
chr2	3109	38239929	38239932	3	1	1	1	1	0	0	0	?	0	0	0
chr2	3110	38240112	38240115	3	1	1	1	1	0	0	0	?	0	0	0
chr2	3111	38240656	38240659	3	1	1	1	1	0	0	0	?	0	0	0
chr2	3112	38241119	38241122	3	1	1	1	1	0	0	0	?	0	0	0
chr2	3113	38241891	38241894	3	1	1	1	1	0	0	0	?	0	0	0
chr2	3114	38242764	38242767	3	1	1	1	1	0	0	0	?	0	0	0
chr2	3115	38243257	38243260	3	1	1	1	1	0	0	0	?	0	0	0
chr2	3116	38243348	38243351	3	1	1	1	1	0	0	0	?	0	0	0
chr2	3117	38243618	38243621	3	1	1	1	1	0	0	0	?	0	0	0
chr2	3118	38243985	38243997	12	2	2	2	2	0	0	0	?	0	0	0
chr2	3119	38244231	38244235	4	0	0	1	1	4	4	0	?	0	0	0
chr2	3120	38244354	38244357	3	1	1	1	1	0	0	0	?	0	0	0
chr2	3121	38244855	38244858	3	1	1	1	1	0	0	0	?	0	0	0
chr2	3122	38245469	38245472	3	1	1	1	1	0	0	0	?	0	0	0
chr2	3123	38245489	38245492	3	1	1	1	1	0	0	0	?	0	0	0
chr2	3124	38246200	38246203	3	1	1	1	1	0	0	0	?	0	0	0
chr2	3125	38247383	38247386	3	1	1	1	1	0	0	0	?	0	0	0
chr2	3126	38247537	38247540	3	1	1	1	1	0	0	0	?	0	0	0
chr2	3127	38249375	38249377	2	1	1	1	1	0	0	0	?	0	0	0
chr2	3128	38250950	38250953	3	1	1	1	1	0	0	0	?	0	0	0
chr2	3129	38251093	38251096	3	1	1	1	1	0	0	0	?	0	0	0
chr2	3130	38251343	38251346	3	1	1	1	1	0	0	0	?	0	0	0
chr2	3131	38251359	38251362	3	1	1	1	1	0	0	0	?	0	0	0
chr2	3132	38251605	38251608	3	1	1	1	1	0	0	0	?	0	0	0
chr2	3133	38252078	38252081	3	1	1	1	1	0	0	0	?	0	0	0
chr2	3134	38252272	38252274	2	1	1	1	1	0	0	0	?	0	0	0
chr2	3135	38253227	38253230	3	1	1	1	1	0	0	0	?	0	0	0
chr2	3136	38253248	38253269	21	2	2	2	2	0	0	0	?	0	0	0
chr2	3137	38253525	38253528	3	1	1	1	1	0	0	0	?	0	0	0
chr2	3138	38253718	38253721	3	1	1	1	1	0	0	0	?	0	0	0
chr2	3139	38253982	38253985	3	1	1	1	1	0	0	0	?	0	0	0
chr2	3140	38254107	38254110	3	1	1	1	1	0	0	0	?	0	0	0
chr2	3141	38254451	38254453	2	0	0	1	1	2	2	0	?	0	0	0
chr2	3142	38254610	38254613	3	1	1	1	1	0	0	0	?	0	0	0
chr2	3143	38255367	38255370	3	1	1	1	1	0	0	0	?	0	0	0
chr2	3144	38255780	38255783	3	1	1	1	1	0	0	0	?	0	0	0
chr2	3145	38256207	38256210	3	1	1	1	1	0	0	0	?	0	0	0
chr2	3146	38256340	38256343	3	1	1	1	1	0	0	0	?	0	0	0
chr2	3147	38256363	38256366	3	1	1	1	1	0	0	0	?	0	0	0
chr2	3148	38256589	38256592	3	1	1	1	1	0	0	0	?	0	0	0
chr2	3149	38257613	38257616	3	1	1	1	1	0	0	0	?	0	0	0
chr2	3150	38257840	38257852	12	1	1	1	1	0	0	0	?	0	0	0
chr2	3151	38258021	38258024	3	1	1	1	1	0	0	0	?	0	0	0
chr2	3152	38258331	38258334	3	1	1	1	1	0	0	0	?	0	0	0
chr2	3153	38258390	38258393	3	2	2	2	2	0	0	0	?	0	0	0
chr2	3154	38259426	38259429	3	1	1	1	1	0	0	0	?	0	0	0
chr2	3155	38259572	38259576	4	2	2	2	2	0	0	0	?	0	0	0
chr2	3156	38259593	38259596	3	1	1	1	1	0	0	0	?	0	0	0
chr2	3157	38259673	38259676	3	1	1	1	1	0	0	0	?	0	0	0
chr2	3158	38260009	38260012	3	1	1	1	1	0	0	0	?	0	0	0
chr2	3159	38260460	38260465	5	2	2	2	2	0	0	0	?	0	0	0
chr2	3160	38260796	38260799	3	1	1	1	1	0	0	0	?	0	0	0
chr2	3161	38261028	38261031	3	1	1	1	1	0	0	0	?	0	0	0
chr2	3162	38261139	38261145	6	0	0	1	1	8	8	0	?	0	0	0
chr2	3163	38261869	38261872	3	1	1	1	1	0	0	0	?	0	0	0
chr2	3164	38261922	38261925	3	1	1	1	1	0	0	0	?	0	0	0
chr2	3165	38262079	38262082	3	1	1	1	1	0	0	0	?	0	0	0
chr2	3166	38262141	38262144	3	1	1	1	1	0	0	0	?	0	0	0
chr2	3167	38262394	38262397	3	1	1	1	1	0	0	0	?	0	0	0
chr2	3168	38262445	38262448	3	1	1	1	1	0	0	0	?	0	0	0
chr2	3169	38262963	38262966	3	1	1	1	1	0	0	0	?	0	0	0
chr2	3170	38263141	38263144	3	1	1	1	1	0	0	0	?	0	0	0
chr2	3171	38263156	38263159	3	1	1	1	1	0	0	0	?	0	0	0
chr2	3172	38263201	38263204	3	1	1	1	1	0	0	0	?	0	0	0
chr2	3173	38263723	38263726	3	1	1	1	1	0	0	0	?	0	0	0
chr2	3174	38264510	38264513	3	1	1	1	1	0	0	0	?	0	0	0
chr2	3175	38265443	38265446	3	1	1	1	1	0	0	0	?	0	0	0
chr2	3176	38266093	38266096	3	1	1	1	1	0	0	0	?	0	0	0
chr2	3177	38268137	38268140	3	1	1	1	1	0	0	0	?	0	0	0
chr2	3178	38268266	38268269	3	1	1	1	1	0	0	0	?	0	0	0
chr2	3179	38268317	38268320	3	1	1	1	1	0	0	0	?	0	0	0
chr2	3180	38268456	38268459	3	1	1	1	1	0	0	0	?	0	0	0
chr2	3181	38268710	38268713	3	1	1	1	1	0	0	0	?	0	0	0
chr2	3182	38269953	38269956	3	1	1	1	1	0	0	0	?	0	0	0
chr2	3183	38270012	38270015	3	1	1	1	1	0	0	0	?	0	0	0
chr2	3184	38270084	38270087	3	1	1	1	1	0	0	0	?	0	0	0
chr2	3185	38270422	38270425	3	1	1	1	1	0	0	0	?	0	0	0
chr2	3186	38270866	38270868	2	1	1	1	1	0	0	0	?	0	0	0
chr2	3187	38271041	38271044	3	1	1	1	1	0	0	0	?	0	0	0
chr2	3188	38271429	38271432	3	1	1	1	1	0	0	0	?	0	0	0
chr2	3189	38272153	38272156	3	1	1	1	1	0	0	0	?	0	0	0
chr2	3190	38272850	38272853	3	1	1	1	1	0	0	0	?	0	0	0
chr2	3191	38272972	38272975	3	1	1	1	1	0	0	0	?	0	0	0
chr2	3192	38273229	38273247	18	2	2	2	2	0	0	0	?	0	0	0
chr2	3193	38273815	38273818	3	1	1	1	1	0	0	0	?	0	0	0
chr2	3194	38273966	38273978	12	1	1	1	1	0	0	0	?	0	0	0
chr2	3195	38274060	38274063	3	1	1	1	1	0	0	0	?	0	0	0
chr2	3196	38274506	38274527	21	1	1	2	2	12	12	0	?	0	0	0
chr2	3197	38274821	38274824	3	1	1	1	1	0	0	0	?	0	0	0
chr2	3198	38275014	38275017	3	1	1	1	1	0	0	0	?	0	0	0
chr2	3199	38275377	38275380	3	1	1	1	1	0	0	0	?	0	0	0
chr2	3200	38275718	38275721	3	1	1	1	1	0	0	0	?	0	0	0
chr2	3201	38276094	38276097	3	1	1	1	1	0	0	0	?	0	0	0
chr2	3202	38276397	38276400	3	1	1	1	1	0	0	0	?	0	0	0
chr2	3203	38276775	38276777	2	1	1	1	1	0	0	0	?	0	0	0
chr2	3204	38276992	38276995	3	1	1	1	1	0	0	0	?	0	0	0
chr2	3205	38277225	38277228	3	1	1	1	1	0	0	0	?	0	0	0
chr2	3206	38277405	38277408	3	1	1	1	1	0	0	0	?	0	0	0
chr2	3207	38277536	38277539	3	1	1	1	1	0	0	0	?	0	0	0
chr2	3208	38278046	38278049	3	1	1	1	1	0	0	0	?	0	0	0
chr2	3209	38278669	38278672	3	1	1	1	1	0	0	0	?	0	0	0
chr2	3210	38278943	38278946	3	1	1	1	1	0	0	0	?	0	0	0
chr2	3211	38279589	38279592	3	1	1	1	1	0	0	0	?	0	0	0
chr2	3212	38283464	38283467	3	1	1	1	1	0	0	0	?	0	0	0
chr2	3213	38283578	38283581	3	1	1	1	1	0	0	0	?	0	0	0
chr2	3214	38284237	38284240	3	1	1	1	1	0	0	0	?	0	0	0
chr2	3215	38284261	38284264	3	1	1	1	1	0	0	0	?	0	0	0
chr2	3216	38284919	38284922	3	1	1	1	1	0	0	0	?	0	0	0
chr2	3217	38285160	38285163	3	1	1	1	1	0	0	0	?	0	0	0
chr2	3218	38285179	38285182	3	1	1	1	1	0	0	0	?	0	0	0
chr2	3219	38285676	38285679	3	1	1	1	1	0	0	0	?	0	0	0
chr2	3220	38311168	38311171	3	1	1	1	1	0	0	0	?	0	0	0
chr2	3221	38319774	38319777	3	1	1	1	1	0	0	0	?	0	0	0
chr2	3222	38325660	38325702	42	0	0	2	2	52	52	0	?	0	0	0
chr2	3223	38327654	38327657	3	1	1	1	1	0	0	0	?	0	0	0
chr2	3224	38333113	38333116	3	1	1	1	1	0	0	0	?	0	0	0
chr2	3225	38334901	38334903	2	0	0	1	1	156	156	0	?	0	0	0
chr2	3226	38337485	38337488	3	0	0	1	1	2	2	0	?	0	0	0
chr2	3227	38340170	38340172	2	0	0	1	1	4	4	0	?	0	0	0
chr2	3228	38343148	38343151	3	0	0	1	1	2	2	0	?	0	0	0
chr2	3229	38359476	38359478	2	1	1	1	1	0	0	0	?	0	0	0
chr2	3230	38363369	38363371	2	1	0	1	1	2	2	0	?	0	0	0
chr2	3231	38367617	38367623	6	2	2	2	2	6	6	0	?	0	0	0
chr2	3232	38370304	38370307	3	1	1	1	1	0	0	0	?	0	0	0
chr2	3233	38370447	38370449	2	0	0	1	1	2	2	0	?	0	0	0
chr2	3234	38386255	38386348	93	0	0	2	2	60	60	0	?	0	0	0
chr2	3235	38387047	38387050	3	1	1	1	1	0	0	0	?	0	0	0
chr2	3236	38388636	38388639	3	0	0	1	1	2	2	0	?	0	0	0
chr2	3237	38399932	38399935	3	1	1	1	1	0	0	0	?	0	0	0
chr2	3238	38403588	38403591	3	0	0	1	1	2	2	0	?	0	0	0
chr2	3239	38406982	38406985	3	1	1	1	1	0	0	0	?	0	0	0
chr2	3240	38408119	38408121	2	0	0	1	1	28	28	0	?	0	0	0
chr2	3241	38408538	38408541	3	1	1	1	1	0	0	0	?	0	0	0
chr2	3242	38408661	38408664	3	1	1	1	1	0	0	0	?	0	0	0
chr2	3243	38408996	38408999	3	1	1	1	1	0	0	0	?	0	0	0
chr2	3244	38413473	38413476	3	1	1	1	1	0	0	0	?	0	0	0
chr2	3245	38416351	38416354	3	1	1	1	1	0	0	0	?	0	0	0
chr2	3246	38417802	38417805	3	1	1	1	1	0	0	0	?	0	0	0
chr2	3247	38418604	38418607	3	1	1	1	1	0	0	0	?	0	0	0
chr2	3248	38419702	38419705	3	1	1	1	1	0	0	0	?	0	0	0
chr2	3249	38420598	38420601	3	1	1	1	1	0	0	0	?	0	0	0
chr2	3250	38420703	38420706	3	1	1	1	1	0	0	0	?	0	0	0
chr2	3251	38420763	38420766	3	1	1	1	1	0	0	0	?	0	0	0
chr2	3252	38420933	38420936	3	1	1	1	1	0	0	0	?	0	0	0
chr2	3253	38421068	38421071	3	1	1	1	1	0	0	0	?	0	0	0
chr2	3254	38422598	38422601	3	0	0	1	1	2	2	0	?	0	0	0
chr2	3255	38422745	38422748	3	1	1	1	1	0	0	0	?	0	0	0
chr2	3256	38422822	38422825	3	1	1	1	1	0	0	0	?	0	0	0
chr2	3257	38423929	38423932	3	1	1	1	1	0	0	0	?	0	0	0
chr2	3258	38424027	38424074	47	2	2	2	2	0	0	0	?	0	0	0
chr2	3259	38425086	38425088	2	1	1	1	1	0	0	0	?	0	0	0
chr2	3260	38425456	38425459	3	1	1	1	1	0	0	0	?	0	0	0
chr2	3261	38425565	38425568	3	1	1	1	1	0	0	0	?	0	0	0
chr2	3262	38426154	38426157	3	1	1	1	1	0	0	0	?	0	0	0
chr2	3263	38428695	38428698	3	1	1	1	1	0	0	0	?	0	0	0
chr2	3264	38429326	38429330	4	1	1	1	1	0	0	0	?	0	0	0
chr2	3265	38429811	38429814	3	1	1	1	1	0	0	0	?	0	0	0
chr2	3266	38430054	38430063	9	2	2	2	2	0	0	0	?	0	0	0
chr2	3267	38430687	38430690	3	1	1	1	1	0	0	0	?	0	0	0
chr2	3268	38433176	38433179	3	1	1	1	1	0	0	0	?	0	0	0
chr2	3269	38440341	38440344	3	1	1	1	1	0	0	0	?	0	0	0
chr2	3270	38445077	38445079	2	1	1	1	1	0	0	0	?	0	0	0
chr2	3271	38445530	38445533	3	0	0	1	1	2	2	0	?	0	0	0
chr2	3272	38453966	38453969	3	1	1	1	1	0	0	0	?	0	0	0
chr2	3273	38459990	38459993	3	1	1	1	1	0	0	0	?	0	0	0
chr2	3274	38460207	38460210	3	1	1	1	1	0	0	0	?	0	0	0
chr2	3275	38462056	38462058	2	1	1	1	1	0	0	0	?	0	0	0
chr2	3276	38464044	38464047	3	1	1	1	1	0	0	0	?	0	0	0
chr2	3277	38476664	38476667	3	1	1	1	1	0	0	0	?	0	0	0
chr2	3278	38479708	38479710	2	0	0	1	1	16	16	0	?	0	0	0
chr2	3279	38479868	38479874	6	0	0	1	1	8	8	0	?	0	0	0
chr2	3280	38488613	38488619	6	0	0	1	1	8	8	0	?	0	0	0
chr2	3281	38490817	38490819	2	1	1	1	1	0	0	0	?	0	0	0
chr2	3282	38492503	38492505	2	1	1	1	1	0	0	0	?	0	0	0
chr2	3283	38498912	38498914	2	1	1	1	1	0	0	0	?	0	0	0
chr2	3284	38499506	38499509	3	1	1	1	1	0	0	0	?	0	0	0
chr2	3285	38500360	38500363	3	1	1	1	1	0	0	0	?	0	0	0
chr2	3286	38504630	38504633	3	1	1	1	1	0	0	0	?	0	0	0
chr2	3287	38504980	38504983	3	1	1	1	1	0	0	0	?	0	0	0
chr2	3288	38505149	38505152	3	1	1	1	1	0	0	0	?	0	0	0
chr2	3289	38505195	38505198	3	1	1	1	1	0	0	0	?	0	0	0
chr2	3290	38505245	38505248	3	1	1	1	1	0	0	0	?	0	0	0
chr2	3291	38505257	38505260	3	1	1	1	1	0	0	0	?	0	0	0
chr2	3292	38505458	38505461	3	1	1	1	1	0	0	0	?	0	0	0
chr2	3293	38505911	38505914	3	1	1	1	1	0	0	0	?	0	0	0
chr2	3294	38506357	38506360	3	1	1	1	1	0	0	0	?	0	0	0
chr2	3295	38506488	38506491	3	1	1	1	1	0	0	0	?	0	0	0
chr2	3296	38507549	38507552	3	1	1	1	1	0	0	0	?	0	0	0
chr2	3297	38508946	38508949	3	1	1	1	1	0	0	0	?	0	0	0
chr2	3298	38509856	38509859	3	1	1	1	1	0	0	0	?	0	0	0
chr2	3299	38509955	38509958	3	1	1	1	1	0	0	0	?	0	0	0
chr2	3300	38509980	38509983	3	1	1	1	1	0	0	0	?	0	0	0
chr2	3301	38510325	38510328	3	1	1	1	1	0	0	0	?	0	0	0
chr2	3302	38510585	38510597	12	2	2	2	2	0	0	0	?	0	0	0
chr2	3303	38511197	38511200	3	1	1	1	1	0	0	0	?	0	0	0
chr2	3304	38511264	38511267	3	1	1	1	1	0	0	0	?	0	0	0
chr2	3305	38511583	38511585	2	1	1	1	1	0	0	0	?	0	0	0
chr2	3306	38511938	38511940	2	1	1	1	1	0	0	0	?	0	0	0
chr2	3307	38511964	38511967	3	1	1	1	1	0	0	0	?	0	0	0
chr2	3308	38512957	38512960	3	1	1	1	1	0	0	0	?	0	0	0
chr2	3309	38513070	38513073	3	1	1	1	1	0	0	0	?	0	0	0
chr2	3310	38513133	38513136	3	1	1	1	1	0	0	0	?	0	0	0
chr2	3311	38513937	38513940	3	1	1	1	1	0	0	0	?	0	0	0
chr2	3312	38514396	38514412	16	2	2	2	2	0	0	0	?	0	0	0
chr2	3313	38514818	38514821	3	1	1	1	1	0	0	0	?	0	0	0
chr2	3314	38514934	38514937	3	1	1	1	1	0	0	0	?	0	0	0
chr2	3315	38514970	38514973	3	1	1	1	1	0	0	0	?	0	0	0
chr2	3316	38515085	38515088	3	1	1	1	1	0	0	0	?	0	0	0
chr2	3317	38515496	38515499	3	1	1	1	1	0	0	0	?	0	0	0
chr2	3318	38515628	38515631	3	1	1	1	1	0	0	0	?	0	0	0
chr2	3319	38516653	38516656	3	1	1	1	1	0	0	0	?	0	0	0
chr2	3320	38516737	38516740	3	1	1	1	1	0	0	0	?	0	0	0
chr2	3321	38516888	38516891	3	1	1	1	1	0	0	0	?	0	0	0
chr2	3322	38517248	38517251	3	1	1	1	1	0	0	0	?	0	0	0
chr2	3323	38517623	38517626	3	1	1	1	1	0	0	0	?	0	0	0
chr2	3324	38517884	38517887	3	1	1	1	1	0	0	0	?	0	0	0
chr2	3325	38518480	38518483	3	1	1	1	1	0	0	0	?	0	0	0
chr2	3326	38518522	38518524	2	0	0	1	1	12	12	0	?	0	0	0
chr2	3327	38518653	38518656	3	1	1	1	1	0	0	0	?	0	0	0
chr2	3328	38518677	38518680	3	1	1	1	1	0	0	0	?	0	0	0
chr2	3329	38518854	38518857	3	1	1	1	1	0	0	0	?	0	0	0
chr2	3330	38519312	38519315	3	1	1	1	1	0	0	0	?	0	0	0
chr2	3331	38520149	38520152	3	1	1	1	1	0	0	0	?	0	0	0
chr2	3332	38525528	38525530	2	1	1	1	1	0	0	0	?	0	0	0
chr2	3333	38527874	38527876	2	1	1	1	1	0	0	0	?	0	0	0
chr2	3334	38528560	38528562	2	1	1	1	1	0	0	0	?	0	0	0
chr2	3335	38529162	38529165	3	1	1	1	1	0	0	0	?	0	0	0
chr2	3336	38529342	38529345	3	1	1	1	1	0	0	0	?	0	0	0
chr2	3337	38529412	38529415	3	1	1	1	1	0	0	0	?	0	0	0
chr2	3338	38529818	38529820	2	1	1	1	1	0	0	0	?	0	0	0
chr2	3339	38529939	38529942	3	1	1	1	1	0	0	0	?	0	0	0
chr2	3340	38530198	38530201	3	1	1	1	1	0	0	0	?	0	0	0
chr2	3341	38530419	38530422	3	1	1	1	1	0	0	0	?	0	0	0
chr2	3342	38530567	38530570	3	1	1	1	1	0	0	0	?	0	0	0
chr2	3343	38530697	38530700	3	1	1	1	1	0	0	0	?	0	0	0
chr2	3344	38531017	38531020	3	1	1	1	1	0	0	0	?	0	0	0
chr2	3345	38531270	38531273	3	1	1	1	1	0	0	0	?	0	0	0
chr2	3346	38531392	38531398	6	2	2	2	2	0	0	0	?	0	0	0
chr2	3347	38531503	38531506	3	1	1	1	1	0	0	0	?	0	0	0
chr2	3348	38531559	38531573	14	2	2	2	2	0	0	0	?	0	0	0
chr2	3349	38531775	38531778	3	1	1	1	1	0	0	0	?	0	0	0
chr2	3350	38531985	38531988	3	1	1	1	1	0	0	0	?	0	0	0
chr2	3351	38532248	38532253	5	1	1	1	1	0	0	0	?	0	0	0
chr2	3352	38532501	38532504	3	1	1	1	1	0	0	0	?	0	0	0
chr2	3353	38532653	38532656	3	1	1	1	1	0	0	0	?	0	0	0
chr2	3354	38532675	38532678	3	1	1	1	1	0	0	0	?	0	0	0
chr2	3355	38532733	38532736	3	1	1	1	1	0	0	0	?	0	0	0
chr2	3356	38533008	38533011	3	1	1	1	1	0	0	0	?	0	0	0
chr2	3357	38533404	38533406	2	1	1	1	1	0	0	0	?	0	0	0
chr2	3358	38539990	38539993	3	1	1	1	1	0	0	0	?	0	0	0
chr2	3359	38543374	38543376	2	1	1	1	1	0	0	0	?	0	0	0
chr2	3360	38545043	38545046	3	1	1	1	1	0	0	0	?	0	0	0
chr2	3361	38549933	38549940	7	2	2	2	2	0	0	0	?	0	0	0
chr2	3362	38550193	38550196	3	1	1	1	1	0	0	0	?	0	0	0
chr2	3363	38560699	38560704	5	1	1	1	1	0	0	0	?	0	0	0
chr2	3364	38565726	38565728	2	0	0	1	1	2	2	0	?	0	0	0
chr2	3365	38574103	38574106	3	1	1	1	1	0	0	0	?	0	0	0
chr2	3366	38588540	38588543	3	1	1	1	1	0	0	0	?	0	0	0
chr2	3367	38594753	38594756	3	1	1	1	1	0	0	0	?	0	0	0
chr2	3368	38596341	38596343	2	1	1	1	1	0	0	0	?	0	0	0
chr2	3369	38597690	38597693	3	1	1	1	1	0	0	0	?	0	0	0
chr2	3370	38600291	38600294	3	1	1	1	1	0	0	0	?	0	0	0
chr2	3371	38601693	38601696	3	1	1	1	1	0	0	0	?	0	0	0
chr2	3372	38602137	38602140	3	1	1	1	1	0	0	0	?	0	0	0
chr2	3373	38603019	38603022	3	1	1	1	1	0	0	0	?	0	0	0
chr2	3374	38604368	38604371	3	1	1	1	1	0	0	0	?	0	0	0
chr2	3375	38606776	38606779	3	1	1	1	1	0	0	0	?	0	0	0
chr2	3376	38606827	38606830	3	1	1	1	1	0	0	0	?	0	0	0
chr2	3377	38606851	38606854	3	1	1	1	1	0	0	0	?	0	0	0
chr2	3378	38612179	38612182	3	1	1	1	1	0	0	0	?	0	0	0
chr2	3379	38614186	38614189	3	1	1	1	1	0	0	0	?	0	0	0
chr2	3380	38619988	38619991	3	1	1	1	1	0	0	0	?	0	0	0
chr2	3381	38621669	38621672	3	1	1	1	1	0	0	0	?	0	0	0
chr2	3382	38623289	38623292	3	1	1	1	1	0	0	0	?	0	0	0
chr2	3383	38624286	38624289	3	0	0	1	1	2	2	0	?	0	0	0
chr2	3384	38624361	38624364	3	1	1	1	1	0	0	0	?	0	0	0
chr2	3385	38637138	38637141	3	1	1	1	1	0	0	0	?	0	0	0
chr2	3386	38644205	38644207	2	0	0	1	1	4	4	0	?	0	0	0
chr2	3387	38644373	38644376	3	1	1	1	1	0	0	0	?	0	0	0
chr2	3388	38646418	38646421	3	1	1	1	1	0	0	0	?	0	0	0
chr2	3389	38657419	38657422	3	1	1	1	1	0	0	0	?	0	0	0
chr2	3390	38659166	38659169	3	1	1	1	1	0	0	0	?	0	0	0
chr2	3391	38660820	38660823	3	1	1	1	1	0	0	0	?	0	0	0
chr2	3392	38661287	38661290	3	1	1	1	1	0	0	0	?	0	0	0
chr2	3393	38662812	38662815	3	1	1	1	1	0	0	0	?	0	0	0
chr2	3394	38663476	38663478	2	1	1	1	1	0	0	0	?	0	0	0
chr2	3395	38664558	38664561	3	1	1	1	1	0	0	0	?	0	0	0
chr2	3396	38665063	38665066	3	1	1	1	1	0	0	0	?	0	0	0
chr2	3397	38665482	38665498	16	0	0	1	1	28	28	0	?	0	0	0
chr2	3398	38670666	38670669	3	1	1	1	1	0	0	0	?	0	0	0
chr2	3399	38671936	38671939	3	1	1	1	1	0	0	0	?	0	0	0
chr2	3400	38672011	38672014	3	1	1	1	1	0	0	0	?	0	0	0
chr2	3401	38675525	38675544	19	1	1	2	2	2	2	0	?	0	0	0
chr2	3402	38678016	38678018	2	1	1	1	1	0	0	0	?	0	0	0
chr2	3403	38683451	38683454	3	1	1	1	1	0	0	0	?	0	0	0
chr2	3404	38683893	38683896	3	1	1	1	1	0	0	0	?	0	0	0
chr2	3405	38686257	38686279	22	2	0	1	1	112	112	0	?	0	0	0
chr2	3406	38686740	38686743	3	1	1	1	1	0	0	0	?	0	0	0
chr2	3407	38687052	38687055	3	1	1	1	1	0	0	0	?	0	0	0
chr2	3408	38687098	38687101	3	1	1	1	1	0	0	0	?	0	0	0
chr2	3409	38687180	38687183	3	1	1	1	1	0	0	0	?	0	0	0
chr2	3410	38689204	38689207	3	1	1	1	1	0	0	0	?	0	0	0
chr2	3411	38689762	38689765	3	1	1	1	1	0	0	0	?	0	0	0
chr2	3412	38691723	38691741	18	2	2	2	2	0	0	0	?	0	0	0
chr2	3413	38694790	38694793	3	1	1	1	1	0	0	0	?	0	0	0
chr2	3414	38694895	38694914	19	1	1	2	2	2	2	0	?	0	0	0
chr2	3415	38695360	38695363	3	1	1	1	1	0	0	0	?	0	0	0
chr2	3416	38696806	38696809	3	1	1	0	0	0	0	0	?	0	0	0
chr2	3417	38699622	38699625	3	1	1	1	1	0	0	0	?	0	0	0
chr2	3418	38699774	38699777	3	1	1	1	1	0	0	0	?	0	0	0
chr2	3419	38699863	38699866	3	1	1	1	1	0	0	0	?	0	0	0
chr2	3420	38701572	38701575	3	1	1	1	1	0	0	0	?	0	0	0
chr2	3421	38701837	38701840	3	1	1	1	1	0	0	0	?	0	0	0
chr2	3422	38702293	38702296	3	1	1	1	1	0	0	0	?	0	0	0
chr2	3423	38703085	38703102	17	0	0	1	1	30	30	0	?	0	0	0
chr2	3424	38704539	38704542	3	1	1	1	1	0	0	0	?	0	0	0
chr2	3425	38705633	38705636	3	1	1	1	1	0	0	0	?	0	0	0
chr2	3426	38706471	38706474	3	1	1	1	1	0	0	0	?	0	0	0
chr2	3427	38706836	38706839	3	1	1	1	1	0	0	0	?	0	0	0
chr2	3428	38708106	38708112	6	2	2	2	2	0	0	0	?	0	0	0
chr2	3429	38708713	38708716	3	1	1	1	1	0	0	0	?	0	0	0
chr2	3430	38709482	38709485	3	1	1	1	1	0	0	0	?	0	0	0
chr2	3431	38710998	38713442	2444	5	5	8	8	3780	3780	0	?	0	0	0
chr2	3432	38713903	38713906	3	1	1	1	1	0	0	0	?	0	0	0
chr2	3433	38715785	38715788	3	1	1	1	1	0	0	0	?	0	0	0
chr2	3434	38716465	38716468	3	1	1	1	1	0	0	0	?	0	0	0
chr2	3435	38717305	38717315	10	0	0	1	1	16	16	0	?	0	0	0
chr2	3436	38718900	38718903	3	1	1	1	1	0	0	0	?	0	0	0
chr2	3437	38719467	38719470	3	1	1	1	1	0	0	0	?	0	0	0
chr2	3438	38720413	38720417	4	1	1	1	1	0	0	0	?	0	0	0
chr2	3439	38720878	38720881	3	1	1	1	1	0	0	0	?	0	0	0
chr2	3440	38721549	38721552	3	1	1	1	1	0	0	0	?	0	0	0
chr2	3441	38721586	38721589	3	1	1	1	1	0	0	0	?	0	0	0
chr2	3442	38722037	38722044	7	0	0	2	2	6	6	0	?	0	0	0
chr2	3443	38723801	38723804	3	1	1	1	1	0	0	0	?	0	0	0
chr2	3444	38725546	38725548	2	1	1	1	1	0	0	0	?	0	0	0
chr2	3445	38725856	38725859	3	1	1	1	1	0	0	0	?	0	0	0
chr2	3446	38726211	38726227	16	0	0	1	1	28	28	0	?	0	0	0
chr2	3447	38726875	38726878	3	1	1	1	1	0	0	0	?	0	0	0
chr2	3448	38726895	38726897	2	1	1	1	1	0	0	0	?	0	0	0
chr2	3449	38727174	38727177	3	1	1	1	1	0	0	0	?	0	0	0
chr2	3450	38727217	38727220	3	1	1	1	1	0	0	0	?	0	0	0
chr2	3451	38727721	38727724	3	1	1	1	1	0	0	0	?	0	0	0
chr2	3452	38728117	38728120	3	1	1	1	1	0	0	0	?	0	0	0
chr2	3453	38728521	38728524	3	1	1	1	1	0	0	0	?	0	0	0
chr2	3454	38729319	38729322	3	1	1	1	1	0	0	0	?	0	0	0
chr2	3455	38729911	38729914	3	1	1	1	1	0	0	0	?	0	0	0
chr2	3456	38730919	38730921	2	1	1	1	1	0	0	0	?	0	0	0
chr2	3457	38731144	38731147	3	1	1	1	1	0	0	0	?	0	0	0
chr2	3458	38731395	38731407	12	1	1	1	1	0	0	0	?	0	0	0
chr2	3459	38733219	38733223	4	1	1	1	1	0	0	0	?	0	0	0
chr2	3460	38733347	38733350	3	1	1	1	1	0	0	0	?	0	0	0
chr2	3461	38733823	38733826	3	1	1	1	1	0	0	0	?	0	0	0
chr2	3462	38734382	38734384	2	0	0	1	1	2	2	0	?	0	0	0
chr2	3463	38734689	38734691	2	1	1	1	1	0	0	0	?	0	0	0
chr2	3464	38735667	38735669	2	1	1	1	1	0	0	0	?	0	0	0
chr2	3465	38736006	38736009	3	1	1	1	1	0	0	0	?	0	0	0
chr2	3466	38737214	38737217	3	1	1	1	1	0	0	0	?	0	0	0
chr2	3467	38737387	38737390	3	1	1	1	1	0	0	0	?	0	0	0
chr2	3468	38737417	38737420	3	1	1	1	1	0	0	0	?	0	0	0
chr2	3469	38739163	38739166	3	1	1	1	1	0	0	0	?	0	0	0
chr2	3470	38739307	38739311	4	2	2	2	2	0	0	0	?	0	0	0
chr2	3471	38740250	38740253	3	1	1	1	1	0	0	0	?	0	0	0
chr2	3472	38740303	38740306	3	1	1	1	1	0	0	0	?	0	0	0
chr2	3473	38742466	38742468	2	1	1	1	1	0	0	0	?	0	0	0
chr2	3474	38744498	38744500	2	1	1	1	1	0	0	0	?	0	0	0
chr2	3475	38745652	38745655	3	1	1	1	1	0	0	0	?	0	0	0
chr2	3476	38745918	38745921	3	1	1	1	1	0	0	0	?	0	0	0
chr2	3477	38753066	38753068	2	1	1	1	1	0	0	0	?	0	0	0
chr2	3478	38754176	38754179	3	1	1	1	1	0	0	0	?	0	0	0
chr2	3479	38755667	38755670	3	1	1	1	1	0	0	0	?	0	0	0
chr2	3480	38755830	38755833	3	1	1	1	1	0	0	0	?	0	0	0
chr2	3481	38756583	38756586	3	1	1	1	1	0	0	0	?	0	0	0
chr2	3482	38757599	38757602	3	1	1	1	1	0	0	0	?	0	0	0
chr2	3483	38758118	38758121	3	1	1	1	1	0	0	0	?	0	0	0
chr2	3484	38763251	38763254	3	1	1	1	1	0	0	0	?	0	0	0
chr2	3485	38765440	38765443	3	1	1	1	1	0	0	0	?	0	0	0
chr2	3486	38766633	38766636	3	1	1	1	1	0	0	0	?	0	0	0
chr2	3487	38766856	38766873	17	0	0	2	2	22	22	0	?	0	0	0
chr2	3488	38767370	38767373	3	1	1	1	1	0	0	0	?	0	0	0
chr2	3489	38767893	38767896	3	1	1	1	1	0	0	0	?	0	0	0
chr2	3490	38768106	38768109	3	1	1	1	1	0	0	0	?	0	0	0
chr2	3491	38768236	38768239	3	1	1	1	1	0	0	0	?	0	0	0
chr2	3492	38768906	38768909	3	1	1	1	1	0	0	0	?	0	0	0
chr2	3493	38769086	38769089	3	1	1	1	1	0	0	0	?	0	0	0
chr2	3494	38769227	38769230	3	1	1	1	1	0	0	0	?	0	0	0
chr2	3495	38769417	38769420	3	1	1	1	1	0	0	0	?	0	0	0
chr2	3496	38769494	38769497	3	1	1	1	1	0	0	0	?	0	0	0
chr2	3497	38770028	38770031	3	1	1	1	1	0	0	0	?	0	0	0
chr2	3498	38771117	38771119	2	1	1	1	1	0	0	0	?	0	0	0
chr2	3499	38771423	38771425	2	1	1	1	1	0	0	0	?	0	0	0
chr2	3500	38771732	38771735	3	1	1	1	1	0	0	0	?	0	0	0
chr2	3501	38772125	38772128	3	1	1	1	1	0	0	0	?	0	0	0
chr2	3502	38773247	38773250	3	1	1	1	1	0	0	0	?	0	0	0
chr2	3503	38773357	38773413	56	0	0	3	3	10	10	0	?	0	0	0
chr2	3504	38773515	38773518	3	1	1	1	1	0	0	0	?	0	0	0
chr2	3505	38773692	38773695	3	1	1	1	1	0	0	0	?	0	0	0
chr2	3506	38773816	38773859	43	1	1	2	2	2	2	0	?	0	0	0
chr2	3507	38774572	38774575	3	1	1	1	1	0	0	0	?	0	0	0
chr2	3508	38774774	38774777	3	1	1	1	1	0	0	0	?	0	0	0
chr2	3509	38774944	38774947	3	1	1	1	1	0	0	0	?	0	0	0
chr2	3510	38774998	38775001	3	1	1	1	1	0	0	0	?	0	0	0
chr2	3511	38775080	38775083	3	1	1	1	1	0	0	0	?	0	0	0
chr2	3512	38775493	38775496	3	1	1	1	1	0	0	0	?	0	0	0
chr2	3513	38777071	38777074	3	1	1	1	1	0	0	0	?	0	0	0
chr2	3514	38777105	38777110	5	0	0	1	1	6	6	0	?	0	0	0
chr2	3515	38779459	38779462	3	1	1	1	1	0	0	0	?	0	0	0
chr2	3516	38779663	38779665	2	0	0	1	1	6	6	0	?	0	0	0
chr2	3517	38779970	38779973	3	1	1	1	1	0	0	0	?	0	0	0
chr2	3518	38780296	38780299	3	1	1	1	1	0	0	0	?	0	0	0
chr2	3519	38780765	38780768	3	1	1	1	1	0	0	0	?	0	0	0
chr2	3520	38780799	38780802	3	1	1	1	1	0	0	0	?	0	0	0
chr2	3521	38783486	38783493	7	1	1	1	1	0	0	0	?	0	0	0
chr2	3522	38783921	38783924	3	1	1	1	1	0	0	0	?	0	0	0
chr2	3523	38785226	38785229	3	1	1	1	1	0	0	0	?	0	0	0
chr2	3524	38785707	38785715	8	2	2	2	2	0	0	0	?	0	0	0
chr2	3525	38785949	38785952	3	1	1	1	1	0	0	0	?	0	0	0
chr2	3526	38785962	38785965	3	1	1	1	1	0	0	0	?	0	0	0
chr2	3527	38786588	38786591	3	1	1	1	1	0	0	0	?	0	0	0
chr2	3528	38786763	38786766	3	1	1	1	1	0	0	0	?	0	0	0
chr2	3529	38786886	38786889	3	1	1	1	1	0	0	0	?	0	0	0
chr2	3530	38787620	38787623	3	1	1	1	1	0	0	0	?	0	0	0
chr2	3531	38787946	38787949	3	1	1	1	1	0	0	0	?	0	0	0
chr2	3532	38788161	38788164	3	1	1	1	1	0	0	0	?	0	0	0
chr2	3533	38789482	38789485	3	1	1	1	1	0	0	0	?	0	0	0
chr2	3534	38789874	38789878	4	1	0	1	1	2	2	0	?	0	0	0
chr2	3535	38789945	38789947	2	1	1	1	1	0	0	0	?	0	0	0
chr2	3536	38790399	38790402	3	1	1	1	1	0	0	0	?	0	0	0
chr2	3537	38790526	38790529	3	1	1	1	1	0	0	0	?	0	0	0
chr2	3538	38790700	38790703	3	1	1	1	1	0	0	0	?	0	0	0
chr2	3539	38791299	38791302	3	1	1	1	1	0	0	0	?	0	0	0
chr2	3540	38791411	38791413	2	1	1	1	1	0	0	0	?	0	0	0
chr2	3541	38791929	38791932	3	1	1	1	1	0	0	0	?	0	0	0
chr2	3542	38793113	38793116	3	1	1	1	1	0	0	0	?	0	0	0
chr2	3543	38794491	38794494	3	1	1	1	1	0	0	0	?	0	0	0
chr2	3544	38794544	38794547	3	1	1	1	1	0	0	0	?	0	0	0
chr2	3545	38795079	38795082	3	1	1	1	1	0	0	0	?	0	0	0
chr2	3546	38795767	38795770	3	1	1	1	1	0	0	0	?	0	0	0
chr2	3547	38796289	38796292	3	0	0	1	1	2	2	0	?	0	0	0
chr2	3548	38796346	38796349	3	1	1	1	1	0	0	0	?	0	0	0
chr2	3549	38796610	38796612	2	1	1	1	1	0	0	0	?	0	0	0
chr2	3550	38796783	38796786	3	1	1	1	1	0	0	0	?	0	0	0
chr2	3551	38797900	38797903	3	1	1	1	1	0	0	0	?	0	0	0
chr2	3552	38799177	38799180	3	1	1	1	1	0	0	0	?	0	0	0
chr2	3553	38799436	38799438	2	1	1	1	1	0	0	0	?	0	0	0
chr2	3554	38799749	38799752	3	1	1	1	1	0	0	0	?	0	0	0
chr2	3555	38800184	38800187	3	1	1	1	1	0	0	0	?	0	0	0
chr2	3556	38801409	38801411	2	1	1	1	1	0	0	0	?	0	0	0
chr2	3557	38802388	38802391	3	1	1	1	1	0	0	0	?	0	0	0
chr2	3558	38803488	38803491	3	1	1	1	1	0	0	0	?	0	0	0
chr2	3559	38805731	38805734	3	1	1	1	1	0	0	0	?	0	0	0
chr2	3560	38806446	38806449	3	1	1	1	1	0	0	0	?	0	0	0
chr2	3561	38807062	38807065	3	1	1	1	1	0	0	0	?	0	0	0
chr2	3562	38807418	38807421	3	1	1	1	1	0	0	0	?	0	0	0
chr2	3563	38808112	38808115	3	1	1	1	1	0	0	0	?	0	0	0
chr2	3564	38808904	38808907	3	1	1	1	1	0	0	0	?	0	0	0
chr2	3565	38809121	38809124	3	1	1	1	1	0	0	0	?	0	0	0
chr2	3566	38809273	38809276	3	1	1	1	1	0	0	0	?	0	0	0
chr2	3567	38810669	38810672	3	1	1	1	1	0	0	0	?	0	0	0
chr2	3568	38811069	38811072	3	1	1	1	1	0	0	0	?	0	0	0
chr2	3569	38811581	38811584	3	1	1	1	1	0	0	0	?	0	0	0
chr2	3570	38812851	38812853	2	1	1	1	1	0	0	0	?	0	0	0
chr2	3571	38812957	38812960	3	1	1	1	1	0	0	0	?	0	0	0
chr2	3572	38812997	38813000	3	1	1	1	1	0	0	0	?	0	0	0
chr2	3573	38813701	38813704	3	1	1	1	1	0	0	0	?	0	0	0
chr2	3574	38814320	38814323	3	1	1	1	1	0	0	0	?	0	0	0
chr2	3575	38814636	38814639	3	1	1	1	1	0	0	0	?	0	0	0
chr2	3576	38815070	38815072	2	1	1	1	1	0	0	0	?	0	0	0
chr2	3577	38815495	38815498	3	1	1	1	1	0	0	0	?	0	0	0
chr2	3578	38817139	38817142	3	1	1	1	1	0	0	0	?	0	0	0
chr2	3579	38817985	38817988	3	1	1	1	1	0	0	0	?	0	0	0
chr2	3580	38818366	38818369	3	1	1	1	1	0	0	0	?	0	0	0
chr2	3581	38819005	38819008	3	1	1	1	1	0	0	0	?	0	0	0
chr2	3582	38819488	38819491	3	1	1	1	1	0	0	0	?	0	0	0
chr2	3583	38820010	38820013	3	1	1	1	1	0	0	0	?	0	0	0
chr2	3584	38820510	38820513	3	1	1	1	1	0	0	0	?	0	0	0
chr2	3585	38821076	38821079	3	1	1	1	1	0	0	0	?	0	0	0
chr2	3586	38821623	38821626	3	1	1	1	1	0	0	0	?	0	0	0
chr2	3587	38821652	38821655	3	1	1	1	1	0	0	0	?	0	0	0
chr2	3588	38822138	38822141	3	1	1	1	1	0	0	0	?	0	0	0
chr2	3589	38822457	38822460	3	1	1	1	1	0	0	0	?	0	0	0
chr2	3590	38822523	38822526	3	1	1	1	1	0	0	0	?	0	0	0
chr2	3591	38822875	38822878	3	1	1	1	1	0	0	0	?	0	0	0
chr2	3592	38822918	38822921	3	1	1	1	1	0	0	0	?	0	0	0
chr2	3593	38824036	38824039	3	1	1	1	1	0	0	0	?	0	0	0
chr2	3594	38824202	38824205	3	1	1	1	1	0	0	0	?	0	0	0
chr2	3595	38824658	38824661	3	1	1	1	1	0	0	0	?	0	0	0
chr2	3596	38825373	38825376	3	1	1	1	1	0	0	0	?	0	0	0
chr2	3597	38826904	38826907	3	1	1	1	1	0	0	0	?	0	0	0
chr2	3598	38827476	38827538	62	1	1	6	6	10	10	0	?	0	0	0
chr2	3599	38827559	38827562	3	1	1	1	1	0	0	0	?	0	0	0
chr2	3600	38827974	38827977	3	1	1	1	1	0	0	0	?	0	0	0
chr2	3601	38828118	38828121	3	1	1	1	1	0	0	0	?	0	0	0
chr2	3602	38828662	38828665	3	1	1	1	1	0	0	0	?	0	0	0
chr2	3603	38829145	38829148	3	1	1	1	1	0	0	0	?	0	0	0
chr2	3604	38829425	38829428	3	1	1	1	1	0	0	0	?	0	0	0
chr2	3605	38829446	38829449	3	1	1	1	1	0	0	0	?	0	0	0
chr2	3606	38829774	38829777	3	1	1	1	1	0	0	0	?	0	0	0
chr2	3607	38830903	38830906	3	1	1	1	1	0	0	0	?	0	0	0
chr2	3608	38831321	38831324	3	1	1	1	1	0	0	0	?	0	0	0
chr2	3609	38831413	38831416	3	1	1	1	1	0	0	0	?	0	0	0
chr2	3610	38831664	38831667	3	1	1	1	1	0	0	0	?	0	0	0
chr2	3611	38831803	38831806	3	1	1	1	1	0	0	0	?	0	0	0
chr2	3612	38831884	38831887	3	1	1	1	1	0	0	0	?	0	0	0
chr2	3613	38832026	38832029	3	1	1	1	1	0	0	0	?	0	0	0
chr2	3614	38832545	38832552	7	1	1	2	2	6	6	0	?	0	0	0
chr2	3615	38832934	38832937	3	1	1	1	1	0	0	0	?	0	0	0
chr2	3616	38833035	38833038	3	1	1	1	1	0	0	0	?	0	0	0
chr2	3617	38834330	38834333	3	1	1	1	1	0	0	0	?	0	0	0
chr2	3618	38834936	38834939	3	1	1	1	1	0	0	0	?	0	0	0
chr2	3619	38837350	38837353	3	1	1	1	1	0	0	0	?	0	0	0
chr2	3620	38837610	38837612	2	0	0	1	1	32	32	0	?	0	0	0
chr2	3621	38838314	38838317	3	1	1	1	1	0	0	0	?	0	0	0
chr2	3622	38838327	38838330	3	1	1	1	1	0	0	0	?	0	0	0
chr2	3623	38839556	38839559	3	1	1	1	1	0	0	0	?	0	0	0
chr2	3624	38841021	38841024	3	1	1	1	1	0	0	0	?	0	0	0
chr2	3625	38841245	38841248	3	1	1	1	1	0	0	0	?	0	0	0
chr2	3626	38842474	38842477	3	1	1	1	1	0	0	0	?	0	0	0
chr2	3627	38844192	38844195	3	1	1	1	1	0	0	0	?	0	0	0
chr2	3628	38844334	38844678	344	0	0	1	1	684	684	0	?	0	0	0
chr2	3629	38845864	38845867	3	1	1	1	1	0	0	0	?	0	0	0
chr2	3630	38846177	38846180	3	1	1	1	1	0	0	0	?	0	0	0
chr2	3631	38846615	38846617	2	1	1	1	1	0	0	0	?	0	0	0
chr2	3632	38847954	38847957	3	1	1	1	1	0	0	0	?	0	0	0
chr2	3633	38849546	38849549	3	1	1	1	1	0	0	0	?	0	0	0
chr2	3634	38850620	38850622	2	1	1	1	1	0	0	0	?	0	0	0
chr2	3635	38850691	38850693	2	1	1	1	1	0	0	0	?	0	0	0
chr2	3636	38852335	38852337	2	1	1	1	1	0	0	0	?	0	0	0
chr2	3637	38853043	38853045	2	0	0	1	1	50	50	0	?	0	0	0
chr2	3638	38853223	38853226	3	1	1	1	1	0	0	0	?	0	0	0
chr2	3639	38854563	38854566	3	1	1	1	1	2	2	0	?	0	0	0
chr2	3640	38854720	38854723	3	1	1	1	1	0	0	0	?	0	0	0
chr2	3641	38855436	38855450	14	1	1	1	1	0	0	0	?	0	0	0
chr2	3642	38856085	38856088	3	1	1	1	1	0	0	0	?	0	0	0
chr2	3643	38856668	38856671	3	1	1	1	1	0	0	0	?	0	0	0
chr2	3644	38856896	38856899	3	1	1	1	1	0	0	0	?	0	0	0
chr2	3645	38857148	38857151	3	1	1	1	1	0	0	0	?	0	0	0
chr2	3646	38857613	38857616	3	1	1	1	1	0	0	0	?	0	0	0
chr2	3647	38860746	38860749	3	1	1	1	1	0	0	0	?	0	0	0
chr2	3648	38863045	38863048	3	1	1	1	1	0	0	0	?	0	0	0
chr2	3649	38863552	38863555	3	1	1	1	1	0	0	0	?	0	0	0
chr2	3650	38863684	38863687	3	1	1	1	1	0	0	0	?	0	0	0
chr2	3651	38864020	38864023	3	1	1	1	1	0	0	0	?	0	0	0
chr2	3652	38864300	38864303	3	1	1	1	1	0	0	0	?	0	0	0
chr2	3653	38865151	38865154	3	1	1	1	1	0	0	0	?	0	0	0
chr2	3654	38866257	38866260	3	1	1	1	1	0	0	0	?	0	0	0
chr2	3655	38869589	38869592	3	1	1	1	1	0	0	0	?	0	0	0
chr2	3656	38869729	38869732	3	1	1	1	1	0	0	0	?	0	0	0
chr2	3657	38869913	38869916	3	1	1	1	1	0	0	0	?	0	0	0
chr2	3658	38870615	38870618	3	1	1	1	1	0	0	0	?	0	0	0
chr2	3659	38871214	38871217	3	1	1	1	1	0	0	0	?	0	0	0
chr2	3660	38871620	38871623	3	1	1	1	1	0	0	0	?	0	0	0
chr2	3661	38871709	38871711	2	1	1	1	1	0	0	0	?	0	0	0
chr2	3662	38872774	38872777	3	1	1	1	1	0	0	0	?	0	0	0
chr2	3663	38872909	38872912	3	1	1	1	1	0	0	0	?	0	0	0
chr2	3664	38873616	38873619	3	1	1	1	1	0	0	0	?	0	0	0
chr2	3665	38873834	38873837	3	1	1	1	1	0	0	0	?	0	0	0
chr2	3666	38873961	38873964	3	1	1	1	1	0	0	0	?	0	0	0
chr2	3667	38874005	38874008	3	1	1	1	1	0	0	0	?	0	0	0
chr2	3668	38874099	38874101	2	1	1	1	1	0	0	0	?	0	0	0
chr2	3669	38874400	38874406	6	1	1	1	1	0	0	0	?	0	0	0
chr2	3670	38874683	38874686	3	1	1	1	1	0	0	0	?	0	0	0
chr2	3671	38875384	38875387	3	1	1	1	1	0	0	0	?	0	0	0
chr2	3672	38877416	38877419	3	1	1	1	1	0	0	0	?	0	0	0
chr2	3673	38877663	38877666	3	1	1	1	1	0	0	0	?	0	0	0
chr2	3674	38878120	38878122	2	1	1	1	1	0	0	0	?	0	0	0
chr2	3675	38879418	38879421	3	1	1	1	1	0	0	0	?	0	0	0
chr2	3676	38879840	38879843	3	1	1	1	1	0	0	0	?	0	0	0
chr2	3677	38881244	38881247	3	1	1	1	1	0	0	0	?	0	0	0
chr2	3678	38881630	38881633	3	1	1	1	1	0	0	0	?	0	0	0
chr2	3679	38882250	38882253	3	1	1	1	1	0	0	0	?	0	0	0
chr2	3680	38882793	38882795	2	1	1	1	1	0	0	0	?	0	0	0
chr2	3681	38882977	38882980	3	1	1	1	1	0	0	0	?	0	0	0
chr2	3682	38883762	38883765	3	1	1	1	1	0	0	0	?	0	0	0
chr2	3683	38884287	38884290	3	1	1	1	1	0	0	0	?	0	0	0
chr2	3684	38890142	38890145	3	1	1	1	1	0	0	0	?	0	0	0
chr2	3685	38890475	38890478	3	1	1	1	1	0	0	0	?	0	0	0
chr2	3686	38890967	38890969	2	1	1	1	1	0	0	0	?	0	0	0
chr2	3687	38891062	38891065	3	1	1	1	1	0	0	0	?	0	0	0
chr2	3688	38891400	38891403	3	1	1	1	1	0	0	0	?	0	0	0
chr2	3689	38893156	38893159	3	1	1	1	1	0	0	0	?	0	0	0
chr2	3690	38893827	38893830	3	1	1	1	1	0	0	0	?	0	0	0
chr2	3691	38894331	38894333	2	1	1	1	1	0	0	0	?	0	0	0
chr2	3692	38894422	38894439	17	2	2	2	2	0	0	0	?	0	0	0
chr2	3693	38894714	38894717	3	1	1	1	1	0	0	0	?	0	0	0
chr2	3694	38895314	38895317	3	1	1	1	1	0	0	0	?	0	0	0
chr2	3695	38895757	38895760	3	1	1	1	1	0	0	0	?	0	0	0
chr2	3696	38896647	38896650	3	1	1	1	1	0	0	0	?	0	0	0
chr2	3697	38897812	38897815	3	1	1	1	1	0	0	0	?	0	0	0
chr2	3698	38899255	38899258	3	1	1	1	1	0	0	0	?	0	0	0
chr2	3699	38901467	38901470	3	1	1	1	1	0	0	0	?	0	0	0
chr2	3700	38902792	38902795	3	1	1	1	1	0	0	0	?	0	0	0
chr2	3701	38903190	38903193	3	1	1	1	1	0	0	0	?	0	0	0
chr2	3702	38904140	38904143	3	1	1	1	1	0	0	0	?	0	0	0
chr2	3703	38904414	38904417	3	1	1	1	1	0	0	0	?	0	0	0
chr2	3704	38904706	38904709	3	1	1	1	1	0	0	0	?	0	0	0
chr2	3705	38909705	38909708	3	1	1	1	1	0	0	0	?	0	0	0
chr2	3706	38920351	38920354	3	0	0	0	1	1	1	0	?	0	0	0
chr2	3707	38920400	38920411	11	0	0	0	2	2	2	0	?	0	0	0
chr2	3708	38925391	38925394	3	1	1	1	1	0	0	0	?	0	0	0
chr2	3709	38927320	38927323	3	1	1	1	1	0	0	0	?	0	0	0
chr2	3710	38932441	38932444	3	1	1	1	1	0	0	0	?	0	0	0
chr2	3711	38933486	38933489	3	1	1	1	1	0	0	0	?	0	0	0
chr2	3712	38934445	38934448	3	0	0	1	1	2	2	0	?	0	0	0
chr2	3713	38934556	38934558	2	0	0	1	1	60	60	0	?	0	0	0
chr2	3714	38935001	38935004	3	1	1	1	1	0	0	0	?	0	0	0
chr2	3715	38935047	38935049	2	1	1	1	1	0	0	0	?	0	0	0
chr2	3716	38935147	38935150	3	1	1	1	1	0	0	0	?	0	0	0
chr2	3717	38935643	38935646	3	1	1	1	1	0	0	0	?	0	0	0
chr2	3718	38936066	38936069	3	1	1	1	1	0	0	0	?	0	0	0
chr2	3719	38936182	38936185	3	1	1	1	1	0	0	0	?	0	0	0
chr2	3720	38937911	38937914	3	1	1	1	1	0	0	0	?	0	0	0
chr2	3721	38938214	38938217	3	1	1	1	1	0	0	0	?	0	0	0
chr2	3722	38939433	38939436	3	1	1	1	1	0	0	0	?	0	0	0
chr2	3723	38941199	38941202	3	1	1	1	1	0	0	0	?	0	0	0
chr2	3724	38942004	38942009	5	1	1	1	1	0	0	0	?	0	0	0
chr2	3725	38942163	38942166	3	1	1	1	1	0	0	0	?	0	0	0
chr2	3726	38942467	38942469	2	1	1	1	1	0	0	0	?	0	0	0
chr2	3727	38943541	38943544	3	1	1	1	1	0	0	0	?	0	0	0
chr2	3728	38943790	38943793	3	1	1	1	1	0	0	0	?	0	0	0
chr2	3729	38944638	38944641	3	1	1	1	1	0	0	0	?	0	0	0
chr2	3730	38944875	38944903	28	2	2	2	2	0	0	0	?	0	0	0
chr2	3731	38945334	38945337	3	1	1	1	1	0	0	0	?	0	0	0
chr2	3732	38946428	38946433	5	1	1	1	1	0	0	0	?	0	0	0
chr2	3733	38949552	38949555	3	1	1	1	1	0	0	0	?	0	0	0
chr2	3734	38950177	38950180	3	1	1	1	1	0	0	0	?	0	0	0
chr2	3735	38951350	38951353	3	1	1	1	1	0	0	0	?	0	0	0
chr2	3736	38951716	38951719	3	1	1	1	1	0	0	0	?	0	0	0
chr2	3737	38952986	38952989	3	1	1	1	1	0	0	0	?	0	0	0
chr2	3738	38954632	38954635	3	1	1	1	1	0	0	0	?	0	0	0
chr2	3739	38954878	38954881	3	1	1	1	1	0	0	0	?	0	0	0
chr2	3740	38955480	38955482	2	0	0	1	1	6	6	0	?	0	0	0
chr2	3741	38955623	38955626	3	1	1	1	1	0	0	0	?	0	0	0
chr2	3742	38955643	38955646	3	1	1	1	1	0	0	0	?	0	0	0
chr2	3743	38957821	38957824	3	1	1	1	1	0	0	0	?	0	0	0
chr2	3744	38957905	38957908	3	1	1	1	1	0	0	0	?	0	0	0
chr2	3745	38958670	38958673	3	1	1	1	1	0	0	0	?	0	0	0
chr2	3746	38958713	38958716	3	1	1	1	1	0	0	0	?	0	0	0
chr2	3747	38959196	38959199	3	1	1	1	1	0	0	0	?	0	0	0
chr2	3748	38960047	38960050	3	1	1	1	1	0	0	0	?	0	0	0
chr2	3749	38960376	38960379	3	1	1	1	1	0	0	0	?	0	0	0
chr2	3750	38961367	38961370	3	1	1	1	1	0	0	0	?	0	0	0
chr2	3751	38961772	38961775	3	1	1	1	1	0	0	0	?	0	0	0
chr2	3752	38962493	38962496	3	1	1	1	1	0	0	0	?	0	0	0
chr2	3753	38962688	38962691	3	1	1	1	1	0	0	0	?	0	0	0
chr2	3754	38962823	38962826	3	1	1	1	1	0	0	0	?	0	0	0
chr2	3755	38962848	38962850	2	0	0	1	1	4	4	0	?	0	0	0
chr2	3756	38962932	38962935	3	1	1	1	1	0	0	0	?	0	0	0
chr2	3757	38963022	38963025	3	1	1	1	1	0	0	0	?	0	0	0
chr2	3758	38963821	38963824	3	1	1	1	1	0	0	0	?	0	0	0
chr2	3759	38970400	38970403	3	1	1	1	1	0	0	0	?	0	0	0
chr2	3760	38970893	38970896	3	1	1	1	1	0	0	0	?	0	0	0
chr2	3761	38971823	38971826	3	1	1	1	1	0	0	0	?	0	0	0
chr2	3762	38972128	38972131	3	1	1	1	1	0	0	0	?	0	0	0
chr2	3763	38972559	38972562	3	1	1	1	1	0	0	0	?	0	0	0
chr2	3764	38972737	38972740	3	1	1	1	1	0	0	0	?	0	0	0
chr2	3765	38972812	38972815	3	1	1	1	1	0	0	0	?	0	0	0
chr2	3766	38973910	38973912	2	1	1	1	1	0	0	0	?	0	0	0
chr2	3767	38975911	38975914	3	1	1	1	1	0	0	0	?	0	0	0
chr2	3768	38976897	38976900	3	1	1	1	1	0	0	0	?	0	0	0
chr2	3769	38977677	38977680	3	1	1	1	1	0	0	0	?	0	0	0
chr2	3770	38977717	38977720	3	1	1	1	1	0	0	0	?	0	0	0
chr2	3771	38978172	38978175	3	1	1	1	1	0	0	0	?	0	0	0
chr2	3772	38978653	38978656	3	1	1	1	1	0	0	0	?	0	0	0
chr2	3773	38979243	38979246	3	1	1	1	1	0	0	0	?	0	0	0
chr2	3774	38979313	38979316	3	1	1	1	1	0	0	0	?	0	0	0
chr2	3775	38980914	38980917	3	1	1	1	1	0	0	0	?	0	0	0
chr2	3776	38981370	38981372	2	1	1	1	1	0	0	0	?	0	0	0
chr2	3777	38981904	38981907	3	1	1	1	1	0	0	0	?	0	0	0
chr2	3778	38982283	38982286	3	1	1	1	1	0	0	0	?	0	0	0
chr2	3779	38983255	38983258	3	1	1	1	1	0	0	0	?	0	0	0
chr2	3780	38983577	38983579	2	1	1	1	1	0	0	0	?	0	0	0
chr2	3781	38983978	38983981	3	1	1	1	1	0	0	0	?	0	0	0
chr2	3782	38984216	38984219	3	1	1	1	1	0	0	0	?	0	0	0
chr2	3783	38985423	38985425	2	1	1	1	1	0	0	0	?	0	0	0
chr2	3784	38985494	38985497	3	1	1	1	1	0	0	0	?	0	0	0
chr2	3785	38987678	38987681	3	1	1	1	1	0	0	0	?	0	0	0
chr2	3786	38988529	38988532	3	1	1	1	1	0	0	0	?	0	0	0
chr2	3787	38988752	38988755	3	1	1	1	1	0	0	0	?	0	0	0
chr2	3788	38988944	38988946	2	1	1	1	1	0	0	0	?	0	0	0
chr2	3789	38989555	38989558	3	1	1	1	1	0	0	0	?	0	0	0
chr2	3790	38989630	38989633	3	1	1	1	1	0	0	0	?	0	0	0
chr2	3791	38989730	38989733	3	1	1	1	1	0	0	0	?	0	0	0
chr2	3792	38990599	38990602	3	1	1	1	1	0	0	0	?	0	0	0
chr2	3793	38991315	38991318	3	1	1	1	1	0	0	0	?	0	0	0
chr2	3794	38991409	38991412	3	1	1	1	1	0	0	0	?	0	0	0
chr2	3795	38991744	38991747	3	1	1	1	1	0	0	0	?	0	0	0
chr2	3796	38992218	38992221	3	1	1	1	1	0	0	0	?	0	0	0
chr2	3797	38992253	38992255	2	1	1	1	1	0	0	0	?	0	0	0
chr2	3798	38993366	38993370	4	2	2	2	2	0	0	0	?	0	0	0
chr2	3799	38993512	38993515	3	1	1	1	1	0	0	0	?	0	0	0
chr2	3800	38993761	38993764	3	1	1	1	1	0	0	0	?	0	0	0
chr2	3801	38993832	38993835	3	1	1	1	1	0	0	0	?	0	0	0
chr2	3802	38995772	38995775	3	1	1	1	1	0	0	0	?	0	0	0
chr2	3803	38997208	38997211	3	1	1	1	1	0	0	0	?	0	0	0
chr2	3804	38997473	38997475	2	1	1	1	1	0	0	0	?	0	0	0
chr2	3805	38997605	38997607	2	1	1	1	1	0	0	0	?	0	0	0
chr2	3806	38998028	38998031	3	1	1	1	1	0	0	0	?	0	0	0
chr2	3807	38998395	38998398	3	1	1	1	1	0	0	0	?	0	0	0
chr2	3808	38999128	38999131	3	1	1	1	1	0	0	0	?	0	0	0
chr2	3809	38999920	38999923	3	1	1	1	1	0	0	0	?	0	0	0
chr2	3810	39000338	39000341	3	1	1	1	1	0	0	0	?	0	0	0
chr2	3811	39001489	39001492	3	1	1	1	1	0	0	0	?	0	0	0
chr2	3812	39001740	39001743	3	1	1	1	1	0	0	0	?	0	0	0
chr2	3813	39002241	39002243	2	1	1	1	1	0	0	0	?	0	0	0
chr2	3814	39002321	39002334	13	2	2	2	2	0	0	0	?	0	0	0
chr2	3815	39002976	39002979	3	1	1	1	1	0	0	0	?	0	0	0
chr2	3816	39003072	39003074	2	1	1	1	1	0	0	0	?	0	0	0
chr2	3817	39003208	39003211	3	1	1	1	1	0	0	0	?	0	0	0
chr2	3818	39004405	39004407	2	1	1	1	1	0	0	0	?	0	0	0
chr2	3819	39005132	39005135	3	1	1	1	1	0	0	0	?	0	0	0
chr2	3820	39005920	39005923	3	1	1	1	1	0	0	0	?	0	0	0
chr2	3821	39005991	39005994	3	1	1	1	1	0	0	0	?	0	0	0
chr2	3822	39006357	39006360	3	1	1	1	1	0	0	0	?	0	0	0
chr2	3823	39008187	39008190	3	1	1	1	1	0	0	0	?	0	0	0
chr2	3824	39008927	39008930	3	1	1	1	1	0	0	0	?	0	0	0
chr2	3825	39009840	39009843	3	1	1	1	1	0	0	0	?	0	0	0
chr2	3826	39010896	39010898	2	0	0	1	1	8	8	0	?	0	0	0
chr2	3827	39011050	39011053	3	1	1	1	1	0	0	0	?	0	0	0
chr2	3828	39011252	39011255	3	1	1	1	1	0	0	0	?	0	0	0
chr2	3829	39011520	39011523	3	1	1	1	1	0	0	0	?	0	0	0
chr2	3830	39011549	39011552	3	1	1	1	1	0	0	0	?	0	0	0
chr2	3831	39011711	39011714	3	1	1	1	1	0	0	0	?	0	0	0
chr2	3832	39012429	39012432	3	1	1	1	1	0	0	0	?	0	0	0
chr2	3833	39012913	39012916	3	1	1	1	1	0	0	0	?	0	0	0
chr2	3834	39015560	39015563	3	1	1	1	1	0	0	0	?	0	0	0
chr2	3835	39015986	39015989	3	1	1	1	1	0	0	0	?	0	0	0
chr2	3836	39017771	39017774	3	1	1	1	1	0	0	0	?	0	0	0
chr2	3837	39018613	39018616	3	1	1	1	1	0	0	0	?	0	0	0
chr2	3838	39019097	39019100	3	1	1	1	1	0	0	0	?	0	0	0
chr2	3839	39019540	39019543	3	1	1	1	1	0	0	0	?	0	0	0
chr2	3840	39019719	39019722	3	1	1	1	1	0	0	0	?	0	0	0
chr2	3841	39020146	39020149	3	1	1	1	1	0	0	0	?	0	0	0
chr2	3842	39020193	39020196	3	1	1	1	1	0	0	0	?	0	0	0
chr2	3843	39020599	39020602	3	1	1	1	1	0	0	0	?	0	0	0
chr2	3844	39020713	39020716	3	1	1	1	1	0	0	0	?	0	0	0
chr2	3845	39020902	39020904	2	1	1	1	1	0	0	0	?	0	0	0
chr2	3846	39021524	39021527	3	1	1	1	1	0	0	0	?	0	0	0
chr2	3847	39022185	39022188	3	1	1	1	1	0	0	0	?	0	0	0
chr2	3848	39022266	39022269	3	1	1	1	1	0	0	0	?	0	0	0
chr2	3849	39023530	39023533	3	1	1	1	1	0	0	0	?	0	0	0
chr2	3850	39023628	39023631	3	1	1	1	1	0	0	0	?	0	0	0
chr2	3851	39024233	39024235	2	1	1	1	1	0	0	0	?	0	0	0
chr2	3852	39024942	39024946	4	1	1	1	1	0	0	0	?	0	0	0
chr2	3853	39025411	39025414	3	1	1	1	1	0	0	0	?	0	0	0
chr2	3854	39025536	39025539	3	1	1	1	1	0	0	0	?	0	0	0
chr2	3855	39025708	39025711	3	1	1	1	1	0	0	0	?	0	0	0
chr2	3856	39026174	39026177	3	1	1	1	1	0	0	0	?	0	0	0
chr2	3857	39026365	39026376	11	1	1	1	1	0	0	0	?	0	0	0
chr2	3858	39027484	39027487	3	1	1	1	1	0	0	0	?	0	0	0
chr2	3859	39027753	39027756	3	1	1	1	1	0	0	0	?	0	0	0
chr2	3860	39028730	39028733	3	1	1	1	1	0	0	0	?	0	0	0
chr2	3861	39029734	39029737	3	1	1	1	1	0	0	0	?	0	0	0
chr2	3862	39029982	39029985	3	1	1	1	1	0	0	0	?	0	0	0
chr2	3863	39030243	39030245	2	1	1	1	1	0	0	0	?	0	0	0
chr2	3864	39030524	39030527	3	1	1	1	1	0	0	0	?	0	0	0
chr2	3865	39033220	39033222	2	1	1	1	1	0	0	0	?	0	0	0
chr2	3866	39033325	39033328	3	1	1	1	1	0	0	0	?	0	0	0
chr2	3867	39034925	39034928	3	1	1	1	1	0	0	0	?	0	0	0
chr2	3868	39036728	39036731	3	1	1	1	1	0	0	0	?	0	0	0
chr2	3869	39036819	39036822	3	1	1	1	1	0	0	0	?	0	0	0
chr2	3870	39037615	39037618	3	1	1	1	1	0	0	0	?	0	0	0
chr2	3871	39038285	39038288	3	1	1	1	1	0	0	0	?	0	0	0
chr2	3872	39038731	39038733	2	0	0	1	1	18	18	0	?	0	0	0
chr2	3873	39038991	39038994	3	1	1	1	1	0	0	0	?	0	0	0
chr2	3874	39039241	39039244	3	1	1	1	1	0	0	0	?	0	0	0
chr2	3875	39044281	39044284	3	1	1	1	1	0	0	0	?	0	0	0
chr2	3876	39044586	39044589	3	1	1	1	1	0	0	0	?	0	0	0
chr2	3877	39044863	39044865	2	1	1	1	1	2	2	0	?	0	0	0
chr2	3878	39045246	39045274	28	1	1	3	3	22	22	0	?	0	0	0
chr2	3879	39046393	39046396	3	1	1	1	1	0	0	0	?	0	0	0
chr2	3880	39046494	39046510	16	1	1	1	1	0	0	0	?	0	0	0
chr2	3881	39047828	39047831	3	1	1	1	1	0	0	0	?	0	0	0
chr2	3882	39049814	39049817	3	1	1	1	1	0	0	0	?	0	0	0
chr2	3883	39049965	39049968	3	1	1	1	1	0	0	0	?	0	0	0
chr2	3884	39050923	39050926	3	1	1	1	1	0	0	0	?	0	0	0
chr2	3885	39054169	39054172	3	1	1	1	1	0	0	0	?	0	0	0
chr2	3886	39054587	39054590	3	1	1	1	1	0	0	0	?	0	0	0
chr2	3887	39054936	39054939	3	1	1	1	1	0	0	0	?	0	0	0
chr2	3888	39055541	39055544	3	1	1	1	1	0	0	0	?	0	0	0
chr2	3889	39056149	39056152	3	1	1	1	1	0	0	0	?	0	0	0
chr2	3890	39057439	39057442	3	1	1	1	1	0	0	0	?	0	0	0
chr2	3891	39057519	39057522	3	1	1	1	1	0	0	0	?	0	0	0
chr2	3892	39057739	39057742	3	1	1	1	1	0	0	0	?	0	0	0
chr2	3893	39057902	39057905	3	1	1	1	1	0	0	0	?	0	0	0
chr2	3894	39058229	39058232	3	1	1	1	1	0	0	0	?	0	0	0
chr2	3895	39058409	39058415	6	1	1	1	1	0	0	0	?	0	0	0
chr2	3896	39060407	39060410	3	1	1	1	1	0	0	0	?	0	0	0
chr2	3897	39060525	39060528	3	1	1	1	1	0	0	0	?	0	0	0
chr2	3898	39060955	39060958	3	1	1	1	1	0	0	0	?	0	0	0
chr2	3899	39061040	39061043	3	1	1	1	1	0	0	0	?	0	0	0
chr2	3900	39061248	39061251	3	1	1	1	1	0	0	0	?	0	0	0
chr2	3901	39061343	39061346	3	1	1	1	1	0	0	0	?	0	0	0
chr2	3902	39061861	39061864	3	1	1	1	1	0	0	0	?	0	0	0
chr2	3903	39061997	39061999	2	1	1	1	1	0	0	0	?	0	0	0
chr2	3904	39062421	39062436	15	2	2	2	2	0	0	0	?	0	0	0
chr2	3905	39063282	39063285	3	1	1	1	1	0	0	0	?	0	0	0
chr2	3906	39063344	39063347	3	1	1	1	1	0	0	0	?	0	0	0
chr2	3907	39064741	39064770	29	1	1	2	2	10	10	0	?	0	0	0
chr2	3908	39065455	39065458	3	1	1	1	1	0	0	0	?	0	0	0
chr2	3909	39066387	39066390	3	1	1	1	1	0	0	0	?	0	0	0
chr2	3910	39066715	39066718	3	1	1	1	1	0	0	0	?	0	0	0
chr2	3911	39066873	39066876	3	1	1	1	1	0	0	0	?	0	0	0
chr2	3912	39067122	39067125	3	1	1	1	1	0	0	0	?	0	0	0
chr2	3913	39067604	39067607	3	1	1	1	1	0	0	0	?	0	0	0
chr2	3914	39068139	39068142	3	1	1	1	1	0	0	0	?	0	0	0
chr2	3915	39069189	39069199	10	0	0	1	1	16	16	0	?	0	0	0
chr2	3916	39070928	39070931	3	1	1	1	1	0	0	0	?	0	0	0
chr2	3917	39071260	39071263	3	1	1	1	1	0	0	0	?	0	0	0
chr2	3918	39072128	39072131	3	1	1	1	1	0	0	0	?	0	0	0
chr2	3919	39072171	39072174	3	1	1	1	1	0	0	0	?	0	0	0
chr2	3920	39073116	39073119	3	1	1	1	1	0	0	0	?	0	0	0
chr2	3921	39074357	39074359	2	1	1	1	1	0	0	0	?	0	0	0
chr2	3922	39074673	39074676	3	1	1	1	1	0	0	0	?	0	0	0
chr2	3923	39074892	39074895	3	1	1	1	1	0	0	0	?	0	0	0
chr2	3924	39075587	39075617	30	2	2	2	2	0	0	0	?	0	0	0
chr2	3925	39077319	39077322	3	1	1	1	1	0	0	0	?	0	0	0
chr2	3926	39077621	39077624	3	1	1	1	1	0	0	0	?	0	0	0
chr2	3927	39077650	39077653	3	1	1	1	1	0	0	0	?	0	0	0
chr2	3928	39078162	39078165	3	1	1	1	1	0	0	0	?	0	0	0
chr2	3929	39078346	39078349	3	1	1	1	1	0	0	0	?	0	0	0
chr2	3930	39078512	39078517	5	3	3	3	3	0	0	0	?	0	0	0
chr2	3931	39078578	39078581	3	1	1	1	1	0	0	0	?	0	0	0
chr2	3932	39078785	39078788	3	1	1	1	1	0	0	0	?	0	0	0
chr2	3933	39078917	39078920	3	1	1	1	1	0	0	0	?	0	0	0
chr2	3934	39079151	39079155	4	0	0	2	2	120	120	0	?	0	0	0
chr2	3935	39079510	39079512	2	0	0	1	1	6	6	0	?	0	0	0
chr2	3936	39081503	39081506	3	1	1	1	1	0	0	0	?	0	0	0
chr2	3937	39081649	39081652	3	1	1	1	1	0	0	0	?	0	0	0
chr2	3938	39081998	39082001	3	1	1	1	1	0	0	0	?	0	0	0
chr2	3939	39084319	39084322	3	1	1	1	1	0	0	0	?	0	0	0
chr2	3940	39085217	39085220	3	1	1	1	1	0	0	0	?	0	0	0
chr2	3941	39086503	39086506	3	1	1	1	1	0	0	0	?	0	0	0
chr2	3942	39087826	39088511	685	6	6	6	6	634	634	0	?	0	0	0
chr2	3943	39089158	39089161	3	1	1	1	1	0	0	0	?	0	0	0
chr2	3944	39089529	39089531	2	1	1	1	1	0	0	0	?	0	0	0
chr2	3945	39089971	39089974	3	1	1	1	1	0	0	0	?	0	0	0
chr2	3946	39090009	39090012	3	1	1	1	1	0	0	0	?	0	0	0
chr2	3947	39090138	39090141	3	1	1	1	1	0	0	0	?	0	0	0
chr2	3948	39090897	39090900	3	1	1	1	1	0	0	0	?	0	0	0
chr2	3949	39091167	39091170	3	1	1	1	1	0	0	0	?	0	0	0
chr2	3950	39091978	39091981	3	1	1	1	1	0	0	0	?	0	0	0
chr2	3951	39092239	39092242	3	1	1	1	1	0	0	0	?	0	0	0
chr2	3952	39092305	39092308	3	1	1	1	1	0	0	0	?	0	0	0
chr2	3953	39092924	39092927	3	1	1	1	1	0	0	0	?	0	0	0
chr2	3954	39093694	39093697	3	1	1	1	1	0	0	0	?	0	0	0
chr2	3955	39094098	39094101	3	1	1	1	1	0	0	0	?	0	0	0
chr2	3956	39094645	39094657	12	2	2	2	2	0	0	0	?	0	0	0
chr2	3957	39095799	39095802	3	1	1	1	1	0	0	0	?	0	0	0
chr2	3958	39096023	39096026	3	1	1	1	1	0	0	0	?	0	0	0
chr2	3959	39097326	39097329	3	1	1	1	1	0	0	0	?	0	0	0
chr2	3960	39099021	39099024	3	1	1	1	1	0	0	0	?	0	0	0
chr2	3961	39099368	39099371	3	1	1	1	1	0	0	0	?	0	0	0
chr2	3962	39099591	39099594	3	1	1	1	1	0	0	0	?	0	0	0
chr2	3963	39099692	39099695	3	1	1	1	1	0	0	0	?	0	0	0
chr2	3964	39100862	39100865	3	1	1	1	1	0	0	0	?	0	0	0
chr2	3965	39100918	39100921	3	1	1	1	1	0	0	0	?	0	0	0
chr2	3966	39101305	39101308	3	1	1	1	1	0	0	0	?	0	0	0
chr2	3967	39101497	39101500	3	1	1	1	1	0	0	0	?	0	0	0
chr2	3968	39101684	39101687	3	1	1	1	1	0	0	0	?	0	0	0
chr2	3969	39102203	39102243	40	1	1	2	2	14	14	0	?	0	0	0
chr2	3970	39102529	39102531	2	0	0	1	1	2	2	0	?	0	0	0
chr2	3971	39104950	39104953	3	1	1	1	1	0	0	0	?	0	0	0
chr2	3972	39105525	39105528	3	1	1	1	1	0	0	0	?	0	0	0
chr2	3973	39106145	39106148	3	1	1	1	1	0	0	0	?	0	0	0
chr2	3974	39106183	39106187	4	1	1	1	1	0	0	0	?	0	0	0
chr2	3975	39106332	39106335	3	1	1	1	1	0	0	0	?	0	0	0
chr2	3976	39106601	39106603	2	0	0	1	1	2	2	0	?	0	0	0
chr2	3977	39107567	39107570	3	1	1	1	1	0	0	0	?	0	0	0
chr2	3978	39108805	39108808	3	1	1	1	1	0	0	0	?	0	0	0
chr2	3979	39110038	39110040	2	0	0	1	1	8	8	0	?	0	0	0
chr2	3980	39116186	39116188	2	0	0	1	1	8	8	0	?	0	0	0
chr2	3981	39122446	39122450	4	1	1	1	1	0	0	0	?	0	0	0
chr2	3982	39126163	39126166	3	1	1	1	1	0	0	0	?	0	0	0
chr2	3983	39126232	39126237	5	1	1	1	1	0	0	0	?	0	0	0
chr2	3984	39135062	39135068	6	1	1	1	1	0	0	0	?	0	0	0
chr2	3985	39136566	39136569	3	0	0	1	1	2	2	0	?	0	0	0
chr2	3986	39136659	39136662	3	1	1	1	1	0	0	0	?	0	0	0
chr2	3987	39149210	39149213	3	1	1	1	1	0	0	0	?	0	0	0
chr2	3988	39151177	39151180	3	1	1	1	1	0	0	0	?	0	0	0
chr2	3989	39152701	39152704	3	0	0	1	1	2	2	0	?	0	0	0
chr2	3990	39156775	39156785	10	2	2	2	2	0	0	0	?	0	0	0
chr2	3991	39166144	39166147	3	1	1	1	1	0	0	0	?	0	0	0
chr2	3992	39166214	39166217	3	1	1	1	1	0	0	0	?	0	0	0
chr2	3993	39166811	39166861	50	1	1	3	3	10	10	0	?	0	0	0
chr2	3994	39167019	39167022	3	1	1	1	1	0	0	0	?	0	0	0
chr2	3995	39167159	39167162	3	1	1	1	1	0	0	0	?	0	0	0
chr2	3996	39167286	39167289	3	1	1	1	1	0	0	0	?	0	0	0
chr2	3997	39168879	39168882	3	1	1	1	1	0	0	0	?	0	0	0
chr2	3998	39169314	39169317	3	1	1	1	1	0	0	0	?	0	0	0
chr2	3999	39170295	39170307	12	1	1	1	1	0	0	0	?	0	0	0
chr2	4000	39172267	39172270	3	1	1	1	1	0	0	0	?	0	0	0
chr2	4001	39175863	39175866	3	1	1	1	1	0	0	0	?	0	0	0
chr2	4002	39178314	39178317	3	1	1	1	1	0	0	0	?	0	0	0
chr2	4003	39181475	39181478	3	1	1	1	1	0	0	0	?	0	0	0
chr2	4004	39183278	39183282	4	1	1	1	1	0	0	0	?	0	0	0
chr2	4005	39185240	39185268	28	0	0	1	1	52	52	0	?	0	0	0
chr2	4006	39201509	39201512	3	1	1	1	1	0	0	0	?	0	0	0
chr2	4007	39221310	39221313	3	1	1	1	1	0	0	0	?	0	0	0
chr2	4008	39240418	39240421	3	1	1	0	0	0	0	0	?	0	0	0
chr2	4009	39243112	39243115	3	0	0	1	1	2	2	0	?	0	0	0
chr2	4010	39287297	39287299	2	1	1	1	1	0	0	0	?	0	0	0
chr2	4011	39290083	39290086	3	1	1	1	1	0	0	0	?	0	0	0
chr2	4012	39299699	39299702	3	1	1	1	1	0	0	0	?	0	0	0
chr2	4013	39301976	39301979	3	1	1	1	1	0	0	0	?	0	0	0
chr2	4014	39303677	39303680	3	1	1	1	1	0	0	0	?	0	0	0
chr2	4015	39304268	39304271	3	1	1	1	1	0	0	0	?	0	0	0
chr2	4016	39305199	39305202	3	1	1	1	1	0	0	0	?	0	0	0
chr2	4017	39309547	39309550	3	0	0	1	1	2	2	0	?	0	0	0
chr2	4018	39318410	39318413	3	1	1	1	1	0	0	0	?	0	0	0
chr2	4019	39321545	39321548	3	1	1	1	1	0	0	0	?	0	0	0
chr2	4020	39322054	39322056	2	1	1	1	1	0	0	0	?	0	0	0
chr2	4021	39336470	39336472	2	0	0	1	1	4	4	0	?	0	0	0
chr2	4022	39338692	39338695	3	1	1	1	1	0	0	0	?	0	0	0
chr2	4023	39342107	39342109	2	1	1	1	1	0	0	0	?	0	0	0
chr2	4024	39345920	39345922	2	0	0	1	1	2	2	0	?	0	0	0
chr2	4025	39354900	39354903	3	1	1	1	1	0	0	0	?	0	0	0
chr2	4026	39363991	39363994	3	1	1	1	1	0	0	0	?	0	0	0
chr2	4027	39366968	39366971	3	1	1	1	1	0	0	0	?	0	0	0
chr2	4028	39368186	39368189	3	1	1	1	1	0	0	0	?	0	0	0
chr2	4029	39369193	39369206	13	0	0	2	2	28	28	0	?	0	0	0
chr2	4030	39371811	39371814	3	1	1	1	1	0	0	0	?	0	0	0
chr2	4031	39373807	39373810	3	1	1	1	1	0	0	0	?	0	0	0
chr2	4032	39378774	39378777	3	1	1	1	1	0	0	0	?	0	0	0
chr2	4033	39380833	39380836	3	1	1	1	1	0	0	0	?	0	0	0
chr2	4034	39381545	39381548	3	1	1	1	1	0	0	0	?	0	0	0
chr2	4035	39381590	39381593	3	1	1	1	1	0	0	0	?	0	0	0
chr2	4036	39381639	39381642	3	1	1	1	1	0	0	0	?	0	0	0
chr2	4037	39382395	39382398	3	1	1	1	1	0	0	0	?	0	0	0
chr2	4038	39383420	39383422	2	1	1	1	1	0	0	0	?	0	0	0
chr2	4039	39383634	39383637	3	1	1	1	1	0	0	0	?	0	0	0
chr2	4040	39384211	39384214	3	1	1	1	1	0	0	0	?	0	0	0
chr2	4041	39384239	39384242	3	1	1	1	1	0	0	0	?	0	0	0
chr2	4042	39384438	39384441	3	1	1	1	1	0	0	0	?	0	0	0
chr2	4043	39384454	39384457	3	1	1	1	1	0	0	0	?	0	0	0
chr2	4044	39385550	39385552	2	0	0	1	1	20	20	0	?	0	0	0
chr2	4045	39386819	39386821	2	1	1	1	1	0	0	0	?	0	0	0
chr2	4046	39387820	39387823	3	1	1	1	1	0	0	0	?	0	0	0
chr2	4047	39388108	39388111	3	1	1	1	1	0	0	0	?	0	0	0
chr2	4048	39388886	39388889	3	1	1	1	1	0	0	0	?	0	0	0
chr2	4049	39389210	39389213	3	1	1	1	1	0	0	0	?	0	0	0
chr2	4050	39389309	39389312	3	1	1	1	1	0	0	0	?	0	0	0
chr2	4051	39390771	39390774	3	1	1	1	1	0	0	0	?	0	0	0
chr2	4052	39391270	39391273	3	1	1	1	1	0	0	0	?	0	0	0
chr2	4053	39391381	39391383	2	0	0	1	1	8	8	0	?	0	0	0
chr2	4054	39391523	39391526	3	1	1	1	1	0	0	0	?	0	0	0
chr2	4055	39392182	39392184	2	0	0	1	1	6	6	0	?	0	0	0
chr2	4056	39392487	39392490	3	1	1	1	1	0	0	0	?	0	0	0
chr2	4057	39395327	39395331	4	1	1	1	1	0	0	0	?	0	0	0
chr2	4058	39398712	39398714	2	1	1	1	1	0	0	0	?	0	0	0
chr2	4059	39400810	39400813	3	1	1	1	1	0	0	0	?	0	0	0
chr2	4060	39403248	39403251	3	1	1	1	1	0	0	0	?	0	0	0
chr2	4061	39403447	39403450	3	1	1	1	1	0	0	0	?	0	0	0
chr2	4062	39404529	39404532	3	1	1	1	1	0	0	0	?	0	0	0
chr2	4063	39404616	39404619	3	1	0	1	1	1	1	0	?	0	0	0
chr2	4064	39405171	39405174	3	1	1	1	1	0	0	0	?	0	0	0
chr2	4065	39405625	39405628	3	1	1	1	1	0	0	0	?	0	0	0
chr2	4066	39407453	39407456	3	1	1	1	1	0	0	0	?	0	0	0
chr2	4067	39408638	39408640	2	1	1	1	1	0	0	0	?	0	0	0
chr2	4068	39416991	39416994	3	1	1	1	1	0	0	0	?	0	0	0
chr2	4069	39417310	39417313	3	1	1	1	1	0	0	0	?	0	0	0
chr2	4070	39417468	39417471	3	1	1	1	1	0	0	0	?	0	0	0
chr2	4071	39418061	39418064	3	1	1	1	1	0	0	0	?	0	0	0
chr2	4072	39418201	39418204	3	1	1	1	1	0	0	0	?	0	0	0
chr2	4073	39420611	39420614	3	1	1	1	1	0	0	0	?	0	0	0
chr2	4074	39421367	39421372	5	0	0	1	1	6	6	0	?	0	0	0
chr2	4075	39421967	39421970	3	1	1	1	1	0	0	0	?	0	0	0
chr2	4076	39422511	39422514	3	1	1	1	1	0	0	0	?	0	0	0
chr2	4077	39422647	39422650	3	1	1	1	1	0	0	0	?	0	0	0
chr2	4078	39423769	39423772	3	1	1	1	1	0	0	0	?	0	0	0
chr2	4079	39424693	39424696	3	1	1	1	1	0	0	0	?	0	0	0
chr2	4080	39425253	39425256	3	1	1	1	1	0	0	0	?	0	0	0
chr2	4081	39425342	39425345	3	1	1	1	1	0	0	0	?	0	0	0
chr2	4082	39425699	39425701	2	1	1	1	1	0	0	0	?	0	0	0
chr2	4083	39426237	39426243	6	2	2	2	2	0	0	0	?	0	0	0
chr2	4084	39426639	39426642	3	1	1	1	1	0	0	0	?	0	0	0
chr2	4085	39428500	39428503	3	1	1	1	1	0	0	0	?	0	0	0
chr2	4086	39428630	39428633	3	1	1	1	1	0	0	0	?	0	0	0
chr2	4087	39429063	39429065	2	0	0	1	1	2	2	0	?	0	0	0
chr2	4088	39431494	39431497	3	1	1	1	1	0	0	0	?	0	0	0
chr2	4089	39432911	39432914	3	1	1	1	1	0	0	0	?	0	0	0
chr2	4090	39433234	39433237	3	1	1	1	1	0	0	0	?	0	0	0
chr2	4091	39435223	39435226	3	1	1	1	1	0	0	0	?	0	0	0
chr2	4092	39440491	39440494	3	1	1	1	1	0	0	0	?	0	0	0
chr2	4093	39440697	39440699	2	0	0	1	1	4	4	0	?	0	0	0
chr2	4094	39441611	39441614	3	1	1	1	1	0	0	0	?	0	0	0
chr2	4095	39441792	39441795	3	1	1	1	1	0	0	0	?	0	0	0
chr2	4096	39441988	39441998	10	3	3	3	3	0	0	0	?	0	0	0
chr2	4097	39442070	39442072	2	1	1	1	1	0	0	0	?	0	0	0
chr2	4098	39442462	39442465	3	1	1	1	1	0	0	0	?	0	0	0
chr2	4099	39442696	39442698	2	1	1	1	1	0	0	0	?	0	0	0
chr2	4100	39442890	39442893	3	1	1	1	1	0	0	0	?	0	0	0
chr2	4101	39443286	39443289	3	1	1	1	1	0	0	0	?	0	0	0
chr2	4102	39443987	39443990	3	1	1	1	1	0	0	0	?	0	0	0
chr2	4103	39444151	39444154	3	1	1	1	1	0	0	0	?	0	0	0
chr2	4104	39445631	39445634	3	1	1	1	1	0	0	0	?	0	0	0
chr2	4105	39448196	39448199	3	1	1	1	1	0	0	0	?	0	0	0
chr2	4106	39448653	39448656	3	1	1	1	1	0	0	0	?	0	0	0
chr2	4107	39448742	39448745	3	1	1	1	1	0	0	0	?	0	0	0
chr2	4108	39448868	39448873	5	0	0	1	1	6	6	0	?	0	0	0
chr2	4109	39449355	39449358	3	1	1	1	1	0	0	0	?	0	0	0
chr2	4110	39449704	39449706	2	0	0	1	1	26	26	0	?	0	0	0
chr2	4111	39450313	39450316	3	1	1	1	1	0	0	0	?	0	0	0
chr2	4112	39450366	39450369	3	1	1	1	1	0	0	0	?	0	0	0
chr2	4113	39453174	39453176	2	1	1	1	1	0	0	0	?	0	0	0
chr2	4114	39453246	39453249	3	1	1	1	1	0	0	0	?	0	0	0
chr2	4115	39454415	39454418	3	1	1	1	1	0	0	0	?	0	0	0
chr2	4116	39454741	39454743	2	1	1	1	1	0	0	0	?	0	0	0
chr2	4117	39455935	39455938	3	1	1	1	1	0	0	0	?	0	0	0
chr2	4118	39456686	39456688	2	0	0	1	1	2	2	0	?	0	0	0
chr2	4119	39456787	39456790	3	1	1	1	1	0	0	0	?	0	0	0
chr2	4120	39458195	39458197	2	1	1	1	1	0	0	0	?	0	0	0
chr2	4121	39458467	39458471	4	1	1	1	1	0	0	0	?	0	0	0
chr2	4122	39458629	39458632	3	1	1	1	1	0	0	0	?	0	0	0
chr2	4123	39458653	39458656	3	1	1	1	1	0	0	0	?	0	0	0
chr2	4124	39459498	39459501	3	1	1	1	1	0	0	0	?	0	0	0
chr2	4125	39459965	39459968	3	1	1	1	1	0	0	0	?	0	0	0
chr2	4126	39460876	39460879	3	1	1	1	1	0	0	0	?	0	0	0
chr2	4127	39461559	39461562	3	1	1	1	1	0	0	0	?	0	0	0
chr2	4128	39461905	39461907	2	1	1	1	1	0	0	0	?	0	0	0
chr2	4129	39462123	39462126	3	1	1	1	1	0	0	0	?	0	0	0
chr2	4130	39462971	39462974	3	1	1	1	1	0	0	0	?	0	0	0
chr2	4131	39463022	39463025	3	1	1	1	1	0	0	0	?	0	0	0
chr2	4132	39463780	39463783	3	0	0	1	1	2	2	0	?	0	0	0
chr2	4133	39464194	39464197	3	1	1	1	1	0	0	0	?	0	0	0
chr2	4134	39464809	39464811	2	1	1	1	1	0	0	0	?	0	0	0
chr2	4135	39465617	39465620	3	1	1	1	1	0	0	0	?	0	0	0
chr2	4136	39467335	39467338	3	1	1	1	1	0	0	0	?	0	0	0
chr2	4137	39469785	39469788	3	1	1	1	1	0	0	0	?	0	0	0
chr2	4138	39470478	39470492	14	1	1	1	1	0	0	0	?	0	0	0
chr2	4139	39471764	39471767	3	1	1	1	1	0	0	0	?	0	0	0
chr2	4140	39472368	39472370	2	1	1	1	1	0	0	0	?	0	0	0
chr2	4141	39474626	39474628	2	0	0	1	1	8	8	0	?	0	0	0
chr2	4142	39475441	39475444	3	1	1	1	1	0	0	0	?	0	0	0
chr2	4143	39478013	39478016	3	1	1	1	1	0	0	0	?	0	0	0
chr2	4144	39480754	39480784	30	1	1	2	2	10	10	0	?	0	0	0
chr2	4145	39482167	39482173	6	1	1	1	1	0	0	0	?	0	0	0
chr2	4146	39483921	39483924	3	1	1	1	1	0	0	0	?	0	0	0
chr2	4147	39484074	39484077	3	1	1	1	1	0	0	0	?	0	0	0
chr2	4148	39485026	39485029	3	1	1	1	1	0	0	0	?	0	0	0
chr2	4149	39485615	39485619	4	1	1	1	1	0	0	0	?	0	0	0
chr2	4150	39486841	39486933	92	0	0	4	4	200	200	0	?	0	0	0
chr2	4151	39487507	39487510	3	1	1	1	1	0	0	0	?	0	0	0
chr2	4152	39490159	39490161	2	0	0	1	1	4	4	0	?	0	0	0
chr2	4153	39490559	39490561	2	0	0	1	1	12	12	0	?	0	0	0
chr2	4154	39490629	39490632	3	1	1	1	1	0	0	0	?	0	0	0
chr2	4155	39490960	39490963	3	1	1	1	1	0	0	0	?	0	0	0
chr2	4156	39491377	39491380	3	1	1	1	1	0	0	0	?	0	0	0
chr2	4157	39491546	39491549	3	1	1	1	1	0	0	0	?	0	0	0
chr2	4158	39492367	39492370	3	1	1	1	1	0	0	0	?	0	0	0
chr2	4159	39492482	39492485	3	1	1	1	1	0	0	0	?	0	0	0
chr2	4160	39494322	39494325	3	1	1	1	1	0	0	0	?	0	0	0
chr2	4161	39494776	39494779	3	0	0	1	1	2	2	0	?	0	0	0
chr2	4162	39495939	39495944	5	1	2	2	2	11	11	0	?	0	0	0
chr2	4163	39498552	39498555	3	1	1	1	1	0	0	0	?	0	0	0
chr2	4164	39500029	39500031	2	1	1	1	1	0	0	0	?	0	0	0
chr2	4165	39501745	39501747	2	0	0	1	1	2	2	0	?	0	0	0
chr2	4166	39502249	39502252	3	1	1	1	1	0	0	0	?	0	0	0
chr2	4167	39504254	39504257	3	1	1	1	1	0	0	0	?	0	0	0
chr2	4168	39506880	39506883	3	1	1	1	1	0	0	0	?	0	0	0
chr2	4169	39512231	39512234	3	1	1	1	1	0	0	0	?	0	0	0
chr2	4170	39512959	39512962	3	1	1	1	1	0	0	0	?	0	0	0
chr2	4171	39516733	39516736	3	1	1	1	1	0	0	0	?	0	0	0
chr2	4172	39518856	39518859	3	1	1	1	1	0	0	0	?	0	0	0
chr2	4173	39519298	39519301	3	1	1	1	1	0	0	0	?	0	0	0
chr2	4174	39519400	39519403	3	1	1	1	1	0	0	0	?	0	0	0
chr2	4175	39522436	39522439	3	1	1	1	1	0	0	0	?	0	0	0
chr2	4176	39523311	39523314	3	1	1	1	1	0	0	0	?	0	0	0
chr2	4177	39524432	39524435	3	1	1	1	1	0	0	0	?	0	0	0
chr2	4178	39525907	39525910	3	1	1	1	1	0	0	0	?	0	0	0
chr2	4179	39527831	39527833	2	1	1	1	1	0	0	0	?	0	0	0
chr2	4180	39528120	39528123	3	1	1	1	1	0	0	0	?	0	0	0
chr2	4181	39528161	39528164	3	1	1	1	1	0	0	0	?	0	0	0
chr2	4182	39528293	39528297	4	2	2	2	2	0	0	0	?	0	0	0
chr2	4183	39528598	39528601	3	1	1	1	1	0	0	0	?	0	0	0
chr2	4184	39528949	39528951	2	0	0	1	1	20	20	0	?	0	0	0
chr2	4185	39530013	39530016	3	1	1	1	1	0	0	0	?	0	0	0
chr2	4186	39531031	39531034	3	1	1	1	1	0	0	0	?	0	0	0
chr2	4187	39532421	39532424	3	1	1	1	1	0	0	0	?	0	0	0
chr2	4188	39534224	39534227	3	1	1	1	1	0	0	0	?	0	0	0
chr2	4189	39537563	39537566	3	1	1	1	1	0	0	0	?	0	0	0
chr2	4190	39538511	39538514	3	1	1	1	1	0	0	0	?	0	0	0
chr2	4191	39538837	39538839	2	1	1	1	1	0	0	0	?	0	0	0
chr2	4192	39539471	39539474	3	1	1	1	1	0	0	0	?	0	0	0
chr2	4193	39540299	39540302	3	1	1	1	1	0	0	0	?	0	0	0
chr2	4194	39541308	39541311	3	1	1	1	1	0	0	0	?	0	0	0
chr2	4195	39542040	39542043	3	1	1	1	1	0	0	0	?	0	0	0
chr2	4196	39542498	39542502	4	1	1	1	1	0	0	0	?	0	0	0
chr2	4197	39542538	39542541	3	1	1	1	1	0	0	0	?	0	0	0
chr2	4198	39543339	39543345	6	1	1	1	1	0	0	0	?	0	0	0
chr2	4199	39544244	39544246	2	1	1	1	1	0	0	0	?	0	0	0
chr2	4200	39545567	39545570	3	1	1	1	1	0	0	0	?	0	0	0
chr2	4201	39545656	39545659	3	1	1	1	1	0	0	0	?	0	0	0
chr2	4202	39547855	39547858	3	1	1	1	1	0	0	0	?	0	0	0
chr2	4203	39549166	39549169	3	1	1	1	1	0	0	0	?	0	0	0
chr2	4204	39550372	39550374	2	1	1	1	1	0	0	0	?	0	0	0
chr2	4205	39550569	39550572	3	1	1	1	1	0	0	0	?	0	0	0
chr2	4206	39550966	39550969	3	1	1	1	1	0	0	0	?	0	0	0
chr2	4207	39551621	39551624	3	1	1	1	1	0	0	0	?	0	0	0
chr2	4208	39551638	39551641	3	1	1	1	1	0	0	0	?	0	0	0
chr2	4209	39552250	39552253	3	1	1	1	1	0	0	0	?	0	0	0
chr2	4210	39552319	39552322	3	1	1	1	1	0	0	0	?	0	0	0
chr2	4211	39553433	39553436	3	1	1	1	1	0	0	0	?	0	0	0
chr2	4212	39554424	39554427	3	1	1	1	1	0	0	0	?	0	0	0
chr2	4213	39554988	39554991	3	1	1	1	1	0	0	0	?	0	0	0
chr2	4214	39555411	39555414	3	1	1	1	1	0	0	0	?	0	0	0
chr2	4215	39555608	39555611	3	1	1	1	1	0	0	0	?	0	0	0
chr2	4216	39555653	39555656	3	1	1	1	1	0	0	0	?	0	0	0
chr2	4217	39556063	39556066	3	1	1	1	1	0	0	0	?	0	0	0
chr2	4218	39556659	39556662	3	1	1	1	1	0	0	0	?	0	0	0
chr2	4219	39557921	39557924	3	1	1	1	1	0	0	0	?	0	0	0
chr2	4220	39558238	39558241	3	1	1	1	1	0	0	0	?	0	0	0
chr2	4221	39558404	39558407	3	1	1	1	1	0	0	0	?	0	0	0
chr2	4222	39558481	39558484	3	1	1	1	1	0	0	0	?	0	0	0
chr2	4223	39560764	39560767	3	1	1	1	1	0	0	0	?	0	0	0
chr2	4224	39561411	39561414	3	0	0	1	1	2	2	0	?	0	0	0
chr2	4225	39561572	39561575	3	1	1	1	1	0	0	0	?	0	0	0
chr2	4226	39563234	39563237	3	1	1	1	1	0	0	0	?	0	0	0
chr2	4227	39563521	39563524	3	1	1	1	1	0	0	0	?	0	0	0
chr2	4228	39564782	39564785	3	1	1	1	1	0	0	0	?	0	0	0
chr2	4229	39566436	39566439	3	1	1	1	1	0	0	0	?	0	0	0
chr2	4230	39566903	39566906	3	1	1	1	1	0	0	0	?	0	0	0
chr2	4231	39568066	39568069	3	1	1	1	1	0	0	0	?	0	0	0
chr2	4232	39569050	39569053	3	1	1	1	1	0	0	0	?	0	0	0
chr2	4233	39572877	39572880	3	1	1	1	1	0	0	0	?	0	0	0
chr2	4234	39573073	39573077	4	2	2	2	2	0	0	0	?	0	0	0
chr2	4235	39574145	39574154	9	1	1	1	1	2	2	0	?	0	0	0
chr2	4236	39576301	39576304	3	1	1	1	1	0	0	0	?	0	0	0
chr2	4237	39576402	39576405	3	1	1	1	1	0	0	0	?	0	0	0
chr2	4238	39576690	39576693	3	1	1	1	1	0	0	0	?	0	0	0
chr2	4239	39578602	39578605	3	1	1	1	1	0	0	0	?	0	0	0
chr2	4240	39581122	39581125	3	1	1	1	1	0	0	0	?	0	0	0
chr2	4241	39582534	39582537	3	1	1	1	1	0	0	0	?	0	0	0
chr2	4242	39583801	39583804	3	1	1	1	1	0	0	0	?	0	0	0
chr2	4243	39585430	39585433	3	1	1	1	1	0	0	0	?	0	0	0
chr2	4244	39586170	39586173	3	1	1	1	1	0	0	0	?	0	0	0
chr2	4245	39587261	39587264	3	1	1	1	1	0	0	0	?	0	0	0
chr2	4246	39587813	39587816	3	1	1	1	1	0	0	0	?	0	0	0
chr2	4247	39588021	39588024	3	1	1	1	1	0	0	0	?	0	0	0
chr2	4248	39588888	39588891	3	1	1	1	1	0	0	0	?	0	0	0
chr2	4249	39588907	39588910	3	1	1	1	1	0	0	0	?	0	0	0
chr2	4250	39589380	39589383	3	1	1	1	1	0	0	0	?	0	0	0
chr2	4251	39590814	39590817	3	1	1	1	1	0	0	0	?	0	0	0
chr2	4252	39591056	39591059	3	1	1	1	1	0	0	0	?	0	0	0
chr2	4253	39591427	39591429	2	1	1	1	1	0	0	0	?	0	0	0
chr2	4254	39591615	39591618	3	1	1	1	1	0	0	0	?	0	0	0
chr2	4255	39592197	39592200	3	1	1	1	1	0	0	0	?	0	0	0
chr2	4256	39592319	39592322	3	1	1	1	1	0	0	0	?	0	0	0
chr2	4257	39592760	39592763	3	1	1	1	1	0	0	0	?	0	0	0
chr2	4258	39592796	39592799	3	1	1	1	1	0	0	0	?	0	0	0
chr2	4259	39593508	39593511	3	1	1	1	1	3	3	0	?	0	0	0
chr2	4260	39594360	39594363	3	1	1	1	1	0	0	0	?	0	0	0
chr2	4261	39594380	39594382	2	1	1	1	1	0	0	0	?	0	0	0
chr2	4262	39594529	39594532	3	1	1	1	1	0	0	0	?	0	0	0
chr2	4263	39594788	39594791	3	1	1	1	1	0	0	0	?	0	0	0
chr2	4264	39595369	39595372	3	1	1	1	1	0	0	0	?	0	0	0
chr2	4265	39595841	39595844	3	1	1	1	1	0	0	0	?	0	0	0
chr2	4266	39596542	39596544	2	1	1	1	1	0	0	0	?	0	0	0
chr2	4267	39596845	39596848	3	1	1	1	1	0	0	0	?	0	0	0
chr2	4268	39597982	39597985	3	1	1	1	1	0	0	0	?	0	0	0
chr2	4269	39598226	39598229	3	1	1	1	1	0	0	0	?	0	0	0
chr2	4270	39599707	39599710	3	1	1	1	1	0	0	0	?	0	0	0
chr2	4271	39601269	39601272	3	1	1	1	1	0	0	0	?	0	0	0
chr2	4272	39601291	39601294	3	1	1	1	1	0	0	0	?	0	0	0
chr2	4273	39601506	39601525	19	0	0	1	1	34	34	0	?	0	0	0
chr2	4274	39602195	39602198	3	1	1	1	1	0	0	0	?	0	0	0
chr2	4275	39603041	39603044	3	1	1	1	1	0	0	0	?	0	0	0
chr2	4276	39603627	39603630	3	1	1	1	1	0	0	0	?	0	0	0
chr2	4277	39603766	39603769	3	1	1	1	1	0	0	0	?	0	0	0
chr2	4278	39604088	39604091	3	1	1	1	1	0	0	0	?	0	0	0
chr2	4279	39604175	39604178	3	1	1	1	1	0	0	0	?	0	0	0
chr2	4280	39606625	39606628	3	1	1	1	1	0	0	0	?	0	0	0
chr2	4281	39607392	39607395	3	1	1	1	1	0	0	0	?	0	0	0
chr2	4282	39607604	39607607	3	1	1	1	1	0	0	0	?	0	0	0
chr2	4283	39610672	39610675	3	1	1	1	1	0	0	0	?	0	0	0
chr2	4284	39629315	39629318	3	1	1	1	1	0	0	0	?	0	0	0
chr2	4285	39636068	39636071	3	1	1	1	1	0	0	0	?	0	0	0
chr2	4286	39636457	39636459	2	1	1	1	1	0	0	0	?	0	0	0
chr2	4287	39636973	39636976	3	1	1	1	1	0	0	0	?	0	0	0
chr2	4288	39637195	39637198	3	1	1	1	1	0	0	0	?	0	0	0
chr2	4289	39637604	39637607	3	1	1	1	1	0	0	0	?	0	0	0
chr2	4290	39640515	39640518	3	1	1	1	1	0	0	0	?	0	0	0
chr2	4291	39641253	39641256	3	1	1	1	1	0	0	0	?	0	0	0
chr2	4292	39641404	39641407	3	1	1	1	1	0	0	0	?	0	0	0
chr2	4293	39641501	39641503	2	1	1	1	1	0	0	0	?	0	0	0
chr2	4294	39641844	39641847	3	1	1	1	1	0	0	0	?	0	0	0
chr2	4295	39642025	39642028	3	1	1	1	1	0	0	0	?	0	0	0
chr2	4296	39643505	39643508	3	1	1	1	1	0	0	0	?	0	0	0
chr2	4297	39644014	39644017	3	1	1	1	1	0	0	0	?	0	0	0
chr2	4298	39644074	39644077	3	1	1	1	1	0	0	0	?	0	0	0
chr2	4299	39645123	39645126	3	1	1	1	1	0	0	0	?	0	0	0
chr2	4300	39646136	39646139	3	1	1	1	1	0	0	0	?	0	0	0
chr2	4301	39646644	39646648	4	1	1	2	2	2	2	0	?	0	0	0
chr2	4302	39646697	39646700	3	1	1	1	1	0	0	0	?	0	0	0
chr2	4303	39647128	39647131	3	1	1	1	1	0	0	0	?	0	0	0
chr2	4304	39647349	39647352	3	1	1	1	1	0	0	0	?	0	0	0
chr2	4305	39648041	39648043	2	0	0	1	1	10	10	0	?	0	0	0
chr2	4306	39648666	39648669	3	1	1	1	1	0	0	0	?	0	0	0
chr2	4307	39651123	39651126	3	1	1	1	1	0	0	0	?	0	0	0
chr2	4308	39651301	39651304	3	1	1	1	1	0	0	0	?	0	0	0
chr2	4309	39651345	39651348	3	1	1	1	1	0	0	0	?	0	0	0
chr2	4310	39651428	39651431	3	1	1	1	1	0	0	0	?	0	0	0
chr2	4311	39651511	39651514	3	1	1	1	1	0	0	0	?	0	0	0
chr2	4312	39651750	39651753	3	1	1	1	1	0	0	0	?	0	0	0
chr2	4313	39651900	39651903	3	1	1	1	1	0	0	0	?	0	0	0
chr2	4314	39652299	39652302	3	1	1	1	1	0	0	0	?	0	0	0
chr2	4315	39652366	39652369	3	1	1	1	1	0	0	0	?	0	0	0
chr2	4316	39652399	39652402	3	1	1	1	1	0	0	0	?	0	0	0
chr2	4317	39652520	39652523	3	1	1	1	1	0	0	0	?	0	0	0
chr2	4318	39652862	39652865	3	1	1	1	1	0	0	0	?	0	0	0
chr2	4319	39653070	39653073	3	1	1	1	1	0	0	0	?	0	0	0
chr2	4320	39653370	39653373	3	1	1	1	1	0	0	0	?	0	0	0
chr2	4321	39653520	39653523	3	1	1	1	1	0	0	0	?	0	0	0
chr2	4322	39654370	39654373	3	1	1	1	1	0	0	0	?	0	0	0
chr2	4323	39655018	39655021	3	1	1	1	1	0	0	0	?	0	0	0
chr2	4324	39655335	39655338	3	1	1	1	1	0	0	0	?	0	0	0
chr2	4325	39655902	39655915	13	2	2	2	2	0	0	0	?	0	0	0
chr2	4326	39655955	39655958	3	1	1	1	1	0	0	0	?	0	0	0
chr2	4327	39656476	39656479	3	1	1	1	1	0	0	0	?	0	0	0
chr2	4328	39656945	39656948	3	1	1	1	1	0	0	0	?	0	0	0
chr2	4329	39656961	39656964	3	2	2	2	2	0	0	0	?	0	0	0
chr2	4330	39657570	39657573	3	1	1	1	1	0	0	0	?	0	0	0
chr2	4331	39657649	39657652	3	1	1	1	1	0	0	0	?	0	0	0
chr2	4332	39658852	39658855	3	1	1	1	1	0	0	0	?	0	0	0
chr2	4333	39660915	39660918	3	1	1	1	1	0	0	0	?	0	0	0
chr2	4334	39661568	39661571	3	1	1	1	1	0	0	0	?	0	0	0
chr2	4335	39662087	39662090	3	1	1	1	1	0	0	0	?	0	0	0
chr2	4336	39662133	39662136	3	1	1	1	1	0	0	0	?	0	0	0
chr2	4337	39663341	39663344	3	1	1	1	1	0	0	0	?	0	0	0
chr2	4338	39663519	39663522	3	1	1	1	1	0	0	0	?	0	0	0
chr2	4339	39664197	39664200	3	1	1	1	1	0	0	0	?	0	0	0
chr2	4340	39665231	39665238	7	2	2	2	2	0	0	0	?	0	0	0
chr2	4341	39665592	39665595	3	1	1	1	1	0	0	0	?	0	0	0
chr2	4342	39665712	39665715	3	1	1	1	1	0	0	0	?	0	0	0
chr2	4343	39666797	39666800	3	1	1	1	1	0	0	0	?	0	0	0
chr2	4344	39667334	39667338	4	1	1	1	1	0	0	0	?	0	0	0
chr2	4345	39667449	39667451	2	1	1	1	1	0	0	0	?	0	0	0
chr2	4346	39668414	39668417	3	1	1	1	1	0	0	0	?	0	0	0
chr2	4347	39669658	39669661	3	1	1	1	1	0	0	0	?	0	0	0
chr2	4348	39669977	39669980	3	1	1	1	1	0	0	0	?	0	0	0
chr2	4349	39670383	39670386	3	1	1	1	1	0	0	0	?	0	0	0
chr2	4350	39672293	39672296	3	1	1	1	1	0	0	0	?	0	0	0
chr2	4351	39673184	39673187	3	1	1	1	1	0	0	0	?	0	0	0
chr2	4352	39674604	39674607	3	1	1	1	1	0	0	0	?	0	0	0
chr2	4353	39675296	39675299	3	1	1	1	1	0	0	0	?	0	0	0
chr2	4354	39675414	39675416	2	1	1	1	1	0	0	0	?	0	0	0
chr2	4355	39676321	39676324	3	1	1	1	1	0	0	0	?	0	0	0
chr2	4356	39676895	39676898	3	1	1	1	1	0	0	0	?	0	0	0
chr2	4357	39677053	39677056	3	1	1	1	1	0	0	0	?	0	0	0
chr2	4358	39677497	39677500	3	1	1	1	1	0	0	0	?	0	0	0
chr2	4359	39678164	39678167	3	1	1	1	1	0	0	0	?	0	0	0
chr2	4360	39678714	39678717	3	1	1	1	1	0	0	0	?	0	0	0
chr2	4361	39679395	39679397	2	1	1	1	1	0	0	0	?	0	0	0
chr2	4362	39680539	39680542	3	1	1	1	1	0	0	0	?	0	0	0
chr2	4363	39681182	39681185	3	1	1	1	1	0	0	0	?	0	0	0
chr2	4364	39681276	39681279	3	1	1	1	1	0	0	0	?	0	0	0
chr2	4365	39681925	39681928	3	1	1	1	1	0	0	0	?	0	0	0
chr2	4366	39681975	39681978	3	1	1	1	1	0	0	0	?	0	0	0
chr2	4367	39682807	39682810	3	1	1	1	1	0	0	0	?	0	0	0
chr2	4368	39684194	39684197	3	1	1	1	1	0	0	0	?	0	0	0
chr2	4369	39684396	39684399	3	1	1	1	1	0	0	0	?	0	0	0
chr2	4370	39686962	39686974	12	1	1	1	1	0	0	0	?	0	0	0
chr2	4371	39687050	39687053	3	1	1	1	1	0	0	0	?	0	0	0
chr2	4372	39687539	39687542	3	1	1	1	1	0	0	0	?	0	0	0
chr2	4373	39691773	39691776	3	1	1	1	1	0	0	0	?	0	0	0
chr2	4374	39692594	39692597	3	1	1	1	1	0	0	0	?	0	0	0
chr2	4375	39694160	39694162	2	1	1	1	1	0	0	0	?	0	0	0
chr2	4376	39698590	39698593	3	1	1	1	1	0	0	0	?	0	0	0
chr2	4377	39698697	39698699	2	1	1	1	1	0	0	0	?	0	0	0
chr2	4378	39700993	39700996	3	1	1	1	1	0	0	0	?	0	0	0
chr2	4379	39701053	39701056	3	1	1	1	1	0	0	0	?	0	0	0
chr2	4380	39701580	39701583	3	1	1	1	1	0	0	0	?	0	0	0
chr2	4381	39703049	39703052	3	1	1	1	1	0	0	0	?	0	0	0
chr2	4382	39703082	39703085	3	1	1	1	1	0	0	0	?	0	0	0
chr2	4383	39703135	39703138	3	1	1	1	1	0	0	0	?	0	0	0
chr2	4384	39705665	39705668	3	1	1	1	1	0	0	0	?	0	0	0
chr2	4385	39705720	39705723	3	1	1	1	1	0	0	0	?	0	0	0
chr2	4386	39706125	39706128	3	1	1	1	1	0	0	0	?	0	0	0
chr2	4387	39706623	39706625	2	1	1	1	1	0	0	0	?	0	0	0
chr2	4388	39708408	39708410	2	0	0	1	1	4	4	0	?	0	0	0
chr2	4389	39708564	39708567	3	1	1	1	1	0	0	0	?	0	0	0
chr2	4390	39710715	39710718	3	1	1	1	1	0	0	0	?	0	0	0
chr2	4391	39712040	39712042	2	0	0	1	1	24	24	0	?	0	0	0
chr2	4392	39713366	39713374	8	2	2	2	2	0	0	0	?	0	0	0
chr2	4393	39714381	39714385	4	2	2	2	2	0	0	0	?	0	0	0
chr2	4394	39716913	39716916	3	1	1	1	1	0	0	0	?	0	0	0
chr2	4395	39718192	39718194	2	1	1	1	1	0	0	0	?	0	0	0
chr2	4396	39722052	39722055	3	1	1	1	1	0	0	0	?	0	0	0
chr2	4397	39722533	39722536	3	1	1	1	1	0	0	0	?	0	0	0
chr2	4398	39723340	39723343	3	1	1	1	1	0	0	0	?	0	0	0
chr2	4399	39726604	39726607	3	1	1	1	1	0	0	0	?	0	0	0
chr2	4400	39727490	39727493	3	1	1	1	1	0	0	0	?	0	0	0
chr2	4401	39727628	39727631	3	1	1	1	1	0	0	0	?	0	0	0
chr2	4402	39728070	39728073	3	1	1	1	1	0	0	0	?	0	0	0
chr2	4403	39728323	39728326	3	1	1	1	1	0	0	0	?	0	0	0
chr2	4404	39728692	39728695	3	1	1	1	1	0	0	0	?	0	0	0
chr2	4405	39729694	39729697	3	1	1	1	1	0	0	0	?	0	0	0
chr2	4406	39730436	39730439	3	1	1	1	1	0	0	0	?	0	0	0
chr2	4407	39731918	39731921	3	1	1	1	1	0	0	0	?	0	0	0
chr2	4408	39733245	39733248	3	1	1	1	1	0	0	0	?	0	0	0
chr2	4409	39735338	39735341	3	1	1	1	1	0	0	0	?	0	0	0
chr2	4410	39735980	39735983	3	1	1	1	1	0	0	0	?	0	0	0
chr2	4411	39736525	39736528	3	1	1	1	1	0	0	0	?	0	0	0
chr2	4412	39737278	39737280	2	1	1	1	1	0	0	0	?	0	0	0
chr2	4413	39737790	39737793	3	1	1	1	1	0	0	0	?	0	0	0
chr2	4414	39738597	39738605	8	1	1	2	2	2	2	0	?	0	0	0
chr2	4415	39738641	39738643	2	1	1	1	1	0	0	0	?	0	0	0
chr2	4416	39738668	39738670	2	1	1	1	1	0	0	0	?	0	0	0
chr2	4417	39739395	39739398	3	1	1	1	1	0	0	0	?	0	0	0
chr2	4418	39739452	39739455	3	1	1	1	1	0	0	0	?	0	0	0
chr2	4419	39740104	39740107	3	1	1	1	1	0	0	0	?	0	0	0
chr2	4420	39740626	39740629	3	1	1	1	1	0	0	0	?	0	0	0
chr2	4421	39742109	39742112	3	1	1	1	1	0	0	0	?	0	0	0
chr2	4422	39743226	39743229	3	1	1	1	1	0	0	0	?	0	0	0
chr2	4423	39743241	39743244	3	1	1	1	1	0	0	0	?	0	0	0
chr2	4424	39743441	39743444	3	1	1	1	1	0	0	0	?	0	0	0
chr2	4425	39744041	39744044	3	1	1	1	1	0	0	0	?	0	0	0
chr2	4426	39745579	39745582	3	1	1	1	1	0	0	0	?	0	0	0
chr2	4427	39747300	39747303	3	1	1	1	1	0	0	0	?	0	0	0
chr2	4428	39749122	39749125	3	1	1	1	1	0	0	0	?	0	0	0
chr2	4429	39749668	39749671	3	1	1	1	1	0	0	0	?	0	0	0
chr2	4430	39750017	39750020	3	1	1	1	1	0	0	0	?	0	0	0
chr2	4431	39750123	39750126	3	1	1	1	1	0	0	0	?	0	0	0
chr2	4432	39750194	39750197	3	1	1	1	1	0	0	0	?	0	0	0
chr2	4433	39750347	39750350	3	1	1	1	1	0	0	0	?	0	0	0
chr2	4434	39750423	39750426	3	1	1	1	1	0	0	0	?	0	0	0
chr2	4435	39750713	39750716	3	1	1	1	1	0	0	0	?	0	0	0
chr2	4436	39751220	39751223	3	1	1	1	1	0	0	0	?	0	0	0
chr2	4437	39751680	39751682	2	1	1	1	1	0	0	0	?	0	0	0
chr2	4438	39751983	39751986	3	1	1	1	1	0	0	0	?	0	0	0
chr2	4439	39752439	39752442	3	1	1	1	1	0	0	0	?	0	0	0
chr2	4440	39753180	39753183	3	1	1	1	1	0	0	0	?	0	0	0
chr2	4441	39753340	39753343	3	1	1	1	1	0	0	0	?	0	0	0
chr2	4442	39753510	39753513	3	1	1	1	1	0	0	0	?	0	0	0
chr2	4443	39753582	39753585	3	1	1	1	1	0	0	0	?	0	0	0
chr2	4444	39754533	39754536	3	1	1	1	1	0	0	0	?	0	0	0
chr2	4445	39754604	39754607	3	1	1	1	1	0	0	0	?	0	0	0
chr2	4446	39755033	39755035	2	1	1	1	1	0	0	0	?	0	0	0
chr2	4447	39755556	39755559	3	1	1	1	1	0	0	0	?	0	0	0
chr2	4448	39755757	39755759	2	1	1	1	1	0	0	0	?	0	0	0
chr2	4449	39756950	39756952	2	1	1	1	1	0	0	0	?	0	0	0
chr2	4450	39758600	39758603	3	1	1	1	1	0	0	0	?	0	0	0
chr2	4451	39759991	39759994	3	1	1	1	1	0	0	0	?	0	0	0
chr2	4452	39760145	39760148	3	1	1	1	1	0	0	0	?	0	0	0
chr2	4453	39760256	39760259	3	1	1	1	1	0	0	0	?	0	0	0
chr2	4454	39761561	39761564	3	1	1	1	1	0	0	0	?	0	0	0
chr2	4455	39761662	39761665	3	1	1	1	1	0	0	0	?	0	0	0
chr2	4456	39762213	39762216	3	1	1	1	1	0	0	0	?	0	0	0
chr2	4457	39763657	39763660	3	1	1	1	1	0	0	0	?	0	0	0
chr2	4458	39764059	39764062	3	1	1	1	1	0	0	0	?	0	0	0
chr2	4459	39765309	39765312	3	1	1	1	1	0	0	0	?	0	0	0
chr2	4460	39765447	39765450	3	1	1	1	1	0	0	0	?	0	0	0
chr2	4461	39766025	39766028	3	1	1	1	1	0	0	0	?	0	0	0
chr2	4462	39766810	39766813	3	1	1	1	1	0	0	0	?	0	0	0
chr2	4463	39767602	39767604	2	0	0	1	1	12	12	0	?	0	0	0
chr2	4464	39768030	39768033	3	1	1	1	1	0	0	0	?	0	0	0
chr2	4465	39768743	39768746	3	1	1	1	1	0	0	0	?	0	0	0
chr2	4466	39768766	39768769	3	1	1	1	1	0	0	0	?	0	0	0
chr2	4467	39769315	39769318	3	1	1	1	1	0	0	0	?	0	0	0
chr2	4468	39770313	39770316	3	1	1	1	1	0	0	0	?	0	0	0
chr2	4469	39770332	39770335	3	1	1	1	1	0	0	0	?	0	0	0
chr2	4470	39770552	39770555	3	1	1	1	1	0	0	0	?	0	0	0
chr2	4471	39771009	39771029	20	1	1	1	1	0	0	0	?	0	0	0
chr2	4472	39772173	39772176	3	1	1	1	1	0	0	0	?	0	0	0
chr2	4473	39772199	39772202	3	1	1	1	1	0	0	0	?	0	0	0
chr2	4474	39773345	39773348	3	1	1	1	1	0	0	0	?	0	0	0
chr2	4475	39773550	39773577	27	0	0	1	1	50	50	0	?	0	0	0
chr2	4476	39773872	39773875	3	1	1	1	1	0	0	0	?	0	0	0
chr2	4477	39774747	39774750	3	1	1	1	1	0	0	0	?	0	0	0
chr2	4478	39774890	39774893	3	1	1	1	1	0	0	0	?	0	0	0
chr2	4479	39775759	39775763	4	0	0	1	1	4	4	0	?	0	0	0
chr2	4480	39776393	39776396	3	1	1	1	1	0	0	0	?	0	0	0
chr2	4481	39777107	39777110	3	1	1	1	1	0	0	0	?	0	0	0
chr2	4482	39779116	39779119	3	1	1	1	1	0	0	0	?	0	0	0
chr2	4483	39779288	39779291	3	1	1	1	1	0	0	0	?	0	0	0
chr2	4484	39779300	39779303	3	1	1	1	1	0	0	0	?	0	0	0
chr2	4485	39779347	39779349	2	0	0	1	1	40	40	0	?	0	0	0
chr2	4486	39780273	39780276	3	1	1	1	1	0	0	0	?	0	0	0
chr2	4487	39780654	39780657	3	1	1	1	1	0	0	0	?	0	0	0
chr2	4488	39781286	39781289	3	1	1	1	1	0	0	0	?	0	0	0
chr2	4489	39781556	39781561	5	1	1	1	1	0	0	0	?	0	0	0
chr2	4490	39782760	39782763	3	1	1	1	1	0	0	0	?	0	0	0
chr2	4491	39783553	39783557	4	1	1	1	1	0	0	0	?	0	0	0
chr2	4492	39785853	39785856	3	1	1	1	1	0	0	0	?	0	0	0
chr2	4493	39787094	39787097	3	1	1	1	1	0	0	0	?	0	0	0
chr2	4494	39787715	39787719	4	2	2	2	2	0	0	0	?	0	0	0
chr2	4495	39787827	39787830	3	1	1	1	1	0	0	0	?	0	0	0
chr2	4496	39787999	39788006	7	1	1	1	1	0	0	0	?	0	0	0
chr2	4497	39788181	39788184	3	1	1	1	1	0	0	0	?	0	0	0
chr2	4498	39788715	39788718	3	1	1	1	1	0	0	0	?	0	0	0
chr2	4499	39789199	39789202	3	1	1	1	1	0	0	0	?	0	0	0
chr2	4500	39790168	39790171	3	1	1	1	1	0	0	0	?	0	0	0
chr2	4501	39791483	39791486	3	1	1	1	1	0	0	0	?	0	0	0
chr2	4502	39792799	39792807	8	2	2	2	2	0	0	0	?	0	0	0
chr2	4503	39793142	39793145	3	1	1	1	1	0	0	0	?	0	0	0
chr2	4504	39793635	39793638	3	1	1	1	1	0	0	0	?	0	0	0
chr2	4505	39793968	39793971	3	1	1	1	1	0	0	0	?	0	0	0
chr2	4506	39794467	39794470	3	1	1	1	1	0	0	0	?	0	0	0
chr2	4507	39794515	39794518	3	1	1	1	1	0	0	0	?	0	0	0
chr2	4508	39794537	39794540	3	0	0	1	1	2	2	0	?	0	0	0
chr2	4509	39796536	39796539	3	1	1	1	1	0	0	0	?	0	0	0
chr2	4510	39796717	39796720	3	1	1	1	1	0	0	0	?	0	0	0
chr2	4511	39797076	39797079	3	1	1	1	1	0	0	0	?	0	0	0
chr2	4512	39797453	39797456	3	1	1	1	1	0	0	0	?	0	0	0
chr2	4513	39797473	39797476	3	1	1	1	1	0	0	0	?	0	0	0
chr2	4514	39797501	39797504	3	1	1	1	1	0	0	0	?	0	0	0
chr2	4515	39797593	39797596	3	1	1	1	1	0	0	0	?	0	0	0
chr2	4516	39800427	39800430	3	1	1	1	1	0	0	0	?	0	0	0
chr2	4517	39800671	39800674	3	1	1	1	1	0	0	0	?	0	0	0
chr2	4518	39801218	39801221	3	1	1	1	1	0	0	0	?	0	0	0
chr2	4519	39802908	39802911	3	1	1	1	1	0	0	0	?	0	0	0
chr2	4520	39803665	39803668	3	1	1	1	1	0	0	0	?	0	0	0
chr2	4521	39804434	39804437	3	1	1	1	1	0	0	0	?	0	0	0
chr2	4522	39804805	39804808	3	1	1	1	1	0	0	0	?	0	0	0
chr2	4523	39805581	39805584	3	1	1	1	1	0	0	0	?	0	0	0
chr2	4524	39806706	39806709	3	1	1	1	1	0	0	0	?	0	0	0
chr2	4525	39806909	39806912	3	1	1	1	1	0	0	0	?	0	0	0
chr2	4526	39807257	39807259	2	1	1	1	1	0	0	0	?	0	0	0
chr2	4527	39807525	39807535	10	2	2	2	2	0	0	0	?	0	0	0
chr2	4528	39807835	39807838	3	1	1	1	1	0	0	0	?	0	0	0
chr2	4529	39808031	39808033	2	1	1	1	1	0	0	0	?	0	0	0
chr2	4530	39808393	39808396	3	1	1	1	1	0	0	0	?	0	0	0
chr2	4531	39809825	39809828	3	1	1	1	1	0	0	0	?	0	0	0
chr2	4532	39811225	39811228	3	1	1	1	1	0	0	0	?	0	0	0
chr2	4533	39811491	39811494	3	1	1	1	1	0	0	0	?	0	0	0
chr2	4534	39812211	39812214	3	1	1	1	1	0	0	0	?	0	0	0
chr2	4535	39812566	39812569	3	1	1	1	1	0	0	0	?	0	0	0
chr2	4536	39813156	39813159	3	1	1	1	1	0	0	0	?	0	0	0
chr2	4537	39813337	39813339	2	0	0	1	1	2	2	0	?	0	0	0
chr2	4538	39813644	39813647	3	1	1	1	1	0	0	0	?	0	0	0
chr2	4539	39813689	39813692	3	1	1	1	1	0	0	0	?	0	0	0
chr2	4540	39814303	39814306	3	1	1	1	1	0	0	0	?	0	0	0
chr2	4541	39814325	39814328	3	1	1	1	1	0	0	0	?	0	0	0
chr2	4542	39815081	39815084	3	1	1	1	1	0	0	0	?	0	0	0
chr2	4543	39815147	39815150	3	1	1	1	1	0	0	0	?	0	0	0
chr2	4544	39815348	39815350	2	1	1	1	1	0	0	0	?	0	0	0
chr2	4545	39816332	39816335	3	1	1	1	1	0	0	0	?	0	0	0
chr2	4546	39816529	39816532	3	1	1	1	1	0	0	0	?	0	0	0
chr2	4547	39816993	39816996	3	1	1	1	1	0	0	0	?	0	0	0
chr2	4548	39817026	39817029	3	1	1	1	1	0	0	0	?	0	0	0
chr2	4549	39817846	39817849	3	1	1	1	1	0	0	0	?	0	0	0
chr2	4550	39819516	39819519	3	1	1	1	1	0	0	0	?	0	0	0
chr2	4551	39819984	39820010	26	3	3	1	1	0	0	0	?	0	0	0
chr2	4552	39823312	39823315	3	1	1	1	1	0	0	0	?	0	0	0
chr2	4553	39823870	39823873	3	1	1	1	1	0	0	0	?	0	0	0
chr2	4554	39824033	39824036	3	1	1	1	1	0	0	0	?	0	0	0
chr2	4555	39824074	39824077	3	1	1	1	1	0	0	0	?	0	0	0
chr2	4556	39824102	39824105	3	1	1	1	1	0	0	0	?	0	0	0
chr2	4557	39824474	39824477	3	1	1	1	1	0	0	0	?	0	0	0
chr2	4558	39825178	39825181	3	1	1	1	1	0	0	0	?	0	0	0
chr2	4559	39825828	39825831	3	1	1	1	1	0	0	0	?	0	0	0
chr2	4560	39825967	39825970	3	1	1	1	1	0	0	0	?	0	0	0
chr2	4561	39826245	39826248	3	1	1	1	1	0	0	0	?	0	0	0
chr2	4562	39826560	39826563	3	1	1	1	1	0	0	0	?	0	0	0
chr2	4563	39826632	39826635	3	1	1	1	1	0	0	0	?	0	0	0
chr2	4564	39826873	39826876	3	1	1	1	1	0	0	0	?	0	0	0
chr2	4565	39827396	39827399	3	1	1	1	1	0	0	0	?	0	0	0
chr2	4566	39827506	39827508	2	1	1	1	1	0	0	0	?	0	0	0
chr2	4567	39828972	39828975	3	1	1	1	1	0	0	0	?	0	0	0
chr2	4568	39829459	39829462	3	1	1	1	1	0	0	0	?	0	0	0
chr2	4569	39829906	39829909	3	1	1	1	1	0	0	0	?	0	0	0
chr2	4570	39830303	39830311	8	1	1	1	1	0	0	0	?	0	0	0
chr2	4571	39830361	39830363	2	0	0	1	1	2	2	0	?	0	0	0
chr2	4572	39830920	39830922	2	1	1	1	1	0	0	0	?	0	0	0
chr2	4573	39830953	39830956	3	1	1	1	1	0	0	0	?	0	0	0
chr2	4574	39831048	39831051	3	1	1	1	1	0	0	0	?	0	0	0
chr2	4575	39831129	39831132	3	1	1	1	1	0	0	0	?	0	0	0
chr2	4576	39831643	39831646	3	1	1	1	1	0	0	0	?	0	0	0
chr2	4577	39832062	39832065	3	1	1	1	1	0	0	0	?	0	0	0
chr2	4578	39832105	39832108	3	1	1	1	1	0	0	0	?	0	0	0
chr2	4579	39832119	39832122	3	1	1	1	1	0	0	0	?	0	0	0
chr2	4580	39832304	39832307	3	1	1	1	1	0	0	0	?	0	0	0
chr2	4581	39833439	39833442	3	1	1	1	1	0	0	0	?	0	0	0
chr2	4582	39833991	39833994	3	1	1	1	1	0	0	0	?	0	0	0
chr2	4583	39834319	39834322	3	1	1	1	1	0	0	0	?	0	0	0
chr2	4584	39834533	39834536	3	1	1	1	1	0	0	0	?	0	0	0
chr2	4585	39834808	39834811	3	1	1	1	1	0	0	0	?	0	0	0
chr2	4586	39835022	39835025	3	1	1	1	1	0	0	0	?	0	0	0
chr2	4587	39835606	39835608	2	1	1	1	1	0	0	0	?	0	0	0
chr2	4588	39835766	39835769	3	1	1	1	1	0	0	0	?	0	0	0
chr2	4589	39835871	39835874	3	1	1	1	1	0	0	0	?	0	0	0
chr2	4590	39836296	39836299	3	1	1	1	1	0	0	0	?	0	0	0
chr2	4591	39836605	39836608	3	1	1	1	1	0	0	0	?	0	0	0
chr2	4592	39836669	39836672	3	1	1	1	1	0	0	0	?	0	0	0
chr2	4593	39836951	39836954	3	1	1	1	1	0	0	0	?	0	0	0
chr2	4594	39837143	39837145	2	1	1	1	1	0	0	0	?	0	0	0
chr2	4595	39837681	39837684	3	1	1	1	1	0	0	0	?	0	0	0
chr2	4596	39837757	39837760	3	1	1	1	1	0	0	0	?	0	0	0
chr2	4597	39840470	39840473	3	1	1	1	1	0	0	0	?	0	0	0
chr2	4598	39840525	39840528	3	1	1	1	1	0	0	0	?	0	0	0
chr2	4599	39840882	39840885	3	1	1	1	1	0	0	0	?	0	0	0
chr2	4600	39842019	39842021	2	0	0	1	1	8	8	0	?	0	0	0
chr2	4601	39842157	39842160	3	1	1	1	1	0	0	0	?	0	0	0
chr2	4602	39842214	39842217	3	1	1	1	1	0	0	0	?	0	0	0
chr2	4603	39842522	39842525	3	1	1	1	1	0	0	0	?	0	0	0
chr2	4604	39842565	39842571	6	1	1	1	1	0	0	0	?	0	0	0
chr2	4605	39842878	39842881	3	1	1	1	1	0	0	0	?	0	0	0
chr2	4606	39842938	39842941	3	1	1	1	1	0	0	0	?	0	0	0
chr2	4607	39843082	39843085	3	1	1	1	1	0	0	0	?	0	0	0
chr2	4608	39843376	39843379	3	1	1	1	1	0	0	0	?	0	0	0
chr2	4609	39843597	39843603	6	1	1	1	1	0	0	0	?	0	0	0
chr2	4610	39843877	39843911	34	0	0	2	2	8	8	0	?	0	0	0
chr2	4611	39844165	39844168	3	1	1	1	1	0	0	0	?	0	0	0
chr2	4612	39844950	39844953	3	1	1	1	1	0	0	0	?	0	0	0
chr2	4613	39845674	39845677	3	1	1	1	1	0	0	0	?	0	0	0
chr2	4614	39845951	39845955	4	1	1	1	1	0	0	0	?	0	0	0
chr2	4615	39847761	39847764	3	1	1	1	1	0	0	0	?	0	0	0
chr2	4616	39847801	39847804	3	1	1	1	1	0	0	0	?	0	0	0
chr2	4617	39848271	39848273	2	0	0	1	1	2	2	0	?	0	0	0
chr2	4618	39849580	39849583	3	1	1	1	1	0	0	0	?	0	0	0
chr2	4619	39854838	39854841	3	1	1	1	1	0	0	0	?	0	0	0
chr2	4620	39855790	39855793	3	1	1	1	1	0	0	0	?	0	0	0
chr2	4621	39865565	39865572	7	1	1	2	2	14	14	0	?	0	0	0
chr2	4622	39872345	39872347	2	0	0	1	1	32	32	0	?	0	0	0
chr2	4623	39873290	39873293	3	1	1	1	1	0	0	0	?	0	0	0
chr2	4624	39874701	39874703	2	0	0	1	1	4	4	0	?	0	0	0
chr2	4625	39876738	39876741	3	1	1	1	1	0	0	0	?	0	0	0
chr2	4626	39878997	39879000	3	1	1	1	1	0	0	0	?	0	0	0
chr2	4627	39882337	39882340	3	1	1	1	1	0	0	0	?	0	0	0
chr2	4628	39885398	39885401	3	1	1	1	1	0	0	0	?	0	0	0
chr2	4629	39886543	39886546	3	1	1	1	1	0	0	0	?	0	0	0
chr2	4630	39887344	39887347	3	1	1	1	1	0	0	0	?	0	0	0
chr2	4631	39887577	39887580	3	1	1	1	1	0	0	0	?	0	0	0
chr2	4632	39887766	39887769	3	1	1	1	1	0	0	0	?	0	0	0
chr2	4633	39887832	39887835	3	1	1	1	1	0	0	0	?	0	0	0
chr2	4634	39888490	39888493	3	1	1	1	1	0	0	0	?	0	0	0
chr2	4635	39889556	39889559	3	1	1	1	1	0	0	0	?	0	0	0
chr2	4636	39889646	39889649	3	1	1	1	1	0	0	0	?	0	0	0
chr2	4637	39890013	39890016	3	1	1	1	1	0	0	0	?	0	0	0
chr2	4638	39891023	39891026	3	1	1	1	1	0	0	0	?	0	0	0
chr2	4639	39891459	39891462	3	1	1	1	1	0	0	0	?	0	0	0
chr2	4640	39891518	39891521	3	1	1	1	1	0	0	0	?	0	0	0
chr2	4641	39891577	39891580	3	1	1	1	1	0	0	0	?	0	0	0
chr2	4642	39891918	39891921	3	1	1	1	1	0	0	0	?	0	0	0
chr2	4643	39892184	39892187	3	1	1	1	1	0	0	0	?	0	0	0
chr2	4644	39892418	39892421	3	1	1	1	1	0	0	0	?	0	0	0
chr2	4645	39893321	39893324	3	1	1	1	1	0	0	0	?	0	0	0
chr2	4646	39893350	39893353	3	1	1	1	1	0	0	0	?	0	0	0
chr2	4647	39893441	39893444	3	1	1	1	1	0	0	0	?	0	0	0
chr2	4648	39893876	39893879	3	1	1	1	1	0	0	0	?	0	0	0
chr2	4649	39894193	39894196	3	1	1	1	1	0	0	0	?	0	0	0
chr2	4650	39894280	39894283	3	1	1	1	1	0	0	0	?	0	0	0
chr2	4651	39895645	39895648	3	1	1	1	1	0	0	0	?	0	0	0
chr2	4652	39898098	39898101	3	1	1	1	1	0	0	0	?	0	0	0
chr2	4653	39898200	39898203	3	1	1	1	1	0	0	0	?	0	0	0
chr2	4654	39898827	39898830	3	1	1	1	1	0	0	0	?	0	0	0
chr2	4655	39898916	39898919	3	1	1	1	1	0	0	0	?	0	0	0
chr2	4656	39899139	39899142	3	1	1	1	1	0	0	0	?	0	0	0
chr2	4657	39899395	39899398	3	1	1	1	1	0	0	0	?	0	0	0
chr2	4658	39899926	39899929	3	1	1	1	1	0	0	0	?	0	0	0
chr2	4659	39900040	39900043	3	1	1	1	1	0	0	0	?	0	0	0
chr2	4660	39900553	39900556	3	1	1	1	1	0	0	0	?	0	0	0
chr2	4661	39902890	39902893	3	1	1	1	1	0	0	0	?	0	0	0
chr2	4662	39903307	39903310	3	1	1	1	1	0	0	0	?	0	0	0
chr2	4663	39903909	39903912	3	1	1	1	1	0	0	0	?	0	0	0
chr2	4664	39904383	39904386	3	1	1	1	1	0	0	0	?	0	0	0
chr2	4665	39904562	39904565	3	1	1	1	1	0	0	0	?	0	0	0
chr2	4666	39904578	39904581	3	1	1	1	1	0	0	0	?	0	0	0
chr2	4667	39905286	39905289	3	1	1	1	1	0	0	0	?	0	0	0
chr2	4668	39906906	39906909	3	1	1	1	1	0	0	0	?	0	0	0
chr2	4669	39907101	39907104	3	1	1	1	1	0	0	0	?	0	0	0
chr2	4670	39909867	39909870	3	1	1	1	1	0	0	0	?	0	0	0
chr2	4671	39910207	39910210	3	1	1	1	1	0	0	0	?	0	0	0
chr2	4672	39910545	39910548	3	1	1	1	1	0	0	0	?	0	0	0
chr2	4673	39912766	39912772	6	2	2	2	2	0	0	0	?	0	0	0
chr2	4674	39912994	39913000	6	2	2	2	2	0	0	0	?	0	0	0
chr2	4675	39913387	39913390	3	1	1	1	1	0	0	0	?	0	0	0
chr2	4676	39913411	39913414	3	1	1	1	1	0	0	0	?	0	0	0
chr2	4677	39914427	39914432	5	1	1	1	1	0	0	0	?	0	0	0
chr2	4678	39914908	39914911	3	1	1	1	1	0	0	0	?	0	0	0
chr2	4679	39916540	39916543	3	1	1	1	1	0	0	0	?	0	0	0
chr2	4680	39916624	39916627	3	1	1	1	1	0	0	0	?	0	0	0
chr2	4681	39918773	39918776	3	1	1	1	1	0	0	0	?	0	0	0
chr2	4682	39918952	39918955	3	1	1	1	1	0	0	0	?	0	0	0
chr2	4683	39920030	39920033	3	1	1	1	1	0	0	0	?	0	0	0
chr2	4684	39920300	39920303	3	1	1	1	1	0	0	0	?	0	0	0
chr2	4685	39920468	39920471	3	1	1	1	1	0	0	0	?	0	0	0
chr2	4686	39920685	39920688	3	1	1	1	1	0	0	0	?	0	0	0
chr2	4687	39921073	39921076	3	1	1	1	1	0	0	0	?	0	0	0
chr2	4688	39923325	39923327	2	1	1	1	1	0	0	0	?	0	0	0
chr2	4689	39923466	39923469	3	1	1	1	1	0	0	0	?	0	0	0
chr2	4690	39923587	39923590	3	1	1	1	1	0	0	0	?	0	0	0
chr2	4691	39923643	39923646	3	1	1	1	1	0	0	0	?	0	0	0
chr2	4692	39923785	39923788	3	1	1	1	1	0	0	0	?	0	0	0
chr2	4693	39924871	39924874	3	1	1	1	1	0	0	0	?	0	0	0
chr2	4694	39925581	39925584	3	2	2	2	2	0	0	0	?	0	0	0
chr2	4695	39925815	39925818	3	1	1	1	1	0	0	0	?	0	0	0
chr2	4696	39926025	39926027	2	1	1	1	1	0	0	0	?	0	0	0
chr2	4697	39926141	39926144	3	1	1	1	1	0	0	0	?	0	0	0
chr2	4698	39926193	39926196	3	1	1	1	1	0	0	0	?	0	0	0
chr2	4699	39926934	39926937	3	1	1	1	1	0	0	0	?	0	0	0
chr2	4700	39927220	39927223	3	1	1	1	1	0	0	0	?	0	0	0
chr2	4701	39928027	39928029	2	1	1	1	1	0	0	0	?	0	0	0
chr2	4702	39930756	39930759	3	1	1	1	1	0	0	0	?	0	0	0
chr2	4703	39931123	39931126	3	1	1	1	1	0	0	0	?	0	0	0
chr2	4704	39931221	39931224	3	1	1	1	1	0	0	0	?	0	0	0
chr2	4705	39932123	39932126	3	1	1	1	1	0	0	0	?	0	0	0
chr2	4706	39932284	39932287	3	1	1	1	1	0	0	0	?	0	0	0
chr2	4707	39932804	39932807	3	1	1	1	1	0	0	0	?	0	0	0
chr2	4708	39933403	39933406	3	1	1	1	1	0	0	0	?	0	0	0
chr2	4709	39933950	39933953	3	1	1	1	1	0	0	0	?	0	0	0
chr2	4710	39934026	39934029	3	1	1	1	1	0	0	0	?	0	0	0
chr2	4711	39935103	39935106	3	1	1	1	1	0	0	0	?	0	0	0
chr2	4712	39935295	39935302	7	1	1	1	1	0	0	0	?	0	0	0
chr2	4713	39935424	39935427	3	1	1	1	1	0	0	0	?	0	0	0
chr2	4714	39936143	39936146	3	1	1	1	1	0	0	0	?	0	0	0
chr2	4715	39937426	39937429	3	1	1	1	1	0	0	0	?	0	0	0
chr2	4716	39937505	39937508	3	1	1	1	1	0	0	0	?	0	0	0
chr2	4717	39937860	39937863	3	1	1	1	1	0	0	0	?	0	0	0
chr2	4718	39938253	39938256	3	1	1	1	1	0	0	0	?	0	0	0
chr2	4719	39938909	39938912	3	1	1	1	1	0	0	0	?	0	0	0
chr2	4720	39939833	39939836	3	1	1	1	1	0	0	0	?	0	0	0
chr2	4721	39939900	39939903	3	1	1	1	1	0	0	0	?	0	0	0
chr2	4722	39939940	39939943	3	1	1	1	1	0	0	0	?	0	0	0
chr2	4723	39939986	39939989	3	1	1	1	1	0	0	0	?	0	0	0
chr2	4724	39941325	39941328	3	1	1	1	1	0	0	0	?	0	0	0
chr2	4725	39941436	39941447	11	2	2	2	2	0	0	0	?	0	0	0
chr2	4726	39941696	39941699	3	1	1	1	1	0	0	0	?	0	0	0
chr2	4727	39942108	39942111	3	1	1	1	1	0	0	0	?	0	0	0
chr2	4728	39942780	39942783	3	1	1	1	1	0	0	0	?	0	0	0
chr2	4729	39943595	39943597	2	1	1	1	1	0	0	0	?	0	0	0
chr2	4730	39944012	39944015	3	1	1	1	1	0	0	0	?	0	0	0
chr2	4731	39944281	39944284	3	1	1	1	1	0	0	0	?	0	0	0
chr2	4732	39946763	39946766	3	1	1	1	1	0	0	0	?	0	0	0
chr2	4733	39948495	39948498	3	1	1	1	1	0	0	0	?	0	0	0
chr2	4734	39949207	39949212	5	2	2	2	2	0	0	0	?	0	0	0
chr2	4735	39949453	39949456	3	1	1	1	1	0	0	0	?	0	0	0
chr2	4736	39949651	39949655	4	1	1	1	1	0	0	0	?	0	0	0
chr2	4737	39950007	39950010	3	1	1	1	1	0	0	0	?	0	0	0
chr2	4738	39950727	39950730	3	1	1	1	1	0	0	0	?	0	0	0
chr2	4739	39950878	39950881	3	1	1	1	1	0	0	0	?	0	0	0
chr2	4740	39951057	39951060	3	1	1	1	1	0	0	0	?	0	0	0
chr2	4741	39951112	39951115	3	1	1	1	1	0	0	0	?	0	0	0
chr2	4742	39951142	39951145	3	1	1	1	1	0	0	0	?	0	0	0
chr2	4743	39951209	39951211	2	1	1	1	1	0	0	0	?	0	0	0
chr2	4744	39951290	39951293	3	1	1	1	1	0	0	0	?	0	0	0
chr2	4745	39951392	39951395	3	1	1	1	1	0	0	0	?	0	0	0
chr2	4746	39951926	39951934	8	0	0	1	1	12	12	0	?	0	0	0
chr2	4747	39952063	39952066	3	1	1	1	1	0	0	0	?	0	0	0
chr2	4748	39952098	39952101	3	1	1	1	1	0	0	0	?	0	0	0
chr2	4749	39952139	39952142	3	1	1	1	1	0	0	0	?	0	0	0
chr2	4750	39952493	39952496	3	1	1	1	1	0	0	0	?	0	0	0
chr2	4751	39952980	39952983	3	1	1	1	1	0	0	0	?	0	0	0
chr2	4752	39954641	39954644	3	1	1	1	1	0	0	0	?	0	0	0
chr2	4753	39955250	39955253	3	1	1	1	1	0	0	0	?	0	0	0
chr2	4754	39955267	39955270	3	1	1	1	1	0	0	0	?	0	0	0
chr2	4755	39955642	39955645	3	1	1	1	1	0	0	0	?	0	0	0
chr2	4756	39955709	39955712	3	1	1	1	1	0	0	0	?	0	0	0
chr2	4757	39957062	39957064	2	0	0	1	1	8	8	0	?	0	0	0
chr2	4758	39958673	39958676	3	1	1	1	1	0	0	0	?	0	0	0
chr2	4759	39958743	39958746	3	1	1	1	1	0	0	0	?	0	0	0
chr2	4760	39959051	39959054	3	1	1	1	1	0	0	0	?	0	0	0
chr2	4761	39959170	39959173	3	1	1	1	1	0	0	0	?	0	0	0
chr2	4762	39959212	39959215	3	1	1	1	1	0	0	0	?	0	0	0
chr2	4763	39959350	39959353	3	1	1	1	1	0	0	0	?	0	0	0
chr2	4764	39959612	39959615	3	1	1	1	1	0	0	0	?	0	0	0
chr2	4765	39960124	39960127	3	1	1	1	1	0	0	0	?	0	0	0
chr2	4766	39960258	39960261	3	1	1	1	1	0	0	0	?	0	0	0
chr2	4767	39960558	39960561	3	1	1	1	1	0	0	0	?	0	0	0
chr2	4768	39960707	39960710	3	1	1	1	1	0	0	0	?	0	0	0
chr2	4769	39960955	39960959	4	2	2	2	2	0	0	0	?	0	0	0
chr2	4770	39961002	39961005	3	1	1	1	1	0	0	0	?	0	0	0
chr2	4771	39961869	39961872	3	1	1	1	1	0	0	0	?	0	0	0
chr2	4772	39961967	39961970	3	1	1	1	1	0	0	0	?	0	0	0
chr2	4773	39962604	39962607	3	1	1	1	1	0	0	0	?	0	0	0
chr2	4774	39962900	39962903	3	1	1	1	1	0	0	0	?	0	0	0
chr2	4775	39966206	39966209	3	1	1	1	1	0	0	0	?	0	0	0
chr2	4776	39966288	39966290	2	1	1	1	1	0	0	0	?	0	0	0
chr2	4777	39966535	39966538	3	1	1	1	1	0	0	0	?	0	0	0
chr2	4778	39966665	39966668	3	1	1	1	1	0	0	0	?	0	0	0
chr2	4779	39966769	39966772	3	1	1	1	1	0	0	0	?	0	0	0
chr2	4780	39966908	39966910	2	1	1	1	1	0	0	0	?	0	0	0
chr2	4781	39966943	39966946	3	1	1	1	1	0	0	0	?	0	0	0
chr2	4782	39967020	39967023	3	1	1	1	1	0	0	0	?	0	0	0
chr2	4783	39967559	39967562	3	1	1	1	1	0	0	0	?	0	0	0
chr2	4784	39967732	39967738	6	1	1	1	1	0	0	0	?	0	0	0
chr2	4785	39968406	39968409	3	1	1	1	1	0	0	0	?	0	0	0
chr2	4786	39968614	39968617	3	1	1	1	1	0	0	0	?	0	0	0
chr2	4787	39968975	39968978	3	1	1	1	1	0	0	0	?	0	0	0
chr2	4788	39969733	39969736	3	1	1	1	1	0	0	0	?	0	0	0
chr2	4789	39969964	39969967	3	1	1	1	1	0	0	0	?	0	0	0
chr2	4790	39970507	39970510	3	1	1	1	1	0	0	0	?	0	0	0
chr2	4791	39971117	39971120	3	1	1	1	1	0	0	0	?	0	0	0
chr2	4792	39971238	39971251	13	2	2	2	2	0	0	0	?	0	0	0
chr2	4793	39971565	39971568	3	1	1	1	1	0	0	0	?	0	0	0
chr2	4794	39971666	39971669	3	1	1	1	1	0	0	0	?	0	0	0
chr2	4795	39971990	39971993	3	1	1	1	1	0	0	0	?	0	0	0
chr2	4796	39972762	39972765	3	1	1	1	1	0	0	0	?	0	0	0
chr2	4797	39972803	39972806	3	1	1	1	1	0	0	0	?	0	0	0
chr2	4798	39972935	39972946	11	2	2	2	2	0	0	0	?	0	0	0
chr2	4799	39973132	39973135	3	1	1	1	1	0	0	0	?	0	0	0
chr2	4800	39973595	39973598	3	1	1	1	1	0	0	0	?	0	0	0
chr2	4801	39973935	39973938	3	1	1	1	1	0	0	0	?	0	0	0
chr2	4802	39974153	39974156	3	1	1	1	1	0	0	0	?	0	0	0
chr2	4803	39974515	39974518	3	1	1	1	1	0	0	0	?	0	0	0
chr2	4804	39974584	39974587	3	1	1	1	1	0	0	0	?	0	0	0
chr2	4805	39974650	39974653	3	1	1	1	1	0	0	0	?	0	0	0
chr2	4806	39974759	39974762	3	1	1	1	1	0	0	0	?	0	0	0
chr2	4807	39975003	39975006	3	1	1	1	1	0	0	0	?	0	0	0
chr2	4808	39976565	39976568	3	0	0	1	1	2	2	0	?	0	0	0
chr2	4809	39976754	39976757	3	1	1	1	1	0	0	0	?	0	0	0
chr2	4810	39976784	39976787	3	1	1	1	1	0	0	0	?	0	0	0
chr2	4811	39977491	39977494	3	1	1	1	1	0	0	0	?	0	0	0
chr2	4812	39978558	39978610	52	1	1	2	2	2	2	0	?	0	0	0
chr2	4813	39978828	39978946	118	2	2	2	2	46	46	0	?	0	0	0
chr2	4814	39979223	39979226	3	1	1	1	1	0	0	0	?	0	0	0
chr2	4815	39979447	39979450	3	1	1	1	1	0	0	0	?	0	0	0
chr2	4816	39980096	39980109	13	2	2	2	2	0	0	0	?	0	0	0
chr2	4817	39980196	39980199	3	1	1	1	1	0	0	0	?	0	0	0
chr2	4818	39980260	39980264	4	1	1	1	1	0	0	0	?	0	0	0
chr2	4819	39981523	39981526	3	1	1	1	1	0	0	0	?	0	0	0
chr2	4820	39981774	39981777	3	1	1	1	1	0	0	0	?	0	0	0
chr2	4821	39981907	39981910	3	1	1	1	1	0	0	0	?	0	0	0
chr2	4822	39982359	39982361	2	1	1	1	1	0	0	0	?	0	0	0
chr2	4823	39982523	39982526	3	1	1	1	1	0	0	0	?	0	0	0
chr2	4824	39982570	39982573	3	1	1	1	1	0	0	0	?	0	0	0
chr2	4825	39982583	39982586	3	1	1	1	1	0	0	0	?	0	0	0
chr2	4826	39983068	39983071	3	1	1	1	1	0	0	0	?	0	0	0
chr2	4827	39983357	39983360	3	1	1	1	1	0	0	0	?	0	0	0
chr2	4828	39984048	39984051	3	1	1	1	1	0	0	0	?	0	0	0
chr2	4829	39984107	39984110	3	1	1	1	1	0	0	0	?	0	0	0
chr2	4830	39984186	39984189	3	1	1	1	1	0	0	0	?	0	0	0
chr2	4831	39984315	39984318	3	1	1	1	1	0	0	0	?	0	0	0
chr2	4832	39984577	39984584	7	2	2	2	2	0	0	0	?	0	0	0
chr2	4833	39985221	39985230	9	1	1	1	1	0	0	0	?	0	0	0
chr2	4834	39985570	39985573	3	1	1	1	1	0	0	0	?	0	0	0
chr2	4835	39985609	39985612	3	1	1	1	1	0	0	0	?	0	0	0
chr2	4836	39985653	39985656	3	1	1	1	1	0	0	0	?	0	0	0
chr2	4837	39986195	39986198	3	1	1	1	1	0	0	0	?	0	0	0
chr2	4838	39986405	39986408	3	1	1	1	1	0	0	0	?	0	0	0
chr2	4839	39986484	39986487	3	1	1	1	1	0	0	0	?	0	0	0
chr2	4840	39986617	39986620	3	1	1	1	1	0	0	0	?	0	0	0
chr2	4841	39986733	39986736	3	1	1	1	1	0	0	0	?	0	0	0
chr2	4842	39986819	39986822	3	1	1	1	1	0	0	0	?	0	0	0
chr2	4843	39986856	39986859	3	1	1	1	1	0	0	0	?	0	0	0
chr2	4844	39986904	39986907	3	1	1	1	1	0	0	0	?	0	0	0
chr2	4845	39986989	39986992	3	1	1	1	1	0	0	0	?	0	0	0
chr2	4846	39987432	39987440	8	2	2	2	2	0	0	0	?	0	0	0
chr2	4847	39987486	39987489	3	1	1	1	1	0	0	0	?	0	0	0
chr2	4848	39987513	39987516	3	1	1	1	1	0	0	0	?	0	0	0
chr2	4849	39987834	39987837	3	1	1	1	1	0	0	0	?	0	0	0
chr2	4850	39988510	39988513	3	1	1	1	1	0	0	0	?	0	0	0
chr2	4851	39988643	39988646	3	1	1	1	1	0	0	0	?	0	0	0
chr2	4852	39989250	39989256	6	2	2	2	2	0	0	0	?	0	0	0
chr2	4853	39989321	39989324	3	1	1	1	1	0	0	0	?	0	0	0
chr2	4854	39989478	39989481	3	1	1	1	1	0	0	0	?	0	0	0
chr2	4855	39989910	39989913	3	1	1	1	1	0	0	0	?	0	0	0
chr2	4856	39990110	39990117	7	2	2	2	2	0	0	0	?	0	0	0
chr2	4857	39990524	39990527	3	1	1	1	1	0	0	0	?	0	0	0
chr2	4858	39990708	39990711	3	1	1	1	1	0	0	0	?	0	0	0
chr2	4859	39991164	39991167	3	1	1	1	1	0	0	0	?	0	0	0
chr2	4860	39991244	39991248	4	1	1	1	1	0	0	0	?	0	0	0
chr2	4861	39991515	39991518	3	1	1	1	1	0	0	0	?	0	0	0
chr2	4862	39991779	39991782	3	1	1	1	1	0	0	0	?	0	0	0
chr2	4863	39991997	39992000	3	1	1	1	1	0	0	0	?	0	0	0
chr2	4864	39992242	39992245	3	1	1	1	1	0	0	0	?	0	0	0
chr2	4865	39992412	39992415	3	1	1	1	1	0	0	0	?	0	0	0
chr2	4866	39992644	39992647	3	1	1	1	1	0	0	0	?	0	0	0
chr2	4867	39992911	39992914	3	1	1	1	1	0	0	0	?	0	0	0
chr2	4868	39993189	39993192	3	1	1	1	1	0	0	0	?	0	0	0
chr2	4869	39993663	39993666	3	1	1	1	1	0	0	0	?	0	0	0
chr2	4870	39994704	39994707	3	1	1	1	1	0	0	0	?	0	0	0
chr2	4871	39994757	39994760	3	1	1	1	1	0	0	0	?	0	0	0
chr2	4872	39995064	39995067	3	1	1	1	1	0	0	0	?	0	0	0
chr2	4873	39995510	39995513	3	1	1	1	1	0	0	0	?	0	0	0
chr2	4874	39995607	39995610	3	1	1	1	1	0	0	0	?	0	0	0
chr2	4875	39995788	39995791	3	1	1	1	1	0	0	0	?	0	0	0
chr2	4876	39996685	39996688	3	1	1	1	1	0	0	0	?	0	0	0
chr2	4877	39997873	39997876	3	1	1	1	1	0	0	0	?	0	0	0
chr2	4878	39998832	39998835	3	1	1	1	1	0	0	0	?	0	0	0
chr2	4879	39998943	39998946	3	1	1	1	1	0	0	0	?	0	0	0
chr2	4880	39999004	39999013	9	2	2	2	2	0	0	0	?	0	0	0
chr2	4881	39999771	39999774	3	1	1	1	1	0	0	0	?	0	0	0
chr2	4882	40000955	40000958	3	1	1	1	1	0	0	0	?	0	0	0
chr2	4883	40001328	40001357	29	3	3	3	3	0	0	0	?	0	0	0
chr2	4884	40001674	40001677	3	1	1	1	1	0	0	0	?	0	0	0
chr2	4885	40001691	40001694	3	1	1	1	1	0	0	0	?	0	0	0
chr2	4886	40001954	40001957	3	1	1	1	1	0	0	0	?	0	0	0
chr2	4887	40004443	40004446	3	1	1	1	1	0	0	0	?	0	0	0
chr2	4888	40005098	40005101	3	1	1	1	1	0	0	0	?	0	0	0
chr2	4889	40005354	40005357	3	1	1	1	1	0	0	0	?	0	0	0
chr2	4890	40005460	40005463	3	1	1	1	1	0	0	0	?	0	0	0
chr2	4891	40006117	40006120	3	1	1	1	1	0	0	0	?	0	0	0
chr2	4892	40007802	40007805	3	1	1	1	1	0	0	0	?	0	0	0
chr2	4893	40008051	40008054	3	1	1	1	1	0	0	0	?	0	0	0
chr2	4894	40008586	40008589	3	1	1	1	1	0	0	0	?	0	0	0
chr2	4895	40009548	40009551	3	1	1	1	1	0	0	0	?	0	0	0
chr2	4896	40009815	40009818	3	1	1	1	1	0	0	0	?	0	0	0
chr2	4897	40009873	40009876	3	1	1	1	1	0	0	0	?	0	0	0
chr2	4898	40010074	40010077	3	1	1	1	1	0	0	0	?	0	0	0
chr2	4899	40010247	40010250	3	1	1	1	1	0	0	0	?	0	0	0
chr2	4900	40010497	40010500	3	1	1	1	1	0	0	0	?	0	0	0
chr2	4901	40011136	40011144	8	1	1	1	1	0	0	0	?	0	0	0
chr2	4902	40012717	40012730	13	3	3	3	3	0	0	0	?	0	0	0
chr2	4903	40013376	40013379	3	1	1	1	1	0	0	0	?	0	0	0
chr2	4904	40013838	40013841	3	1	1	1	1	0	0	0	?	0	0	0
chr2	4905	40014545	40014548	3	1	1	1	1	0	0	0	?	0	0	0
chr2	4906	40014557	40014560	3	1	1	1	1	0	0	0	?	0	0	0
chr2	4907	40018707	40018710	3	1	1	1	1	0	0	0	?	0	0	0
chr2	4908	40019574	40019577	3	1	1	1	1	0	0	0	?	0	0	0
chr2	4909	40019703	40019706	3	1	1	1	1	0	0	0	?	0	0	0
chr2	4910	40021005	40021009	4	1	1	1	1	0	0	0	?	0	0	0
chr2	4911	40021696	40021699	3	1	1	1	1	0	0	0	?	0	0	0
chr2	4912	40022137	40022140	3	1	1	1	1	0	0	0	?	0	0	0
chr2	4913	40022452	40022455	3	1	1	1	1	0	0	0	?	0	0	0
chr2	4914	40022838	40022841	3	1	1	1	1	0	0	0	?	0	0	0
chr2	4915	40022976	40022979	3	1	1	1	1	0	0	0	?	0	0	0
chr2	4916	40023336	40023339	3	1	1	1	1	0	0	0	?	0	0	0
chr2	4917	40023412	40023415	3	1	1	1	1	0	0	0	?	0	0	0
chr2	4918	40023428	40023431	3	1	1	1	1	0	0	0	?	0	0	0
chr2	4919	40024278	40024281	3	1	1	1	1	0	0	0	?	0	0	0
chr2	4920	40024335	40024338	3	1	1	1	1	0	0	0	?	0	0	0
chr2	4921	40024487	40024490	3	1	1	1	1	0	0	0	?	0	0	0
chr2	4922	40024526	40024529	3	1	1	1	1	0	0	0	?	0	0	0
chr2	4923	40024812	40024815	3	1	1	1	1	0	0	0	?	0	0	0
chr2	4924	40024859	40024862	3	1	1	1	1	0	0	0	?	0	0	0
chr2	4925	40025093	40025096	3	1	1	1	1	0	0	0	?	0	0	0
chr2	4926	40025224	40025227	3	1	1	1	1	0	0	0	?	0	0	0
chr2	4927	40025335	40025338	3	1	1	1	1	0	0	0	?	0	0	0
chr2	4928	40025629	40025632	3	1	1	1	1	0	0	0	?	0	0	0
chr2	4929	40025845	40025848	3	1	1	1	1	0	0	0	?	0	0	0
chr2	4930	40025994	40025998	4	2	2	2	2	0	0	0	?	0	0	0
chr2	4931	40026171	40026174	3	1	1	1	1	0	0	0	?	0	0	0
chr2	4932	40026938	40026941	3	1	1	1	1	0	0	0	?	0	0	0
chr2	4933	40027103	40027106	3	1	1	1	1	0	0	0	?	0	0	0
chr2	4934	40027177	40027180	3	1	1	1	1	0	0	0	?	0	0	0
chr2	4935	40027242	40027245	3	1	1	1	1	0	0	0	?	0	0	0
chr2	4936	40027336	40027340	4	2	2	2	2	0	0	0	?	0	0	0
chr2	4937	40027598	40027601	3	1	1	1	1	0	0	0	?	0	0	0
chr2	4938	40027716	40027719	3	1	1	1	1	0	0	0	?	0	0	0
chr2	4939	40027754	40027757	3	1	1	1	1	0	0	0	?	0	0	0
chr2	4940	40027873	40027876	3	1	1	1	1	0	0	0	?	0	0	0
chr2	4941	40028082	40028085	3	1	1	1	1	0	0	0	?	0	0	0
chr2	4942	40029076	40029079	3	1	1	1	1	0	0	0	?	0	0	0
chr2	4943	40029412	40029415	3	1	1	1	1	0	0	0	?	0	0	0
chr2	4944	40029632	40029635	3	1	1	1	1	0	0	0	?	0	0	0
chr2	4945	40030044	40030047	3	1	1	1	1	0	0	0	?	0	0	0
chr2	4946	40030473	40030476	3	1	1	1	1	0	0	0	?	0	0	0
chr2	4947	40030495	40030498	3	1	1	1	1	0	0	0	?	0	0	0
chr2	4948	40031104	40031107	3	1	1	1	1	0	0	0	?	0	0	0
chr2	4949	40031910	40031913	3	1	1	1	1	0	0	0	?	0	0	0
chr2	4950	40032273	40032276	3	1	1	1	1	0	0	0	?	0	0	0
chr2	4951	40032637	40032640	3	1	1	1	1	0	0	0	?	0	0	0
chr2	4952	40032759	40032763	4	2	2	2	2	0	0	0	?	0	0	0
chr2	4953	40033868	40033871	3	1	1	1	1	0	0	0	?	0	0	0
chr2	4954	40034086	40034089	3	1	1	1	1	0	0	0	?	0	0	0
chr2	4955	40034710	40034713	3	1	1	1	1	0	0	0	?	0	0	0
chr2	4956	40034838	40034841	3	1	1	1	1	0	0	0	?	0	0	0
chr2	4957	40035282	40035285	3	1	1	1	1	0	0	0	?	0	0	0
chr2	4958	40035944	40035947	3	1	1	1	1	0	0	0	?	0	0	0
chr2	4959	40036486	40036488	2	1	1	1	1	0	0	0	?	0	0	0
chr2	4960	40037263	40037266	3	1	1	1	1	0	0	0	?	0	0	0
chr2	4961	40037398	40037401	3	1	1	1	1	0	0	0	?	0	0	0
chr2	4962	40037686	40037689	3	1	1	1	1	0	0	0	?	0	0	0
chr2	4963	40037719	40037722	3	1	1	1	1	0	0	0	?	0	0	0
chr2	4964	40038555	40038558	3	1	1	1	1	0	0	0	?	0	0	0
chr2	4965	40039358	40039361	3	1	1	1	1	0	0	0	?	0	0	0
chr2	4966	40039484	40039487	3	1	1	1	1	0	0	0	?	0	0	0
chr2	4967	40039618	40039621	3	1	1	1	1	0	0	0	?	0	0	0
chr2	4968	40040016	40040019	3	1	1	1	1	0	0	0	?	0	0	0
chr2	4969	40040275	40040278	3	1	1	1	1	0	0	0	?	0	0	0
chr2	4970	40040364	40040367	3	1	1	1	1	0	0	0	?	0	0	0
chr2	4971	40040513	40040527	14	1	1	1	1	0	0	0	?	0	0	0
chr2	4972	40042273	40042276	3	1	1	1	1	0	0	0	?	0	0	0
chr2	4973	40042528	40042531	3	1	1	1	1	0	0	0	?	0	0	0
chr2	4974	40042773	40042776	3	1	1	1	1	0	0	0	?	0	0	0
chr2	4975	40042980	40042983	3	1	1	1	1	0	0	0	?	0	0	0
chr2	4976	40043245	40043248	3	1	1	1	1	0	0	0	?	0	0	0
chr2	4977	40044217	40044220	3	1	1	1	1	0	0	0	?	0	0	0
chr2	4978	40044691	40044694	3	1	1	1	1	0	0	0	?	0	0	0
chr2	4979	40045347	40045351	4	0	0	1	1	4	4	0	?	0	0	0
chr2	4980	40046915	40046918	3	1	1	1	1	0	0	0	?	0	0	0
chr2	4981	40047156	40047159	3	1	1	1	1	0	0	0	?	0	0	0
chr2	4982	40048391	40048394	3	1	1	1	1	0	0	0	?	0	0	0
chr2	4983	40051181	40051184	3	1	1	1	1	0	0	0	?	0	0	0
chr2	4984	40051397	40051400	3	1	1	1	1	0	0	0	?	0	0	0
chr2	4985	40052474	40052477	3	1	1	1	1	0	0	0	?	0	0	0
chr2	4986	40053031	40053034	3	1	1	1	1	0	0	0	?	0	0	0
chr2	4987	40053844	40053847	3	1	1	1	1	0	0	0	?	0	0	0
chr2	4988	40054974	40054976	2	0	0	1	1	18	18	0	?	0	0	0
chr2	4989	40055298	40055304	6	1	1	1	1	0	0	0	?	0	0	0
chr2	4990	40057301	40057304	3	1	1	1	1	0	0	0	?	0	0	0
chr2	4991	40057788	40057791	3	1	1	1	1	0	0	0	?	0	0	0
chr2	4992	40057821	40057824	3	1	1	1	1	0	0	0	?	0	0	0
chr2	4993	40058082	40058100	18	3	3	3	3	0	0	0	?	0	0	0
chr2	4994	40059160	40059163	3	1	1	1	1	0	0	0	?	0	0	0
chr2	4995	40059782	40059785	3	1	1	1	1	0	0	0	?	0	0	0
chr2	4996	40060668	40060671	3	1	1	1	1	0	0	0	?	0	0	0
chr2	4997	40061445	40061448	3	1	1	1	1	0	0	0	?	0	0	0
chr2	4998	40061643	40061646	3	1	1	1	1	0	0	0	?	0	0	0
chr2	4999	40061709	40061712	3	1	1	1	1	0	0	0	?	0	0	0
chr2	5000	40062125	40062128	3	1	1	1	1	0	0	0	?	0	0	0
chr2	5001	40062419	40062422	3	1	1	1	1	0	0	0	?	0	0	0
chr2	5002	40062970	40062973	3	1	1	1	1	0	0	0	?	0	0	0
chr2	5003	40063170	40063173	3	1	1	1	1	0	0	0	?	0	0	0
chr2	5004	40063818	40063853	35	2	2	2	2	0	0	0	?	0	0	0
chr2	5005	40063913	40063916	3	1	1	1	1	0	0	0	?	0	0	0
chr2	5006	40064451	40064454	3	1	1	1	1	0	0	0	?	0	0	0
chr2	5007	40064798	40064801	3	1	1	1	1	0	0	0	?	0	0	0
chr2	5008	40065147	40065150	3	1	1	1	1	0	0	0	?	0	0	0
chr2	5009	40065372	40065375	3	1	1	1	1	0	0	0	?	0	0	0
chr2	5010	40065530	40065533	3	1	1	1	1	0	0	0	?	0	0	0
chr2	5011	40065581	40065583	2	1	1	1	1	0	0	0	?	0	0	0
chr2	5012	40065902	40065905	3	1	1	1	1	0	0	0	?	0	0	0
chr2	5013	40066052	40066065	13	1	1	1	1	0	0	0	?	0	0	0
chr2	5014	40066618	40066621	3	1	1	1	1	0	0	0	?	0	0	0
chr2	5015	40068826	40068829	3	1	1	1	1	0	0	0	?	0	0	0
chr2	5016	40069105	40069107	2	1	1	1	1	0	0	0	?	0	0	0
chr2	5017	40070630	40070633	3	1	1	1	1	0	0	0	?	0	0	0
chr2	5018	40071553	40071556	3	1	1	1	1	0	0	0	?	0	0	0
chr2	5019	40072322	40072325	3	1	1	1	1	0	0	0	?	0	0	0
chr2	5020	40076796	40076799	3	1	1	1	1	0	0	0	?	0	0	0
chr2	5021	40078529	40078532	3	1	1	1	1	0	0	0	?	0	0	0
chr2	5022	40083360	40083363	3	1	1	1	1	0	0	0	?	0	0	0
chr2	5023	40083625	40083627	2	1	1	1	1	0	0	0	?	0	0	0
chr2	5024	40084343	40084346	3	1	1	1	1	0	0	0	?	0	0	0
chr2	5025	40084455	40084458	3	1	1	1	1	0	0	0	?	0	0	0
chr2	5026	40084654	40084656	2	1	1	1	1	0	0	0	?	0	0	0
chr2	5027	40085110	40085113	3	1	1	1	1	0	0	0	?	0	0	0
chr2	5028	40088658	40088661	3	1	1	1	1	0	0	0	?	0	0	0
chr2	5029	40088757	40088760	3	1	1	1	1	0	0	0	?	0	0	0
chr2	5030	40089331	40089334	3	1	1	1	1	0	0	0	?	0	0	0
chr2	5031	40090715	40090718	3	1	1	1	1	0	0	0	?	0	0	0
chr2	5032	40090777	40090782	5	1	1	1	1	0	0	0	?	0	0	0
chr2	5033	40091738	40091741	3	1	1	1	1	0	0	0	?	0	0	0
chr2	5034	40093488	40093490	2	1	1	1	1	0	0	0	?	0	0	0
chr2	5035	40093734	40093736	2	1	1	1	1	0	0	0	?	0	0	0
chr2	5036	40094047	40094050	3	1	1	1	1	0	0	0	?	0	0	0
chr2	5037	40095229	40095232	3	1	1	1	1	0	0	0	?	0	0	0
chr2	5038	40095335	40095338	3	1	1	1	1	0	0	0	?	0	0	0
chr2	5039	40096257	40096260	3	1	1	1	1	0	0	0	?	0	0	0
chr2	5040	40097327	40097333	6	1	1	1	1	0	0	0	?	0	0	0
chr2	5041	40097508	40097511	3	1	1	1	1	0	0	0	?	0	0	0
chr2	5042	40097704	40097707	3	1	1	1	1	0	0	0	?	0	0	0
chr2	5043	40097749	40097752	3	1	1	1	1	0	0	0	?	0	0	0
chr2	5044	40097887	40097890	3	1	1	1	1	0	0	0	?	0	0	0
chr2	5045	40097990	40097993	3	1	1	1	1	0	0	0	?	0	0	0
chr2	5046	40099000	40099003	3	1	1	1	1	0	0	0	?	0	0	0
chr2	5047	40099949	40099952	3	1	1	1	1	0	0	0	?	0	0	0
chr2	5048	40103133	40103136	3	1	1	1	1	0	0	0	?	0	0	0
chr2	5049	40103828	40103831	3	1	1	1	1	0	0	0	?	0	0	0
chr2	5050	40103993	40103996	3	1	1	1	1	0	0	0	?	0	0	0
chr2	5051	40104570	40104573	3	1	1	1	1	0	0	0	?	0	0	0
chr2	5052	40104745	40104748	3	1	1	1	1	0	0	0	?	0	0	0
chr2	5053	40105965	40105968	3	1	1	1	1	0	0	0	?	0	0	0
chr2	5054	40107278	40107283	5	0	0	1	1	6	6	0	?	0	0	0
chr2	5055	40107721	40107724	3	1	1	1	1	0	0	0	?	0	0	0
chr2	5056	40107757	40107760	3	1	1	1	1	0	0	0	?	0	0	0
chr2	5057	40107992	40107995	3	1	1	1	1	0	0	0	?	0	0	0
chr2	5058	40108152	40108155	3	1	1	1	1	0	0	0	?	0	0	0
chr2	5059	40108317	40108320	3	1	1	1	1	0	0	0	?	0	0	0
chr2	5060	40108417	40108420	3	1	1	1	1	0	0	0	?	0	0	0
chr2	5061	40108734	40108737	3	1	1	1	1	0	0	0	?	0	0	0
chr2	5062	40109025	40109028	3	1	1	1	1	0	0	0	?	0	0	0
chr2	5063	40109047	40109050	3	1	1	1	1	0	0	0	?	0	0	0
chr2	5064	40109068	40109071	3	1	1	1	1	0	0	0	?	0	0	0
chr2	5065	40109498	40109501	3	1	1	1	1	0	0	0	?	0	0	0
chr2	5066	40110925	40110928	3	1	1	1	1	0	0	0	?	0	0	0
chr2	5067	40111695	40111698	3	1	1	1	1	0	0	0	?	0	0	0
chr2	5068	40112337	40112341	4	1	1	1	1	0	0	0	?	0	0	0
chr2	5069	40112657	40112659	2	1	1	1	1	0	0	0	?	0	0	0
chr2	5070	40112844	40112847	3	1	1	1	1	0	0	0	?	0	0	0
chr2	5071	40113530	40113533	3	1	1	1	1	0	0	0	?	0	0	0
chr2	5072	40114246	40114249	3	1	1	1	1	0	0	0	?	0	0	0
chr2	5073	40114463	40114466	3	1	1	1	1	0	0	0	?	0	0	0
chr2	5074	40114518	40114521	3	1	1	1	1	0	0	0	?	0	0	0
chr2	5075	40114705	40114708	3	1	1	1	1	0	0	0	?	0	0	0
chr2	5076	40115905	40115908	3	1	1	1	1	0	0	0	?	0	0	0
chr2	5077	40116225	40116228	3	1	1	1	1	0	0	0	?	0	0	0
chr2	5078	40116506	40116509	3	1	1	1	1	0	0	0	?	0	0	0
chr2	5079	40117391	40117398	7	2	2	1	1	0	0	0	?	0	0	0
chr2	5080	40117430	40117433	3	1	1	1	1	0	0	0	?	0	0	0
chr2	5081	40118080	40118083	3	1	1	1	1	0	0	0	?	0	0	0
chr2	5082	40118098	40118101	3	1	1	1	1	0	0	0	?	0	0	0
chr2	5083	40118176	40118179	3	1	1	1	1	0	0	0	?	0	0	0
chr2	5084	40118329	40118332	3	1	1	1	1	0	0	0	?	0	0	0
chr2	5085	40118606	40118610	4	0	0	1	1	4	4	0	?	0	0	0
chr2	5086	40119333	40119336	3	1	1	1	1	0	0	0	?	0	0	0
chr2	5087	40119361	40119364	3	1	1	1	1	0	0	0	?	0	0	0
chr2	5088	40120102	40120105	3	1	1	1	1	0	0	0	?	0	0	0
chr2	5089	40122020	40122023	3	1	1	1	1	0	0	0	?	0	0	0
chr2	5090	40122206	40122209	3	1	1	1	1	0	0	0	?	0	0	0
chr2	5091	40122227	40122239	12	2	2	2	2	0	0	0	?	0	0	0
chr2	5092	40126590	40126593	3	1	1	1	1	0	0	0	?	0	0	0
chr2	5093	40126828	40126831	3	1	1	1	1	0	0	0	?	0	0	0
chr2	5094	40127335	40127338	3	1	1	1	1	0	0	0	?	0	0	0
chr2	5095	40127429	40127432	3	1	1	1	1	0	0	0	?	0	0	0
chr2	5096	40127546	40127549	3	1	1	1	1	0	0	0	?	0	0	0
chr2	5097	40128797	40128800	3	1	1	1	1	0	0	0	?	0	0	0
chr2	5098	40129404	40129407	3	1	1	1	1	0	0	0	?	0	0	0
chr2	5099	40130107	40130110	3	1	1	1	1	0	0	0	?	0	0	0
chr2	5100	40130530	40130533	3	1	1	1	1	0	0	0	?	0	0	0
chr2	5101	40131857	40131868	11	1	1	1	1	0	0	0	?	0	0	0
chr2	5102	40132160	40132163	3	1	1	1	1	0	0	0	?	0	0	0
chr2	5103	40132372	40132375	3	1	1	1	1	0	0	0	?	0	0	0
chr2	5104	40132427	40132430	3	1	1	1	1	0	0	0	?	0	0	0
chr2	5105	40132538	40132541	3	1	1	1	1	0	0	0	?	0	0	0
chr2	5106	40133307	40133310	3	1	1	1	1	0	0	0	?	0	0	0
chr2	5107	40133390	40133401	11	2	2	2	2	0	0	0	?	0	0	0
chr2	5108	40133700	40133714	14	3	3	3	3	0	0	0	?	0	0	0
chr2	5109	40133795	40133798	3	1	1	1	1	0	0	0	?	0	0	0
chr2	5110	40134095	40134099	4	2	2	2	2	0	0	0	?	0	0	0
chr2	5111	40134378	40134381	3	1	1	1	1	0	0	0	?	0	0	0
chr2	5112	40135361	40135364	3	1	1	1	1	0	0	0	?	0	0	0
chr2	5113	40135398	40135401	3	1	1	1	1	0	0	0	?	0	0	0
chr2	5114	40135533	40135536	3	1	1	1	1	0	0	0	?	0	0	0
chr2	5115	40135584	40135587	3	1	1	1	1	0	0	0	?	0	0	0
chr2	5116	40135648	40135651	3	1	1	1	1	0	0	0	?	0	0	0
chr2	5117	40135814	40135817	3	1	1	1	1	0	0	0	?	0	0	0
chr2	5118	40136502	40136505	3	1	1	1	1	0	0	0	?	0	0	0
chr2	5119	40136574	40136577	3	1	1	1	1	0	0	0	?	0	0	0
chr2	5120	40137064	40137067	3	1	1	1	1	0	0	0	?	0	0	0
chr2	5121	40137131	40137134	3	1	1	1	1	0	0	0	?	0	0	0
chr2	5122	40137753	40137756	3	1	1	1	1	0	0	0	?	0	0	0
chr2	5123	40139159	40139162	3	1	1	1	1	0	0	0	?	0	0	0
chr2	5124	40140592	40140595	3	1	1	1	1	0	0	0	?	0	0	0
chr2	5125	40140635	40140638	3	1	1	1	1	0	0	0	?	0	0	0
chr2	5126	40140833	40140837	4	1	1	1	1	0	0	0	?	0	0	0
chr2	5127	40141091	40141094	3	1	1	1	1	0	0	0	?	0	0	0
chr2	5128	40142445	40142448	3	1	1	1	1	0	0	0	?	0	0	0
chr2	5129	40142503	40142506	3	1	1	1	1	0	0	0	?	0	0	0
chr2	5130	40142546	40142549	3	1	1	1	1	0	0	0	?	0	0	0
chr2	5131	40145964	40145971	7	0	0	1	1	10	10	0	?	0	0	0
chr2	5132	40146692	40146695	3	1	1	1	1	0	0	0	?	0	0	0
chr2	5133	40149311	40149314	3	1	1	1	1	0	0	0	?	0	0	0
chr2	5134	40149383	40149386	3	1	1	1	1	0	0	0	?	0	0	0
chr2	5135	40149982	40149985	3	1	1	1	1	0	0	0	?	0	0	0
chr2	5136	40150050	40150053	3	1	1	1	1	0	0	0	?	0	0	0
chr2	5137	40150478	40150481	3	1	1	1	1	0	0	0	?	0	0	0
chr2	5138	40150538	40150541	3	1	1	1	1	0	0	0	?	0	0	0
chr2	5139	40150607	40150610	3	1	1	1	1	0	0	0	?	0	0	0
chr2	5140	40151267	40151269	2	1	1	1	1	0	0	0	?	0	0	0
chr2	5141	40151898	40151901	3	1	1	1	1	0	0	0	?	0	0	0
chr2	5142	40152134	40152137	3	1	1	1	1	0	0	0	?	0	0	0
chr2	5143	40152154	40152157	3	1	1	1	1	0	0	0	?	0	0	0
chr2	5144	40152377	40152380	3	1	1	1	1	0	0	0	?	0	0	0
chr2	5145	40152570	40152572	2	1	1	1	1	0	0	0	?	0	0	0
chr2	5146	40152809	40152812	3	1	1	1	1	0	0	0	?	0	0	0
chr2	5147	40153112	40153115	3	1	1	1	1	0	0	0	?	0	0	0
chr2	5148	40154122	40154132	10	2	2	2	2	0	0	0	?	0	0	0
chr2	5149	40154227	40154230	3	1	1	1	1	0	0	0	?	0	0	0
chr2	5150	40154298	40154302	4	1	1	1	1	0	0	0	?	0	0	0
chr2	5151	40154481	40154485	4	1	1	1	1	0	0	0	?	0	0	0
chr2	5152	40154590	40154593	3	1	1	1	1	0	0	0	?	0	0	0
chr2	5153	40154604	40154607	3	1	1	1	1	0	0	0	?	0	0	0
chr2	5154	40154779	40154782	3	1	1	1	1	0	0	0	?	0	0	0
chr2	5155	40155570	40155573	3	1	1	1	1	0	0	0	?	0	0	0
chr2	5156	40156499	40156505	6	1	1	1	1	0	0	0	?	0	0	0
chr2	5157	40156607	40156610	3	1	1	1	1	0	0	0	?	0	0	0
chr2	5158	40156675	40156679	4	1	1	1	1	0	0	0	?	0	0	0
chr2	5159	40157344	40157346	2	1	1	1	1	0	0	0	?	0	0	0
chr2	5160	40157903	40157906	3	1	1	1	1	0	0	0	?	0	0	0
chr2	5161	40159458	40159461	3	1	1	1	1	0	0	0	?	0	0	0
chr2	5162	40160246	40160249	3	1	1	1	1	0	0	0	?	0	0	0
chr2	5163	40160321	40160324	3	1	1	1	1	0	0	0	?	0	0	0
chr2	5164	40160347	40160350	3	1	1	1	1	0	0	0	?	0	0	0
chr2	5165	40162936	40162939	3	1	1	1	1	0	0	0	?	0	0	0
chr2	5166	40163328	40163331	3	1	1	1	1	0	0	0	?	0	0	0
chr2	5167	40163684	40163687	3	1	1	1	1	0	0	0	?	0	0	0
chr2	5168	40163757	40163760	3	1	1	1	1	0	0	0	?	0	0	0
chr2	5169	40164160	40164162	2	1	1	1	1	0	0	0	?	0	0	0
chr2	5170	40164374	40164377	3	1	1	1	1	0	0	0	?	0	0	0
chr2	5171	40165171	40165174	3	1	1	1	1	0	0	0	?	0	0	0
chr2	5172	40166081	40166084	3	1	1	1	1	0	0	0	?	0	0	0
chr2	5173	40166202	40166205	3	1	1	1	1	0	0	0	?	0	0	0
chr2	5174	40166305	40166308	3	1	1	1	1	0	0	0	?	0	0	0
chr2	5175	40167744	40167747	3	1	1	1	1	0	0	0	?	0	0	0
chr2	5176	40168334	40168337	3	1	1	1	1	0	0	0	?	0	0	0
chr2	5177	40168795	40168798	3	1	1	1	1	0	0	0	?	0	0	0
chr2	5178	40169154	40169157	3	1	1	1	1	0	0	0	?	0	0	0
chr2	5179	40169285	40169288	3	1	1	1	1	0	0	0	?	0	0	0
chr2	5180	40169475	40169478	3	1	1	1	1	0	0	0	?	0	0	0
chr2	5181	40169764	40169767	3	1	1	1	1	0	0	0	?	0	0	0
chr2	5182	40169967	40169970	3	1	1	1	1	0	0	0	?	0	0	0
chr2	5183	40170023	40170026	3	1	1	1	1	0	0	0	?	0	0	0
chr2	5184	40180445	40180448	3	1	1	1	1	0	0	0	?	0	0	0
chr2	5185	40183954	40183957	3	1	1	1	1	0	0	0	?	0	0	0
chr2	5186	40184701	40184704	3	1	1	1	1	0	0	0	?	0	0	0
chr2	5187	40192363	40192365	2	1	1	1	1	0	0	0	?	0	0	0
chr2	5188	40194906	40194909	3	1	1	1	1	0	0	0	?	0	0	0
chr2	5189	40200176	40200178	2	0	0	1	1	348	348	0	?	0	0	0
chr2	5190	40202203	40202206	3	1	1	1	1	0	0	0	?	0	0	0
chr2	5191	40202300	40202303	3	1	1	1	1	0	0	0	?	0	0	0
chr2	5192	40203469	40203472	3	1	1	1	1	0	0	0	?	0	0	0
chr2	5193	40203885	40203888	3	1	1	1	1	0	0	0	?	0	0	0
chr2	5194	40205116	40205119	3	1	1	1	1	0	0	0	?	0	0	0
chr2	5195	40205250	40205274	24	2	2	2	2	0	0	0	?	0	0	0
chr2	5196	40205795	40205798	3	1	1	1	1	0	0	0	?	0	0	0
chr2	5197	40205815	40205817	2	1	1	1	1	0	0	0	?	0	0	0
chr2	5198	40206042	40206045	3	1	1	1	1	0	0	0	?	0	0	0
chr2	5199	40206278	40206281	3	1	1	1	1	0	0	0	?	0	0	0
chr2	5200	40206671	40206674	3	1	1	1	1	0	0	0	?	0	0	0
chr2	5201	40207097	40207100	3	1	1	1	1	0	0	0	?	0	0	0
chr2	5202	40207398	40207401	3	1	1	1	1	0	0	0	?	0	0	0
chr2	5203	40207520	40207523	3	1	1	1	1	0	0	0	?	0	0	0
chr2	5204	40207973	40207976	3	1	1	1	1	0	0	0	?	0	0	0
chr2	5205	40208183	40208186	3	1	1	1	1	0	0	0	?	0	0	0
chr2	5206	40208328	40208331	3	1	1	1	1	0	0	0	?	0	0	0
chr2	5207	40209419	40209422	3	1	1	1	1	0	0	0	?	0	0	0
chr2	5208	40210914	40210917	3	1	1	1	1	0	0	0	?	0	0	0
chr2	5209	40210926	40210929	3	1	1	1	1	0	0	0	?	0	0	0
chr2	5210	40212280	40212284	4	2	2	2	2	0	0	0	?	0	0	0
chr2	5211	40212318	40212321	3	1	1	1	1	0	0	0	?	0	0	0
chr2	5212	40212455	40212458	3	1	1	1	1	0	0	0	?	0	0	0
chr2	5213	40212641	40212644	3	1	1	1	1	0	0	0	?	0	0	0
chr2	5214	40212810	40212813	3	1	1	1	1	0	0	0	?	0	0	0
chr2	5215	40213250	40213253	3	1	1	1	1	0	0	0	?	0	0	0
chr2	5216	40213651	40213654	3	1	1	1	1	0	0	0	?	0	0	0
chr2	5217	40214087	40214090	3	1	1	1	1	0	0	0	?	0	0	0
chr2	5218	40214294	40214297	3	1	1	1	1	0	0	0	?	0	0	0
chr2	5219	40215642	40215648	6	0	0	1	1	8	8	0	?	0	0	0
chr2	5220	40216011	40216013	2	1	1	1	1	0	0	0	?	0	0	0
chr2	5221	40216094	40216097	3	1	1	1	1	0	0	0	?	0	0	0
chr2	5222	40217935	40217939	4	2	2	2	2	0	0	0	?	0	0	0
chr2	5223	40218104	40218107	3	1	1	1	1	0	0	0	?	0	0	0
chr2	5224	40218726	40218728	2	1	1	1	1	0	0	0	?	0	0	0
chr2	5225	40218942	40218945	3	1	1	1	1	0	0	0	?	0	0	0
chr2	5226	40219033	40219035	2	1	1	1	1	0	0	0	?	0	0	0
chr2	5227	40219117	40219122	5	2	2	2	2	0	0	0	?	0	0	0
chr2	5228	40219805	40219934	129	0	0	1	1	254	254	0	?	0	0	0
chr2	5229	40220000	40220003	3	1	1	1	1	0	0	0	?	0	0	0
chr2	5230	40220147	40220150	3	1	1	1	1	0	0	0	?	0	0	0
chr2	5231	40220445	40220448	3	1	1	1	1	0	0	0	?	0	0	0
chr2	5232	40220873	40220876	3	1	1	1	1	0	0	0	?	0	0	0
chr2	5233	40221192	40221195	3	1	1	1	1	0	0	0	?	0	0	0
chr2	5234	40221323	40221326	3	1	1	1	1	0	0	0	?	0	0	0
chr2	5235	40221418	40221421	3	1	1	1	1	0	0	0	?	0	0	0
chr2	5236	40221534	40221537	3	1	1	1	1	0	0	0	?	0	0	0
chr2	5237	40221807	40221810	3	1	1	1	1	0	0	0	?	0	0	0
chr2	5238	40223089	40223092	3	1	1	1	1	0	0	0	?	0	0	0
chr2	5239	40223312	40223315	3	1	1	1	1	0	0	0	?	0	0	0
chr2	5240	40224067	40224070	3	1	1	1	1	0	0	0	?	0	0	0
chr2	5241	40226652	40226655	3	1	1	1	1	0	0	0	?	0	0	0
chr2	5242	40227206	40227209	3	1	1	1	1	0	0	0	?	0	0	0
chr2	5243	40227257	40227263	6	1	1	1	1	0	0	0	?	0	0	0
chr2	5244	40228426	40228429	3	1	1	1	1	0	0	0	?	0	0	0
chr2	5245	40228598	40228601	3	1	1	1	1	0	0	0	?	0	0	0
chr2	5246	40228630	40228633	3	1	1	1	1	0	0	0	?	0	0	0
chr2	5247	40228842	40228845	3	1	1	1	1	0	0	0	?	0	0	0
chr2	5248	40229214	40229217	3	1	1	1	1	0	0	0	?	0	0	0
chr2	5249	40229288	40229291	3	1	1	1	1	0	0	0	?	0	0	0
chr2	5250	40229701	40229704	3	1	1	1	1	0	0	0	?	0	0	0
chr2	5251	40229907	40229910	3	1	1	1	1	0	0	0	?	0	0	0
chr2	5252	40232393	40232413	20	2	2	2	2	0	0	0	?	0	0	0
chr2	5253	40232597	40232599	2	1	1	1	1	0	0	0	?	0	0	0
chr2	5254	40232664	40232667	3	1	1	1	1	0	0	0	?	0	0	0
chr2	5255	40232743	40232754	11	0	0	2	2	6	6	0	?	0	0	0
chr2	5256	40232887	40232890	3	1	1	1	1	0	0	0	?	0	0	0
chr2	5257	40233553	40233563	10	2	2	2	2	0	0	0	?	0	0	0
chr2	5258	40233603	40233606	3	1	1	1	1	0	0	0	?	0	0	0
chr2	5259	40233663	40233666	3	1	1	1	1	0	0	0	?	0	0	0
chr2	5260	40234333	40234336	3	1	1	1	1	0	0	0	?	0	0	0
chr2	5261	40234957	40234960	3	1	1	1	1	0	0	0	?	0	0	0
chr2	5262	40235065	40235068	3	1	1	1	1	0	0	0	?	0	0	0
chr2	5263	40236297	40236300	3	1	1	1	1	0	0	0	?	0	0	0
chr2	5264	40236749	40236757	8	2	2	2	2	0	0	0	?	0	0	0
chr2	5265	40237032	40237035	3	1	1	1	1	0	0	0	?	0	0	0
chr2	5266	40237431	40237434	3	1	1	1	1	0	0	0	?	0	0	0
chr2	5267	40237926	40237929	3	1	1	1	1	0	0	0	?	0	0	0
chr2	5268	40237941	40237946	5	1	1	1	1	0	0	0	?	0	0	0
chr2	5269	40237975	40237978	3	1	1	1	1	0	0	0	?	0	0	0
chr2	5270	40238053	40238056	3	1	1	1	1	0	0	0	?	0	0	0
chr2	5271	40238425	40238428	3	1	1	1	1	0	0	0	?	0	0	0
chr2	5272	40238445	40238458	13	1	1	2	2	2	2	0	?	0	0	0
chr2	5273	40238491	40238494	3	1	1	1	1	0	0	0	?	0	0	0
chr2	5274	40238629	40238632	3	1	1	1	1	0	0	0	?	0	0	0
chr2	5275	40239050	40239053	3	1	1	1	1	0	0	0	?	0	0	0
chr2	5276	40240832	40240835	3	1	1	1	1	0	0	0	?	0	0	0
chr2	5277	40241276	40241279	3	1	1	1	1	0	0	0	?	0	0	0
chr2	5278	40241579	40241582	3	1	1	1	1	0	0	0	?	0	0	0
chr2	5279	40241878	40241880	2	1	1	1	1	0	0	0	?	0	0	0
chr2	5280	40241953	40241956	3	1	1	1	1	0	0	0	?	0	0	0
chr2	5281	40242966	40242969	3	1	1	1	1	0	0	0	?	0	0	0
chr2	5282	40243319	40243322	3	1	1	1	1	0	0	0	?	0	0	0
chr2	5283	40244049	40244051	2	1	1	1	1	0	0	0	?	0	0	0
chr2	5284	40244265	40244268	3	1	1	1	1	0	0	0	?	0	0	0
chr2	5285	40244564	40244571	7	1	1	1	1	0	0	0	?	0	0	0
chr2	5286	40244658	40244662	4	1	1	1	1	0	0	0	?	0	0	0
chr2	5287	40245327	40245330	3	1	1	1	1	0	0	0	?	0	0	0
chr2	5288	40245403	40245406	3	1	1	1	1	0	0	0	?	0	0	0
chr2	5289	40245421	40245424	3	1	1	1	1	0	0	0	?	0	0	0
chr2	5290	40245722	40245725	3	1	1	1	1	0	0	0	?	0	0	0
chr2	5291	40246155	40246158	3	1	1	1	1	0	0	0	?	0	0	0
chr2	5292	40246205	40246208	3	1	1	1	1	0	0	0	?	0	0	0
chr2	5293	40246944	40246946	2	1	1	1	1	0	0	0	?	0	0	0
chr2	5294	40247433	40247439	6	1	1	1	1	0	0	0	?	0	0	0
chr2	5295	40248299	40248302	3	1	1	1	1	0	0	0	?	0	0	0
chr2	5296	40248975	40248978	3	1	1	1	1	0	0	0	?	0	0	0
chr2	5297	40251612	40251615	3	1	1	1	1	0	0	0	?	0	0	0
chr2	5298	40252788	40252791	3	1	1	1	1	0	0	0	?	0	0	0
chr2	5299	40252896	40252902	6	1	1	1	1	0	0	0	?	0	0	0
chr2	5300	40252967	40252970	3	1	1	1	1	0	0	0	?	0	0	0
chr2	5301	40253016	40253019	3	1	1	1	1	0	0	0	?	0	0	0
chr2	5302	40253033	40253041	8	0	0	1	1	12	12	0	?	0	0	0
chr2	5303	40253830	40253833	3	1	1	1	1	0	0	0	?	0	0	0
chr2	5304	40254121	40254124	3	1	1	1	1	0	0	0	?	0	0	0
chr2	5305	40254403	40254405	2	1	1	1	1	0	0	0	?	0	0	0
chr2	5306	40255942	40255945	3	1	1	1	1	0	0	0	?	0	0	0
chr2	5307	40257015	40257047	32	2	2	2	2	0	0	0	?	0	0	0
chr2	5308	40257382	40257384	2	1	1	1	1	0	0	0	?	0	0	0
chr2	5309	40257477	40257480	3	1	1	1	1	0	0	0	?	0	0	0
chr2	5310	40257517	40257520	3	1	1	1	1	0	0	0	?	0	0	0
chr2	5311	40257803	40257806	3	1	1	1	1	0	0	0	?	0	0	0
chr2	5312	40258550	40258553	3	1	1	1	1	0	0	0	?	0	0	0
chr2	5313	40259016	40259018	2	1	1	1	1	0	0	0	?	0	0	0
chr2	5314	40261743	40261745	2	1	1	1	1	0	0	0	?	0	0	0
chr2	5315	40262463	40262466	3	1	1	1	1	0	0	0	?	0	0	0
chr2	5316	40263437	40263440	3	1	1	1	1	0	0	0	?	0	0	0
chr2	5317	40264161	40264164	3	1	1	1	1	0	0	0	?	0	0	0
chr2	5318	40264175	40264178	3	1	1	1	1	0	0	0	?	0	0	0
chr2	5319	40264236	40264239	3	1	1	1	1	0	0	0	?	0	0	0
chr2	5320	40264845	40264848	3	1	1	1	1	0	0	0	?	0	0	0
chr2	5321	40265071	40265074	3	1	1	1	1	0	0	0	?	0	0	0
chr2	5322	40265528	40265531	3	1	1	1	1	0	0	0	?	0	0	0
chr2	5323	40265646	40265649	3	1	1	1	1	0	0	0	?	0	0	0
chr2	5324	40277793	40277799	6	0	0	1	1	8	8	0	?	0	0	0
chr2	5325	40280250	40280252	2	1	0	1	1	1	1	0	?	0	0	0
chr2	5326	40281475	40281478	3	1	1	1	1	0	0	0	?	0	0	0
chr2	5327	40282723	40282726	3	1	1	1	1	0	0	0	?	0	0	0
chr2	5328	40282828	40282831	3	1	1	1	1	0	0	0	?	0	0	0
chr2	5329	40282848	40282851	3	1	1	1	1	0	0	0	?	0	0	0
chr2	5330	40284023	40284026	3	1	1	1	1	0	0	0	?	0	0	0
chr2	5331	40286572	40286575	3	1	1	1	1	0	0	0	?	0	0	0
chr2	5332	40287581	40287583	2	0	0	1	1	20	20	0	?	0	0	0
chr2	5333	40288863	40288866	3	1	1	1	1	0	0	0	?	0	0	0
chr2	5334	40298790	40298793	3	1	1	1	1	0	0	0	?	0	0	0
chr2	5335	40299535	40299537	2	1	1	1	1	0	0	0	?	0	0	0
chr2	5336	40299986	40299989	3	1	1	1	1	0	0	0	?	0	0	0
chr2	5337	40300523	40300526	3	1	1	1	1	0	0	0	?	0	0	0
chr2	5338	40301193	40301196	3	1	1	1	1	0	0	0	?	0	0	0
chr2	5339	40301382	40301385	3	1	1	1	1	0	0	0	?	0	0	0
chr2	5340	40301781	40301784	3	1	1	1	1	0	0	0	?	0	0	0
chr2	5341	40302030	40302034	4	1	1	1	1	0	0	0	?	0	0	0
chr2	5342	40303499	40303502	3	1	1	1	1	0	0	0	?	0	0	0
chr2	5343	40303791	40303794	3	1	1	1	1	0	0	0	?	0	0	0
chr2	5344	40305607	40305610	3	1	1	1	1	0	0	0	?	0	0	0
chr2	5345	40307145	40307147	2	1	1	1	1	0	0	0	?	0	0	0
chr2	5346	40308261	40308264	3	1	1	1	1	0	0	0	?	0	0	0
chr2	5347	40308644	40308646	2	1	1	1	1	0	0	0	?	0	0	0
chr2	5348	40308791	40308794	3	1	1	1	1	0	0	0	?	0	0	0
chr2	5349	40308930	40308933	3	1	1	1	1	0	0	0	?	0	0	0
chr2	5350	40309318	40309321	3	1	1	1	1	0	0	0	?	0	0	0
chr2	5351	40309622	40309625	3	1	1	1	1	0	0	0	?	0	0	0
chr2	5352	40311442	40311444	2	1	1	1	1	0	0	0	?	0	0	0
chr2	5353	40312332	40312335	3	1	1	1	1	0	0	0	?	0	0	0
chr2	5354	40313478	40313481	3	1	1	1	1	0	0	0	?	0	0	0
chr2	5355	40314773	40314776	3	1	1	1	1	0	0	0	?	0	0	0
chr2	5356	40315342	40315345	3	1	1	1	1	0	0	0	?	0	0	0
chr2	5357	40315774	40315777	3	1	1	1	1	0	0	0	?	0	0	0
chr2	5358	40316086	40316089	3	1	1	1	1	0	0	0	?	0	0	0
chr2	5359	40316520	40316524	4	1	1	1	1	0	0	0	?	0	0	0
chr2	5360	40318348	40318351	3	1	1	1	1	0	0	0	?	0	0	0
chr2	5361	40318496	40318498	2	1	1	1	1	0	0	0	?	0	0	0
chr2	5362	40320044	40320047	3	1	1	1	1	0	0	0	?	0	0	0
chr2	5363	40322484	40322487	3	1	1	1	1	0	0	0	?	0	0	0
chr2	5364	40322500	40322503	3	1	1	1	1	0	0	0	?	0	0	0
chr2	5365	40324789	40324792	3	1	1	1	1	0	0	0	?	0	0	0
chr2	5366	40325306	40325309	3	1	1	1	1	0	0	0	?	0	0	0
chr2	5367	40325776	40325780	4	0	0	1	1	4	4	0	?	0	0	0
chr2	5368	40326047	40326050	3	1	1	1	1	0	0	0	?	0	0	0
chr2	5369	40327595	40327598	3	1	1	1	1	0	0	0	?	0	0	0
chr2	5370	40327956	40327958	2	1	1	1	1	0	0	0	?	0	0	0
chr2	5371	40328591	40328594	3	1	1	1	1	0	0	0	?	0	0	0
chr2	5372	40328808	40328811	3	1	1	1	1	0	0	0	?	0	0	0
chr2	5373	40328990	40328993	3	1	1	1	1	0	0	0	?	0	0	0
chr2	5374	40329059	40329063	4	0	0	1	1	4	4	0	?	0	0	0
chr2	5375	40329782	40329785	3	1	1	1	1	0	0	0	?	0	0	0
chr2	5376	40330134	40330137	3	1	1	1	1	0	0	0	?	0	0	0
chr2	5377	40331916	40331919	3	1	1	1	1	0	0	0	?	0	0	0
chr2	5378	40333436	40333438	2	1	1	1	1	0	0	0	?	0	0	0
chr2	5379	40335288	40335291	3	1	1	1	1	0	0	0	?	0	0	0
chr2	5380	40337505	40337516	11	2	2	2	2	0	0	0	?	0	0	0
chr2	5381	40339093	40339096	3	1	1	1	1	0	0	0	?	0	0	0
chr2	5382	40339628	40339631	3	1	1	1	1	0	0	0	?	0	0	0
chr2	5383	40339843	40339846	3	1	1	1	1	0	0	0	?	0	0	0
chr2	5384	40340259	40340262	3	1	1	1	1	0	0	0	?	0	0	0
chr2	5385	40340284	40340287	3	1	1	1	1	0	0	0	?	0	0	0
chr2	5386	40340375	40340378	3	1	1	1	1	0	0	0	?	0	0	0
chr2	5387	40340601	40340604	3	1	1	1	1	0	0	0	?	0	0	0
chr2	5388	40341412	40341415	3	1	1	1	1	0	0	0	?	0	0	0
chr2	5389	40341651	40341654	3	1	1	1	1	0	0	0	?	0	0	0
chr2	5390	40342604	40342607	3	1	1	1	1	0	0	0	?	0	0	0
chr2	5391	40343744	40343747	3	1	1	1	1	0	0	0	?	0	0	0
chr2	5392	40344199	40344202	3	1	1	1	1	0	0	0	?	0	0	0
chr2	5393	40344284	40344287	3	1	1	1	1	0	0	0	?	0	0	0
chr2	5394	40345977	40345980	3	1	1	1	1	0	0	0	?	0	0	0
chr2	5395	40346103	40346106	3	1	1	1	1	0	0	0	?	0	0	0
chr2	5396	40346781	40346784	3	1	1	1	1	0	0	0	?	0	0	0
chr2	5397	40347065	40347068	3	1	1	1	1	0	0	0	?	0	0	0
chr2	5398	40347514	40347517	3	1	1	1	1	0	0	0	?	0	0	0
chr2	5399	40347530	40347533	3	1	1	1	1	0	0	0	?	0	0	0
chr2	5400	40348667	40348670	3	1	1	1	1	0	0	0	?	0	0	0
chr2	5401	40349385	40349388	3	1	1	1	1	0	0	0	?	0	0	0
chr2	5402	40349605	40349608	3	1	1	1	1	0	0	0	?	0	0	0
chr2	5403	40349983	40349986	3	1	1	1	1	0	0	0	?	0	0	0
chr2	5404	40350020	40350023	3	1	1	1	1	0	0	0	?	0	0	0
chr2	5405	40350187	40350190	3	1	1	1	1	0	0	0	?	0	0	0
chr2	5406	40350331	40350334	3	1	1	1	1	0	0	0	?	0	0	0
chr2	5407	40350572	40350597	25	2	2	3	3	18	18	0	?	0	0	0
chr2	5408	40350894	40350897	3	1	1	1	1	0	0	0	?	0	0	0
chr2	5409	40350974	40350977	3	1	1	1	1	0	0	0	?	0	0	0
chr2	5410	40351224	40351227	3	1	1	1	1	0	0	0	?	0	0	0
chr2	5411	40351499	40351502	3	1	1	1	1	0	0	0	?	0	0	0
chr2	5412	40351545	40351548	3	1	1	1	1	0	0	0	?	0	0	0
chr2	5413	40351561	40351564	3	1	1	1	1	0	0	0	?	0	0	0
chr2	5414	40351584	40351586	2	1	1	1	1	0	0	0	?	0	0	0
chr2	5415	40352806	40352809	3	1	1	1	1	0	0	0	?	0	0	0
chr2	5416	40352923	40352926	3	1	1	1	1	0	0	0	?	0	0	0
chr2	5417	40378587	40378590	3	1	1	1	1	0	0	0	?	0	0	0
chr2	5418	40389598	40389601	3	1	1	1	1	0	0	0	?	0	0	0
chr2	5419	40399713	40399716	3	1	1	1	1	0	0	0	?	0	0	0
chr2	5420	40400570	40400573	3	1	1	1	1	0	0	0	?	0	0	0
chr2	5421	40400595	40400598	3	1	1	1	1	0	0	0	?	0	0	0
chr2	5422	40401080	40401083	3	1	1	1	1	0	0	0	?	0	0	0
chr2	5423	40401188	40401191	3	1	1	1	1	0	0	0	?	0	0	0
chr2	5424	40401252	40401255	3	1	1	1	1	0	0	0	?	0	0	0
chr2	5425	40401566	40401572	6	1	1	1	1	1	1	0	?	0	0	0
chr2	5426	40401644	40401651	7	1	1	1	1	0	0	0	?	0	0	0
chr2	5427	40401762	40401765	3	1	1	1	1	0	0	0	?	0	0	0
chr2	5428	40402191	40402194	3	1	1	1	1	0	0	0	?	0	0	0
chr2	5429	40402398	40402401	3	1	1	1	1	0	0	0	?	0	0	0
chr2	5430	40403536	40403539	3	1	1	1	1	0	0	0	?	0	0	0
chr2	5431	40404213	40404216	3	1	1	1	1	0	0	0	?	0	0	0
chr2	5432	40405526	40405529	3	1	1	1	1	0	0	0	?	0	0	0
chr2	5433	40407575	40407578	3	1	1	1	1	0	0	0	?	0	0	0
chr2	5434	40408889	40408892	3	1	1	1	1	0	0	0	?	0	0	0
chr2	5435	40409010	40409013	3	1	1	1	1	0	0	0	?	0	0	0
chr2	5436	40409038	40409041	3	1	1	1	1	0	0	0	?	0	0	0
chr2	5437	40409098	40409101	3	1	1	1	1	0	0	0	?	0	0	0
chr2	5438	40410882	40410885	3	1	1	1	1	0	0	0	?	0	0	0
chr2	5439	40411017	40411020	3	1	1	1	1	0	0	0	?	0	0	0
chr2	5440	40411218	40411221	3	1	1	1	1	0	0	0	?	0	0	0
chr2	5441	40411307	40411310	3	1	1	1	1	0	0	0	?	0	0	0
chr2	5442	40411456	40411459	3	1	1	1	1	0	0	0	?	0	0	0
chr2	5443	40412988	40412991	3	1	1	1	1	0	0	0	?	0	0	0
chr2	5444	40414808	40414811	3	1	1	1	1	0	0	0	?	0	0	0
chr2	5445	40417276	40417279	3	1	1	1	1	0	0	0	?	0	0	0
chr2	5446	40417869	40417871	2	1	1	1	1	0	0	0	?	0	0	0
chr2	5447	40417963	40417966	3	1	1	1	1	0	0	0	?	0	0	0
chr2	5448	40418397	40418400	3	1	1	1	1	0	0	0	?	0	0	0
chr2	5449	40418557	40418560	3	1	1	1	1	0	0	0	?	0	0	0
chr2	5450	40418793	40418796	3	1	1	1	1	0	0	0	?	0	0	0
chr2	5451	40420359	40420361	2	0	0	1	1	2	2	0	?	0	0	0
chr2	5452	40421942	40421945	3	1	1	1	1	0	0	0	?	0	0	0
chr2	5453	40423737	40423740	3	1	1	1	1	0	0	0	?	0	0	0
chr2	5454	40424000	40424003	3	1	1	1	1	0	0	0	?	0	0	0
chr2	5455	40428422	40428424	2	0	0	1	1	4	4	0	?	0	0	0
chr2	5456	40432131	40432134	3	1	1	1	1	0	0	0	?	0	0	0
chr2	5457	40432145	40432148	3	1	1	1	1	0	0	0	?	0	0	0
chr2	5458	40432338	40432341	3	1	1	1	1	0	0	0	?	0	0	0
chr2	5459	40432400	40432446	46	3	3	3	3	0	0	0	?	0	0	0
chr2	5460	40433067	40433070	3	1	1	1	1	0	0	0	?	0	0	0
chr2	5461	40433097	40433100	3	1	1	1	1	0	0	0	?	0	0	0
chr2	5462	40434163	40434166	3	1	1	1	1	0	0	0	?	0	0	0
chr2	5463	40437726	40437729	3	1	1	1	1	0	0	0	?	0	0	0
chr2	5464	40439209	40439212	3	1	1	1	1	0	0	0	?	0	0	0
chr2	5465	40439784	40439787	3	1	1	1	1	0	0	0	?	0	0	0
chr2	5466	40439865	40439868	3	1	1	1	1	0	0	0	?	0	0	0
chr2	5467	40439970	40439973	3	1	1	1	1	0	0	0	?	0	0	0
chr2	5468	40441182	40441185	3	1	1	1	1	0	0	0	?	0	0	0
chr2	5469	40441394	40441397	3	1	1	1	1	0	0	0	?	0	0	0
chr2	5470	40441890	40441893	3	1	1	1	1	0	0	0	?	0	0	0
chr2	5471	40447117	40447120	3	1	1	1	1	0	0	0	?	0	0	0
chr2	5472	40447166	40447169	3	1	1	1	1	0	0	0	?	0	0	0
chr2	5473	40447587	40447592	5	1	1	1	1	0	0	0	?	0	0	0
chr2	5474	40449137	40449140	3	1	1	1	1	0	0	0	?	0	0	0
chr2	5475	40449180	40449182	2	1	1	1	1	0	0	0	?	0	0	0
chr2	5476	40449672	40449679	7	1	1	1	1	0	0	0	?	0	0	0
chr2	5477	40451736	40451738	2	0	0	1	1	8	8	0	?	0	0	0
chr2	5478	40452160	40452162	2	1	1	1	1	0	0	0	?	0	0	0
chr2	5479	40453464	40453467	3	1	1	1	1	0	0	0	?	0	0	0
chr2	5480	40453478	40453481	3	1	1	1	1	0	0	0	?	0	0	0
chr2	5481	40454448	40454451	3	1	1	1	1	0	0	0	?	0	0	0
chr2	5482	40454479	40454482	3	1	1	1	1	0	0	0	?	0	0	0
chr2	5483	40455303	40455306	3	1	1	1	1	0	0	0	?	0	0	0
chr2	5484	40456315	40456317	2	0	0	1	1	2	2	0	?	0	0	0
chr2	5485	40457096	40457099	3	1	1	1	1	0	0	0	?	0	0	0
chr2	5486	40459394	40459397	3	1	1	1	1	0	0	0	?	0	0	0
chr2	5487	40460580	40460583	3	1	1	1	1	0	0	0	?	0	0	0
chr2	5488	40462000	40462002	2	0	0	1	1	12	12	0	?	0	0	0
chr2	5489	40462688	40462691	3	1	1	1	1	0	0	0	?	0	0	0
chr2	5490	40463011	40463014	3	1	1	1	1	0	0	0	?	0	0	0
chr2	5491	40463144	40463147	3	1	1	1	1	0	0	0	?	0	0	0
chr2	5492	40463312	40463315	3	1	1	1	1	0	0	0	?	0	0	0
chr2	5493	40463838	40463900	62	1	1	2	2	32	32	0	?	0	0	0
chr2	5494	40465062	40465065	3	1	1	1	1	0	0	0	?	0	0	0
chr2	5495	40465179	40465182	3	1	1	1	1	0	0	0	?	0	0	0
chr2	5496	40465312	40465316	4	1	1	1	1	0	0	0	?	0	0	0
chr2	5497	40465735	40465738	3	1	1	1	1	0	0	0	?	0	0	0
chr2	5498	40466339	40466342	3	1	1	1	1	0	0	0	?	0	0	0
chr2	5499	40466971	40466974	3	1	1	1	1	0	0	0	?	0	0	0
chr2	5500	40467344	40467347	3	1	1	1	1	0	0	0	?	0	0	0
chr2	5501	40468233	40468236	3	1	1	1	1	0	0	0	?	0	0	0
chr2	5502	40468270	40468273	3	1	1	1	1	0	0	0	?	0	0	0
chr2	5503	40468450	40468453	3	1	1	1	1	0	0	0	?	0	0	0
chr2	5504	40468663	40468666	3	1	1	1	1	0	0	0	?	0	0	0
chr2	5505	40468730	40468733	3	1	1	1	1	0	0	0	?	0	0	0
chr2	5506	40469147	40469150	3	1	1	1	1	0	0	0	?	0	0	0
chr2	5507	40469335	40469338	3	1	1	1	1	0	0	0	?	0	0	0
chr2	5508	40469472	40469475	3	1	1	1	1	0	0	0	?	0	0	0
chr2	5509	40469598	40469601	3	1	1	1	1	0	0	0	?	0	0	0
chr2	5510	40469868	40469871	3	1	1	1	1	0	0	0	?	0	0	0
chr2	5511	40469953	40469956	3	1	1	1	1	0	0	0	?	0	0	0
chr2	5512	40469984	40469987	3	1	1	1	1	0	0	0	?	0	0	0
chr2	5513	40470052	40470055	3	1	1	1	1	0	0	0	?	0	0	0
chr2	5514	40472047	40472050	3	1	1	1	1	0	0	0	?	0	0	0
chr2	5515	40472424	40472427	3	1	1	1	1	0	0	0	?	0	0	0
chr2	5516	40473398	40473401	3	1	1	1	1	0	0	0	?	0	0	0
chr2	5517	40473552	40473555	3	1	1	1	1	0	0	0	?	0	0	0
chr2	5518	40474363	40474366	3	1	1	1	1	0	0	0	?	0	0	0
chr2	5519	40475633	40475636	3	1	1	1	1	0	0	0	?	0	0	0
chr2	5520	40477230	40477239	9	1	1	1	1	0	0	0	?	0	0	0
chr2	5521	40478239	40478241	2	1	1	1	1	0	0	0	?	0	0	0
chr2	5522	40480561	40480564	3	1	1	1	1	0	0	0	?	0	0	0
chr2	5523	40481113	40481116	3	1	1	1	1	0	0	0	?	0	0	0
chr2	5524	40482264	40482267	3	1	1	1	1	0	0	0	?	0	0	0
chr2	5525	40482368	40482371	3	1	1	1	1	0	0	0	?	0	0	0
chr2	5526	40482387	40482390	3	1	1	1	1	0	0	0	?	0	0	0
chr2	5527	40482456	40482459	3	1	1	1	1	0	0	0	?	0	0	0
chr2	5528	40483217	40483219	2	1	1	1	1	0	0	0	?	0	0	0
chr2	5529	40484528	40484531	3	1	1	1	1	0	0	0	?	0	0	0
chr2	5530	40486770	40486773	3	1	1	1	1	0	0	0	?	0	0	0
chr2	5531	40487614	40487617	3	1	1	1	1	0	0	0	?	0	0	0
chr2	5532	40488451	40488455	4	1	1	1	1	0	0	0	?	0	0	0
chr2	5533	40488738	40488741	3	1	1	1	1	0	0	0	?	0	0	0
chr2	5534	40490477	40490486	9	2	2	2	2	0	0	0	?	0	0	0
chr2	5535	40490858	40490861	3	1	1	1	1	0	0	0	?	0	0	0
chr2	5536	40491638	40491641	3	1	1	1	1	0	0	0	?	0	0	0
chr2	5537	40492271	40492274	3	1	1	1	1	0	0	0	?	0	0	0
chr2	5538	40492340	40492343	3	1	1	1	1	0	0	0	?	0	0	0
chr2	5539	40492381	40492384	3	1	1	1	1	0	0	0	?	0	0	0
chr2	5540	40492857	40492860	3	1	1	1	1	0	0	0	?	0	0	0
chr2	5541	40493098	40493101	3	1	1	1	1	0	0	0	?	0	0	0
chr2	5542	40493189	40493192	3	1	1	1	1	0	0	0	?	0	0	0
chr2	5543	40493349	40493352	3	0	0	1	1	2	2	0	?	0	0	0
chr2	5544	40493649	40493654	5	1	1	1	1	0	0	0	?	0	0	0
chr2	5545	40494639	40494651	12	0	0	1	1	20	20	0	?	0	0	0
chr2	5546	40494855	40494858	3	1	1	1	1	0	0	0	?	0	0	0
chr2	5547	40495190	40495193	3	1	1	1	1	0	0	0	?	0	0	0
chr2	5548	40495521	40495524	3	1	1	1	1	0	0	0	?	0	0	0
chr2	5549	40496315	40496318	3	1	1	1	1	0	0	0	?	0	0	0
chr2	5550	40497073	40497076	3	1	1	1	1	0	0	0	?	0	0	0
chr2	5551	40498039	40498042	3	1	1	1	1	0	0	0	?	0	0	0
chr2	5552	40499188	40499191	3	1	1	1	1	0	0	0	?	0	0	0
chr2	5553	40500794	40500796	2	0	0	1	1	10	10	0	?	0	0	0
chr2	5554	40500975	40500978	3	1	1	1	1	0	0	0	?	0	0	0
chr2	5555	40502759	40502762	3	1	1	1	1	0	0	0	?	0	0	0
chr2	5556	40503614	40503617	3	1	1	1	1	0	0	0	?	0	0	0
chr2	5557	40504294	40504297	3	1	1	1	1	0	0	0	?	0	0	0
chr2	5558	40505380	40505383	3	0	0	1	1	2	2	0	?	0	0	0
chr2	5559	40505715	40505718	3	1	1	1	1	0	0	0	?	0	0	0
chr2	5560	40507588	40507591	3	1	1	1	1	0	0	0	?	0	0	0
chr2	5561	40508351	40508354	3	1	1	1	1	0	0	0	?	0	0	0
chr2	5562	40509436	40509439	3	1	1	1	1	0	0	0	?	0	0	0
chr2	5563	40509874	40509877	3	1	1	1	1	0	0	0	?	0	0	0
chr2	5564	40510045	40510048	3	1	1	1	1	0	0	0	?	0	0	0
chr2	5565	40510565	40510568	3	1	1	1	1	0	0	0	?	0	0	0
chr2	5566	40510582	40510585	3	1	1	1	1	0	0	0	?	0	0	0
chr2	5567	40510743	40510745	2	1	1	1	1	0	0	0	?	0	0	0
chr2	5568	40511098	40511101	3	1	1	1	1	0	0	0	?	0	0	0
chr2	5569	40511355	40511358	3	1	1	1	1	0	0	0	?	0	0	0
chr2	5570	40512207	40512218	11	2	2	2	2	0	0	0	?	0	0	0
chr2	5571	40512236	40512239	3	1	1	1	1	0	0	0	?	0	0	0
chr2	5572	40512630	40512633	3	1	1	1	1	0	0	0	?	0	0	0
chr2	5573	40512679	40512681	2	1	1	1	1	0	0	0	?	0	0	0
chr2	5574	40513211	40513214	3	1	1	1	1	0	0	0	?	0	0	0
chr2	5575	40513298	40513301	3	1	1	1	1	0	0	0	?	0	0	0
chr2	5576	40514236	40514238	2	1	1	1	1	0	0	0	?	0	0	0
chr2	5577	40515341	40515344	3	1	1	1	1	0	0	0	?	0	0	0
chr2	5578	40516041	40516044	3	1	1	1	1	0	0	0	?	0	0	0
chr2	5579	40518049	40518052	3	1	1	1	1	0	0	0	?	0	0	0
chr2	5580	40518472	40518475	3	1	1	1	1	0	0	0	?	0	0	0
chr2	5581	40520397	40520400	3	1	1	1	1	0	0	0	?	0	0	0
chr2	5582	40520863	40520866	3	1	1	1	1	0	0	0	?	0	0	0
chr2	5583	40522644	40522646	2	1	1	1	1	0	0	0	?	0	0	0
chr2	5584	40523063	40523066	3	1	1	1	1	0	0	0	?	0	0	0
chr2	5585	40523187	40523190	3	1	1	1	1	0	0	0	?	0	0	0
chr2	5586	40524409	40524412	3	1	1	1	1	0	0	0	?	0	0	0
chr2	5587	40524745	40524747	2	1	1	1	1	0	0	0	?	0	0	0
chr2	5588	40524915	40524918	3	1	1	2	2	2	2	0	?	0	0	0
chr2	5589	40525006	40525009	3	1	1	1	1	0	0	0	?	0	0	0
chr2	5590	40525738	40525741	3	1	1	1	1	0	0	0	?	0	0	0
chr2	5591	40525809	40525812	3	1	1	1	1	0	0	0	?	0	0	0
chr2	5592	40525840	40525843	3	1	1	1	1	0	0	0	?	0	0	0
chr2	5593	40525869	40525877	8	2	2	2	2	0	0	0	?	0	0	0
chr2	5594	40526461	40526464	3	1	1	1	1	0	0	0	?	0	0	0
chr2	5595	40526985	40526988	3	1	1	1	1	0	0	0	?	0	0	0
chr2	5596	40527172	40527175	3	1	1	1	1	0	0	0	?	0	0	0
chr2	5597	40527419	40527422	3	1	1	1	1	0	0	0	?	0	0	0
chr2	5598	40527643	40527646	3	1	1	1	1	0	0	0	?	0	0	0
chr2	5599	40527979	40527982	3	1	1	1	1	0	0	0	?	0	0	0
chr2	5600	40528114	40528117	3	1	1	1	1	0	0	0	?	0	0	0
chr2	5601	40528501	40528504	3	1	1	1	1	0	0	0	?	0	0	0
chr2	5602	40528877	40528880	3	1	1	1	1	0	0	0	?	0	0	0
chr2	5603	40529018	40529021	3	1	1	1	1	0	0	0	?	0	0	0
chr2	5604	40530037	40530040	3	1	1	1	1	0	0	0	?	0	0	0
chr2	5605	40530312	40530315	3	1	1	1	1	0	0	0	?	0	0	0
chr2	5606	40530428	40530431	3	1	1	1	1	0	0	0	?	0	0	0
chr2	5607	40530513	40530516	3	1	1	1	1	0	0	0	?	0	0	0
chr2	5608	40530557	40530560	3	1	1	1	1	0	0	0	?	0	0	0
chr2	5609	40530649	40530652	3	1	1	1	1	0	0	0	?	0	0	0
chr2	5610	40531177	40531180	3	1	1	1	1	0	0	0	?	0	0	0
chr2	5611	40532179	40532182	3	1	1	1	1	0	0	0	?	0	0	0
chr2	5612	40533141	40533144	3	1	1	1	1	0	0	0	?	0	0	0
chr2	5613	40533823	40533826	3	1	1	1	1	0	0	0	?	0	0	0
chr2	5614	40534652	40534655	3	1	1	1	1	0	0	0	?	0	0	0
chr2	5615	40534831	40534834	3	1	1	1	1	0	0	0	?	0	0	0
chr2	5616	40535363	40535366	3	1	1	1	1	0	0	0	?	0	0	0
chr2	5617	40535720	40535723	3	1	1	1	1	0	0	0	?	0	0	0
chr2	5618	40535748	40535751	3	1	1	1	1	0	0	0	?	0	0	0
chr2	5619	40535866	40535868	2	1	1	1	1	0	0	0	?	0	0	0
chr2	5620	40536382	40536385	3	1	1	1	1	0	0	0	?	0	0	0
chr2	5621	40536432	40536435	3	1	1	1	1	0	0	0	?	0	0	0
chr2	5622	40536454	40536457	3	1	1	1	1	0	0	0	?	0	0	0
chr2	5623	40536873	40536884	11	2	2	2	2	0	0	0	?	0	0	0
chr2	5624	40537773	40537776	3	1	1	1	1	0	0	0	?	0	0	0
chr2	5625	40538830	40538833	3	1	1	1	1	0	0	0	?	0	0	0
chr2	5626	40539865	40539869	4	1	1	1	1	0	0	0	?	0	0	0
chr2	5627	40540015	40540018	3	1	1	1	1	0	0	0	?	0	0	0
chr2	5628	40540760	40540763	3	1	1	1	1	0	0	0	?	0	0	0
chr2	5629	40541099	40541102	3	1	1	1	1	0	0	0	?	0	0	0
chr2	5630	40542100	40542102	2	1	1	1	1	0	0	0	?	0	0	0
chr2	5631	40542409	40542411	2	0	0	1	1	2	2	0	?	0	0	0
chr2	5632	40542744	40542753	9	1	1	1	1	0	0	0	?	0	0	0
chr2	5633	40542911	40542914	3	1	1	1	1	0	0	0	?	0	0	0
chr2	5634	40544420	40544423	3	1	1	1	1	0	0	0	?	0	0	0
chr2	5635	40544783	40544786	3	1	1	1	1	0	0	0	?	0	0	0
chr2	5636	40546220	40546223	3	1	1	1	1	0	0	0	?	0	0	0
chr2	5637	40546376	40546378	2	0	0	1	1	8	8	0	?	0	0	0
chr2	5638	40548135	40548138	3	1	1	1	1	0	0	0	?	0	0	0
chr2	5639	40550404	40550407	3	1	1	1	1	0	0	0	?	0	0	0
chr2	5640	40552471	40552477	6	0	0	1	1	8	8	0	?	0	0	0
chr2	5641	40554843	40554846	3	1	1	1	1	0	0	0	?	0	0	0
chr2	5642	40555811	40555814	3	1	1	1	1	0	0	0	?	0	0	0
chr2	5643	40556159	40556162	3	1	1	1	1	0	0	0	?	0	0	0
chr2	5644	40561328	40561331	3	1	1	1	1	0	0	0	?	0	0	0
chr2	5645	40567050	40567067	17	0	0	1	1	30	30	0	?	0	0	0
chr2	5646	40570309	40570312	3	1	1	1	1	0	0	0	?	0	0	0
chr2	5647	40570886	40570889	3	1	1	1	1	0	0	0	?	0	0	0
chr2	5648	40571147	40571150	3	1	1	1	1	0	0	0	?	0	0	0
chr2	5649	40571557	40571560	3	1	1	1	1	0	0	0	?	0	0	0
chr2	5650	40572189	40572191	2	1	1	1	1	0	0	0	?	0	0	0
chr2	5651	40572681	40572683	2	1	1	1	1	0	0	0	?	0	0	0
chr2	5652	40572883	40572886	3	1	1	1	1	0	0	0	?	0	0	0
chr2	5653	40572923	40572926	3	1	1	1	1	0	0	0	?	0	0	0
chr2	5654	40573105	40573108	3	1	1	1	1	0	0	0	?	0	0	0
chr2	5655	40573170	40573173	3	1	1	1	1	0	0	0	?	0	0	0
chr2	5656	40573728	40573731	3	1	1	1	1	0	0	0	?	0	0	0
chr2	5657	40573771	40573774	3	1	1	1	1	0	0	0	?	0	0	0
chr2	5658	40573825	40573828	3	1	1	1	1	0	0	0	?	0	0	0
chr2	5659	40574211	40574214	3	1	1	1	1	0	0	0	?	0	0	0
chr2	5660	40574653	40574656	3	1	1	1	1	0	0	0	?	0	0	0
chr2	5661	40574800	40574803	3	1	1	1	1	0	0	0	?	0	0	0
chr2	5662	40575123	40575126	3	1	1	1	1	0	0	0	?	0	0	0
chr2	5663	40577144	40577147	3	1	1	1	1	0	0	0	?	0	0	0
chr2	5664	40577211	40577214	3	1	1	1	1	0	0	0	?	0	0	0
chr2	5665	40578141	40578144	3	1	1	1	1	0	0	0	?	0	0	0
chr2	5666	40578285	40578288	3	1	1	1	1	0	0	0	?	0	0	0
chr2	5667	40578380	40578382	2	1	1	1	1	0	0	0	?	0	0	0
chr2	5668	40579196	40579199	3	1	1	1	1	0	0	0	?	0	0	0
chr2	5669	40579347	40579350	3	1	1	1	1	0	0	0	?	0	0	0
chr2	5670	40579364	40579366	2	1	1	1	1	0	0	0	?	0	0	0
chr2	5671	40579573	40579576	3	1	1	1	1	0	0	0	?	0	0	0
chr2	5672	40580389	40580392	3	1	1	1	1	0	0	0	?	0	0	0
chr2	5673	40581907	40581910	3	1	1	1	1	0	0	0	?	0	0	0
chr2	5674	40582307	40582310	3	1	1	1	1	0	0	0	?	0	0	0
chr2	5675	40584058	40584061	3	1	1	1	1	0	0	0	?	0	0	0
chr2	5676	40584202	40584205	3	1	1	1	1	0	0	0	?	0	0	0
chr2	5677	40584382	40584385	3	1	1	1	1	0	0	0	?	0	0	0
chr2	5678	40584946	40584949	3	1	1	1	1	0	0	0	?	0	0	0
chr2	5679	40585030	40585033	3	1	1	1	1	0	0	0	?	0	0	0
chr2	5680	40585069	40585087	18	1	1	1	1	0	0	0	?	0	0	0
chr2	5681	40585299	40585332	33	3	3	2	2	32	32	0	?	0	0	0
chr2	5682	40585789	40585791	2	1	1	1	1	0	0	0	?	0	0	0
chr2	5683	40586685	40586688	3	1	1	1	1	0	0	0	?	0	0	0
chr2	5684	40586713	40586715	2	1	1	1	1	0	0	0	?	0	0	0
chr2	5685	40586755	40586758	3	1	1	1	1	0	0	0	?	0	0	0
chr2	5686	40586858	40586861	3	1	1	1	1	0	0	0	?	0	0	0
chr2	5687	40586927	40586930	3	1	1	1	1	0	0	0	?	0	0	0
chr2	5688	40587219	40587221	2	1	1	1	1	0	0	0	?	0	0	0
chr2	5689	40587404	40587407	3	1	1	1	1	0	0	0	?	0	0	0
chr2	5690	40587475	40587478	3	1	1	1	1	0	0	0	?	0	0	0
chr2	5691	40587629	40587643	14	2	2	2	2	0	0	0	?	0	0	0
chr2	5692	40587765	40587768	3	1	1	1	1	0	0	0	?	0	0	0
chr2	5693	40587944	40587947	3	1	1	1	1	0	0	0	?	0	0	0
chr2	5694	40588096	40588099	3	1	1	1	1	0	0	0	?	0	0	0
chr2	5695	40588444	40588447	3	1	1	1	1	0	0	0	?	0	0	0
chr2	5696	40588765	40588768	3	1	1	1	1	0	0	0	?	0	0	0
chr2	5697	40588874	40588877	3	1	1	1	1	0	0	0	?	0	0	0
chr2	5698	40588935	40588938	3	1	1	1	1	0	0	0	?	0	0	0
chr2	5699	40589036	40589039	3	1	1	1	1	0	0	0	?	0	0	0
chr2	5700	40589140	40589143	3	1	1	1	1	0	0	0	?	0	0	0
chr2	5701	40589291	40589294	3	1	1	1	1	0	0	0	?	0	0	0
chr2	5702	40589551	40589554	3	1	1	1	1	0	0	0	?	0	0	0
chr2	5703	40590858	40590861	3	1	1	1	1	0	0	0	?	0	0	0
chr2	5704	40590906	40590909	3	1	1	1	1	0	0	0	?	0	0	0
chr2	5705	40590950	40590952	2	1	1	1	1	0	0	0	?	0	0	0
chr2	5706	40591487	40591490	3	1	1	1	1	0	0	0	?	0	0	0
chr2	5707	40591755	40591758	3	1	1	1	1	0	0	0	?	0	0	0
chr2	5708	40592688	40592691	3	1	1	1	1	0	0	0	?	0	0	0
chr2	5709	40594154	40594157	3	1	1	1	1	0	0	0	?	0	0	0
chr2	5710	40594219	40594222	3	1	1	1	1	0	0	0	?	0	0	0
chr2	5711	40594374	40594377	3	1	1	1	1	0	0	0	?	0	0	0
chr2	5712	40595085	40595089	4	2	2	2	2	0	0	0	?	0	0	0
chr2	5713	40597590	40597593	3	1	1	1	1	0	0	0	?	0	0	0
chr2	5714	40597623	40597627	4	2	2	2	2	0	0	0	?	0	0	0
chr2	5715	40597660	40597663	3	1	1	1	1	0	0	0	?	0	0	0
chr2	5716	40597848	40597850	2	0	0	1	1	24	24	0	?	0	0	0
chr2	5717	40597970	40597973	3	1	1	1	1	0	0	0	?	0	0	0
chr2	5718	40598389	40598392	3	1	1	1	1	0	0	0	?	0	0	0
chr2	5719	40598790	40598793	3	1	1	1	1	0	0	0	?	0	0	0
chr2	5720	40598820	40598823	3	1	1	1	1	0	0	0	?	0	0	0
chr2	5721	40599255	40599258	3	1	1	1	1	0	0	0	?	0	0	0
chr2	5722	40599290	40599292	2	1	1	1	1	0	0	0	?	0	0	0
chr2	5723	40601163	40601166	3	1	1	1	1	0	0	0	?	0	0	0
chr2	5724	40602581	40602584	3	1	1	1	1	0	0	0	?	0	0	0
chr2	5725	40606000	40606003	3	1	1	1	1	0	0	0	?	0	0	0
chr2	5726	40606751	40606754	3	1	1	1	1	0	0	0	?	0	0	0
chr2	5727	40608861	40608864	3	1	1	1	1	0	0	0	?	0	0	0
chr2	5728	40609648	40609651	3	1	1	1	1	0	0	0	?	0	0	0
chr2	5729	40609832	40609835	3	1	1	1	1	0	0	0	?	0	0	0
chr2	5730	40611809	40611812	3	1	1	1	1	0	0	0	?	0	0	0
chr2	5731	40612284	40612287	3	1	1	1	1	0	0	0	?	0	0	0
chr2	5732	40612708	40612711	3	1	1	1	1	0	0	0	?	0	0	0
chr2	5733	40613541	40613544	3	1	1	1	1	0	0	0	?	0	0	0
chr2	5734	40613998	40614001	3	1	1	1	1	0	0	0	?	0	0	0
chr2	5735	40614700	40614703	3	1	1	1	1	0	0	0	?	0	0	0
chr2	5736	40615574	40615577	3	1	1	1	1	0	0	0	?	0	0	0
chr2	5737	40615750	40615752	2	0	0	1	1	2	2	0	?	0	0	0
chr2	5738	40616435	40616438	3	1	1	1	1	0	0	0	?	0	0	0
chr2	5739	40616471	40616474	3	1	1	1	1	0	0	0	?	0	0	0
chr2	5740	40616560	40616563	3	1	1	1	1	0	0	0	?	0	0	0
chr2	5741	40617632	40617635	3	1	1	1	1	0	0	0	?	0	0	0
chr2	5742	40618529	40618532	3	1	1	1	1	0	0	0	?	0	0	0
chr2	5743	40619733	40619736	3	1	1	1	1	0	0	0	?	0	0	0
chr2	5744	40620280	40620283	3	1	1	1	1	0	0	0	?	0	0	0
chr2	5745	40620364	40620367	3	1	1	1	1	0	0	0	?	0	0	0
chr2	5746	40620422	40620425	3	1	1	1	1	0	0	0	?	0	0	0
chr2	5747	40620822	40620825	3	1	1	1	1	0	0	0	?	0	0	0
chr2	5748	40621467	40621470	3	1	1	1	1	0	0	0	?	0	0	0
chr2	5749	40621503	40621506	3	1	1	1	1	0	0	0	?	0	0	0
chr2	5750	40621768	40621771	3	1	1	1	1	0	0	0	?	0	0	0
chr2	5751	40621808	40621811	3	1	1	1	1	0	0	0	?	0	0	0
chr2	5752	40621991	40621995	4	1	1	1	1	0	0	0	?	0	0	0
chr2	5753	40622091	40622094	3	1	1	1	1	0	0	0	?	0	0	0
chr2	5754	40622256	40622259	3	1	1	1	1	0	0	0	?	0	0	0
chr2	5755	40622457	40622460	3	1	1	1	1	0	0	0	?	0	0	0
chr2	5756	40622757	40622760	3	1	1	1	1	0	0	0	?	0	0	0
chr2	5757	40623077	40623080	3	1	1	1	1	0	0	0	?	0	0	0
chr2	5758	40623526	40623529	3	1	1	1	1	0	0	0	?	0	0	0
chr2	5759	40624944	40624947	3	1	1	1	1	0	0	0	?	0	0	0
chr2	5760	40625668	40625671	3	1	1	1	1	0	0	0	?	0	0	0
chr2	5761	40625810	40625813	3	1	1	1	1	0	0	0	?	0	0	0
chr2	5762	40625898	40625901	3	1	1	1	1	0	0	0	?	0	0	0
chr2	5763	40626175	40626178	3	1	1	1	1	0	0	0	?	0	0	0
chr2	5764	40626290	40626293	3	1	1	1	1	0	0	0	?	0	0	0
chr2	5765	40626629	40626632	3	1	1	1	1	0	0	0	?	0	0	0
chr2	5766	40626711	40626714	3	1	1	1	1	0	0	0	?	0	0	0
chr2	5767	40627338	40627341	3	1	1	1	1	0	0	0	?	0	0	0
chr2	5768	40627903	40627906	3	1	1	1	1	0	0	0	?	0	0	0
chr2	5769	40628413	40628416	3	1	1	1	1	0	0	0	?	0	0	0
chr2	5770	40628487	40628490	3	1	1	1	1	0	0	0	?	0	0	0
chr2	5771	40628951	40628954	3	1	1	1	1	0	0	0	?	0	0	0
chr2	5772	40630089	40630092	3	1	1	1	1	0	0	0	?	0	0	0
chr2	5773	40630687	40630701	14	2	2	2	2	0	0	0	?	0	0	0
chr2	5774	40630757	40630760	3	1	1	1	1	0	0	0	?	0	0	0
chr2	5775	40630792	40630795	3	1	1	1	1	0	0	0	?	0	0	0
chr2	5776	40631612	40631615	3	1	1	1	1	0	0	0	?	0	0	0
chr2	5777	40632012	40632015	3	1	1	1	1	0	0	0	?	0	0	0
chr2	5778	40632155	40632158	3	1	1	1	1	0	0	0	?	0	0	0
chr2	5779	40632540	40632543	3	1	1	1	1	0	0	0	?	0	0	0
chr2	5780	40632999	40633002	3	1	1	1	1	0	0	0	?	0	0	0
chr2	5781	40634199	40634202	3	1	1	1	1	0	0	0	?	0	0	0
chr2	5782	40634765	40634768	3	1	1	1	1	0	0	0	?	0	0	0
chr2	5783	40635857	40635859	2	1	1	1	1	0	0	0	?	0	0	0
chr2	5784	40635918	40635921	3	1	1	1	1	0	0	0	?	0	0	0
chr2	5785	40637755	40637758	3	1	1	1	1	0	0	0	?	0	0	0
chr2	5786	40638493	40638496	3	1	1	1	1	0	0	0	?	0	0	0
chr2	5787	40639757	40639761	4	1	1	1	1	0	0	0	?	0	0	0
chr2	5788	40640407	40640410	3	1	1	1	1	0	0	0	?	0	0	0
chr2	5789	40641326	40641329	3	1	1	1	1	0	0	0	?	0	0	0
chr2	5790	40641579	40641582	3	1	1	1	1	0	0	0	?	0	0	0
chr2	5791	40643229	40643232	3	1	1	1	1	0	0	0	?	0	0	0
chr2	5792	40643590	40643593	3	1	1	1	1	0	0	0	?	0	0	0
chr2	5793	40644735	40644738	3	1	1	1	1	0	0	0	?	0	0	0
chr2	5794	40645113	40645116	3	1	1	1	1	0	0	0	?	0	0	0
chr2	5795	40645295	40645298	3	1	1	1	1	0	0	0	?	0	0	0
chr2	5796	40646148	40646151	3	1	1	1	1	0	0	0	?	0	0	0
chr2	5797	40646332	40646336	4	1	1	1	1	0	0	0	?	0	0	0
chr2	5798	40648301	40648304	3	1	1	1	1	0	0	0	?	0	0	0
chr2	5799	40649035	40649038	3	1	1	1	1	0	0	0	?	0	0	0
chr2	5800	40651416	40651419	3	1	1	1	1	0	0	0	?	0	0	0
chr2	5801	40652134	40652143	9	1	1	1	1	0	0	0	?	0	0	0
chr2	5802	40652901	40652904	3	1	1	1	1	0	0	0	?	0	0	0
chr2	5803	40653414	40653417	3	1	1	1	1	0	0	0	?	0	0	0
chr2	5804	40654134	40654137	3	1	1	1	1	0	0	0	?	0	0	0
chr2	5805	40654955	40654958	3	1	1	1	1	0	0	0	?	0	0	0
chr2	5806	40655043	40655046	3	1	1	1	1	0	0	0	?	0	0	0
chr2	5807	40655277	40655280	3	1	1	1	1	0	0	0	?	0	0	0
chr2	5808	40655901	40655904	3	1	1	1	1	0	0	0	?	0	0	0
chr2	5809	40656665	40656668	3	1	1	1	1	0	0	0	?	0	0	0
chr2	5810	40657004	40657007	3	1	1	1	1	0	0	0	?	0	0	0
chr2	5811	40657370	40657373	3	1	1	1	1	0	0	0	?	0	0	0
chr2	5812	40658636	40658639	3	1	1	1	1	0	0	0	?	0	0	0
chr2	5813	40658666	40658669	3	1	1	1	1	0	0	0	?	0	0	0
chr2	5814	40659397	40659399	2	1	1	1	1	0	0	0	?	0	0	0
chr2	5815	40663904	40663907	3	1	1	1	1	0	0	0	?	0	0	0
chr2	5816	40664508	40664511	3	1	1	1	1	0	0	0	?	0	0	0
chr2	5817	40664883	40664886	3	1	1	1	1	0	0	0	?	0	0	0
chr2	5818	40668088	40668091	3	1	1	1	1	0	0	0	?	0	0	0
chr2	5819	40668841	40668844	3	1	1	1	1	0	0	0	?	0	0	0
chr2	5820	40669123	40669131	8	1	1	1	1	0	0	0	?	0	0	0
chr2	5821	40669243	40669246	3	1	1	1	1	0	0	0	?	0	0	0
chr2	5822	40670147	40670150	3	1	1	1	1	0	0	0	?	0	0	0
chr2	5823	40670431	40670434	3	1	1	1	1	0	0	0	?	0	0	0
chr2	5824	40671518	40671521	3	1	1	1	1	0	0	0	?	0	0	0
chr2	5825	40677071	40677074	3	1	1	1	1	0	0	0	?	0	0	0
chr2	5826	40677143	40677146	3	1	1	1	1	0	0	0	?	0	0	0
chr2	5827	40677494	40677497	3	1	1	1	1	0	0	0	?	0	0	0
chr2	5828	40677987	40677990	3	1	1	1	1	0	0	0	?	0	0	0
chr2	5829	40678038	40678040	2	1	1	1	1	0	0	0	?	0	0	0
chr2	5830	40678300	40678303	3	1	1	1	1	0	0	0	?	0	0	0
chr2	5831	40679749	40679752	3	1	1	1	1	0	0	0	?	0	0	0
chr2	5832	40679993	40679996	3	1	1	1	1	0	0	0	?	0	0	0
chr2	5833	40680773	40680776	3	1	1	1	1	0	0	0	?	0	0	0
chr2	5834	40680843	40680846	3	1	1	1	1	0	0	0	?	0	0	0
chr2	5835	40680980	40680989	9	2	2	2	2	0	0	0	?	0	0	0
chr2	5836	40681554	40681557	3	1	1	1	1	0	0	0	?	0	0	0
chr2	5837	40683030	40683033	3	1	1	1	1	0	0	0	?	0	0	0
chr2	5838	40684494	40684497	3	1	1	1	1	0	0	0	?	0	0	0
chr2	5839	40685998	40686001	3	1	1	1	1	0	0	0	?	0	0	0
chr2	5840	40686515	40686518	3	1	1	1	1	0	0	0	?	0	0	0
chr2	5841	40688369	40688372	3	1	1	1	1	0	0	0	?	0	0	0
chr2	5842	40688519	40688522	3	1	1	1	1	0	0	0	?	0	0	0
chr2	5843	40689225	40689228	3	1	1	1	1	0	0	0	?	0	0	0
chr2	5844	40689285	40689288	3	1	1	1	1	0	0	0	?	0	0	0
chr2	5845	40689386	40689389	3	1	1	1	1	0	0	0	?	0	0	0
chr2	5846	40689511	40689514	3	1	1	1	1	0	0	0	?	0	0	0
chr2	5847	40689711	40689714	3	1	1	1	1	0	0	0	?	0	0	0
chr2	5848	40690027	40690030	3	1	1	1	1	0	0	0	?	0	0	0
chr2	5849	40690406	40690409	3	1	1	1	1	0	0	0	?	0	0	0
chr2	5850	40690422	40690425	3	1	1	1	1	0	0	0	?	0	0	0
chr2	5851	40691408	40691410	2	1	1	1	1	0	0	0	?	0	0	0
chr2	5852	40691505	40691508	3	1	1	1	1	0	0	0	?	0	0	0
chr2	5853	40691536	40691539	3	1	1	1	1	0	0	0	?	0	0	0
chr2	5854	40691581	40691584	3	1	1	1	1	0	0	0	?	0	0	0
chr2	5855	40691673	40691676	3	1	1	1	1	0	0	0	?	0	0	0
chr2	5856	40692329	40692332	3	1	1	1	1	0	0	0	?	0	0	0
chr2	5857	40692377	40692380	3	1	1	1	1	0	0	0	?	0	0	0
chr2	5858	40692389	40692392	3	1	1	1	1	0	0	0	?	0	0	0
chr2	5859	40692591	40692594	3	1	1	1	1	0	0	0	?	0	0	0
chr2	5860	40692608	40692615	7	2	2	2	2	0	0	0	?	0	0	0
chr2	5861	40692932	40692935	3	1	1	1	1	0	0	0	?	0	0	0
chr2	5862	40693244	40693247	3	1	1	1	1	0	0	0	?	0	0	0
chr2	5863	40693342	40693345	3	1	1	1	1	0	0	0	?	0	0	0
chr2	5864	40693466	40693469	3	1	1	1	1	0	0	0	?	0	0	0
chr2	5865	40694956	40694959	3	1	1	1	1	0	0	0	?	0	0	0
chr2	5866	40695156	40695159	3	1	1	1	1	0	0	0	?	0	0	0
chr2	5867	40695266	40695269	3	1	1	1	1	0	0	0	?	0	0	0
chr2	5868	40695371	40695374	3	1	1	1	1	0	0	0	?	0	0	0
chr2	5869	40696230	40696233	3	1	1	1	1	0	0	0	?	0	0	0
chr2	5870	40696629	40696633	4	1	1	2	2	8	8	0	?	0	0	0
chr2	5871	40697446	40697449	3	1	1	1	1	0	0	0	?	0	0	0
chr2	5872	40698728	40698731	3	1	1	1	1	0	0	0	?	0	0	0
chr2	5873	40699782	40699785	3	1	1	1	1	0	0	0	?	0	0	0
chr2	5874	40699798	40699801	3	1	1	1	1	0	0	0	?	0	0	0
chr2	5875	40700059	40700062	3	1	1	1	1	0	0	0	?	0	0	0
chr2	5876	40700095	40700098	3	1	1	1	1	0	0	0	?	0	0	0
chr2	5877	40700324	40700327	3	1	1	1	1	0	0	0	?	0	0	0
chr2	5878	40700699	40700702	3	1	1	1	1	0	0	0	?	0	0	0
chr2	5879	40702266	40702269	3	1	1	1	1	0	0	0	?	0	0	0
chr2	5880	40702767	40702783	16	2	2	2	2	0	0	0	?	0	0	0
chr2	5881	40703579	40703582	3	1	1	1	1	0	0	0	?	0	0	0
chr2	5882	40703689	40703691	2	1	1	1	1	0	0	0	?	0	0	0
chr2	5883	40703955	40703958	3	1	1	1	1	0	0	0	?	0	0	0
chr2	5884	40704669	40704672	3	1	1	1	1	0	0	0	?	0	0	0
chr2	5885	40705191	40705194	3	1	1	1	1	0	0	0	?	0	0	0
chr2	5886	40705855	40705858	3	1	1	1	1	0	0	0	?	0	0	0
chr2	5887	40707265	40707268	3	1	1	1	1	0	0	0	?	0	0	0
chr2	5888	40707454	40707457	3	1	1	1	1	0	0	0	?	0	0	0
chr2	5889	40708252	40708255	3	1	1	1	1	0	0	0	?	0	0	0
chr2	5890	40710003	40710005	2	1	1	1	1	0	0	0	?	0	0	0
chr2	5891	40711325	40711328	3	1	1	1	1	0	0	0	?	0	0	0
chr2	5892	40711820	40711823	3	1	1	1	1	0	0	0	?	0	0	0
chr2	5893	40712873	40712876	3	1	1	1	1	0	0	0	?	0	0	0
chr2	5894	40713169	40713172	3	1	1	1	1	0	0	0	?	0	0	0
chr2	5895	40713362	40713365	3	1	1	1	1	0	0	0	?	0	0	0
chr2	5896	40714471	40714474	3	1	1	1	1	0	0	0	?	0	0	0
chr2	5897	40715546	40715549	3	1	1	1	1	0	0	0	?	0	0	0
chr2	5898	40716208	40716210	2	0	0	1	1	2	2	0	?	0	0	0
chr2	5899	40716341	40716344	3	1	1	1	1	0	0	0	?	0	0	0
chr2	5900	40716703	40716706	3	1	1	1	1	0	0	0	?	0	0	0
chr2	5901	40716737	40716740	3	1	1	1	1	0	0	0	?	0	0	0
chr2	5902	40717345	40717348	3	1	1	1	1	0	0	0	?	0	0	0
chr2	5903	40717625	40717628	3	1	1	1	1	0	0	0	?	0	0	0
chr2	5904	40717694	40717697	3	1	1	1	1	0	0	0	?	0	0	0
chr2	5905	40717870	40717873	3	1	1	1	1	0	0	0	?	0	0	0
chr2	5906	40719092	40719095	3	1	1	1	1	0	0	0	?	0	0	0
chr2	5907	40719268	40719271	3	1	1	1	1	0	0	0	?	0	0	0
chr2	5908	40720146	40720149	3	1	1	1	1	0	0	0	?	0	0	0
chr2	5909	40721170	40721173	3	1	1	1	1	0	0	0	?	0	0	0
chr2	5910	40721433	40721447	14	1	1	1	1	0	0	0	?	0	0	0
chr2	5911	40721627	40721630	3	1	1	1	1	0	0	0	?	0	0	0
chr2	5912	40721761	40721764	3	1	1	1	1	0	0	0	?	0	0	0
chr2	5913	40721804	40721807	3	1	1	1	1	0	0	0	?	0	0	0
chr2	5914	40722464	40722467	3	1	1	1	1	0	0	0	?	0	0	0
chr2	5915	40724795	40724798	3	1	1	1	1	0	0	0	?	0	0	0
chr2	5916	40725366	40725369	3	1	1	1	1	0	0	0	?	0	0	0
chr2	5917	40725454	40725457	3	1	1	1	1	0	0	0	?	0	0	0
chr2	5918	40726293	40726296	3	1	1	1	1	0	0	0	?	0	0	0
chr2	5919	40727241	40727243	2	1	1	1	1	0	0	0	?	0	0	0
chr2	5920	40727556	40727559	3	1	1	1	1	0	0	0	?	0	0	0
chr2	5921	40727664	40727667	3	1	1	1	1	0	0	0	?	0	0	0
chr2	5922	40727815	40727818	3	1	1	1	1	0	0	0	?	0	0	0
chr2	5923	40728078	40728081	3	1	1	1	1	0	0	0	?	0	0	0
chr2	5924	40729076	40729079	3	1	1	1	1	0	0	0	?	0	0	0
chr2	5925	40729465	40729468	3	1	1	1	1	0	0	0	?	0	0	0
chr2	5926	40729960	40729963	3	1	1	1	1	0	0	0	?	0	0	0
chr2	5927	40730277	40730280	3	1	1	1	1	0	0	0	?	0	0	0
chr2	5928	40730301	40730304	3	1	1	1	1	0	0	0	?	0	0	0
chr2	5929	40730511	40730514	3	0	0	1	1	2	2	0	?	0	0	0
chr2	5930	40731732	40731740	8	1	1	1	1	0	0	0	?	0	0	0
chr2	5931	40732348	40732351	3	1	1	1	1	0	0	0	?	0	0	0
chr2	5932	40732654	40732657	3	1	1	1	1	0	0	0	?	0	0	0
chr2	5933	40733129	40733132	3	1	1	1	1	0	0	0	?	0	0	0
chr2	5934	40734169	40734172	3	1	1	1	1	0	0	0	?	0	0	0
chr2	5935	40734243	40734246	3	1	1	1	1	0	0	0	?	0	0	0
chr2	5936	40735055	40735058	3	1	1	1	1	0	0	0	?	0	0	0
chr2	5937	40735940	40735943	3	1	1	1	1	0	0	0	?	0	0	0
chr2	5938	40736068	40736071	3	1	1	1	1	0	0	0	?	0	0	0
chr2	5939	40737324	40737327	3	1	1	1	1	0	0	0	?	0	0	0
chr2	5940	40738424	40738427	3	1	1	1	1	0	0	0	?	0	0	0
chr2	5941	40738713	40738716	3	1	1	1	1	0	0	0	?	0	0	0
chr2	5942	40738779	40738782	3	1	1	1	1	0	0	0	?	0	0	0
chr2	5943	40739577	40739580	3	1	1	1	1	0	0	0	?	0	0	0
chr2	5944	40739708	40739711	3	1	1	1	1	0	0	0	?	0	0	0
chr2	5945	40740623	40740626	3	1	1	1	1	0	0	0	?	0	0	0
chr2	5946	40741698	40741701	3	1	1	1	1	0	0	0	?	0	0	0
chr2	5947	40742089	40742093	4	1	1	1	1	0	0	0	?	0	0	0
chr2	5948	40742125	40742128	3	1	1	1	1	0	0	0	?	0	0	0
chr2	5949	40742181	40742184	3	1	1	1	1	0	0	0	?	0	0	0
chr2	5950	40742340	40742343	3	1	1	1	1	0	0	0	?	0	0	0
chr2	5951	40744355	40744373	18	0	0	1	1	32	32	0	?	0	0	0
chr2	5952	40744796	40744799	3	1	1	1	1	0	0	0	?	0	0	0
chr2	5953	40745819	40745822	3	1	1	1	1	0	0	0	?	0	0	0
chr2	5954	40747887	40747890	3	1	1	1	1	0	0	0	?	0	0	0
chr2	5955	40748074	40748077	3	1	1	1	1	0	0	0	?	0	0	0
chr2	5956	40750462	40750465	3	1	1	1	1	0	0	0	?	0	0	0
chr2	5957	40751004	40751009	5	0	0	1	1	6	6	0	?	0	0	0
chr2	5958	40751058	40751061	3	0	0	1	1	2	2	0	?	0	0	0
chr2	5959	40751126	40751129	3	0	0	1	1	2	2	0	?	0	0	0
chr2	5960	40751227	40751230	3	0	0	1	1	2	2	0	?	0	0	0
chr2	5961	40753719	40753722	3	1	1	1	1	0	0	0	?	0	0	0
chr2	5962	40754012	40754015	3	1	1	1	1	0	0	0	?	0	0	0
chr2	5963	40754070	40754074	4	1	1	1	1	0	0	0	?	0	0	0
chr2	5964	40754325	40754327	2	1	1	1	1	0	0	0	?	0	0	0
chr2	5965	40756185	40756188	3	1	1	1	1	0	0	0	?	0	0	0
chr2	5966	40756515	40756521	6	1	1	2	2	30	30	0	?	0	0	0
chr2	5967	40758024	40758027	3	1	1	1	1	0	0	0	?	0	0	0
chr2	5968	40758453	40758456	3	1	1	1	1	0	0	0	?	0	0	0
chr2	5969	40758801	40758804	3	1	1	1	1	0	0	0	?	0	0	0
chr2	5970	40759636	40759639	3	1	1	1	1	0	0	0	?	0	0	0
chr2	5971	40759718	40759721	3	1	1	1	1	0	0	0	?	0	0	0
chr2	5972	40760064	40760070	6	2	2	2	2	0	0	0	?	0	0	0
chr2	5973	40760317	40760320	3	1	1	1	1	0	0	0	?	0	0	0
chr2	5974	40760740	40760743	3	1	1	1	1	0	0	0	?	0	0	0
chr2	5975	40761919	40761922	3	1	1	1	1	0	0	0	?	0	0	0
chr2	5976	40762756	40762759	3	1	1	1	1	0	0	0	?	0	0	0
chr2	5977	40763174	40763177	3	1	1	1	1	0	0	0	?	0	0	0
chr2	5978	40763520	40763532	12	2	2	2	2	0	0	0	?	0	0	0
chr2	5979	40764059	40764062	3	1	1	1	1	0	0	0	?	0	0	0
chr2	5980	40765466	40765469	3	1	1	1	1	0	0	0	?	0	0	0
chr2	5981	40766344	40766347	3	1	1	1	1	0	0	0	?	0	0	0
chr2	5982	40766444	40766447	3	1	1	1	1	0	0	0	?	0	0	0
chr2	5983	40767003	40767006	3	1	1	1	1	0	0	0	?	0	0	0
chr2	5984	40767489	40767492	3	1	1	1	1	0	0	0	?	0	0	0
chr2	5985	40767559	40767562	3	1	1	1	1	0	0	0	?	0	0	0
chr2	5986	40767888	40767903	15	3	3	3	3	0	0	0	?	0	0	0
chr2	5987	40768253	40768256	3	1	1	1	1	0	0	0	?	0	0	0
chr2	5988	40772278	40772280	2	1	1	1	1	0	0	0	?	0	0	0
chr2	5989	40772533	40772536	3	1	1	1	1	0	0	0	?	0	0	0
chr2	5990	40774167	40774170	3	1	1	1	1	0	0	0	?	0	0	0
chr2	5991	40775899	40775902	3	1	1	1	1	0	0	0	?	0	0	0
chr2	5992	40776463	40776466	3	1	1	1	1	0	0	0	?	0	0	0
chr2	5993	40776581	40776584	3	1	1	1	1	0	0	0	?	0	0	0
chr2	5994	40777210	40777213	3	1	1	1	1	0	0	0	?	0	0	0
chr2	5995	40777617	40777620	3	1	1	1	1	0	0	0	?	0	0	0
chr2	5996	40778082	40778098	16	1	1	1	1	0	0	0	?	0	0	0
chr2	5997	40778337	40778340	3	1	1	1	1	0	0	0	?	0	0	0
chr2	5998	40780252	40780255	3	1	1	1	1	0	0	0	?	0	0	0
chr2	5999	40782193	40782196	3	1	1	1	1	0	0	0	?	0	0	0
chr2	6000	40783256	40783259	3	1	1	1	1	0	0	0	?	0	0	0
chr2	6001	40784954	40784957	3	0	0	1	1	2	2	0	?	0	0	0
chr2	6002	40786830	40786833	3	1	1	1	1	0	0	0	?	0	0	0
chr2	6003	40789876	40789879	3	1	1	1	1	0	0	0	?	0	0	0
chr2	6004	40790156	40790159	3	1	1	1	1	0	0	0	?	0	0	0
chr2	6005	40791563	40791565	2	1	1	1	1	0	0	0	?	0	0	0
chr2	6006	40792057	40792060	3	1	1	1	1	0	0	0	?	0	0	0
chr2	6007	40792151	40792154	3	1	1	1	1	0	0	0	?	0	0	0
chr2	6008	40792579	40792582	3	1	1	1	1	0	0	0	?	0	0	0
chr2	6009	40794355	40794358	3	1	1	1	1	0	0	0	?	0	0	0
chr2	6010	40794916	40794920	4	2	2	2	2	0	0	0	?	0	0	0
chr2	6011	40795382	40795385	3	1	1	1	1	0	0	0	?	0	0	0
chr2	6012	40795620	40795624	4	1	1	1	1	0	0	0	?	0	0	0
chr2	6013	40796187	40796190	3	1	1	1	1	0	0	0	?	0	0	0
chr2	6014	40796568	40796571	3	1	1	1	1	0	0	0	?	0	0	0
chr2	6015	40796582	40796585	3	1	1	1	1	0	0	0	?	0	0	0
chr2	6016	40797159	40797162	3	1	1	1	1	0	0	0	?	0	0	0
chr2	6017	40797784	40797787	3	1	1	1	1	0	0	0	?	0	0	0
chr2	6018	40798732	40798769	37	0	0	2	2	56	56	0	?	0	0	0
chr2	6019	40799084	40799087	3	1	1	1	1	0	0	0	?	0	0	0
chr2	6020	40799193	40799196	3	1	1	1	1	0	0	0	?	0	0	0
chr2	6021	40799507	40799510	3	1	1	1	1	0	0	0	?	0	0	0
chr2	6022	40799739	40799742	3	1	1	1	1	0	0	0	?	0	0	0
chr2	6023	40801022	40801025	3	1	1	1	1	0	0	0	?	0	0	0
chr2	6024	40801096	40801101	5	1	1	1	1	0	0	0	?	0	0	0
chr2	6025	40801260	40801263	3	1	1	1	1	0	0	0	?	0	0	0
chr2	6026	40805260	40805262	2	1	1	1	1	0	0	0	?	0	0	0
chr2	6027	40808865	40808867	2	1	1	1	1	0	0	0	?	0	0	0
chr2	6028	40809224	40809227	3	1	1	1	1	0	0	0	?	0	0	0
chr2	6029	40809376	40809379	3	1	1	1	1	0	0	0	?	0	0	0
chr2	6030	40810888	40810891	3	1	1	1	1	0	0	0	?	0	0	0
chr2	6031	40811493	40811496	3	1	1	1	1	0	0	0	?	0	0	0
chr2	6032	40813337	40813340	3	1	1	1	1	0	0	0	?	0	0	0
chr2	6033	40814717	40814720	3	1	1	1	1	0	0	0	?	0	0	0
chr2	6034	40814966	40814969	3	1	1	1	1	0	0	0	?	0	0	0
chr2	6035	40815210	40815213	3	1	1	1	1	0	0	0	?	0	0	0
chr2	6036	40815502	40815505	3	1	1	1	1	0	0	0	?	0	0	0
chr2	6037	40817224	40817227	3	1	1	1	1	0	0	0	?	0	0	0
chr2	6038	40818392	40818395	3	1	1	1	1	0	0	0	?	0	0	0
chr2	6039	40818464	40818470	6	1	1	2	2	2	2	0	?	0	0	0
chr2	6040	40818792	40818795	3	1	1	1	1	0	0	0	?	0	0	0
chr2	6041	40819065	40819068	3	1	1	1	1	0	0	0	?	0	0	0
chr2	6042	40819950	40819953	3	1	1	1	1	0	0	0	?	0	0	0
chr2	6043	40820216	40820218	2	1	1	1	1	0	0	0	?	0	0	0
chr2	6044	40820769	40820772	3	1	1	1	1	0	0	0	?	0	0	0
chr2	6045	40821750	40821753	3	1	1	1	1	0	0	0	?	0	0	0
chr2	6046	40822089	40822092	3	1	1	1	1	0	0	0	?	0	0	0
chr2	6047	40822764	40822768	4	2	2	2	2	0	0	0	?	0	0	0
chr2	6048	40823647	40823649	2	1	1	1	1	0	0	0	?	0	0	0
chr2	6049	40824618	40824621	3	1	1	1	1	0	0	0	?	0	0	0
chr2	6050	40825242	40825245	3	1	1	1	1	0	0	0	?	0	0	0
chr2	6051	40825359	40825363	4	2	2	2	2	0	0	0	?	0	0	0
chr2	6052	40825402	40825405	3	1	1	1	1	0	0	0	?	0	0	0
chr2	6053	40825619	40825622	3	1	1	1	1	0	0	0	?	0	0	0
chr2	6054	40825830	40825833	3	1	1	1	1	0	0	0	?	0	0	0
chr2	6055	40826218	40826221	3	1	0	1	1	1	1	0	?	0	0	0
chr2	6056	40827776	40827779	3	1	1	1	1	0	0	0	?	0	0	0
chr2	6057	40828613	40828616	3	1	1	1	1	0	0	0	?	0	0	0
chr2	6058	40829081	40829084	3	1	1	1	1	0	0	0	?	0	0	0
chr2	6059	40829279	40829282	3	1	1	1	1	0	0	0	?	0	0	0
chr2	6060	40829345	40829348	3	1	1	1	1	0	0	0	?	0	0	0
chr2	6061	40829661	40829663	2	1	1	1	1	0	0	0	?	0	0	0
chr2	6062	40830637	40830640	3	1	1	1	1	0	0	0	?	0	0	0
chr2	6063	40831721	40831752	31	2	2	2	2	0	0	0	?	0	0	0
chr2	6064	40831939	40831942	3	1	1	1	1	0	0	0	?	0	0	0
chr2	6065	40832023	40832026	3	1	1	1	1	0	0	0	?	0	0	0
chr2	6066	40833142	40833145	3	1	1	1	1	0	0	0	?	0	0	0
chr2	6067	40833216	40833219	3	1	1	1	1	0	0	0	?	0	0	0
chr2	6068	40835668	40835671	3	1	1	1	1	0	0	0	?	0	0	0
chr2	6069	40837046	40837049	3	1	1	1	1	0	0	0	?	0	0	0
chr2	6070	40837194	40837197	3	1	1	1	1	0	0	0	?	0	0	0
chr2	6071	40843164	40843166	2	0	0	1	1	4	4	0	?	0	0	0
chr2	6072	40846976	40846979	3	1	1	1	1	0	0	0	?	0	0	0
chr2	6073	40847266	40847269	3	1	1	1	1	0	0	0	?	0	0	0
chr2	6074	40847532	40847572	40	2	2	2	2	0	0	0	?	0	0	0
chr2	6075	40849166	40849169	3	1	1	1	1	0	0	0	?	0	0	0
chr2	6076	40850015	40850017	2	1	1	1	1	0	0	0	?	0	0	0
chr2	6077	40851104	40851107	3	1	1	1	1	0	0	0	?	0	0	0
chr2	6078	40851933	40851936	3	1	1	1	1	0	0	0	?	0	0	0
chr2	6079	40852338	40852350	12	1	1	1	1	0	0	0	?	0	0	0
chr2	6080	40853376	40853379	3	1	1	1	1	0	0	0	?	0	0	0
chr2	6081	40853476	40853479	3	1	1	1	1	0	0	0	?	0	0	0
chr2	6082	40854045	40854048	3	1	1	1	1	0	0	0	?	0	0	0
chr2	6083	40854355	40854358	3	1	1	1	1	0	0	0	?	0	0	0
chr2	6084	40854492	40854495	3	1	1	1	1	0	0	0	?	0	0	0
chr2	6085	40854843	40854846	3	1	1	1	1	0	0	0	?	0	0	0
chr2	6086	40855317	40855320	3	1	1	1	1	0	0	0	?	0	0	0
chr2	6087	40856079	40856082	3	1	1	1	1	0	0	0	?	0	0	0
chr2	6088	40857388	40857391	3	1	1	1	1	0	0	0	?	0	0	0
chr2	6089	40857602	40857605	3	1	1	1	1	0	0	0	?	0	0	0
chr2	6090	40858355	40858358	3	1	1	1	1	0	0	0	?	0	0	0
chr2	6091	40860934	40860937	3	1	1	1	1	0	0	0	?	0	0	0
chr2	6092	40861358	40861361	3	1	1	1	1	0	0	0	?	0	0	0
chr2	6093	40865207	40865210	3	1	1	1	1	0	0	0	?	0	0	0
chr2	6094	40865373	40865376	3	1	1	1	1	0	0	0	?	0	0	0
chr2	6095	40865744	40865747	3	1	1	1	1	0	0	0	?	0	0	0
chr2	6096	40865878	40865880	2	0	0	1	1	4	4	0	?	0	0	0
chr2	6097	40865981	40865984	3	1	1	1	1	0	0	0	?	0	0	0
chr2	6098	40866109	40866111	2	1	1	1	1	0	0	0	?	0	0	0
chr2	6099	40868055	40868058	3	1	1	1	1	0	0	0	?	0	0	0
chr2	6100	40868071	40868074	3	1	1	1	1	0	0	0	?	0	0	0
chr2	6101	40868702	40868705	3	1	1	1	1	0	0	0	?	0	0	0
chr2	6102	40872155	40872158	3	1	1	1	1	0	0	0	?	0	0	0
chr2	6103	40872292	40872295	3	1	1	1	1	0	0	0	?	0	0	0
chr2	6104	40873400	40873403	3	1	1	1	1	0	0	0	?	0	0	0
chr2	6105	40874634	40874637	3	1	1	1	1	0	0	0	?	0	0	0
chr2	6106	40874930	40874933	3	1	1	1	1	0	0	0	?	0	0	0
chr2	6107	40875566	40875569	3	1	1	1	1	0	0	0	?	0	0	0
chr2	6108	40875821	40875824	3	1	1	1	1	0	0	0	?	0	0	0
chr2	6109	40876365	40876368	3	1	1	1	1	0	0	0	?	0	0	0
chr2	6110	40876386	40876388	2	1	1	1	1	0	0	0	?	0	0	0
chr2	6111	40876701	40876704	3	1	1	1	1	0	0	0	?	0	0	0
chr2	6112	40878563	40878566	3	1	1	1	1	0	0	0	?	0	0	0
chr2	6113	40879184	40879187	3	1	1	1	1	0	0	0	?	0	0	0
chr2	6114	40879372	40879375	3	1	1	1	1	0	0	0	?	0	0	0
chr2	6115	40879618	40879621	3	1	1	1	1	0	0	0	?	0	0	0
chr2	6116	40879808	40879822	14	1	1	1	1	0	0	0	?	0	0	0
chr2	6117	40879878	40879881	3	1	1	1	1	0	0	0	?	0	0	0
chr2	6118	40880495	40880498	3	1	1	1	1	0	0	0	?	0	0	0
chr2	6119	40880623	40880626	3	1	1	1	1	0	0	0	?	0	0	0
chr2	6120	40881616	40881619	3	1	1	1	1	0	0	0	?	0	0	0
chr2	6121	40881649	40881652	3	1	1	1	1	0	0	0	?	0	0	0
chr2	6122	40881736	40881738	2	0	0	1	1	2	2	0	?	0	0	0
chr2	6123	40882733	40882736	3	1	1	1	1	0	0	0	?	0	0	0
chr2	6124	40882844	40882847	3	1	1	1	1	0	0	0	?	0	0	0
chr2	6125	40883767	40883770	3	1	1	1	1	0	0	0	?	0	0	0
chr2	6126	40883866	40883869	3	1	1	1	1	0	0	0	?	0	0	0
chr2	6127	40884431	40884433	2	1	1	1	1	0	0	0	?	0	0	0
chr2	6128	40884861	40884864	3	1	1	1	1	0	0	0	?	0	0	0
chr2	6129	40884941	40884944	3	1	1	1	1	0	0	0	?	0	0	0
chr2	6130	40886004	40886007	3	1	1	1	1	0	0	0	?	0	0	0
chr2	6131	40886285	40886289	4	2	2	2	2	0	0	0	?	0	0	0
chr2	6132	40886667	40886669	2	1	1	1	1	0	0	0	?	0	0	0
chr2	6133	40886794	40886797	3	1	1	1	1	0	0	0	?	0	0	0
chr2	6134	40887144	40887146	2	1	1	1	1	0	0	0	?	0	0	0
chr2	6135	40887651	40887654	3	1	1	1	1	0	0	0	?	0	0	0
chr2	6136	40887665	40887668	3	1	1	1	1	0	0	0	?	0	0	0
chr2	6137	40888632	40888635	3	1	1	1	1	0	0	0	?	0	0	0
chr2	6138	40889250	40889253	3	1	1	1	1	0	0	0	?	0	0	0
chr2	6139	40889561	40889564	3	1	1	1	1	0	0	0	?	0	0	0
chr2	6140	40890319	40890322	3	1	1	1	1	0	0	0	?	0	0	0
chr2	6141	40890620	40890623	3	1	1	1	1	0	0	0	?	0	0	0
chr2	6142	40891146	40891242	96	2	2	2	2	0	0	0	?	0	0	0
chr2	6143	40891573	40891576	3	1	1	1	1	0	0	0	?	0	0	0
chr2	6144	40891922	40891925	3	1	1	1	1	0	0	0	?	0	0	0
chr2	6145	40893555	40893558	3	1	1	1	1	0	0	0	?	0	0	0
chr2	6146	40894172	40894175	3	1	1	1	1	0	0	0	?	0	0	0
chr2	6147	40894295	40894298	3	1	1	1	1	0	0	0	?	0	0	0
chr2	6148	40894489	40894492	3	1	1	1	1	0	0	0	?	0	0	0
chr2	6149	40894617	40894620	3	1	1	1	1	0	0	0	?	0	0	0
chr2	6150	40895760	40895763	3	1	1	1	1	0	0	0	?	0	0	0
chr2	6151	40896093	40896096	3	1	1	1	1	0	0	0	?	0	0	0
chr2	6152	40896177	40896180	3	1	1	1	1	0	0	0	?	0	0	0
chr2	6153	40896623	40896626	3	1	1	1	1	0	0	0	?	0	0	0
chr2	6154	40896829	40896832	3	1	1	1	1	0	0	0	?	0	0	0
chr2	6155	40897565	40897568	3	1	1	1	1	0	0	0	?	0	0	0
chr2	6156	40897705	40897709	4	1	1	1	1	0	0	0	?	0	0	0
chr2	6157	40897821	40897824	3	1	1	1	1	0	0	0	?	0	0	0
chr2	6158	40897885	40897888	3	1	1	1	1	0	0	0	?	0	0	0
chr2	6159	40898022	40898025	3	1	1	1	1	0	0	0	?	0	0	0
chr2	6160	40898067	40898070	3	1	1	1	1	0	0	0	?	0	0	0
chr2	6161	40898260	40898263	3	1	1	1	1	0	0	0	?	0	0	0
chr2	6162	40899029	40899032	3	1	1	1	1	0	0	0	?	0	0	0
chr2	6163	40899058	40899061	3	1	1	1	1	0	0	0	?	0	0	0
chr2	6164	40899263	40899266	3	1	1	1	1	0	0	0	?	0	0	0
chr2	6165	40899576	40899579	3	1	1	1	1	0	0	0	?	0	0	0
chr2	6166	40899812	40899815	3	1	1	1	1	0	0	0	?	0	0	0
chr2	6167	40902092	40902095	3	1	1	1	1	0	0	0	?	0	0	0
chr2	6168	40902396	40902400	4	1	1	1	1	0	0	0	?	0	0	0
chr2	6169	40902474	40902484	10	1	1	1	1	12	12	0	?	0	0	0
chr2	6170	40902814	40902817	3	1	1	1	1	0	0	0	?	0	0	0
chr2	6171	40902889	40902892	3	1	1	1	1	0	0	0	?	0	0	0
chr2	6172	40904423	40904426	3	1	1	1	1	0	0	0	?	0	0	0
chr2	6173	40904485	40904498	13	1	1	2	2	4	4	0	?	0	0	0
chr2	6174	40904623	40904626	3	1	1	1	1	0	0	0	?	0	0	0
chr2	6175	40904692	40904695	3	1	1	1	1	0	0	0	?	0	0	0
chr2	6176	40904983	40904986	3	1	1	1	1	0	0	0	?	0	0	0
chr2	6177	40905470	40905473	3	1	1	1	1	0	0	0	?	0	0	0
chr2	6178	40907661	40907664	3	1	1	1	1	0	0	0	?	0	0	0
chr2	6179	40908814	40908817	3	1	1	1	1	0	0	0	?	0	0	0
chr2	6180	40910244	40910247	3	1	1	1	1	0	0	0	?	0	0	0
chr2	6181	40910273	40910276	3	1	1	1	1	0	0	0	?	0	0	0
chr2	6182	40910451	40910454	3	1	1	1	1	0	0	0	?	0	0	0
chr2	6183	40913629	40913632	3	1	1	1	1	0	0	0	?	0	0	0
chr2	6184	40914536	40914539	3	1	1	1	1	0	0	0	?	0	0	0
chr2	6185	40914639	40914642	3	1	1	1	1	0	0	0	?	0	0	0
chr2	6186	40914942	40914946	4	2	2	2	2	0	0	0	?	0	0	0
chr2	6187	40915500	40915502	2	1	1	1	1	0	0	0	?	0	0	0
chr2	6188	40916040	40916043	3	1	1	1	1	0	0	0	?	0	0	0
chr2	6189	40916459	40916462	3	1	1	1	1	0	0	0	?	0	0	0
chr2	6190	40916734	40916737	3	1	1	1	1	0	0	0	?	0	0	0
chr2	6191	40916749	40916752	3	1	1	1	1	0	0	0	?	0	0	0
chr2	6192	40916836	40916870	34	2	2	2	2	0	0	0	?	0	0	0
chr2	6193	40917381	40917384	3	1	1	1	1	0	0	0	?	0	0	0
chr2	6194	40918455	40918458	3	1	1	1	1	0	0	0	?	0	0	0
chr2	6195	40922954	40922957	3	1	1	1	1	0	0	0	?	0	0	0
chr2	6196	40924446	40924449	3	1	1	1	1	0	0	0	?	0	0	0
chr2	6197	40925506	40925509	3	1	1	1	1	0	0	0	?	0	0	0
chr2	6198	40930053	40930055	2	1	1	1	1	0	0	0	?	0	0	0
chr2	6199	40931138	40931141	3	1	1	1	1	0	0	0	?	0	0	0
chr2	6200	40936939	40936942	3	1	1	1	1	0	0	0	?	0	0	0
chr2	6201	40937489	40937492	3	1	1	1	1	0	0	0	?	0	0	0
chr2	6202	40939521	40939524	3	1	1	1	1	0	0	0	?	0	0	0
chr2	6203	40939875	40939877	2	1	1	1	1	0	0	0	?	0	0	0
chr2	6204	40939973	40939976	3	1	1	1	1	0	0	0	?	0	0	0
chr2	6205	40941678	40941681	3	1	1	1	1	0	0	0	?	0	0	0
chr2	6206	40944378	40944381	3	1	1	1	1	0	0	0	?	0	0	0
chr2	6207	40945103	40945106	3	1	1	1	1	0	0	0	?	0	0	0
chr2	6208	40947347	40947349	2	1	1	1	1	0	0	0	?	0	0	0
chr2	6209	40948439	40948442	3	1	1	1	1	0	0	0	?	0	0	0
chr2	6210	40950001	40950004	3	1	1	1	1	0	0	0	?	0	0	0
chr2	6211	40950211	40950213	2	1	1	1	1	0	0	0	?	0	0	0
chr2	6212	40951434	40951437	3	1	1	1	1	0	0	0	?	0	0	0
chr2	6213	40952308	40952311	3	1	1	1	1	0	0	0	?	0	0	0
chr2	6214	40953548	40953551	3	1	1	1	1	0	0	0	?	0	0	0
chr2	6215	40954215	40954218	3	1	1	1	1	0	0	0	?	0	0	0
chr2	6216	40954270	40954274	4	1	1	1	1	0	0	0	?	0	0	0
chr2	6217	40955663	40955666	3	1	1	1	1	0	0	0	?	0	0	0
chr2	6218	40956220	40956223	3	1	1	1	1	0	0	0	?	0	0	0
chr2	6219	40956312	40956315	3	1	1	1	1	0	0	0	?	0	0	0
chr2	6220	40957505	40957508	3	1	1	1	1	0	0	0	?	0	0	0
chr2	6221	40957655	40957658	3	1	1	1	1	0	0	0	?	0	0	0
chr2	6222	40960263	40960266	3	1	1	1	1	0	0	0	?	0	0	0
chr2	6223	40961460	40961463	3	1	1	1	1	0	0	0	?	0	0	0
chr2	6224	40961477	40961480	3	1	1	1	1	0	0	0	?	0	0	0
chr2	6225	40963945	40963948	3	1	1	1	1	0	0	0	?	0	0	0
chr2	6226	40964275	40964277	2	1	1	1	1	0	0	0	?	0	0	0
chr2	6227	40964918	40964921	3	1	1	1	1	0	0	0	?	0	0	0
chr2	6228	40964969	40964971	2	1	1	1	1	0	0	0	?	0	0	0
chr2	6229	40965984	40965987	3	1	1	1	1	0	0	0	?	0	0	0
chr2	6230	40966168	40966171	3	1	1	1	1	0	0	0	?	0	0	0
chr2	6231	40966605	40966607	2	1	1	1	1	0	0	0	?	0	0	0
chr2	6232	40968265	40968279	14	2	2	2	2	2	2	0	?	0	0	0
chr2	6233	40969411	40969414	3	1	1	1	1	0	0	0	?	0	0	0
chr2	6234	40970438	40970441	3	1	1	1	1	0	0	0	?	0	0	0
chr2	6235	40970566	40970569	3	1	1	1	1	0	0	0	?	0	0	0
chr2	6236	40972238	40972241	3	1	1	1	1	0	0	0	?	0	0	0
chr2	6237	40972294	40972296	2	1	1	1	1	0	0	0	?	0	0	0
chr2	6238	40972350	40972353	3	1	1	1	1	0	0	0	?	0	0	0
chr2	6239	40974011	40974014	3	1	1	1	1	0	0	0	?	0	0	0
chr2	6240	40974360	40974363	3	1	1	1	1	0	0	0	?	0	0	0
chr2	6241	40974402	40974405	3	1	1	1	1	0	0	0	?	0	0	0
chr2	6242	40974781	40974784	3	1	1	1	1	0	0	0	?	0	0	0
chr2	6243	40974976	40974979	3	1	1	1	1	0	0	0	?	0	0	0
chr2	6244	40976454	40976457	3	1	1	1	1	0	0	0	?	0	0	0
chr2	6245	40976687	40976689	2	1	1	1	1	0	0	0	?	0	0	0
chr2	6246	40977083	40977086	3	1	1	1	1	0	0	0	?	0	0	0
chr2	6247	40977312	40977315	3	1	1	1	1	0	0	0	?	0	0	0
chr2	6248	40978613	40978616	3	1	1	1	1	0	0	0	?	0	0	0
chr2	6249	40979033	40979036	3	1	1	1	1	0	0	0	?	0	0	0
chr2	6250	40980021	40980024	3	1	1	1	1	0	0	0	?	0	0	0
chr2	6251	40980144	40980147	3	1	1	1	1	0	0	0	?	0	0	0
chr2	6252	40980351	40980356	5	1	1	1	1	0	0	0	?	0	0	0
chr2	6253	40981454	40981457	3	1	1	1	1	0	0	0	?	0	0	0
chr2	6254	40981597	40981600	3	1	1	1	1	0	0	0	?	0	0	0
chr2	6255	40981682	40981688	6	2	2	2	2	0	0	0	?	0	0	0
chr2	6256	40983411	40983419	8	1	1	1	1	0	0	0	?	0	0	0
chr2	6257	40983523	40983525	2	1	1	1	1	0	0	0	?	0	0	0
chr2	6258	40983986	40983989	3	1	1	1	1	0	0	0	?	0	0	0
chr2	6259	40984868	40984871	3	1	1	1	1	0	0	0	?	0	0	0
chr2	6260	40985335	40985338	3	1	1	1	1	0	0	0	?	0	0	0
chr2	6261	40985618	40985621	3	1	1	1	1	0	0	0	?	0	0	0
chr2	6262	40985980	40985983	3	1	1	1	1	0	0	0	?	0	0	0
chr2	6263	40986059	40986062	3	1	1	1	1	0	0	0	?	0	0	0
chr2	6264	40986318	40986321	3	1	1	1	1	0	0	0	?	0	0	0
chr2	6265	40986482	40986485	3	1	1	1	1	0	0	0	?	0	0	0
chr2	6266	40986866	40986869	3	1	1	1	1	0	0	0	?	0	0	0
chr2	6267	40987049	40987052	3	1	1	1	1	0	0	0	?	0	0	0
chr2	6268	40987200	40987203	3	1	1	1	1	0	0	0	?	0	0	0
chr2	6269	40987337	40987340	3	1	1	1	1	0	0	0	?	0	0	0
chr2	6270	40987447	40987450	3	1	1	1	1	0	0	0	?	0	0	0
chr2	6271	40987551	40987554	3	1	1	1	1	0	0	0	?	0	0	0
chr2	6272	40987634	40987637	3	1	1	1	1	0	0	0	?	0	0	0
chr2	6273	40987786	40987789	3	1	1	1	1	0	0	0	?	0	0	0
chr2	6274	40987986	40987989	3	1	1	1	1	0	0	0	?	0	0	0
chr2	6275	40988623	40988626	3	1	1	1	1	0	0	0	?	0	0	0
chr2	6276	40988947	40988950	3	1	1	1	1	0	0	0	?	0	0	0
chr2	6277	40989739	40989742	3	1	1	1	1	0	0	0	?	0	0	0
chr2	6278	40990680	40990683	3	1	1	1	1	0	0	0	?	0	0	0
chr2	6279	40991689	40991691	2	1	1	1	1	0	0	0	?	0	0	0
chr2	6280	40991886	40991889	3	1	1	1	1	0	0	0	?	0	0	0
chr2	6281	40993005	40993008	3	1	1	1	1	0	0	0	?	0	0	0
chr2	6282	40993812	40993824	12	1	1	1	1	2	2	0	?	0	0	0
chr2	6283	40994316	40994319	3	1	1	1	1	0	0	0	?	0	0	0
chr2	6284	40994490	40994493	3	1	1	1	1	0	0	0	?	0	0	0
chr2	6285	40994527	40994543	16	1	1	1	1	0	0	0	?	0	0	0
chr2	6286	40995027	40995029	2	1	1	1	1	0	0	0	?	0	0	0
chr2	6287	40995108	40995111	3	1	1	1	1	0	0	0	?	0	0	0
chr2	6288	40995582	40995585	3	1	1	1	1	0	0	0	?	0	0	0
chr2	6289	40995733	40995736	3	1	1	1	1	0	0	0	?	0	0	0
chr2	6290	40996119	40996122	3	1	1	1	1	0	0	0	?	0	0	0
chr2	6291	40996374	40996377	3	1	1	1	1	0	0	0	?	0	0	0
chr2	6292	40996736	40996739	3	1	1	1	1	0	0	0	?	0	0	0
chr2	6293	40997288	40997312	24	2	2	2	2	0	0	0	?	0	0	0
chr2	6294	40997781	40997784	3	1	1	1	1	0	0	0	?	0	0	0
chr2	6295	40997839	40997842	3	1	1	1	1	0	0	0	?	0	0	0
chr2	6296	40997884	40997887	3	1	1	1	1	0	0	0	?	0	0	0
chr2	6297	40998019	40998022	3	1	1	1	1	0	0	0	?	0	0	0
chr2	6298	40998293	40998296	3	1	1	1	1	0	0	0	?	0	0	0
chr2	6299	40998421	40998424	3	1	1	1	1	0	0	0	?	0	0	0
chr2	6300	40998843	40998846	3	1	1	1	1	0	0	0	?	0	0	0
chr2	6301	40999129	40999132	3	1	1	1	1	0	0	0	?	0	0	0
chr2	6302	40999285	40999288	3	1	1	1	1	0	0	0	?	0	0	0
chr2	6303	40999708	40999710	2	1	1	1	1	0	0	0	?	0	0	0
chr2	6304	40999751	40999754	3	1	1	1	1	0	0	0	?	0	0	0
chr2	6305	40999948	40999951	3	1	1	1	1	0	0	0	?	0	0	0
chr2	6306	41000397	41000400	3	1	1	1	1	0	0	0	?	0	0	0
chr2	6307	41000432	41000435	3	1	1	1	1	0	0	0	?	0	0	0
chr2	6308	41000482	41000485	3	1	1	1	1	0	0	0	?	0	0	0
chr2	6309	41000639	41000643	4	1	1	1	1	0	0	0	?	0	0	0
chr2	6310	41000875	41000878	3	1	1	1	1	0	0	0	?	0	0	0
chr2	6311	41001307	41001310	3	1	1	1	1	0	0	0	?	0	0	0
chr2	6312	41001446	41001449	3	1	1	1	1	0	0	0	?	0	0	0
chr2	6313	41001965	41001968	3	1	1	1	1	0	0	0	?	0	0	0
chr2	6314	41002291	41002294	3	1	1	1	1	0	0	0	?	0	0	0
chr2	6315	41002311	41002322	11	2	2	2	2	0	0	0	?	0	0	0
chr2	6316	41002453	41002456	3	1	1	1	1	0	0	0	?	0	0	0
chr2	6317	41002603	41002611	8	1	1	1	1	0	0	0	?	0	0	0
chr2	6318	41002994	41002997	3	1	1	1	1	0	0	0	?	0	0	0
chr2	6319	41003156	41003159	3	1	1	1	1	0	0	0	?	0	0	0
chr2	6320	41003269	41003272	3	1	1	1	1	0	0	0	?	0	0	0
chr2	6321	41003327	41003330	3	1	1	1	1	0	0	0	?	0	0	0
chr2	6322	41003720	41003723	3	1	1	1	1	0	0	0	?	0	0	0
chr2	6323	41004300	41004303	3	1	1	1	1	0	0	0	?	0	0	0
chr2	6324	41004470	41004473	3	1	1	1	1	0	0	0	?	0	0	0
chr2	6325	41004664	41004667	3	1	1	1	1	0	0	0	?	0	0	0
chr2	6326	41006090	41006093	3	1	1	1	1	0	0	0	?	0	0	0
chr2	6327	41007601	41007604	3	1	1	1	1	0	0	0	?	0	0	0
chr2	6328	41010532	41010535	3	1	1	1	1	0	0	0	?	0	0	0
chr2	6329	41010777	41010780	3	1	1	1	1	0	0	0	?	0	0	0
chr2	6330	41011502	41011505	3	0	0	1	1	2	2	0	?	0	0	0
chr2	6331	41011730	41011733	3	0	0	1	1	2	2	0	?	0	0	0
chr2	6332	41012407	41012410	3	0	0	1	1	2	2	0	?	0	0	0
chr2	6333	41012465	41012468	3	0	0	1	1	2	2	0	?	0	0	0
chr2	6334	41012658	41012661	3	0	0	1	1	2	2	0	?	0	0	0
chr2	6335	41012745	41012749	4	0	0	1	1	4	4	0	?	0	0	0
chr2	6336	41012938	41012941	3	0	0	1	1	2	2	0	?	0	0	0
chr2	6337	41012965	41012971	6	0	0	1	1	8	8	0	?	0	0	0
chr2	6338	41015127	41015130	3	0	0	1	1	2	2	0	?	0	0	0
chr2	6339	41015856	41015863	7	0	0	1	1	10	10	0	?	0	0	0
chr2	6340	41016069	41016072	3	0	0	1	1	2	2	0	?	0	0	0
chr2	6341	41016176	41016179	3	0	0	1	1	2	2	0	?	0	0	0
chr2	6342	41016453	41016456	3	1	1	1	1	0	0	0	?	0	0	0
chr2	6343	41017109	41017116	7	1	1	1	1	0	0	0	?	0	0	0
chr2	6344	41017163	41017166	3	0	0	1	1	2	2	0	?	0	0	0
chr2	6345	41017202	41017205	3	1	1	1	1	0	0	0	?	0	0	0
chr2	6346	41017241	41017244	3	0	0	1	1	2	2	0	?	0	0	0
chr2	6347	41017907	41017910	3	0	0	1	1	2	2	0	?	0	0	0
chr2	6348	41018436	41018441	5	1	1	1	1	0	0	0	?	0	0	0
chr2	6349	41019096	41019146	50	1	1	3	3	8	8	0	?	0	0	0
chr2	6350	41019712	41019715	3	1	1	1	1	0	0	0	?	0	0	0
chr2	6351	41020529	41020532	3	1	1	1	1	0	0	0	?	0	0	0
chr2	6352	41021623	41021626	3	0	0	1	1	2	2	0	?	0	0	0
chr2	6353	41022411	41022414	3	1	1	1	1	0	0	0	?	0	0	0
chr2	6354	41022562	41022565	3	0	0	1	1	2	2	0	?	0	0	0
chr2	6355	41022964	41022967	3	0	0	1	1	2	2	0	?	0	0	0
chr2	6356	41023003	41023005	2	0	0	1	1	2	2	0	?	0	0	0
chr2	6357	41024063	41024066	3	1	1	1	1	0	0	0	?	0	0	0
chr2	6358	41025923	41025926	3	1	1	1	1	0	0	0	?	0	0	0
chr2	6359	41027538	41027541	3	1	1	1	1	0	0	0	?	0	0	0
chr2	6360	41027738	41027741	3	1	1	1	1	0	0	0	?	0	0	0
chr2	6361	41027780	41027782	2	0	0	1	1	4	4	0	?	0	0	0
chr2	6362	41027871	41027874	3	1	1	1	1	0	0	0	?	0	0	0
chr2	6363	41028400	41028403	3	1	1	1	1	0	0	0	?	0	0	0
chr2	6364	41028494	41028497	3	1	1	1	1	0	0	0	?	0	0	0
chr2	6365	41030130	41030133	3	1	1	1	1	0	0	0	?	0	0	0
chr2	6366	41030348	41030351	3	1	1	1	1	0	0	0	?	0	0	0
chr2	6367	41030878	41030881	3	1	1	1	1	0	0	0	?	0	0	0
chr2	6368	41033638	41033641	3	1	1	1	1	0	0	0	?	0	0	0
chr2	6369	41034737	41034740	3	1	1	1	1	0	0	0	?	0	0	0
chr2	6370	41034828	41034831	3	1	1	1	1	0	0	0	?	0	0	0
chr2	6371	41034850	41034853	3	1	1	1	1	0	0	0	?	0	0	0
chr2	6372	41034935	41034938	3	1	1	1	1	0	0	0	?	0	0	0
chr2	6373	41035361	41035364	3	1	1	1	1	0	0	0	?	0	0	0
chr2	6374	41035552	41035555	3	1	1	1	1	0	0	0	?	0	0	0
chr2	6375	41036699	41036702	3	1	1	1	1	0	0	0	?	0	0	0
chr2	6376	41037630	41037632	2	1	1	1	1	0	0	0	?	0	0	0
chr2	6377	41039975	41039978	3	1	1	1	1	0	0	0	?	0	0	0
chr2	6378	41044427	41044430	3	1	1	1	1	0	0	0	?	0	0	0
chr2	6379	41044562	41044564	2	1	1	1	1	0	0	0	?	0	0	0
chr2	6380	41045520	41045523	3	1	1	1	1	0	0	0	?	0	0	0
chr2	6381	41045724	41045727	3	1	1	1	1	0	0	0	?	0	0	0
chr2	6382	41046308	41046311	3	1	1	1	1	0	0	0	?	0	0	0
chr2	6383	41046489	41046492	3	1	1	1	1	0	0	0	?	0	0	0
chr2	6384	41048430	41048433	3	1	1	1	1	0	0	0	?	0	0	0
chr2	6385	41051818	41051822	4	1	1	1	1	0	0	0	?	0	0	0
chr2	6386	41052072	41052075	3	1	1	1	1	0	0	0	?	0	0	0
chr2	6387	41052689	41052695	6	1	1	1	1	0	0	0	?	0	0	0
chr2	6388	41053377	41053380	3	1	1	1	1	0	0	0	?	0	0	0
chr2	6389	41053706	41053709	3	0	0	1	1	2	2	0	?	0	0	0
chr2	6390	41054307	41054309	2	1	1	1	1	0	0	0	?	0	0	0
chr2	6391	41054606	41054609	3	1	1	1	1	0	0	0	?	0	0	0
chr2	6392	41054854	41054857	3	1	1	1	1	0	0	0	?	0	0	0
chr2	6393	41055065	41055068	3	1	1	1	1	0	0	0	?	0	0	0
chr2	6394	41055107	41055110	3	1	1	1	1	0	0	0	?	0	0	0
chr2	6395	41055132	41055135	3	1	1	1	1	0	0	0	?	0	0	0
chr2	6396	41056247	41056250	3	1	1	1	1	0	0	0	?	0	0	0
chr2	6397	41056668	41056671	3	1	1	1	1	0	0	0	?	0	0	0
chr2	6398	41057148	41057151	3	1	1	1	1	0	0	0	?	0	0	0
chr2	6399	41058004	41058007	3	1	1	1	1	0	0	0	?	0	0	0
chr2	6400	41058734	41058737	3	1	1	1	1	0	0	0	?	0	0	0
chr2	6401	41058927	41058930	3	1	1	1	1	0	0	0	?	0	0	0
chr2	6402	41059018	41059021	3	1	1	1	1	0	0	0	?	0	0	0
chr2	6403	41059996	41059999	3	1	1	1	1	0	0	0	?	0	0	0
chr2	6404	41060525	41060528	3	1	1	1	1	0	0	0	?	0	0	0
chr2	6405	41063622	41063624	2	0	0	1	1	16	16	0	?	0	0	0
chr2	6406	41066227	41066229	2	1	1	1	1	0	0	0	?	0	0	0
chr2	6407	41070749	41070752	3	1	1	1	1	0	0	0	?	0	0	0
chr2	6408	41070866	41070869	3	1	1	1	1	0	0	0	?	0	0	0
chr2	6409	41071603	41071605	2	1	1	1	1	0	0	0	?	0	0	0
chr2	6410	41072017	41072020	3	1	1	1	1	0	0	0	?	0	0	0
chr2	6411	41074780	41074783	3	1	1	1	1	0	0	0	?	0	0	0
chr2	6412	41075625	41075628	3	1	1	1	1	0	0	0	?	0	0	0
chr2	6413	41075674	41075677	3	1	1	1	1	0	0	0	?	0	0	0
chr2	6414	41080522	41080525	3	1	1	1	1	0	0	0	?	0	0	0
chr2	6415	41089612	41089615	3	1	1	1	1	0	0	0	?	0	0	0
chr2	6416	41092310	41092313	3	1	1	1	1	0	0	0	?	0	0	0
chr2	6417	41097095	41097098	3	1	1	1	1	0	0	0	?	0	0	0
chr2	6418	41097834	41097837	3	1	1	1	1	0	0	0	?	0	0	0
chr2	6419	41099447	41099450	3	1	1	1	1	0	0	0	?	0	0	0
chr2	6420	41099516	41099519	3	1	1	1	1	0	0	0	?	0	0	0
chr2	6421	41103419	41103421	2	1	1	1	1	0	0	0	?	0	0	0
chr2	6422	41105504	41105507	3	1	1	1	1	0	0	0	?	0	0	0
chr2	6423	41107662	41107665	3	1	1	1	1	0	0	0	?	0	0	0
chr2	6424	41108080	41108083	3	1	1	1	1	0	0	0	?	0	0	0
chr2	6425	41108331	41108334	3	1	1	1	1	0	0	0	?	0	0	0
chr2	6426	41109282	41109284	2	0	0	1	1	4	4	0	?	0	0	0
chr2	6427	41112736	41112738	2	1	1	1	1	0	0	0	?	0	0	0
chr2	6428	41114067	41114079	12	2	2	2	2	0	0	0	?	0	0	0
chr2	6429	41117653	41117655	2	1	1	1	1	0	0	0	?	0	0	0
chr2	6430	41127498	41127501	3	1	1	1	1	0	0	0	?	0	0	0
chr2	6431	41128210	41128213	3	1	1	1	1	0	0	0	?	0	0	0
chr2	6432	41130067	41130070	3	1	1	1	1	0	0	0	?	0	0	0
chr2	6433	41135594	41135597	3	1	1	1	1	0	0	0	?	0	0	0
chr2	6434	41137254	41137257	3	1	1	1	1	0	0	0	?	0	0	0
chr2	6435	41139637	41139640	3	1	1	1	1	0	0	0	?	0	0	0
chr2	6436	41142213	41142216	3	1	1	1	1	0	0	0	?	0	0	0
chr2	6437	41150153	41150156	3	1	1	1	1	0	0	0	?	0	0	0
chr2	6438	41153138	41153141	3	1	1	1	1	0	0	0	?	0	0	0
chr2	6439	41153194	41153197	3	1	1	1	1	0	0	0	?	0	0	0
chr2	6440	41157248	41157251	3	1	1	1	1	0	0	0	?	0	0	0
chr2	6441	41157883	41157885	2	0	0	1	1	4	4	0	?	0	0	0
chr2	6442	41157990	41157993	3	1	1	1	1	0	0	0	?	0	0	0
chr2	6443	41158225	41158228	3	1	1	1	1	0	0	0	?	0	0	0
chr2	6444	41158629	41158632	3	1	1	1	1	0	0	0	?	0	0	0
chr2	6445	41159127	41159130	3	1	1	1	1	0	0	0	?	0	0	0
chr2	6446	41159313	41159316	3	1	1	1	1	0	0	0	?	0	0	0
chr2	6447	41159420	41159423	3	1	1	1	1	0	0	0	?	0	0	0
chr2	6448	41160185	41160188	3	1	1	1	1	0	0	0	?	0	0	0
chr2	6449	41160979	41160982	3	1	1	1	1	0	0	0	?	0	0	0
chr2	6450	41161148	41161150	2	1	1	1	1	0	0	0	?	0	0	0
chr2	6451	41161706	41161709	3	1	1	1	1	0	0	0	?	0	0	0
chr2	6452	41163101	41163104	3	1	1	1	1	0	0	0	?	0	0	0
chr2	6453	41164150	41164161	11	2	2	2	2	0	0	0	?	0	0	0
chr2	6454	41164622	41164625	3	1	1	1	1	0	0	0	?	0	0	0
chr2	6455	41164924	41164927	3	1	1	1	1	0	0	0	?	0	0	0
chr2	6456	41165253	41165256	3	1	1	1	1	0	0	0	?	0	0	0
chr2	6457	41166693	41166696	3	1	1	1	1	0	0	0	?	0	0	0
chr2	6458	41167660	41167663	3	1	1	1	1	0	0	0	?	0	0	0
chr2	6459	41169000	41169003	3	1	1	1	1	0	0	0	?	0	0	0
chr2	6460	41169126	41169129	3	1	1	1	1	0	0	0	?	0	0	0
chr2	6461	41173365	41173367	2	1	1	1	1	0	0	0	?	0	0	0
chr2	6462	41173690	41173693	3	1	1	1	1	0	0	0	?	0	0	0
chr2	6463	41175160	41175163	3	1	1	1	1	0	0	0	?	0	0	0
chr2	6464	41175384	41175387	3	1	1	1	1	0	0	0	?	0	0	0
chr2	6465	41175468	41175472	4	1	1	1	1	0	0	0	?	0	0	0
chr2	6466	41175626	41175629	3	0	0	1	1	2	2	0	?	0	0	0
chr2	6467	41177904	41177907	3	1	1	1	1	0	0	0	?	0	0	0
chr2	6468	41178695	41178698	3	1	1	1	1	0	0	0	?	0	0	0
chr2	6469	41180685	41180688	3	1	1	1	1	0	0	0	?	0	0	0
chr2	6470	41181334	41181337	3	1	1	1	1	0	0	0	?	0	0	0
chr2	6471	41181981	41181984	3	1	1	1	1	0	0	0	?	0	0	0
chr2	6472	41182594	41182597	3	1	1	1	1	0	0	0	?	0	0	0
chr2	6473	41183318	41183321	3	1	1	1	1	0	0	0	?	0	0	0
chr2	6474	41185094	41185097	3	1	1	1	1	0	0	0	?	0	0	0
chr2	6475	41185123	41185126	3	1	1	1	1	0	0	0	?	0	0	0
chr2	6476	41185708	41185711	3	1	1	1	1	0	0	0	?	0	0	0
chr2	6477	41186437	41186440	3	1	1	1	1	0	0	0	?	0	0	0
chr2	6478	41187114	41187124	10	5	5	5	5	0	0	0	?	0	0	0
chr2	6479	41188443	41188446	3	1	1	1	1	0	0	0	?	0	0	0
chr2	6480	41189180	41189183	3	1	1	1	1	0	0	0	?	0	0	0
chr2	6481	41192982	41192986	4	0	0	1	1	4	4	0	?	0	0	0
chr2	6482	41193402	41193405	3	1	1	1	1	0	0	0	?	0	0	0
chr2	6483	41193485	41193488	3	1	1	1	1	0	0	0	?	0	0	0
chr2	6484	41193815	41193818	3	1	1	1	1	0	0	0	?	0	0	0
chr2	6485	41194452	41194455	3	1	1	1	1	0	0	0	?	0	0	0
chr2	6486	41194983	41194985	2	1	1	1	1	0	0	0	?	0	0	0
chr2	6487	41195526	41195529	3	1	1	1	1	0	0	0	?	0	0	0
chr2	6488	41196427	41196429	2	1	1	1	1	0	0	0	?	0	0	0
chr2	6489	41196929	41196932	3	1	1	1	1	0	0	0	?	0	0	0
chr2	6490	41199165	41199167	2	1	1	1	1	0	0	0	?	0	0	0
chr2	6491	41200865	41200868	3	1	1	1	1	0	0	0	?	0	0	0
chr2	6492	41200920	41200923	3	1	1	1	1	0	0	0	?	0	0	0
chr2	6493	41201829	41201832	3	1	1	1	1	0	0	0	?	0	0	0
chr2	6494	41204075	41204078	3	1	1	1	1	0	0	0	?	0	0	0
chr2	6495	41204926	41204929	3	1	1	1	1	0	0	0	?	0	0	0
chr2	6496	41205985	41205988	3	1	1	1	1	0	0	0	?	0	0	0
chr2	6497	41209692	41209695	3	1	1	1	1	0	0	0	?	0	0	0
chr2	6498	41212078	41212081	3	1	1	1	1	0	0	0	?	0	0	0
chr2	6499	41214139	41214141	2	0	0	1	1	30	30	0	?	0	0	0
chr2	6500	41214690	41214738	48	1	1	2	2	8	8	0	?	0	0	0
chr2	6501	41215150	41215153	3	1	1	1	1	0	0	0	?	0	0	0
chr2	6502	41216144	41216147	3	1	1	1	1	0	0	0	?	0	0	0
chr2	6503	41220383	41220386	3	1	1	1	1	0	0	0	?	0	0	0
chr2	6504	41223476	41223479	3	1	1	1	1	0	0	0	?	0	0	0
chr2	6505	41227127	41227130	3	1	1	1	1	0	0	0	?	0	0	0
chr2	6506	41240532	41240534	2	1	1	1	1	0	0	0	?	0	0	0
chr2	6507	41242291	41242294	3	1	1	1	1	0	0	0	?	0	0	0
chr2	6508	41244275	41244278	3	1	1	1	1	0	0	0	?	0	0	0
chr2	6509	41244433	41244436	3	1	1	1	1	0	0	0	?	0	0	0
chr2	6510	41247884	41247887	3	1	1	1	1	0	0	0	?	0	0	0
chr2	6511	41248320	41248323	3	1	1	1	1	0	0	0	?	0	0	0
chr2	6512	41249673	41249683	10	0	0	1	1	16	16	0	?	0	0	0
chr2	6513	41250172	41250175	3	1	1	1	1	0	0	0	?	0	0	0
chr2	6514	41250205	41250208	3	1	1	1	1	0	0	0	?	0	0	0
chr2	6515	41250528	41250531	3	1	1	1	1	0	0	0	?	0	0	0
chr2	6516	41250807	41250810	3	1	1	1	1	0	0	0	?	0	0	0
chr2	6517	41254972	41254975	3	1	1	1	1	0	0	0	?	0	0	0
chr2	6518	41257284	41257287	3	1	1	1	1	0	0	0	?	0	0	0
chr2	6519	41258737	41258740	3	1	1	1	1	0	0	0	?	0	0	0
chr2	6520	41259373	41259376	3	1	1	1	1	0	0	0	?	0	0	0
chr2	6521	41259916	41259919	3	1	1	1	1	0	0	0	?	0	0	0
chr2	6522	41259929	41259932	3	1	1	1	1	0	0	0	?	0	0	0
chr2	6523	41261249	41261252	3	1	1	1	1	0	0	0	?	0	0	0
chr2	6524	41262165	41262168	3	1	1	1	1	0	0	0	?	0	0	0
chr2	6525	41262409	41262412	3	1	1	1	1	0	0	0	?	0	0	0
chr2	6526	41262846	41262849	3	1	1	1	1	0	0	0	?	0	0	0
chr2	6527	41264461	41264464	3	1	1	1	1	0	0	0	?	0	0	0
chr2	6528	41265177	41265180	3	1	1	1	1	0	0	0	?	0	0	0
chr2	6529	41266257	41266260	3	1	1	1	1	0	0	0	?	0	0	0
chr2	6530	41266374	41266377	3	1	1	1	1	0	0	0	?	0	0	0
chr2	6531	41266478	41266480	2	1	1	1	1	0	0	0	?	0	0	0
chr2	6532	41266646	41266649	3	1	1	1	1	0	0	0	?	0	0	0
chr2	6533	41267593	41267596	3	1	1	1	1	0	0	0	?	0	0	0
chr2	6534	41267930	41267933	3	1	1	1	1	0	0	0	?	0	0	0
chr2	6535	41268349	41268352	3	1	1	1	1	0	0	0	?	0	0	0
chr2	6536	41268748	41268751	3	1	1	1	1	0	0	0	?	0	0	0
chr2	6537	41269588	41269591	3	1	1	1	1	0	0	0	?	0	0	0
chr2	6538	41270224	41270227	3	1	1	1	1	0	0	0	?	0	0	0
chr2	6539	41270689	41270692	3	1	1	1	1	0	0	0	?	0	0	0
chr2	6540	41271071	41271074	3	1	1	1	1	0	0	0	?	0	0	0
chr2	6541	41271358	41271361	3	1	1	1	1	0	0	0	?	0	0	0
chr2	6542	41271832	41271835	3	1	1	1	1	0	0	0	?	0	0	0
chr2	6543	41272112	41272114	2	1	1	1	1	0	0	0	?	0	0	0
chr2	6544	41273424	41273427	3	1	1	1	1	0	0	0	?	0	0	0
chr2	6545	41274484	41274487	3	1	1	1	1	0	0	0	?	0	0	0
chr2	6546	41275096	41275099	3	1	1	1	1	0	0	0	?	0	0	0
chr2	6547	41275299	41275302	3	1	1	1	1	0	0	0	?	0	0	0
chr2	6548	41278377	41278380	3	1	1	1	1	0	0	0	?	0	0	0
chr2	6549	41278930	41278933	3	1	1	1	1	0	0	0	?	0	0	0
chr2	6550	41279232	41279235	3	1	1	1	1	0	0	0	?	0	0	0
chr2	6551	41279513	41279516	3	1	1	1	1	0	0	0	?	0	0	0
chr2	6552	41279556	41279559	3	1	1	1	1	0	0	0	?	0	0	0
chr2	6553	41279747	41279750	3	1	1	1	1	0	0	0	?	0	0	0
chr2	6554	41280792	41280795	3	1	1	1	1	0	0	0	?	0	0	0
chr2	6555	41280920	41280923	3	1	1	1	1	0	0	0	?	0	0	0
chr2	6556	41281157	41281160	3	1	1	1	1	0	0	0	?	0	0	0
chr2	6557	41282220	41282223	3	1	1	1	1	0	0	0	?	0	0	0
chr2	6558	41282495	41282497	2	1	1	1	1	0	0	0	?	0	0	0
chr2	6559	41282845	41282848	3	1	1	1	1	0	0	0	?	0	0	0
chr2	6560	41284018	41284021	3	1	1	1	1	0	0	0	?	0	0	0
chr2	6561	41284972	41284975	3	1	1	1	1	0	0	0	?	0	0	0
chr2	6562	41285984	41285987	3	1	1	1	1	0	0	0	?	0	0	0
chr2	6563	41286993	41286996	3	1	1	1	1	0	0	0	?	0	0	0
chr2	6564	41288474	41288477	3	0	0	1	1	2	2	0	?	0	0	0
chr2	6565	41288504	41288506	2	1	1	1	1	0	0	0	?	0	0	0
chr2	6566	41289319	41289322	3	1	1	1	1	0	0	0	?	0	0	0
chr2	6567	41289454	41289457	3	1	1	1	1	0	0	0	?	0	0	0
chr2	6568	41289600	41289603	3	1	1	1	1	0	0	0	?	0	0	0
chr2	6569	41289804	41289807	3	1	1	1	1	0	0	0	?	0	0	0
chr2	6570	41290359	41290362	3	1	1	1	1	0	0	0	?	0	0	0
chr2	6571	41290837	41290839	2	1	1	1	1	0	0	0	?	0	0	0
chr2	6572	41291313	41291316	3	1	1	1	1	0	0	0	?	0	0	0
chr2	6573	41291688	41291691	3	1	1	1	1	0	0	0	?	0	0	0
chr2	6574	41292097	41292100	3	1	1	1	1	0	0	0	?	0	0	0
chr2	6575	41292236	41292239	3	1	1	1	1	0	0	0	?	0	0	0
chr2	6576	41292555	41292558	3	1	1	1	1	0	0	0	?	0	0	0
chr2	6577	41292571	41292574	3	1	1	1	1	0	0	0	?	0	0	0
chr2	6578	41296256	41296259	3	1	1	1	1	0	0	0	?	0	0	0
chr2	6579	41298735	41298738	3	1	1	1	1	0	0	0	?	0	0	0
chr2	6580	41298799	41298802	3	1	1	1	1	0	0	0	?	0	0	0
chr2	6581	41298980	41298983	3	1	1	1	1	0	0	0	?	0	0	0
chr2	6582	41299724	41299727	3	1	1	1	1	0	0	0	?	0	0	0
chr2	6583	41300997	41301000	3	1	1	1	1	0	0	0	?	0	0	0
chr2	6584	41302686	41302689	3	1	1	1	1	0	0	0	?	0	0	0
chr2	6585	41306771	41306774	3	1	1	1	1	0	0	0	?	0	0	0
chr2	6586	41311602	41311605	3	1	1	1	1	0	0	0	?	0	0	0
chr2	6587	41312761	41312764	3	1	1	1	1	0	0	0	?	0	0	0
chr2	6588	41313137	41313140	3	1	1	1	1	0	0	0	?	0	0	0
chr2	6589	41313332	41313335	3	1	1	1	1	0	0	0	?	0	0	0
chr2	6590	41313481	41313483	2	0	0	1	1	2	2	0	?	0	0	0
chr2	6591	41313824	41313827	3	1	1	1	1	0	0	0	?	0	0	0
chr2	6592	41313951	41313954	3	1	1	1	1	0	0	0	?	0	0	0
chr2	6593	41314915	41314918	3	1	1	1	1	0	0	0	?	0	0	0
chr2	6594	41314995	41314998	3	1	1	1	1	0	0	0	?	0	0	0
chr2	6595	41315215	41315218	3	1	1	1	1	0	0	0	?	0	0	0
chr2	6596	41315486	41315489	3	1	1	1	1	0	0	0	?	0	0	0
chr2	6597	41316394	41316397	3	1	1	1	1	0	0	0	?	0	0	0
chr2	6598	41317226	41317229	3	1	1	1	1	0	0	0	?	0	0	0
chr2	6599	41317377	41317380	3	1	1	1	1	0	0	0	?	0	0	0
chr2	6600	41317837	41317846	9	3	3	3	3	0	0	0	?	0	0	0
chr2	6601	41319765	41319768	3	1	1	1	1	0	0	0	?	0	0	0
chr2	6602	41319840	41319843	3	1	1	1	1	0	0	0	?	0	0	0
chr2	6603	41320080	41320083	3	1	1	1	1	0	0	0	?	0	0	0
chr2	6604	41320845	41320848	3	1	1	1	1	0	0	0	?	0	0	0
chr2	6605	41320873	41320876	3	1	1	1	1	0	0	0	?	0	0	0
chr2	6606	41320992	41320995	3	1	1	1	1	0	0	0	?	0	0	0
chr2	6607	41323900	41323903	3	1	1	1	1	0	0	0	?	0	0	0
chr2	6608	41323922	41323925	3	1	1	1	1	0	0	0	?	0	0	0
chr2	6609	41324238	41324241	3	1	1	1	1	0	0	0	?	0	0	0
chr2	6610	41324683	41324685	2	0	0	1	1	28	28	0	?	0	0	0
chr2	6611	41324815	41324818	3	1	1	1	1	0	0	0	?	0	0	0
chr2	6612	41325759	41325762	3	1	1	1	1	0	0	0	?	0	0	0
chr2	6613	41326890	41326893	3	1	1	1	1	0	0	0	?	0	0	0
chr2	6614	41327319	41327322	3	1	1	1	1	0	0	0	?	0	0	0
chr2	6615	41327670	41327673	3	1	1	1	1	0	0	0	?	0	0	0
chr2	6616	41327708	41327714	6	1	1	1	1	0	0	0	?	0	0	0
chr2	6617	41328010	41328016	6	1	1	1	1	0	0	0	?	0	0	0
chr2	6618	41328938	41328941	3	1	1	1	1	0	0	0	?	0	0	0
chr2	6619	41329300	41329303	3	1	1	1	1	0	0	0	?	0	0	0
chr2	6620	41329782	41329785	3	1	1	1	1	0	0	0	?	0	0	0
chr2	6621	41330388	41330391	3	1	1	1	1	0	0	0	?	0	0	0
chr2	6622	41330947	41330950	3	1	1	1	1	0	0	0	?	0	0	0
chr2	6623	41331180	41331183	3	1	1	1	1	0	0	0	?	0	0	0
chr2	6624	41331202	41331205	3	1	1	1	1	0	0	0	?	0	0	0
chr2	6625	41331550	41331553	3	1	1	1	1	0	0	0	?	0	0	0
chr2	6626	41331677	41331680	3	1	1	1	1	0	0	0	?	0	0	0
chr2	6627	41332448	41332451	3	1	1	1	1	0	0	0	?	0	0	0
chr2	6628	41333196	41333199	3	1	1	1	1	0	0	0	?	0	0	0
chr2	6629	41333584	41333587	3	1	1	1	1	0	0	0	?	0	0	0
chr2	6630	41333797	41333800	3	1	1	1	1	0	0	0	?	0	0	0
chr2	6631	41334006	41334009	3	1	1	1	1	0	0	0	?	0	0	0
chr2	6632	41334190	41334193	3	1	1	1	1	0	0	0	?	0	0	0
chr2	6633	41334333	41334336	3	1	1	1	1	0	0	0	?	0	0	0
chr2	6634	41334478	41334481	3	1	1	1	1	0	0	0	?	0	0	0
chr2	6635	41334919	41334921	2	1	1	1	1	0	0	0	?	0	0	0
chr2	6636	41334968	41334971	3	1	1	1	1	0	0	0	?	0	0	0
chr2	6637	41335140	41335143	3	1	1	1	1	0	0	0	?	0	0	0
chr2	6638	41335687	41335690	3	1	1	1	1	0	0	0	?	0	0	0
chr2	6639	41336604	41336607	3	1	1	1	1	0	0	0	?	0	0	0
chr2	6640	41336999	41337002	3	1	1	1	1	0	0	0	?	0	0	0
chr2	6641	41337264	41337266	2	1	1	1	1	0	0	0	?	0	0	0
chr2	6642	41337587	41337590	3	1	1	1	1	0	0	0	?	0	0	0
chr2	6643	41337831	41337834	3	1	1	1	1	0	0	0	?	0	0	0
chr2	6644	41337985	41337987	2	0	0	1	1	30	30	0	?	0	0	0
chr2	6645	41338799	41338802	3	1	1	1	1	0	0	0	?	0	0	0
chr2	6646	41339919	41339922	3	1	1	1	1	0	0	0	?	0	0	0
chr2	6647	41340086	41340089	3	1	1	1	1	0	0	0	?	0	0	0
chr2	6648	41341803	41341806	3	1	1	1	1	0	0	0	?	0	0	0
chr2	6649	41341878	41341882	4	1	1	1	1	0	0	0	?	0	0	0
chr2	6650	41342660	41342662	2	1	1	1	1	0	0	0	?	0	0	0
chr2	6651	41342743	41342746	3	1	1	1	1	0	0	0	?	0	0	0
chr2	6652	41343200	41343206	6	2	2	2	2	0	0	0	?	0	0	0
chr2	6653	41344372	41344375	3	1	1	1	1	0	0	0	?	0	0	0
chr2	6654	41345029	41345032	3	1	1	1	1	0	0	0	?	0	0	0
chr2	6655	41346840	41346843	3	1	1	1	1	0	0	0	?	0	0	0
chr2	6656	41346943	41346946	3	1	1	1	1	0	0	0	?	0	0	0
chr2	6657	41349104	41349107	3	1	1	1	1	0	0	0	?	0	0	0
chr2	6658	41349971	41349974	3	1	1	1	1	0	0	0	?	0	0	0
chr2	6659	41350226	41350239	13	2	2	2	2	0	0	0	?	0	0	0
chr2	6660	41350317	41350320	3	1	1	1	1	0	0	0	?	0	0	0
chr2	6661	41351199	41351202	3	1	1	1	1	0	0	0	?	0	0	0
chr2	6662	41351223	41351233	10	1	1	1	1	4	4	0	?	0	0	0
chr2	6663	41351399	41351402	3	1	1	1	1	0	0	0	?	0	0	0
chr2	6664	41352580	41352583	3	1	1	1	1	0	0	0	?	0	0	0
chr2	6665	41352858	41352861	3	1	1	1	1	0	0	0	?	0	0	0
chr2	6666	41353868	41353871	3	1	1	1	1	0	0	0	?	0	0	0
chr2	6667	41354034	41354037	3	1	1	1	1	0	0	0	?	0	0	0
chr2	6668	41354275	41354278	3	1	1	1	1	0	0	0	?	0	0	0
chr2	6669	41355589	41355592	3	1	1	1	1	0	0	0	?	0	0	0
chr2	6670	41356102	41356105	3	1	1	1	1	0	0	0	?	0	0	0
chr2	6671	41356535	41356538	3	1	1	1	1	0	0	0	?	0	0	0
chr2	6672	41357271	41357274	3	1	1	1	1	0	0	0	?	0	0	0
chr2	6673	41357348	41357351	3	1	1	1	1	0	0	0	?	0	0	0
chr2	6674	41359149	41359152	3	1	1	1	1	0	0	0	?	0	0	0
chr2	6675	41359261	41359264	3	1	1	1	1	0	0	0	?	0	0	0
chr2	6676	41360115	41360118	3	1	1	1	1	0	0	0	?	0	0	0
chr2	6677	41360708	41360711	3	1	1	1	1	0	0	0	?	0	0	0
chr2	6678	41361040	41361043	3	1	1	1	1	0	0	0	?	0	0	0
chr2	6679	41361276	41361279	3	1	1	1	1	0	0	0	?	0	0	0
chr2	6680	41366596	41366599	3	1	1	1	1	0	0	0	?	0	0	0
chr2	6681	41366891	41366894	3	1	1	1	1	0	0	0	?	0	0	0
chr2	6682	41367009	41367012	3	1	1	1	1	0	0	0	?	0	0	0
chr2	6683	41368094	41368097	3	1	1	1	1	0	0	0	?	0	0	0
chr2	6684	41368267	41368270	3	1	1	1	1	0	0	0	?	0	0	0
chr2	6685	41371614	41371617	3	1	1	1	1	0	0	0	?	0	0	0
chr2	6686	41372173	41372176	3	1	1	1	1	0	0	0	?	0	0	0
chr2	6687	41374658	41374661	3	1	1	1	1	0	0	0	?	0	0	0
chr2	6688	41376532	41376535	3	1	1	1	1	0	0	0	?	0	0	0
chr2	6689	41377311	41377313	2	1	1	1	1	0	0	0	?	0	0	0
chr2	6690	41379128	41379131	3	1	1	1	1	0	0	0	?	0	0	0
chr2	6691	41379705	41379708	3	1	1	1	1	0	0	0	?	0	0	0
chr2	6692	41379747	41379750	3	1	1	1	1	0	0	0	?	0	0	0
chr2	6693	41379789	41379792	3	1	1	1	1	0	0	0	?	0	0	0
chr2	6694	41381469	41381472	3	1	1	1	1	0	0	0	?	0	0	0
chr2	6695	41381720	41381723	3	1	1	1	1	0	0	0	?	0	0	0
chr2	6696	41381934	41381937	3	1	1	1	1	0	0	0	?	0	0	0
chr2	6697	41382397	41382400	3	1	1	1	1	0	0	0	?	0	0	0
chr2	6698	41382641	41382644	3	1	1	1	1	0	0	0	?	0	0	0
chr2	6699	41383401	41383404	3	1	1	1	1	0	0	0	?	0	0	0
chr2	6700	41383698	41383701	3	1	1	1	1	0	0	0	?	0	0	0
chr2	6701	41384443	41384446	3	1	1	1	1	0	0	0	?	0	0	0
chr2	6702	41384656	41384659	3	1	1	1	1	0	0	0	?	0	0	0
chr2	6703	41384747	41384750	3	1	1	1	1	0	0	0	?	0	0	0
chr2	6704	41384896	41384899	3	1	1	1	1	0	0	0	?	0	0	0
chr2	6705	41385443	41385446	3	1	1	1	1	0	0	0	?	0	0	0
chr2	6706	41385536	41385538	2	1	1	1	1	0	0	0	?	0	0	0
chr2	6707	41385656	41385658	2	1	1	1	1	0	0	0	?	0	0	0
chr2	6708	41386574	41386577	3	1	1	1	1	0	0	0	?	0	0	0
chr2	6709	41387015	41387018	3	1	1	1	1	0	0	0	?	0	0	0
chr2	6710	41387202	41387205	3	1	1	1	1	0	0	0	?	0	0	0
chr2	6711	41387334	41387337	3	1	1	1	1	0	0	0	?	0	0	0
chr2	6712	41387882	41387884	2	1	1	1	1	0	0	0	?	0	0	0
chr2	6713	41388348	41388351	3	1	1	1	1	0	0	0	?	0	0	0
chr2	6714	41389011	41389025	14	2	2	2	2	0	0	0	?	0	0	0
chr2	6715	41389204	41389210	6	2	2	2	2	0	0	0	?	0	0	0
chr2	6716	41389550	41389553	3	1	1	1	1	0	0	0	?	0	0	0
chr2	6717	41389814	41389817	3	1	1	1	1	0	0	0	?	0	0	0
chr2	6718	41390401	41390404	3	1	1	1	1	0	0	0	?	0	0	0
chr2	6719	41390532	41390535	3	1	1	1	1	0	0	0	?	0	0	0
chr2	6720	41390619	41390622	3	1	1	1	1	0	0	0	?	0	0	0
chr2	6721	41390827	41390830	3	1	1	1	1	0	0	0	?	0	0	0
chr2	6722	41391029	41391032	3	1	1	1	1	0	0	0	?	0	0	0
chr2	6723	41391294	41391303	9	2	2	2	2	0	0	0	?	0	0	0
chr2	6724	41391535	41391538	3	1	1	1	1	0	0	0	?	0	0	0
chr2	6725	41391772	41391775	3	1	1	1	1	0	0	0	?	0	0	0
chr2	6726	41391863	41391866	3	1	1	1	1	0	0	0	?	0	0	0
chr2	6727	41392119	41392122	3	1	1	1	1	0	0	0	?	0	0	0
chr2	6728	41392244	41392247	3	1	1	1	1	0	0	0	?	0	0	0
chr2	6729	41392494	41392500	6	2	2	2	2	0	0	0	?	0	0	0
chr2	6730	41392859	41392862	3	1	1	1	1	0	0	0	?	0	0	0
chr2	6731	41393806	41393809	3	1	1	1	1	0	0	0	?	0	0	0
chr2	6732	41394704	41394707	3	1	1	1	1	0	0	0	?	0	0	0
chr2	6733	41395008	41395011	3	1	1	1	1	0	0	0	?	0	0	0
chr2	6734	41395056	41395059	3	1	1	1	1	0	0	0	?	0	0	0
chr2	6735	41395105	41395108	3	1	1	1	1	0	0	0	?	0	0	0
chr2	6736	41395528	41395531	3	1	1	1	1	0	0	0	?	0	0	0
chr2	6737	41395778	41395781	3	1	1	1	1	0	0	0	?	0	0	0
chr2	6738	41396047	41396050	3	1	1	1	1	0	0	0	?	0	0	0
chr2	6739	41396656	41396659	3	1	1	1	1	0	0	0	?	0	0	0
chr2	6740	41396767	41396769	2	0	0	1	1	16	16	0	?	0	0	0
chr2	6741	41396939	41396942	3	1	1	1	1	0	0	0	?	0	0	0
chr2	6742	41397210	41397213	3	1	1	1	1	0	0	0	?	0	0	0
chr2	6743	41397943	41397946	3	1	1	1	1	0	0	0	?	0	0	0
chr2	6744	41397989	41397992	3	1	1	1	1	0	0	0	?	0	0	0
chr2	6745	41398864	41398867	3	1	1	1	1	0	0	0	?	0	0	0
chr2	6746	41399302	41399305	3	1	1	1	1	0	0	0	?	0	0	0
chr2	6747	41399637	41399640	3	1	1	1	1	0	0	0	?	0	0	0
chr2	6748	41399774	41399777	3	1	1	1	1	0	0	0	?	0	0	0
chr2	6749	41400304	41400306	2	0	0	1	1	20	20	0	?	0	0	0
chr2	6750	41400373	41400376	3	1	1	1	1	0	0	0	?	0	0	0
chr2	6751	41400943	41400946	3	1	1	1	1	0	0	0	?	0	0	0
chr2	6752	41400958	41400961	3	1	1	1	1	0	0	0	?	0	0	0
chr2	6753	41401321	41401324	3	1	1	1	1	0	0	0	?	0	0	0
chr2	6754	41401397	41401400	3	1	1	1	1	0	0	0	?	0	0	0
chr2	6755	41401833	41401835	2	1	1	1	1	0	0	0	?	0	0	0
chr2	6756	41401859	41401862	3	1	1	1	1	0	0	0	?	0	0	0
chr2	6757	41402358	41402361	3	1	1	1	1	0	0	0	?	0	0	0
chr2	6758	41403096	41403099	3	1	1	1	1	0	0	0	?	0	0	0
chr2	6759	41403179	41403182	3	1	1	1	1	0	0	0	?	0	0	0
chr2	6760	41403510	41403513	3	1	1	1	1	0	0	0	?	0	0	0
chr2	6761	41403542	41403545	3	1	1	1	1	0	0	0	?	0	0	0
chr2	6762	41403575	41403578	3	1	1	1	1	0	0	0	?	0	0	0
chr2	6763	41403633	41403635	2	1	1	1	1	0	0	0	?	0	0	0
chr2	6764	41403760	41403778	18	2	2	3	3	2	2	0	?	0	0	0
chr2	6765	41403840	41403843	3	1	1	1	1	0	0	0	?	0	0	0
chr2	6766	41404064	41404067	3	1	1	1	1	0	0	0	?	0	0	0
chr2	6767	41404759	41404762	3	1	1	1	1	0	0	0	?	0	0	0
chr2	6768	41404789	41404792	3	1	1	1	1	0	0	0	?	0	0	0
chr2	6769	41405041	41405044	3	1	1	1	1	0	0	0	?	0	0	0
chr2	6770	41405214	41405236	22	3	3	3	3	0	0	0	?	0	0	0
chr2	6771	41405246	41405249	3	1	1	1	1	0	0	0	?	0	0	0
chr2	6772	41405598	41405601	3	1	1	1	1	0	0	0	?	0	0	0
chr2	6773	41405930	41405933	3	1	1	1	1	0	0	0	?	0	0	0
chr2	6774	41406070	41406073	3	1	1	1	1	0	0	0	?	0	0	0
chr2	6775	41406101	41406104	3	1	1	1	1	0	0	0	?	0	0	0
chr2	6776	41406113	41406116	3	1	1	1	1	0	0	0	?	0	0	0
chr2	6777	41406344	41406347	3	1	1	1	1	0	0	0	?	0	0	0
chr2	6778	41406547	41406550	3	1	1	1	1	0	0	0	?	0	0	0
chr2	6779	41406563	41406566	3	1	1	1	1	0	0	0	?	0	0	0
chr2	6780	41406625	41406628	3	1	1	1	1	0	0	0	?	0	0	0
chr2	6781	41406779	41406782	3	1	1	1	1	0	0	0	?	0	0	0
chr2	6782	41406847	41406850	3	1	1	1	1	0	0	0	?	0	0	0
chr2	6783	41407431	41407434	3	1	1	1	1	0	0	0	?	0	0	0
chr2	6784	41407460	41407463	3	1	1	1	1	0	0	0	?	0	0	0
chr2	6785	41407609	41407612	3	1	1	1	1	0	0	0	?	0	0	0
chr2	6786	41407902	41407909	7	2	2	2	2	0	0	0	?	0	0	0
chr2	6787	41408038	41408041	3	1	1	1	1	0	0	0	?	0	0	0
chr2	6788	41408079	41408082	3	1	1	1	1	0	0	0	?	0	0	0
chr2	6789	41408123	41408126	3	1	1	1	1	0	0	0	?	0	0	0
chr2	6790	41408272	41408275	3	1	1	1	1	0	0	0	?	0	0	0
chr2	6791	41408340	41408343	3	1	1	1	1	0	0	0	?	0	0	0
chr2	6792	41408497	41408500	3	1	1	1	1	0	0	0	?	0	0	0
chr2	6793	41408553	41408556	3	1	1	1	1	0	0	0	?	0	0	0
chr2	6794	41408652	41408654	2	1	1	1	1	0	0	0	?	0	0	0
chr2	6795	41408796	41408799	3	1	1	1	1	0	0	0	?	0	0	0
chr2	6796	41408914	41408917	3	1	1	1	1	0	0	0	?	0	0	0
chr2	6797	41409035	41409038	3	1	1	1	1	0	0	0	?	0	0	0
chr2	6798	41409395	41409398	3	1	1	1	1	0	0	0	?	0	0	0
chr2	6799	41409485	41409488	3	1	1	1	1	0	0	0	?	0	0	0
chr2	6800	41409588	41409591	3	1	1	1	1	0	0	0	?	0	0	0
chr2	6801	41409612	41409615	3	1	1	1	1	0	0	0	?	0	0	0
chr2	6802	41409678	41409681	3	1	1	1	1	0	0	0	?	0	0	0
chr2	6803	41409738	41409741	3	1	1	1	1	0	0	0	?	0	0	0
chr2	6804	41409879	41409882	3	1	1	1	1	0	0	0	?	0	0	0
chr2	6805	41409946	41409948	2	1	1	1	1	0	0	0	?	0	0	0
chr2	6806	41410273	41410276	3	1	1	1	1	0	0	0	?	0	0	0
chr2	6807	41410376	41410379	3	1	1	1	1	0	0	0	?	0	0	0
chr2	6808	41410455	41410458	3	1	1	1	1	0	0	0	?	0	0	0
chr2	6809	41410910	41410913	3	1	1	1	1	0	0	0	?	0	0	0
chr2	6810	41410932	41410935	3	1	1	1	1	0	0	0	?	0	0	0
chr2	6811	41411052	41411055	3	1	1	1	1	0	0	0	?	0	0	0
chr2	6812	41411209	41411216	7	2	2	2	2	0	0	0	?	0	0	0
chr2	6813	41411353	41411356	3	1	1	1	1	0	0	0	?	0	0	0
chr2	6814	41411585	41411588	3	1	1	1	1	0	0	0	?	0	0	0
chr2	6815	41411900	41411903	3	1	1	1	1	0	0	0	?	0	0	0
chr2	6816	41411923	41411926	3	1	1	1	1	0	0	0	?	0	0	0
chr2	6817	41412705	41412708	3	1	1	1	1	0	0	0	?	0	0	0
chr2	6818	41413153	41413156	3	1	1	1	1	0	0	0	?	0	0	0
chr2	6819	41414215	41414218	3	1	1	1	1	0	0	0	?	0	0	0
chr2	6820	41414416	41414419	3	1	1	1	1	0	0	0	?	0	0	0
chr2	6821	41414738	41414741	3	1	1	1	1	0	0	0	?	0	0	0
chr2	6822	41414893	41414906	13	2	2	2	2	0	0	0	?	0	0	0
chr2	6823	41416288	41416292	4	1	1	1	1	0	0	0	?	0	0	0
chr2	6824	41416508	41416511	3	1	1	1	1	0	0	0	?	0	0	0
chr2	6825	41416999	41417021	22	1	1	1	1	0	0	0	?	0	0	0
chr2	6826	41417590	41417593	3	1	1	1	1	0	0	0	?	0	0	0
chr2	6827	41417685	41417688	3	1	1	1	1	0	0	0	?	0	0	0
chr2	6828	41417876	41417879	3	1	1	1	1	0	0	0	?	0	0	0
chr2	6829	41419083	41419086	3	1	1	1	1	0	0	0	?	0	0	0
chr2	6830	41419371	41419374	3	1	1	1	1	0	0	0	?	0	0	0
chr2	6831	41419671	41419674	3	1	1	1	1	0	0	0	?	0	0	0
chr2	6832	41419749	41419751	2	1	1	1	1	0	0	0	?	0	0	0
chr2	6833	41419903	41419906	3	1	1	1	1	0	0	0	?	0	0	0
chr2	6834	41420112	41420115	3	1	1	1	1	0	0	0	?	0	0	0
chr2	6835	41420252	41420255	3	1	1	1	1	0	0	0	?	0	0	0
chr2	6836	41420546	41420549	3	1	1	1	1	0	0	0	?	0	0	0
chr2	6837	41421454	41421457	3	1	1	1	1	0	0	0	?	0	0	0
chr2	6838	41421542	41421544	2	1	1	1	1	0	0	0	?	0	0	0
chr2	6839	41421614	41421617	3	1	1	1	1	0	0	0	?	0	0	0
chr2	6840	41423171	41423174	3	1	1	1	1	0	0	0	?	0	0	0
chr2	6841	41423412	41423415	3	1	1	1	1	0	0	0	?	0	0	0
chr2	6842	41423532	41423536	4	2	2	2	2	0	0	0	?	0	0	0
chr2	6843	41423798	41423801	3	1	1	1	1	0	0	0	?	0	0	0
chr2	6844	41423999	41424002	3	1	1	1	1	0	0	0	?	0	0	0
chr2	6845	41424087	41424090	3	1	1	1	1	0	0	0	?	0	0	0
chr2	6846	41424428	41424430	2	1	1	1	1	0	0	0	?	0	0	0
chr2	6847	41424590	41424593	3	1	1	1	1	0	0	0	?	0	0	0
chr2	6848	41425587	41425590	3	1	1	1	1	0	0	0	?	0	0	0
chr2	6849	41426553	41426556	3	1	1	1	1	0	0	0	?	0	0	0
chr2	6850	41426682	41426685	3	1	1	1	1	0	0	0	?	0	0	0
chr2	6851	41427212	41427224	12	2	2	2	2	0	0	0	?	0	0	0
chr2	6852	41427239	41427242	3	1	1	1	1	0	0	0	?	0	0	0
chr2	6853	41427491	41427494	3	1	1	1	1	0	0	0	?	0	0	0
chr2	6854	41427922	41427925	3	1	1	1	1	0	0	0	?	0	0	0
chr2	6855	41428123	41428137	14	2	2	2	2	0	0	0	?	0	0	0
chr2	6856	41428304	41428309	5	2	2	2	2	0	0	0	?	0	0	0
chr2	6857	41428512	41428515	3	1	1	1	1	0	0	0	?	0	0	0
chr2	6858	41428883	41428886	3	1	1	1	1	0	0	0	?	0	0	0
chr2	6859	41429268	41429271	3	1	1	1	1	0	0	0	?	0	0	0
chr2	6860	41429964	41429967	3	1	1	1	1	0	0	0	?	0	0	0
chr2	6861	41430158	41430164	6	1	1	1	1	0	0	0	?	0	0	0
chr2	6862	41430301	41430304	3	1	1	1	1	0	0	0	?	0	0	0
chr2	6863	41430780	41430782	2	1	1	1	1	0	0	0	?	0	0	0
chr2	6864	41431082	41431085	3	1	1	1	1	0	0	0	?	0	0	0
chr2	6865	41431558	41431565	7	2	2	2	2	0	0	0	?	0	0	0
chr2	6866	41431964	41431967	3	1	1	1	1	0	0	0	?	0	0	0
chr2	6867	41432151	41432164	13	2	2	2	2	0	0	0	?	0	0	0
chr2	6868	41432509	41432512	3	1	1	1	1	0	0	0	?	0	0	0
chr2	6869	41432644	41432678	34	2	2	2	2	0	0	0	?	0	0	0
chr2	6870	41432833	41432836	3	1	1	1	1	0	0	0	?	0	0	0
chr2	6871	41432886	41432889	3	1	1	1	1	0	0	0	?	0	0	0
chr2	6872	41432967	41432970	3	1	1	1	1	0	0	0	?	0	0	0
chr2	6873	41433448	41433453	5	2	2	2	2	0	0	0	?	0	0	0
chr2	6874	41433578	41433581	3	1	1	1	1	0	0	0	?	0	0	0
chr2	6875	41433640	41433643	3	1	1	1	1	0	0	0	?	0	0	0
chr2	6876	41433668	41433671	3	1	1	1	1	0	0	0	?	0	0	0
chr2	6877	41433823	41433826	3	1	1	1	1	0	0	0	?	0	0	0
chr2	6878	41434136	41434139	3	1	1	1	1	0	0	0	?	0	0	0
chr2	6879	41434621	41434624	3	1	1	1	1	0	0	0	?	0	0	0
chr2	6880	41434763	41434766	3	1	1	1	1	0	0	0	?	0	0	0
chr2	6881	41435201	41435204	3	1	1	1	1	0	0	0	?	0	0	0
chr2	6882	41435377	41435380	3	1	1	1	1	0	0	0	?	0	0	0
chr2	6883	41435668	41435671	3	1	1	1	1	0	0	0	?	0	0	0
chr2	6884	41435685	41435688	3	1	1	1	1	0	0	0	?	0	0	0
chr2	6885	41436796	41436798	2	1	1	1	1	0	0	0	?	0	0	0
chr2	6886	41437655	41437658	3	1	1	1	1	0	0	0	?	0	0	0
chr2	6887	41437757	41437760	3	1	1	1	1	0	0	0	?	0	0	0
chr2	6888	41441402	41441404	2	1	1	1	1	0	0	0	?	0	0	0
chr2	6889	41441508	41441511	3	1	1	1	1	0	0	0	?	0	0	0
chr2	6890	41443138	41443141	3	1	1	1	1	0	0	0	?	0	0	0
chr2	6891	41443208	41443211	3	1	1	1	1	0	0	0	?	0	0	0
chr2	6892	41443511	41443527	16	3	3	3	3	0	0	0	?	0	0	0
chr2	6893	41443772	41443775	3	1	1	1	1	0	0	0	?	0	0	0
chr2	6894	41443839	41443842	3	1	1	1	1	0	0	0	?	0	0	0
chr2	6895	41444244	41444247	3	1	1	1	1	0	0	0	?	0	0	0
chr2	6896	41444353	41444356	3	1	1	1	1	0	0	0	?	0	0	0
chr2	6897	41444974	41444977	3	1	1	1	1	0	0	0	?	0	0	0
chr2	6898	41445335	41445338	3	1	1	1	1	0	0	0	?	0	0	0
chr2	6899	41446603	41446606	3	1	1	1	1	0	0	0	?	0	0	0
chr2	6900	41447120	41447123	3	1	1	1	1	0	0	0	?	0	0	0
chr2	6901	41447927	41447930	3	1	1	1	1	0	0	0	?	0	0	0
chr2	6902	41448176	41448179	3	1	1	1	1	0	0	0	?	0	0	0
chr2	6903	41449397	41449400	3	1	1	1	1	0	0	0	?	0	0	0
chr2	6904	41451150	41451153	3	1	1	1	1	0	0	0	?	0	0	0
chr2	6905	41451721	41451724	3	1	1	1	1	0	0	0	?	0	0	0
chr2	6906	41451948	41451951	3	1	1	1	1	0	0	0	?	0	0	0
chr2	6907	41452722	41452726	4	0	0	1	1	4	4	0	?	0	0	0
chr2	6908	41452812	41452825	13	2	2	2	2	0	0	0	?	0	0	0
chr2	6909	41453010	41453013	3	1	1	1	1	0	0	0	?	0	0	0
chr2	6910	41453588	41453591	3	1	1	1	1	0	0	0	?	0	0	0
chr2	6911	41454163	41454166	3	1	1	1	1	0	0	0	?	0	0	0
chr2	6912	41454614	41454617	3	1	1	1	1	0	0	0	?	0	0	0
chr2	6913	41454706	41454709	3	1	1	1	1	0	0	0	?	0	0	0
chr2	6914	41454811	41454814	3	1	1	1	1	0	0	0	?	0	0	0
chr2	6915	41454856	41454861	5	1	1	1	1	0	0	0	?	0	0	0
chr2	6916	41455136	41455139	3	1	1	1	1	0	0	0	?	0	0	0
chr2	6917	41455496	41455499	3	1	1	1	1	0	0	0	?	0	0	0
chr2	6918	41455633	41455636	3	1	1	1	1	0	0	0	?	0	0	0
chr2	6919	41455899	41455902	3	1	1	1	1	0	0	0	?	0	0	0
chr2	6920	41458162	41458165	3	1	1	1	1	0	0	0	?	0	0	0
chr2	6921	41458183	41458186	3	1	1	1	1	0	0	0	?	0	0	0
chr2	6922	41458834	41458837	3	1	1	1	1	0	0	0	?	0	0	0
chr2	6923	41459184	41459187	3	1	1	1	1	0	0	0	?	0	0	0
chr2	6924	41459315	41459317	2	1	1	1	1	0	0	0	?	0	0	0
chr2	6925	41459620	41459624	4	1	1	1	1	0	0	0	?	0	0	0
chr2	6926	41461299	41461301	2	1	1	1	1	0	0	0	?	0	0	0
chr2	6927	41461641	41461644	3	0	0	1	1	2	2	0	?	0	0	0
chr2	6928	41462049	41462052	3	1	1	1	1	0	0	0	?	0	0	0
chr2	6929	41462924	41462927	3	1	1	1	1	0	0	0	?	0	0	0
chr2	6930	41463283	41463286	3	1	1	1	1	0	0	0	?	0	0	0
chr2	6931	41464131	41464134	3	1	1	1	1	0	0	0	?	0	0	0
chr2	6932	41465164	41465167	3	1	1	1	1	0	0	0	?	0	0	0
chr2	6933	41465366	41465372	6	2	2	2	2	0	0	0	?	0	0	0
chr2	6934	41466482	41466485	3	1	1	1	1	0	0	0	?	0	0	0
chr2	6935	41466759	41466762	3	1	1	1	1	0	0	0	?	0	0	0
chr2	6936	41467292	41467295	3	1	1	1	1	0	0	0	?	0	0	0
chr2	6937	41468000	41468003	3	1	1	1	1	0	0	0	?	0	0	0
chr2	6938	41469392	41469395	3	1	1	1	1	0	0	0	?	0	0	0
chr2	6939	41470489	41470492	3	1	1	1	1	0	0	0	?	0	0	0
chr2	6940	41470764	41470767	3	1	1	1	1	0	0	0	?	0	0	0
chr2	6941	41470992	41471001	9	2	2	2	2	0	0	0	?	0	0	0
chr2	6942	41471221	41471224	3	1	1	1	1	0	0	0	?	0	0	0
chr2	6943	41471357	41471360	3	1	1	1	1	0	0	0	?	0	0	0
chr2	6944	41471657	41471660	3	1	1	1	1	0	0	0	?	0	0	0
chr2	6945	41471679	41471682	3	1	1	1	1	0	0	0	?	0	0	0
chr2	6946	41471831	41471842	11	2	2	2	2	0	0	0	?	0	0	0
chr2	6947	41472956	41472959	3	1	1	1	1	0	0	0	?	0	0	0
chr2	6948	41473429	41473432	3	1	1	1	1	0	0	0	?	0	0	0
chr2	6949	41473835	41473838	3	1	1	1	1	0	0	0	?	0	0	0
chr2	6950	41474016	41474019	3	1	1	1	1	0	0	0	?	0	0	0
chr2	6951	41474294	41474297	3	1	1	1	1	0	0	0	?	0	0	0
chr2	6952	41474615	41474618	3	1	1	1	1	0	0	0	?	0	0	0
chr2	6953	41474658	41474661	3	1	1	1	1	0	0	0	?	0	0	0
chr2	6954	41475354	41475357	3	1	1	1	1	0	0	0	?	0	0	0
chr2	6955	41475833	41475836	3	1	1	1	1	0	0	0	?	0	0	0
chr2	6956	41476090	41476093	3	1	1	1	1	0	0	0	?	0	0	0
chr2	6957	41476179	41476182	3	1	1	1	1	0	0	0	?	0	0	0
chr2	6958	41476643	41476646	3	1	1	1	1	0	0	0	?	0	0	0
chr2	6959	41477785	41477788	3	1	1	1	1	0	0	0	?	0	0	0
chr2	6960	41477890	41477893	3	1	1	1	1	0	0	0	?	0	0	0
chr2	6961	41478014	41478017	3	1	1	1	1	0	0	0	?	0	0	0
chr2	6962	41478152	41478155	3	1	1	1	1	0	0	0	?	0	0	0
chr2	6963	41478586	41478589	3	1	1	1	1	0	0	0	?	0	0	0
chr2	6964	41478903	41478906	3	1	1	1	1	0	0	0	?	0	0	0
chr2	6965	41479256	41479259	3	1	1	1	1	0	0	0	?	0	0	0
chr2	6966	41480046	41480049	3	1	1	1	1	0	0	0	?	0	0	0
chr2	6967	41480071	41480074	3	1	1	1	1	0	0	0	?	0	0	0
chr2	6968	41480605	41480608	3	1	1	1	1	0	0	0	?	0	0	0
chr2	6969	41480736	41480739	3	1	1	1	1	0	0	0	?	0	0	0
chr2	6970	41481903	41481905	2	1	1	1	1	0	0	0	?	0	0	0
chr2	6971	41482508	41482511	3	1	1	1	1	0	0	0	?	0	0	0
chr2	6972	41482596	41482599	3	1	1	1	1	0	0	0	?	0	0	0
chr2	6973	41482695	41482698	3	1	1	1	1	0	0	0	?	0	0	0
chr2	6974	41482999	41483002	3	1	1	1	1	0	0	0	?	0	0	0
chr2	6975	41483263	41483266	3	1	1	1	1	0	0	0	?	0	0	0
chr2	6976	41483329	41483332	3	1	1	1	1	0	0	0	?	0	0	0
chr2	6977	41483415	41483418	3	1	1	1	1	0	0	0	?	0	0	0
chr2	6978	41483457	41483460	3	1	1	1	1	0	0	0	?	0	0	0
chr2	6979	41483724	41483727	3	1	1	1	1	0	0	0	?	0	0	0
chr2	6980	41483840	41483843	3	1	1	1	1	0	0	0	?	0	0	0
chr2	6981	41484224	41484227	3	1	1	1	1	0	0	0	?	0	0	0
chr2	6982	41484326	41484329	3	1	1	1	1	0	0	0	?	0	0	0
chr2	6983	41485340	41485343	3	1	1	1	1	0	0	0	?	0	0	0
chr2	6984	41485773	41485776	3	1	1	1	1	0	0	0	?	0	0	0
chr2	6985	41485916	41485919	3	1	1	1	1	0	0	0	?	0	0	0
chr2	6986	41485937	41485940	3	1	1	1	1	0	0	0	?	0	0	0
chr2	6987	41487013	41487016	3	1	1	1	1	0	0	0	?	0	0	0
chr2	6988	41487324	41487327	3	1	1	1	1	0	0	0	?	0	0	0
chr2	6989	41487422	41487493	71	3	3	3	3	0	0	0	?	0	0	0
chr2	6990	41487520	41487525	5	2	2	2	2	0	0	0	?	0	0	0
chr2	6991	41487693	41487696	3	1	1	1	1	0	0	0	?	0	0	0
chr2	6992	41487759	41487761	2	1	1	1	1	0	0	0	?	0	0	0
chr2	6993	41487833	41487836	3	1	1	1	1	0	0	0	?	0	0	0
chr2	6994	41487948	41487951	3	1	1	1	1	0	0	0	?	0	0	0
chr2	6995	41488054	41488067	13	2	2	2	2	0	0	0	?	0	0	0
chr2	6996	41488175	41488178	3	1	1	1	1	0	0	0	?	0	0	0
chr2	6997	41488195	41488198	3	1	1	1	1	0	0	0	?	0	0	0
chr2	6998	41488470	41488473	3	1	1	1	1	0	0	0	?	0	0	0
chr2	6999	41488553	41488556	3	1	1	1	1	0	0	0	?	0	0	0
chr2	7000	41488646	41488649	3	1	1	1	1	0	0	0	?	0	0	0
chr2	7001	41488700	41488703	3	1	1	1	1	0	0	0	?	0	0	0
chr2	7002	41488830	41488833	3	1	1	1	1	0	0	0	?	0	0	0
chr2	7003	41489128	41489132	4	1	1	1	1	0	0	0	?	0	0	0
chr2	7004	41489437	41489440	3	1	1	1	1	0	0	0	?	0	0	0
chr2	7005	41489620	41489638	18	2	2	2	2	0	0	0	?	0	0	0
chr2	7006	41489648	41489651	3	1	1	1	1	0	0	0	?	0	0	0
chr2	7007	41489712	41489715	3	1	1	1	1	0	0	0	?	0	0	0
chr2	7008	41489804	41489807	3	1	1	1	1	0	0	0	?	0	0	0
chr2	7009	41489871	41489874	3	1	1	1	1	0	0	0	?	0	0	0
chr2	7010	41489940	41489943	3	1	1	1	1	0	0	0	?	0	0	0
chr2	7011	41490222	41490225	3	1	1	1	1	0	0	0	?	0	0	0
chr2	7012	41490379	41490382	3	1	1	1	1	0	0	0	?	0	0	0
chr2	7013	41490435	41490438	3	1	1	1	1	0	0	0	?	0	0	0
chr2	7014	41490709	41490712	3	1	1	1	1	0	0	0	?	0	0	0
chr2	7015	41490852	41490855	3	1	1	1	1	0	0	0	?	0	0	0
chr2	7016	41490901	41490904	3	1	1	1	1	0	0	0	?	0	0	0
chr2	7017	41491113	41491116	3	1	1	1	1	0	0	0	?	0	0	0
chr2	7018	41491153	41491156	3	1	1	1	1	0	0	0	?	0	0	0
chr2	7019	41491307	41491309	2	1	1	1	1	0	0	0	?	0	0	0
chr2	7020	41491351	41491354	3	1	1	1	1	0	0	0	?	0	0	0
chr2	7021	41491521	41491524	3	1	1	1	1	0	0	0	?	0	0	0
chr2	7022	41492091	41492094	3	1	1	1	1	0	0	0	?	0	0	0
chr2	7023	41492142	41492145	3	1	1	1	1	0	0	0	?	0	0	0
chr2	7024	41492154	41492157	3	1	1	1	1	0	0	0	?	0	0	0
chr2	7025	41492419	41492422	3	1	1	1	1	0	0	0	?	0	0	0
chr2	7026	41492440	41492443	3	1	1	1	1	0	0	0	?	0	0	0
chr2	7027	41492479	41492482	3	1	1	1	1	0	0	0	?	0	0	0
chr2	7028	41492636	41492639	3	1	1	1	1	0	0	0	?	0	0	0
chr2	7029	41492764	41492767	3	1	1	1	1	0	0	0	?	0	0	0
chr2	7030	41492865	41492868	3	1	1	1	1	0	0	0	?	0	0	0
chr2	7031	41492973	41492976	3	1	1	1	1	0	0	0	?	0	0	0
chr2	7032	41493034	41493045	11	2	2	2	2	0	0	0	?	0	0	0
chr2	7033	41493132	41493135	3	1	1	1	1	0	0	0	?	0	0	0
chr2	7034	41493285	41493307	22	2	2	2	2	0	0	0	?	0	0	0
chr2	7035	41493411	41493414	3	1	1	1	1	0	0	0	?	0	0	0
chr2	7036	41493477	41493480	3	1	1	1	1	0	0	0	?	0	0	0
chr2	7037	41493560	41493563	3	1	1	1	1	0	0	0	?	0	0	0
chr2	7038	41493675	41493678	3	1	1	1	1	0	0	0	?	0	0	0
chr2	7039	41493755	41493758	3	1	1	1	1	0	0	0	?	0	0	0
chr2	7040	41493842	41493845	3	1	1	1	1	0	0	0	?	0	0	0
chr2	7041	41493913	41493920	7	2	2	2	2	0	0	0	?	0	0	0
chr2	7042	41494467	41494470	3	1	1	1	1	0	0	0	?	0	0	0
chr2	7043	41495200	41495203	3	1	1	1	1	0	0	0	?	0	0	0
chr2	7044	41495412	41495415	3	1	1	1	1	0	0	0	?	0	0	0
chr2	7045	41495743	41495745	2	1	1	1	1	0	0	0	?	0	0	0
chr2	7046	41495827	41495830	3	1	1	1	1	0	0	0	?	0	0	0
chr2	7047	41495936	41495939	3	1	1	1	1	0	0	0	?	0	0	0
chr2	7048	41496027	41496032	5	1	1	1	1	0	0	0	?	0	0	0
chr2	7049	41496058	41496061	3	1	1	1	1	0	0	0	?	0	0	0
chr2	7050	41496253	41496256	3	1	1	1	1	0	0	0	?	0	0	0
chr2	7051	41496358	41496361	3	1	1	1	1	0	0	0	?	0	0	0
chr2	7052	41496990	41496993	3	1	1	1	1	0	0	0	?	0	0	0
chr2	7053	41497297	41497300	3	1	1	1	1	0	0	0	?	0	0	0
chr2	7054	41497942	41497945	3	1	1	1	1	0	0	0	?	0	0	0
chr2	7055	41497962	41497965	3	1	1	1	1	0	0	0	?	0	0	0
chr2	7056	41498564	41498567	3	1	1	1	1	0	0	0	?	0	0	0
chr2	7057	41498612	41498615	3	1	1	1	1	0	0	0	?	0	0	0
chr2	7058	41498637	41498640	3	1	1	1	1	0	0	0	?	0	0	0
chr2	7059	41498797	41498800	3	1	1	1	1	0	0	0	?	0	0	0
chr2	7060	41498857	41498860	3	1	1	1	1	0	0	0	?	0	0	0
chr2	7061	41499029	41499032	3	1	1	1	1	0	0	0	?	0	0	0
chr2	7062	41499078	41499081	3	1	1	1	1	0	0	0	?	0	0	0
chr2	7063	41499500	41499507	7	2	2	2	2	0	0	0	?	0	0	0
chr2	7064	41499816	41499819	3	1	1	1	1	0	0	0	?	0	0	0
chr2	7065	41499946	41499949	3	1	1	1	1	0	0	0	?	0	0	0
chr2	7066	41500143	41500146	3	1	1	1	1	0	0	0	?	0	0	0
chr2	7067	41500260	41500263	3	1	1	1	1	0	0	0	?	0	0	0
chr2	7068	41500393	41500395	2	1	1	1	1	0	0	0	?	0	0	0
chr2	7069	41501022	41501025	3	1	1	1	1	0	0	0	?	0	0	0
chr2	7070	41501850	41501853	3	1	1	1	1	0	0	0	?	0	0	0
chr2	7071	41502362	41502365	3	1	1	1	1	0	0	0	?	0	0	0
chr2	7072	41502615	41502618	3	1	1	1	1	0	0	0	?	0	0	0
chr2	7073	41503082	41503093	11	2	2	2	2	0	0	0	?	0	0	0
chr2	7074	41503111	41503114	3	1	1	1	1	0	0	0	?	0	0	0
chr2	7075	41503345	41503348	3	1	1	1	1	0	0	0	?	0	0	0
chr2	7076	41503600	41503603	3	1	1	1	1	0	0	0	?	0	0	0
chr2	7077	41503628	41503631	3	1	1	1	1	0	0	0	?	0	0	0
chr2	7078	41503799	41503802	3	1	1	1	1	0	0	0	?	0	0	0
chr2	7079	41504183	41507559	3376	9	9	10	10	3268	3268	0	?	0	0	0
chr2	7080	41507731	41507734	3	1	1	1	1	0	0	0	?	0	0	0
chr2	7081	41507964	41507967	3	1	1	1	1	0	0	0	?	0	0	0
chr2	7082	41508258	41508261	3	1	1	1	1	0	0	0	?	0	0	0
chr2	7083	41508709	41508712	3	1	1	1	1	0	0	0	?	0	0	0
chr2	7084	41508738	41508746	8	1	1	1	1	0	0	0	?	0	0	0
chr2	7085	41509179	41509182	3	1	1	1	1	0	0	0	?	0	0	0
chr2	7086	41509485	41509488	3	1	1	1	1	0	0	0	?	0	0	0
chr2	7087	41509711	41509714	3	1	1	1	1	0	0	0	?	0	0	0
chr2	7088	41509800	41509803	3	1	1	1	1	0	0	0	?	0	0	0
chr2	7089	41510058	41510061	3	1	1	1	1	0	0	0	?	0	0	0
chr2	7090	41511074	41511077	3	1	1	1	1	0	0	0	?	0	0	0
chr2	7091	41511202	41511205	3	0	0	1	1	2	2	0	?	0	0	0
chr2	7092	41511876	41511883	7	2	2	2	2	0	0	0	?	0	0	0
chr2	7093	41512060	41512063	3	1	1	1	1	0	0	0	?	0	0	0
chr2	7094	41512120	41512123	3	1	1	1	1	0	0	0	?	0	0	0
chr2	7095	41512594	41512597	3	1	1	1	1	0	0	0	?	0	0	0
chr2	7096	41512683	41512686	3	1	1	1	1	0	0	0	?	0	0	0
chr2	7097	41512946	41512960	14	2	2	2	2	0	0	0	?	0	0	0
chr2	7098	41513403	41513406	3	1	1	1	1	0	0	0	?	0	0	0
chr2	7099	41514285	41514287	2	1	1	1	1	0	0	0	?	0	0	0
chr2	7100	41514313	41514316	3	1	1	1	1	0	0	0	?	0	0	0
chr2	7101	41514718	41514721	3	1	1	1	1	0	0	0	?	0	0	0
chr2	7102	41514878	41514881	3	1	1	1	1	0	0	0	?	0	0	0
chr2	7103	41514893	41514896	3	1	1	1	1	0	0	0	?	0	0	0
chr2	7104	41515319	41515322	3	1	1	1	1	0	0	0	?	0	0	0
chr2	7105	41515544	41515547	3	1	1	1	1	0	0	0	?	0	0	0
chr2	7106	41515871	41515874	3	1	1	1	1	0	0	0	?	0	0	0
chr2	7107	41515974	41515981	7	2	2	2	2	0	0	0	?	0	0	0
chr2	7108	41516560	41516563	3	1	1	1	1	0	0	0	?	0	0	0
chr2	7109	41516905	41516923	18	4	4	4	4	0	0	0	?	0	0	0
chr2	7110	41516998	41517001	3	1	1	1	1	0	0	0	?	0	0	0
chr2	7111	41517120	41517123	3	1	1	1	1	0	0	0	?	0	0	0
chr2	7112	41517542	41517545	3	0	1	1	1	1	1	0	?	0	0	0
chr2	7113	41517710	41517713	3	1	1	1	1	0	0	0	?	0	0	0
chr2	7114	41517918	41517921	3	1	1	1	1	0	0	0	?	0	0	0
chr2	7115	41518004	41518007	3	1	1	1	1	0	0	0	?	0	0	0
chr2	7116	41518120	41518123	3	1	1	1	1	0	0	0	?	0	0	0
chr2	7117	41518251	41518254	3	1	1	1	1	0	0	0	?	0	0	0
chr2	7118	41518344	41518347	3	1	1	1	1	0	0	0	?	0	0	0
chr2	7119	41518387	41518390	3	1	1	1	1	0	0	0	?	0	0	0
chr2	7120	41518511	41518513	2	1	1	1	1	0	0	0	?	0	0	0
chr2	7121	41518565	41518568	3	1	1	1	1	0	0	0	?	0	0	0
chr2	7122	41518641	41518644	3	1	1	1	1	0	0	0	?	0	0	0
chr2	7123	41518774	41518777	3	1	1	1	1	0	0	0	?	0	0	0
chr2	7124	41519189	41519192	3	1	1	1	1	0	0	0	?	0	0	0
chr2	7125	41519233	41519236	3	1	1	1	1	0	0	0	?	0	0	0
chr2	7126	41519665	41519668	3	1	1	1	1	0	0	0	?	0	0	0
chr2	7127	41519681	41519684	3	1	1	1	1	0	0	0	?	0	0	0
chr2	7128	41519698	41519701	3	1	1	1	1	0	0	0	?	0	0	0
chr2	7129	41519777	41519780	3	1	1	1	1	0	0	0	?	0	0	0
chr2	7130	41520005	41520008	3	1	1	1	1	0	0	0	?	0	0	0
chr2	7131	41520337	41520339	2	1	1	1	1	0	0	0	?	0	0	0
chr2	7132	41520466	41520469	3	1	1	1	1	0	0	0	?	0	0	0
chr2	7133	41520848	41520851	3	1	1	1	1	0	0	0	?	0	0	0
chr2	7134	41521029	41521032	3	1	1	1	1	0	0	0	?	0	0	0
chr2	7135	41521468	41521471	3	1	1	1	1	0	0	0	?	0	0	0
chr2	7136	41521510	41521513	3	1	1	1	1	0	0	0	?	0	0	0
chr2	7137	41522639	41522642	3	1	1	1	1	0	0	0	?	0	0	0
chr2	7138	41522667	41522670	3	1	1	1	1	0	0	0	?	0	0	0
chr2	7139	41522760	41522763	3	1	1	1	1	0	0	0	?	0	0	0
chr2	7140	41522822	41522825	3	1	1	1	1	0	0	0	?	0	0	0
chr2	7141	41522938	41522941	3	1	1	1	1	0	0	0	?	0	0	0
chr2	7142	41523380	41523383	3	1	1	1	1	0	0	0	?	0	0	0
chr2	7143	41523789	41523792	3	1	1	1	1	0	0	0	?	0	0	0
chr2	7144	41523888	41523891	3	1	1	1	1	0	0	0	?	0	0	0
chr2	7145	41524048	41524058	10	2	2	2	2	0	0	0	?	0	0	0
chr2	7146	41524351	41524354	3	1	1	1	1	0	0	0	?	0	0	0
chr2	7147	41524401	41524410	9	2	2	2	2	0	0	0	?	0	0	0
chr2	7148	41524653	41524656	3	1	1	1	1	0	0	0	?	0	0	0
chr2	7149	41524852	41524855	3	1	1	1	1	0	0	0	?	0	0	0
chr2	7150	41525007	41525010	3	1	1	1	1	0	0	0	?	0	0	0
chr2	7151	41525201	41525204	3	1	1	1	1	0	0	0	?	0	0	0
chr2	7152	41525316	41525319	3	1	1	1	1	0	0	0	?	0	0	0
chr2	7153	41525470	41525473	3	1	1	1	1	0	0	0	?	0	0	0
chr2	7154	41525700	41525703	3	1	1	1	1	0	0	0	?	0	0	0
chr2	7155	41526184	41526186	2	1	1	1	1	0	0	0	?	0	0	0
chr2	7156	41528449	41528452	3	1	1	1	1	0	0	0	?	0	0	0
chr2	7157	41530152	41530155	3	1	1	1	1	0	0	0	?	0	0	0
chr2	7158	41530305	41530308	3	1	1	1	1	0	0	0	?	0	0	0
chr2	7159	41530508	41530511	3	1	1	1	1	0	0	0	?	0	0	0
chr2	7160	41531091	41531094	3	1	1	1	1	0	0	0	?	0	0	0
chr2	7161	41532436	41532439	3	1	1	1	1	0	0	0	?	0	0	0
chr2	7162	41532511	41532514	3	1	1	1	1	0	0	0	?	0	0	0
chr2	7163	41533220	41533223	3	1	1	1	1	0	0	0	?	0	0	0
chr2	7164	41533674	41533677	3	1	1	1	1	0	0	0	?	0	0	0
chr2	7165	41533818	41533821	3	1	1	1	1	0	0	0	?	0	0	0
chr2	7166	41534109	41534112	3	1	1	1	1	0	0	0	?	0	0	0
chr2	7167	41534420	41534423	3	1	1	1	1	0	0	0	?	0	0	0
chr2	7168	41534525	41534528	3	1	1	1	1	0	0	0	?	0	0	0
chr2	7169	41534622	41534625	3	1	1	1	1	0	0	0	?	0	0	0
chr2	7170	41534658	41534661	3	1	1	1	1	0	0	0	?	0	0	0
chr2	7171	41535023	41535026	3	1	1	1	1	0	0	0	?	0	0	0
chr2	7172	41535375	41535378	3	1	1	1	1	0	0	0	?	0	0	0
chr2	7173	41535553	41535565	12	2	2	2	2	0	0	0	?	0	0	0
chr2	7174	41535608	41535611	3	1	1	1	1	0	0	0	?	0	0	0
chr2	7175	41535972	41535975	3	1	1	1	1	0	0	0	?	0	0	0
chr2	7176	41536252	41536255	3	1	1	1	1	0	0	0	?	0	0	0
chr2	7177	41536553	41536556	3	1	1	1	1	0	0	0	?	0	0	0
chr2	7178	41537104	41537106	2	1	1	1	1	0	0	0	?	0	0	0
chr2	7179	41537763	41537766	3	1	1	1	1	0	0	0	?	0	0	0
chr2	7180	41537801	41537803	2	1	1	1	1	0	0	0	?	0	0	0
chr2	7181	41538637	41538640	3	1	1	1	1	0	0	0	?	0	0	0
chr2	7182	41538804	41538816	12	2	2	2	2	0	0	0	?	0	0	0
chr2	7183	41539326	41539329	3	1	1	1	1	0	0	0	?	0	0	0
chr2	7184	41539820	41539823	3	1	1	1	1	0	0	0	?	0	0	0
chr2	7185	41540713	41540716	3	1	1	1	1	0	0	0	?	0	0	0
chr2	7186	41540742	41540745	3	1	1	1	1	0	0	0	?	0	0	0
chr2	7187	41541013	41541016	3	1	1	1	1	0	0	0	?	0	0	0
chr2	7188	41541092	41541095	3	1	1	1	1	0	0	0	?	0	0	0
chr2	7189	41541121	41541124	3	1	1	1	1	0	0	0	?	0	0	0
chr2	7190	41541626	41541629	3	1	1	1	1	0	0	0	?	0	0	0
chr2	7191	41541723	41541727	4	1	1	1	1	0	0	0	?	0	0	0
chr2	7192	41542798	41542801	3	1	1	1	1	0	0	0	?	0	0	0
chr2	7193	41543087	41543090	3	1	1	1	1	0	0	0	?	0	0	0
chr2	7194	41543151	41543154	3	1	1	1	1	0	0	0	?	0	0	0
chr2	7195	41543293	41543296	3	1	1	1	1	0	0	0	?	0	0	0
chr2	7196	41543760	41543763	3	1	1	1	1	0	0	0	?	0	0	0
chr2	7197	41544149	41544152	3	1	1	1	1	0	0	0	?	0	0	0
chr2	7198	41544177	41544180	3	1	1	1	1	0	0	0	?	0	0	0
chr2	7199	41544814	41544817	3	1	1	1	1	0	0	0	?	0	0	0
chr2	7200	41545113	41545116	3	1	1	1	1	0	0	0	?	0	0	0
chr2	7201	41545403	41545415	12	2	2	2	2	0	0	0	?	0	0	0
chr2	7202	41545656	41545659	3	1	1	1	1	0	0	0	?	0	0	0
chr2	7203	41546182	41546185	3	1	1	1	1	0	0	0	?	0	0	0
chr2	7204	41546366	41546369	3	1	1	1	1	0	0	0	?	0	0	0
chr2	7205	41547003	41547006	3	1	1	1	1	0	0	0	?	0	0	0
chr2	7206	41547992	41547995	3	1	1	1	1	0	0	0	?	0	0	0
chr2	7207	41549996	41550004	8	0	0	1	1	12	12	0	?	0	0	0
chr2	7208	41550149	41550152	3	0	0	1	1	2	2	0	?	0	0	0
chr2	7209	41550401	41550404	3	0	0	1	1	2	2	0	?	0	0	0
chr2	7210	41550539	41550542	3	0	0	1	1	2	2	0	?	0	0	0
chr2	7211	41550841	41550844	3	0	0	1	1	2	2	0	?	0	0	0
chr2	7212	41551011	41551014	3	0	0	1	1	2	2	0	?	0	0	0
chr2	7213	41551269	41551280	11	0	0	2	2	4	4	0	?	0	0	0
chr2	7214	41551328	41551331	3	0	0	1	1	2	2	0	?	0	0	0
chr2	7215	41551695	41551698	3	0	0	1	1	2	2	0	?	0	0	0
chr2	7216	41551875	41551878	3	0	0	1	1	2	2	0	?	0	0	0
chr2	7217	41552140	41552143	3	0	0	1	1	2	2	0	?	0	0	0
chr2	7218	41552516	41552519	3	0	0	1	1	2	2	0	?	0	0	0
chr2	7219	41552678	41552681	3	0	0	1	1	2	2	0	?	0	0	0
chr2	7220	41552691	41552694	3	0	0	1	1	2	2	0	?	0	0	0
chr2	7221	41552911	41552914	3	0	0	1	1	2	2	0	?	0	0	0
chr2	7222	41553052	41553055	3	0	0	1	1	2	2	0	?	0	0	0
chr2	7223	41553077	41553080	3	0	0	1	1	2	2	0	?	0	0	0
chr2	7224	41553136	41553139	3	0	0	1	1	2	2	0	?	0	0	0
chr2	7225	41553261	41553264	3	0	0	1	1	2	2	0	?	0	0	0
chr2	7226	41553337	41553340	3	0	0	1	1	2	2	0	?	0	0	0
chr2	7227	41553491	41553494	3	0	0	1	1	2	2	0	?	0	0	0
chr2	7228	41553576	41553579	3	0	0	1	1	2	2	0	?	0	0	0
chr2	7229	41553905	41553908	3	0	0	1	1	2	2	0	?	0	0	0
chr2	7230	41555603	41555606	3	1	1	1	1	0	0	0	?	0	0	0
chr2	7231	41555937	41555940	3	1	1	1	1	0	0	0	?	0	0	0
chr2	7232	41556069	41556072	3	1	1	1	1	0	0	0	?	0	0	0
chr2	7233	41556496	41556499	3	1	1	1	1	0	0	0	?	0	0	0
chr2	7234	41556632	41556635	3	1	1	1	1	0	0	0	?	0	0	0
chr2	7235	41557763	41557766	3	1	1	1	1	0	0	0	?	0	0	0
chr2	7236	41558132	41558135	3	1	1	1	1	0	0	0	?	0	0	0
chr2	7237	41558543	41558546	3	1	1	1	1	0	0	0	?	0	0	0
chr2	7238	41559256	41559259	3	1	1	1	1	0	0	0	?	0	0	0
chr2	7239	41559936	41559939	3	1	1	1	1	0	0	0	?	0	0	0
chr2	7240	41560090	41560093	3	1	1	1	1	0	0	0	?	0	0	0
chr2	7241	41560211	41560216	5	2	2	2	2	0	0	0	?	0	0	0
chr2	7242	41560245	41560248	3	1	1	1	1	0	0	0	?	0	0	0
chr2	7243	41561410	41561413	3	1	1	1	1	0	0	0	?	0	0	0
chr2	7244	41562586	41562590	4	0	0	1	1	4	4	0	?	0	0	0
chr2	7245	41562973	41562976	3	1	1	1	1	0	0	0	?	0	0	0
chr2	7246	41563136	41563139	3	1	1	1	1	0	0	0	?	0	0	0
chr2	7247	41563370	41563376	6	2	2	2	2	0	0	0	?	0	0	0
chr2	7248	41564113	41564116	3	1	1	1	1	0	0	0	?	0	0	0
chr2	7249	41564646	41564649	3	1	1	1	1	0	0	0	?	0	0	0
chr2	7250	41565071	41565074	3	1	1	1	1	0	0	0	?	0	0	0
chr2	7251	41565131	41565134	3	1	1	1	1	0	0	0	?	0	0	0
chr2	7252	41565556	41565559	3	1	1	1	1	0	0	0	?	0	0	0
chr2	7253	41565703	41565706	3	1	1	1	1	0	0	0	?	0	0	0
chr2	7254	41566077	41566080	3	1	1	1	1	0	0	0	?	0	0	0
chr2	7255	41567046	41567049	3	1	1	1	1	0	0	0	?	0	0	0
chr2	7256	41567156	41567173	17	1	1	2	2	18	18	0	?	0	0	0
chr2	7257	41567790	41567793	3	1	1	1	1	0	0	0	?	0	0	0
chr2	7258	41568135	41568138	3	1	1	1	1	0	0	0	?	0	0	0
chr2	7259	41569115	41569118	3	1	1	1	1	0	0	0	?	0	0	0
chr2	7260	41569561	41569563	2	1	1	1	1	0	0	0	?	0	0	0
chr2	7261	41569639	41569642	3	1	1	1	1	0	0	0	?	0	0	0
chr2	7262	41570540	41570543	3	1	1	1	1	0	0	0	?	0	0	0
chr2	7263	41570840	41570843	3	1	1	1	1	0	0	0	?	0	0	0
chr2	7264	41571770	41571773	3	1	1	1	1	0	0	0	?	0	0	0
chr2	7265	41571897	41571900	3	1	1	1	1	0	0	0	?	0	0	0
chr2	7266	41572139	41572142	3	1	1	1	1	0	0	0	?	0	0	0
chr2	7267	41572211	41572214	3	1	1	1	1	0	0	0	?	0	0	0
chr2	7268	41572624	41572627	3	1	1	1	1	0	0	0	?	0	0	0
chr2	7269	41572747	41572750	3	1	1	1	1	0	0	0	?	0	0	0
chr2	7270	41573475	41573478	3	1	1	1	1	0	0	0	?	0	0	0
chr2	7271	41578465	41578478	13	1	1	1	1	0	0	0	?	0	0	0
chr2	7272	41578678	41578681	3	1	1	1	1	0	0	0	?	0	0	0
chr2	7273	41593982	41593985	3	1	1	1	1	0	0	0	?	0	0	0
chr2	7274	41607247	41607250	3	1	1	1	1	0	0	0	?	0	0	0
chr2	7275	41634655	41634658	3	1	1	1	1	0	0	0	?	0	0	0
chr2	7276	41644755	41644758	3	1	1	1	1	0	0	0	?	0	0	0
chr2	7277	41649368	41649370	2	1	1	1	1	0	0	0	?	0	0	0
chr2	7278	41653778	41653781	3	0	0	1	1	2	2	0	?	0	0	0
chr2	7279	41664491	41664493	2	1	1	1	1	0	0	0	?	0	0	0
chr2	7280	41666002	41666004	2	1	1	1	1	0	0	0	?	0	0	0
chr2	7281	41677371	41677374	3	0	0	1	1	2	2	0	?	0	0	0
chr2	7282	41699820	41699823	3	1	1	1	1	0	0	0	?	0	0	0
chr2	7283	41726909	41726911	2	0	0	1	1	2	2	0	?	0	0	0
chr2	7284	41728320	41728323	3	1	1	1	1	0	0	0	?	0	0	0
chr2	7285	41731323	41731325	2	1	1	1	1	0	0	0	?	0	0	0
chr2	7286	41731830	41731833	3	1	1	1	1	0	0	0	?	0	0	0
chr2	7287	41737499	41737506	7	0	0	1	1	10	10	0	?	0	0	0
chr2	7288	41737722	41737725	3	1	1	1	1	0	0	0	?	0	0	0
chr2	7289	41738006	41738009	3	1	1	1	1	0	0	0	?	0	0	0
chr2	7290	41739172	41739175	3	1	1	1	1	0	0	0	?	0	0	0
chr2	7291	41742464	41742466	2	1	1	1	1	0	0	0	?	0	0	0
chr2	7292	41742915	41742918	3	1	1	1	1	0	0	0	?	0	0	0
chr2	7293	41743299	41743301	2	1	1	1	1	0	0	0	?	0	0	0
chr2	7294	41743407	41743410	3	1	1	1	1	0	0	0	?	0	0	0
chr2	7295	41743936	41743939	3	1	1	1	1	0	0	0	?	0	0	0
chr2	7296	41744125	41744128	3	2	2	2	2	0	0	0	?	0	0	0
chr2	7297	41744404	41744407	3	1	1	1	1	0	0	0	?	0	0	0
chr2	7298	41744924	41744927	3	1	1	1	1	0	0	0	?	0	0	0
chr2	7299	41745022	41745025	3	1	1	1	1	0	0	0	?	0	0	0
chr2	7300	41745172	41745174	2	1	1	1	1	0	0	0	?	0	0	0
chr2	7301	41745717	41745720	3	1	1	1	1	0	0	0	?	0	0	0
chr2	7302	41746000	41748726	2726	2	2	1	1	5448	5448	0	?	0	0	0
chr2	7303	41749403	41749406	3	1	1	1	1	0	0	0	?	0	0	0
chr2	7304	41749507	41749510	3	1	1	1	1	0	0	0	?	0	0	0
chr2	7305	41749621	41749624	3	1	1	1	1	0	0	0	?	0	0	0
chr2	7306	41750343	41750346	3	1	1	1	1	0	0	0	?	0	0	0
chr2	7307	41750646	41750650	4	2	2	2	2	0	0	0	?	0	0	0
chr2	7308	41750772	41750775	3	1	1	1	1	0	0	0	?	0	0	0
chr2	7309	41750823	41750826	3	1	1	1	1	0	0	0	?	0	0	0
chr2	7310	41751277	41751279	2	1	1	1	1	0	0	0	?	0	0	0
chr2	7311	41751378	41751381	3	1	1	1	1	0	0	0	?	0	0	0
chr2	7312	41754564	41754567	3	0	0	1	1	2	2	0	?	0	0	0
chr2	7313	41777895	41777898	3	1	1	1	1	0	0	0	?	0	0	0
chr2	7314	41780125	41780128	3	1	1	1	1	0	0	0	?	0	0	0
chr2	7315	41780497	41780500	3	1	1	1	1	0	0	0	?	0	0	0
chr2	7316	41781111	41781114	3	1	1	1	1	0	0	0	?	0	0	0
chr2	7317	41781273	41781276	3	1	1	1	1	0	0	0	?	0	0	0
chr2	7318	41781719	41781722	3	1	1	1	1	0	0	0	?	0	0	0
chr2	7319	41781858	41781861	3	1	1	1	1	0	0	0	?	0	0	0
chr2	7320	41782298	41782301	3	1	1	1	1	0	0	0	?	0	0	0
chr2	7321	41784018	41784021	3	1	1	1	1	0	0	0	?	0	0	0
chr2	7322	41784289	41784292	3	1	1	1	1	0	0	0	?	0	0	0
chr2	7323	41784743	41784746	3	1	1	1	1	0	0	0	?	0	0	0
chr2	7324	41785787	41785790	3	1	1	1	1	0	0	0	?	0	0	0
chr2	7325	41787682	41787684	2	1	1	1	1	0	0	0	?	0	0	0
chr2	7326	41788455	41788458	3	1	1	1	1	0	0	0	?	0	0	0
chr2	7327	41788633	41788636	3	1	1	1	1	0	0	0	?	0	0	0
chr2	7328	41789723	41789726	3	1	1	1	1	0	0	0	?	0	0	0
chr2	7329	41792169	41792172	3	1	1	1	1	0	0	0	?	0	0	0
chr2	7330	41795409	41795412	3	1	1	1	1	0	0	0	?	0	0	0
chr2	7331	41797213	41797215	2	1	1	1	1	0	0	0	?	0	0	0
chr2	7332	41799899	41799910	11	2	2	2	2	0	0	0	?	0	0	0
chr2	7333	41801181	41801184	3	1	1	1	1	0	0	0	?	0	0	0
chr2	7334	41803502	41803504	2	0	0	1	1	2	2	0	?	0	0	0
chr2	7335	41806124	41806127	3	1	1	1	1	0	0	0	?	0	0	0
chr2	7336	41806927	41806930	3	1	1	1	1	0	0	0	?	0	0	0
chr2	7337	41808752	41808754	2	0	0	1	1	24	24	0	?	0	0	0
chr2	7338	41809688	41809690	2	0	0	1	1	36	36	0	?	0	0	0
chr2	7339	41809855	41809858	3	1	1	1	1	0	0	0	?	0	0	0
chr2	7340	41810044	41810047	3	1	1	1	1	0	0	0	?	0	0	0
chr2	7341	41816364	41816366	2	1	1	1	1	0	0	0	?	0	0	0
chr2	7342	41819041	41819052	11	0	0	2	2	10	10	0	?	0	0	0
chr2	7343	41845307	41845309	2	1	1	1	1	0	0	0	?	0	0	0
chr2	7344	41846943	41846968	25	1	1	1	1	0	0	0	?	0	0	0
chr2	7345	41850133	41850136	3	1	1	1	1	0	0	0	?	0	0	0
chr2	7346	41852294	41852296	2	1	1	1	1	0	0	0	?	0	0	0
chr2	7347	41854714	41854717	3	1	1	1	1	0	0	0	?	0	0	0
chr2	7348	41855030	41855033	3	1	1	1	1	0	0	0	?	0	0	0
chr2	7349	41856435	41856438	3	1	1	1	1	0	0	0	?	0	0	0
chr2	7350	41858086	41858089	3	1	1	1	1	0	0	0	?	0	0	0
chr2	7351	41858220	41858223	3	1	1	1	1	0	0	0	?	0	0	0
chr2	7352	41858366	41858369	3	1	1	1	1	0	0	0	?	0	0	0
chr2	7353	41858782	41858813	31	0	0	1	1	58	58	0	?	0	0	0
chr2	7354	41859221	41859224	3	1	1	1	1	0	0	0	?	0	0	0
chr2	7355	41860110	41860113	3	1	1	1	1	0	0	0	?	0	0	0
chr2	7356	41860874	41860877	3	1	1	1	1	0	0	0	?	0	0	0
chr2	7357	41861417	41861436	19	2	2	2	2	0	0	0	?	0	0	0
chr2	7358	41861665	41861668	3	1	1	1	1	0	0	0	?	0	0	0
chr2	7359	41862603	41862606	3	1	1	1	1	0	0	0	?	0	0	0
chr2	7360	41862672	41862675	3	1	1	1	1	0	0	0	?	0	0	0
chr2	7361	41862837	41862840	3	1	1	1	1	0	0	0	?	0	0	0
chr2	7362	41862897	41862900	3	1	1	1	1	0	0	0	?	0	0	0
chr2	7363	41863421	41863424	3	1	1	1	1	0	0	0	?	0	0	0
chr2	7364	41863671	41863674	3	1	1	1	1	0	0	0	?	0	0	0
chr2	7365	41863769	41863772	3	1	1	1	1	0	0	0	?	0	0	0
chr2	7366	41864179	41864182	3	1	1	1	1	0	0	0	?	0	0	0
chr2	7367	41864242	41864244	2	0	0	1	1	2	2	0	?	0	0	0
chr2	7368	41864514	41864517	3	1	1	1	1	0	0	0	?	0	0	0
chr2	7369	41866306	41866309	3	1	1	1	1	0	0	0	?	0	0	0
chr2	7370	41866879	41866882	3	1	1	1	1	0	0	0	?	0	0	0
chr2	7371	41867080	41867083	3	1	1	1	1	0	0	0	?	0	0	0
chr2	7372	41867516	41867519	3	1	1	1	1	0	0	0	?	0	0	0
chr2	7373	41868190	41868193	3	1	1	1	1	0	0	0	?	0	0	0
chr2	7374	41868299	41868302	3	1	1	1	1	0	0	0	?	0	0	0
chr2	7375	41870354	41870357	3	1	1	1	1	0	0	0	?	0	0	0
chr2	7376	41870629	41870632	3	1	1	1	1	0	0	0	?	0	0	0
chr2	7377	41870895	41870898	3	1	1	1	1	0	0	0	?	0	0	0
chr2	7378	41871094	41871097	3	1	1	1	1	0	0	0	?	0	0	0
chr2	7379	41871258	41871272	14	2	2	2	2	0	0	0	?	0	0	0
chr2	7380	41872028	41872031	3	1	1	1	1	0	0	0	?	0	0	0
chr2	7381	41872144	41872147	3	1	1	1	1	0	0	0	?	0	0	0
chr2	7382	41872386	41872389	3	1	1	1	1	0	0	0	?	0	0	0
chr2	7383	41872513	41872516	3	1	1	1	1	0	0	0	?	0	0	0
chr2	7384	41872609	41872612	3	1	1	1	1	0	0	0	?	0	0	0
chr2	7385	41873042	41873045	3	1	1	1	1	0	0	0	?	0	0	0
chr2	7386	41873090	41873093	3	1	1	1	1	0	0	0	?	0	0	0
chr2	7387	41873396	41873399	3	1	1	1	1	0	0	0	?	0	0	0
chr2	7388	41873459	41873462	3	1	1	1	1	0	0	0	?	0	0	0
chr2	7389	41874474	41874476	2	1	1	1	1	1	1	0	?	0	0	0
chr2	7390	41875069	41875072	3	1	1	1	1	0	0	0	?	0	0	0
chr2	7391	41875227	41875229	2	0	1	1	1	2	2	0	?	0	0	0
chr2	7392	41875685	41875687	2	1	1	1	1	0	0	0	?	0	0	0
chr2	7393	41875757	41875760	3	1	1	1	1	0	0	0	?	0	0	0
chr2	7394	41875852	41875867	15	1	1	2	2	2	2	0	?	0	0	0
chr2	7395	41875916	41875919	3	1	1	1	1	0	0	0	?	0	0	0
chr2	7396	41876958	41876960	2	1	1	1	1	0	0	0	?	0	0	0
chr2	7397	41877187	41877190	3	1	1	1	1	0	0	0	?	0	0	0
chr2	7398	41877202	41877205	3	1	1	1	1	0	0	0	?	0	0	0
chr2	7399	41877794	41877796	2	1	1	1	1	0	0	0	?	0	0	0
chr2	7400	41879341	41879344	3	1	1	1	1	0	0	0	?	0	0	0
chr2	7401	41879633	41879636	3	1	1	1	1	0	0	0	?	0	0	0
chr2	7402	41879755	41879758	3	1	1	1	1	0	0	0	?	0	0	0
chr2	7403	41880109	41880112	3	1	1	1	1	0	0	0	?	0	0	0
chr2	7404	41880220	41880223	3	1	1	1	1	0	0	0	?	0	0	0
chr2	7405	41880376	41880379	3	1	1	1	1	0	0	0	?	0	0	0
chr2	7406	41881739	41881742	3	1	1	1	1	0	0	0	?	0	0	0
chr2	7407	41882609	41882612	3	1	1	1	1	0	0	0	?	0	0	0
chr2	7408	41883618	41883621	3	1	1	1	1	0	0	0	?	0	0	0
chr2	7409	41884014	41884016	2	1	1	1	1	0	0	0	?	0	0	0
chr2	7410	41884340	41884343	3	1	1	1	1	0	0	0	?	0	0	0
chr2	7411	41884393	41884396	3	1	1	1	1	0	0	0	?	0	0	0
chr2	7412	41884457	41884460	3	1	1	1	1	0	0	0	?	0	0	0
chr2	7413	41884551	41884554	3	1	1	1	1	0	0	0	?	0	0	0
chr2	7414	41884615	41884618	3	1	1	1	1	0	0	0	?	0	0	0
chr2	7415	41884737	41884740	3	1	1	1	1	0	0	0	?	0	0	0
chr2	7416	41884755	41884758	3	1	1	1	1	0	0	0	?	0	0	0
chr2	7417	41884837	41884840	3	1	1	1	1	0	0	0	?	0	0	0
chr2	7418	41885191	41885194	3	1	1	1	1	0	0	0	?	0	0	0
chr2	7419	41885217	41885220	3	1	1	1	1	0	0	0	?	0	0	0
chr2	7420	41885274	41885277	3	1	1	1	1	0	0	0	?	0	0	0
chr2	7421	41885578	41885581	3	1	1	1	1	0	0	0	?	0	0	0
chr2	7422	41886127	41886130	3	1	1	1	1	0	0	0	?	0	0	0
chr2	7423	41886240	41886243	3	1	1	1	1	0	0	0	?	0	0	0
chr2	7424	41886347	41886350	3	1	1	1	1	0	0	0	?	0	0	0
chr2	7425	41886738	41886745	7	2	2	2	2	0	0	0	?	0	0	0
chr2	7426	41887593	41887597	4	2	2	2	2	0	0	0	?	0	0	0
chr2	7427	41887840	41887843	3	1	1	1	1	0	0	0	?	0	0	0
chr2	7428	41888479	41888482	3	1	1	1	1	0	0	0	?	0	0	0
chr2	7429	41888504	41888507	3	1	1	1	1	0	0	0	?	0	0	0
chr2	7430	41888762	41888765	3	1	1	1	1	0	0	0	?	0	0	0
chr2	7431	41889216	41889219	3	1	1	1	1	0	0	0	?	0	0	0
chr2	7432	41889286	41889290	4	0	0	1	1	4	4	0	?	0	0	0
chr2	7433	41889696	41889699	3	1	1	1	1	0	0	0	?	0	0	0
chr2	7434	41890004	41890007	3	1	1	1	1	0	0	0	?	0	0	0
chr2	7435	41890186	41890189	3	1	1	1	1	0	0	0	?	0	0	0
chr2	7436	41890220	41890223	3	1	1	1	1	0	0	0	?	0	0	0
chr2	7437	41890359	41890362	3	1	1	1	1	0	0	0	?	0	0	0
chr2	7438	41890506	41890509	3	1	1	1	1	0	0	0	?	0	0	0
chr2	7439	41891010	41891013	3	1	1	1	1	0	0	0	?	0	0	0
chr2	7440	41891074	41891077	3	1	1	1	1	0	0	0	?	0	0	0
chr2	7441	41891281	41891284	3	1	1	1	1	0	0	0	?	0	0	0
chr2	7442	41891505	41891507	2	1	1	1	1	0	0	0	?	0	0	0
chr2	7443	41892139	41892142	3	1	1	1	1	0	0	0	?	0	0	0
chr2	7444	41892302	41892305	3	1	1	1	1	0	0	0	?	0	0	0
chr2	7445	41892424	41892427	3	1	1	1	1	0	0	0	?	0	0	0
chr2	7446	41893008	41893017	9	2	2	2	2	0	0	0	?	0	0	0
chr2	7447	41893056	41893059	3	1	1	1	1	0	0	0	?	0	0	0
chr2	7448	41893164	41893167	3	1	1	1	1	0	0	0	?	0	0	0
chr2	7449	41893218	41893221	3	1	1	1	1	0	0	0	?	0	0	0
chr2	7450	41893301	41893304	3	1	1	1	1	0	0	0	?	0	0	0
chr2	7451	41894043	41894046	3	1	1	1	1	0	0	0	?	0	0	0
chr2	7452	41894314	41894317	3	1	1	1	1	0	0	0	?	0	0	0
chr2	7453	41894379	41894382	3	1	1	1	1	0	0	0	?	0	0	0
chr2	7454	41895008	41895011	3	1	1	1	1	0	0	0	?	0	0	0
chr2	7455	41895418	41895421	3	1	1	1	1	0	0	0	?	0	0	0
chr2	7456	41897418	41897421	3	1	1	1	1	0	0	0	?	0	0	0
chr2	7457	41898357	41898371	14	2	2	2	2	0	0	0	?	0	0	0
chr2	7458	41898916	41898919	3	1	1	1	1	0	0	0	?	0	0	0
chr2	7459	41898960	41898964	4	2	2	2	2	0	0	0	?	0	0	0
chr2	7460	41898987	41898989	2	1	0	1	1	4	4	0	?	0	0	0
chr2	7461	41900062	41900065	3	1	1	1	1	0	0	0	?	0	0	0
chr2	7462	41900419	41900422	3	1	1	1	1	0	0	0	?	0	0	0
chr2	7463	41900745	41900759	14	2	2	2	2	0	0	0	?	0	0	0
chr2	7464	41901219	41901222	3	1	1	1	1	0	0	0	?	0	0	0
chr2	7465	41901289	41901292	3	1	1	1	1	0	0	0	?	0	0	0
chr2	7466	41901563	41901566	3	1	1	1	1	0	0	0	?	0	0	0
chr2	7467	41901719	41901722	3	1	1	1	1	0	0	0	?	0	0	0
chr2	7468	41902069	41902072	3	1	1	1	1	0	0	0	?	0	0	0
chr2	7469	41902453	41902456	3	1	1	1	1	0	0	0	?	0	0	0
chr2	7470	41902979	41902982	3	1	1	1	1	0	0	0	?	0	0	0
chr2	7471	41904381	41904384	3	1	1	1	1	0	0	0	?	0	0	0
chr2	7472	41904403	41904406	3	1	1	1	1	0	0	0	?	0	0	0
chr2	7473	41904501	41904504	3	1	1	1	1	0	0	0	?	0	0	0
chr2	7474	41904722	41904725	3	1	1	1	1	0	0	0	?	0	0	0
chr2	7475	41904856	41904859	3	1	1	1	1	0	0	0	?	0	0	0
chr2	7476	41906200	41906203	3	1	1	1	1	0	0	0	?	0	0	0
chr2	7477	41906509	41906512	3	1	1	1	1	0	0	0	?	0	0	0
chr2	7478	41906735	41906737	2	1	1	1	1	0	0	0	?	0	0	0
chr2	7479	41907958	41907961	3	1	1	1	1	0	0	0	?	0	0	0
chr2	7480	41908059	41908062	3	1	1	1	1	0	0	0	?	0	0	0
chr2	7481	41908205	41908207	2	1	1	1	1	0	0	0	?	0	0	0
chr2	7482	41909105	41909108	3	1	1	1	1	0	0	0	?	0	0	0
chr2	7483	41909646	41909649	3	1	1	1	1	0	0	0	?	0	0	0
chr2	7484	41910073	41910076	3	1	1	1	1	0	0	0	?	0	0	0
chr2	7485	41910151	41910154	3	1	1	1	1	0	0	0	?	0	0	0
chr2	7486	41910218	41910221	3	1	1	1	1	0	0	0	?	0	0	0
chr2	7487	41910347	41910350	3	1	1	1	1	0	0	0	?	0	0	0
chr2	7488	41910440	41910443	3	1	1	1	1	0	0	0	?	0	0	0
chr2	7489	41910464	41910467	3	1	1	1	1	0	0	0	?	0	0	0
chr2	7490	41912115	41912117	2	1	1	1	1	0	0	0	?	0	0	0
chr2	7491	41913322	41913325	3	1	1	1	1	0	0	0	?	0	0	0
chr2	7492	41913766	41913771	5	2	2	2	2	0	0	0	?	0	0	0
chr2	7493	41913936	41913950	14	2	2	2	2	0	0	0	?	0	0	0
chr2	7494	41914189	41914192	3	1	1	1	1	0	0	0	?	0	0	0
chr2	7495	41914889	41914892	3	1	1	1	1	0	0	0	?	0	0	0
chr2	7496	41915923	41915926	3	1	1	1	1	0	0	0	?	0	0	0
chr2	7497	41915965	41915987	22	2	2	2	2	0	0	0	?	0	0	0
chr2	7498	41916476	41916479	3	1	1	1	1	0	0	0	?	0	0	0
chr2	7499	41916512	41916515	3	1	1	1	1	0	0	0	?	0	0	0
chr2	7500	41916794	41916797	3	1	1	1	1	0	0	0	?	0	0	0
chr2	7501	41917178	41917181	3	1	1	1	1	0	0	0	?	0	0	0
chr2	7502	41917269	41917272	3	1	1	1	1	0	0	0	?	0	0	0
chr2	7503	41917966	41917969	3	1	1	1	1	0	0	0	?	0	0	0
chr2	7504	41918075	41918078	3	1	1	1	1	0	0	0	?	0	0	0
chr2	7505	41918170	41918172	2	1	1	1	1	0	0	0	?	0	0	0
chr2	7506	41919900	41919902	2	1	1	1	1	0	0	0	?	0	0	0
chr2	7507	41920533	41920536	3	1	1	1	1	0	0	0	?	0	0	0
chr2	7508	41920843	41920845	2	1	1	1	1	0	0	0	?	0	0	0
chr2	7509	41921377	41921380	3	1	1	1	1	0	0	0	?	0	0	0
chr2	7510	41921556	41921559	3	1	1	1	1	0	0	0	?	0	0	0
chr2	7511	41922205	41922208	3	1	1	1	1	0	0	0	?	0	0	0
chr2	7512	41922300	41922305	5	2	2	2	2	0	0	0	?	0	0	0
chr2	7513	41923244	41923247	3	1	1	1	1	0	0	0	?	0	0	0
chr2	7514	41923382	41923385	3	1	1	1	1	0	0	0	?	0	0	0
chr2	7515	41924132	41924135	3	1	1	1	1	0	0	0	?	0	0	0
chr2	7516	41924161	41924164	3	1	1	1	1	0	0	0	?	0	0	0
chr2	7517	41924232	41924235	3	1	1	1	1	0	0	0	?	0	0	0
chr2	7518	41924332	41924335	3	1	1	1	1	0	0	0	?	0	0	0
chr2	7519	41924420	41924423	3	1	1	1	1	0	0	0	?	0	0	0
chr2	7520	41925765	41925768	3	1	1	1	1	0	0	0	?	0	0	0
chr2	7521	41925825	41925828	3	1	1	1	1	0	0	0	?	0	0	0
chr2	7522	41925877	41925880	3	1	1	1	1	0	0	0	?	0	0	0
chr2	7523	41926147	41926157	10	1	1	1	1	0	0	0	?	0	0	0
chr2	7524	41927191	41927194	3	1	1	1	1	0	0	0	?	0	0	0
chr2	7525	41928273	41928276	3	1	1	1	1	0	0	0	?	0	0	0
chr2	7526	41928424	41928427	3	1	1	1	1	0	0	0	?	0	0	0
chr2	7527	41929036	41929039	3	1	1	1	1	0	0	0	?	0	0	0
chr2	7528	41929355	41929358	3	1	1	1	1	0	0	0	?	0	0	0
chr2	7529	41930168	41930171	3	1	1	1	1	0	0	0	?	0	0	0
chr2	7530	41930513	41930516	3	1	1	1	1	0	0	0	?	0	0	0
chr2	7531	41931155	41931165	10	2	2	2	2	0	0	0	?	0	0	0
chr2	7532	41931232	41931235	3	1	1	1	1	0	0	0	?	0	0	0
chr2	7533	41932036	41932039	3	1	1	1	1	0	0	0	?	0	0	0
chr2	7534	41932446	41932449	3	1	1	1	1	0	0	0	?	0	0	0
chr2	7535	41932976	41932979	3	1	1	1	1	0	0	0	?	0	0	0
chr2	7536	41933246	41933249	3	1	1	1	1	0	0	0	?	0	0	0
chr2	7537	41933514	41933517	3	1	1	1	1	0	0	0	?	0	0	0
chr2	7538	41933773	41933776	3	1	1	1	1	0	0	0	?	0	0	0
chr2	7539	41934689	41934692	3	1	1	1	1	0	0	0	?	0	0	0
chr2	7540	41935331	41935342	11	2	2	2	2	0	0	0	?	0	0	0
chr2	7541	41935606	41935609	3	1	1	1	1	0	0	0	?	0	0	0
chr2	7542	41937073	41937076	3	1	1	1	1	0	0	0	?	0	0	0
chr2	7543	41937834	41937837	3	1	1	1	1	0	0	0	?	0	0	0
chr2	7544	41938320	41938323	3	1	1	1	1	0	0	0	?	0	0	0
chr2	7545	41938612	41938615	3	1	1	1	1	0	0	0	?	0	0	0
chr2	7546	41938819	41938822	3	1	1	1	1	0	0	0	?	0	0	0
chr2	7547	41939311	41939366	55	2	2	2	2	0	0	0	?	0	0	0
chr2	7548	41940041	41940044	3	1	1	1	1	0	0	0	?	0	0	0
chr2	7549	41940181	41940184	3	1	1	1	1	0	0	0	?	0	0	0
chr2	7550	41940532	41940535	3	1	1	1	1	0	0	0	?	0	0	0
chr2	7551	41941031	41941034	3	1	1	1	1	0	0	0	?	0	0	0
chr2	7552	41944167	41944170	3	1	1	1	1	0	0	0	?	0	0	0
chr2	7553	41945105	41945108	3	1	1	1	1	0	0	0	?	0	0	0
chr2	7554	41945864	41945867	3	1	1	1	1	0	0	0	?	0	0	0
chr2	7555	41946509	41946511	2	0	0	1	1	2	2	0	?	0	0	0
chr2	7556	41947591	41947594	3	1	1	1	1	0	0	0	?	0	0	0
chr2	7557	41949059	41949062	3	1	1	1	1	0	0	0	?	0	0	0
chr2	7558	41951999	41952002	3	1	1	1	1	0	0	0	?	0	0	0
chr2	7559	41954537	41954540	3	1	1	1	1	0	0	0	?	0	0	0
chr2	7560	41962014	41962020	6	0	0	1	1	8	8	0	?	0	0	0
chr2	7561	41962173	41962176	3	1	1	1	1	0	0	0	?	0	0	0
chr2	7562	41964482	41964485	3	1	1	1	1	0	0	0	?	0	0	0
chr2	7563	41968757	41968760	3	1	1	1	1	0	0	0	?	0	0	0
chr2	7564	41969538	41969541	3	1	1	1	1	0	0	0	?	0	0	0
chr2	7565	41970840	41970843	3	1	1	1	1	0	0	0	?	0	0	0
chr2	7566	41971075	41971078	3	1	1	1	1	0	0	0	?	0	0	0
chr2	7567	41973263	41973266	3	1	1	1	1	0	0	0	?	0	0	0
chr2	7568	41976287	41976289	2	0	0	1	1	2	2	0	?	0	0	0
chr2	7569	41976810	41976812	2	0	0	1	1	20	20	0	?	0	0	0
chr2	7570	41976932	41976940	8	3	3	3	3	0	0	0	?	0	0	0
chr2	7571	41977278	41977280	2	1	1	1	1	0	0	0	?	0	0	0
chr2	7572	41979458	41979460	2	1	1	1	1	0	0	0	?	0	0	0
chr2	7573	41983256	41983288	32	0	1	1	1	4	4	0	?	0	0	0
chr2	7574	41991819	41991829	10	0	0	2	2	4	4	0	?	0	0	0
chr2	7575	41992196	41992199	3	0	0	1	1	2	2	0	?	0	0	0
chr2	7576	41995076	41995079	3	1	1	1	1	0	0	0	?	0	0	0
chr2	7577	41999292	41999295	3	1	1	1	1	0	0	0	?	0	0	0
chr2	7578	41999702	41999705	3	1	1	1	1	0	0	0	?	0	0	0
chr2	7579	42000810	42000813	3	1	1	1	1	0	0	0	?	0	0	0
chr2	7580	42003260	42003263	3	1	1	1	1	0	0	0	?	0	0	0
chr2	7581	42004283	42004286	3	1	1	1	1	0	0	0	?	0	0	0
chr2	7582	42004748	42004756	8	1	1	1	1	4	4	0	?	0	0	0
chr2	7583	42005297	42005300	3	1	1	1	1	0	0	0	?	0	0	0
chr2	7584	42005370	42005373	3	1	1	1	1	0	0	0	?	0	0	0
chr2	7585	42008921	42008924	3	1	1	1	1	0	0	0	?	0	0	0
chr2	7586	42009114	42009116	2	1	1	1	1	0	0	0	?	0	0	0
chr2	7587	42009380	42009383	3	1	1	1	1	0	0	0	?	0	0	0
chr2	7588	42009482	42009485	3	1	1	1	1	0	0	0	?	0	0	0
chr2	7589	42009684	42009687	3	1	1	1	1	0	0	0	?	0	0	0
chr2	7590	42011227	42011230	3	1	1	1	1	0	0	0	?	0	0	0
chr2	7591	42011355	42011358	3	1	1	1	1	0	0	0	?	0	0	0
chr2	7592	42011480	42011483	3	1	1	1	1	0	0	0	?	0	0	0
chr2	7593	42013086	42013089	3	1	1	1	1	0	0	0	?	0	0	0
chr2	7594	42013204	42013206	2	0	0	1	1	4	4	0	?	0	0	0
chr2	7595	42013488	42013493	5	1	1	1	1	0	0	0	?	0	0	0
chr2	7596	42013680	42013728	48	0	0	2	2	42	42	0	?	0	0	0
chr2	7597	42013935	42013938	3	1	1	1	1	0	0	0	?	0	0	0
chr2	7598	42014144	42014147	3	0	0	1	1	2	2	0	?	0	0	0
chr2	7599	42014417	42014420	3	0	0	1	1	2	2	0	?	0	0	0
chr2	7600	42014741	42014893	152	1	1	21	21	56	56	0	?	0	0	0
chr2	7601	42015064	42015067	3	1	1	1	1	0	0	0	?	0	0	0
chr2	7602	42015475	42015478	3	1	1	1	1	0	0	0	?	0	0	0
chr2	7603	42016164	42016167	3	1	1	1	1	0	0	0	?	0	0	0
chr2	7604	42016708	42016711	3	1	1	1	1	0	0	0	?	0	0	0
chr2	7605	42016753	42016756	3	1	1	1	1	0	0	0	?	0	0	0
chr2	7606	42017354	42017357	3	1	1	1	1	0	0	0	?	0	0	0
chr2	7607	42017768	42017771	3	1	1	1	1	0	0	0	?	0	0	0
chr2	7608	42017994	42017997	3	1	1	1	1	0	0	0	?	0	0	0
chr2	7609	42018203	42018206	3	1	1	1	1	0	0	0	?	0	0	0
chr2	7610	42018931	42018978	47	2	2	2	2	50	50	0	?	0	0	0
chr2	7611	42020473	42020515	42	0	0	3	3	25	25	0	?	0	0	0
chr2	7612	42022384	42022387	3	1	1	1	1	0	0	0	?	0	0	0
chr2	7613	42023172	42023174	2	1	1	1	1	0	0	0	?	0	0	0
chr2	7614	42024137	42024140	3	1	1	1	1	0	0	0	?	0	0	0
chr2	7615	42025128	42025131	3	1	1	1	1	0	0	0	?	0	0	0
chr2	7616	42025561	42025564	3	1	1	1	1	0	0	0	?	0	0	0
chr2	7617	42025734	42025737	3	1	1	1	1	0	0	0	?	0	0	0
chr2	7618	42025796	42025799	3	1	1	1	1	0	0	0	?	0	0	0
chr2	7619	42026316	42026319	3	1	1	1	1	0	0	0	?	0	0	0
chr2	7620	42027676	42027679	3	1	1	1	1	0	0	0	?	0	0	0
chr2	7621	42029440	42029443	3	1	1	1	1	0	0	0	?	0	0	0
chr2	7622	42030496	42030498	2	1	1	1	1	0	0	0	?	0	0	0
chr2	7623	42031404	42031407	3	1	1	1	1	0	0	0	?	0	0	0
chr2	7624	42031629	42031632	3	1	1	1	1	0	0	0	?	0	0	0
chr2	7625	42032314	42032317	3	1	1	1	1	0	0	0	?	0	0	0
chr2	7626	42032564	42032568	4	2	2	2	2	0	0	0	?	0	0	0
chr2	7627	42032967	42033010	43	2	2	2	2	0	0	0	?	0	0	0
chr2	7628	42033182	42033185	3	1	1	1	1	0	0	0	?	0	0	0
chr2	7629	42033301	42033304	3	1	1	1	1	0	0	0	?	0	0	0
chr2	7630	42033337	42033340	3	1	1	1	1	0	0	0	?	0	0	0
chr2	7631	42033353	42033356	3	1	1	1	1	0	0	0	?	0	0	0
chr2	7632	42033684	42033686	2	1	1	1	1	0	0	0	?	0	0	0
chr2	7633	42033862	42033865	3	1	1	1	1	0	0	0	?	0	0	0
chr2	7634	42034046	42034048	2	1	1	1	1	0	0	0	?	0	0	0
chr2	7635	42034458	42034461	3	1	1	1	1	0	0	0	?	0	0	0
chr2	7636	42034671	42034674	3	1	1	1	1	0	0	0	?	0	0	0
chr2	7637	42034729	42034732	3	1	1	1	1	0	0	0	?	0	0	0
chr2	7638	42034922	42034925	3	1	1	1	1	0	0	0	?	0	0	0
chr2	7639	42034990	42034993	3	1	1	1	1	0	0	0	?	0	0	0
chr2	7640	42035360	42035363	3	1	1	1	1	0	0	0	?	0	0	0
chr2	7641	42036016	42036030	14	2	2	2	2	0	0	0	?	0	0	0
chr2	7642	42036117	42036120	3	1	1	1	1	0	0	0	?	0	0	0
chr2	7643	42036227	42036230	3	1	1	1	1	0	0	0	?	0	0	0
chr2	7644	42036250	42036253	3	1	1	1	1	0	0	0	?	0	0	0
chr2	7645	42036306	42036310	4	3	3	3	3	0	0	0	?	0	0	0
chr2	7646	42036579	42036582	3	1	1	1	1	0	0	0	?	0	0	0
chr2	7647	42036680	42036683	3	1	1	1	1	0	0	0	?	0	0	0
chr2	7648	42036754	42036757	3	1	1	1	1	0	0	0	?	0	0	0
chr2	7649	42036766	42036769	3	1	1	1	1	0	0	0	?	0	0	0
chr2	7650	42036780	42036783	3	1	1	1	1	0	0	0	?	0	0	0
chr2	7651	42037082	42037084	2	1	1	1	1	0	0	0	?	0	0	0
chr2	7652	42037159	42037162	3	1	1	1	1	0	0	0	?	0	0	0
chr2	7653	42037525	42037528	3	1	1	1	1	0	0	0	?	0	0	0
chr2	7654	42037599	42037602	3	1	1	1	1	0	0	0	?	0	0	0
chr2	7655	42037727	42037730	3	1	1	1	1	0	0	0	?	0	0	0
chr2	7656	42037869	42037872	3	1	1	1	1	0	0	0	?	0	0	0
chr2	7657	42037931	42037934	3	1	1	1	1	0	0	0	?	0	0	0
chr2	7658	42038020	42038023	3	1	1	1	1	0	0	0	?	0	0	0
chr2	7659	42038146	42038149	3	1	1	1	1	0	0	0	?	0	0	0
chr2	7660	42038171	42038177	6	1	1	1	1	0	0	0	?	0	0	0
chr2	7661	42038266	42038269	3	1	1	1	1	0	0	0	?	0	0	0
chr2	7662	42038307	42038310	3	1	1	1	1	0	0	0	?	0	0	0
chr2	7663	42038560	42038563	3	1	1	1	1	0	0	0	?	0	0	0
chr2	7664	42038704	42038707	3	1	1	1	1	0	0	0	?	0	0	0
chr2	7665	42039019	42039023	4	1	1	1	1	0	0	0	?	0	0	0
chr2	7666	42039371	42039374	3	1	1	1	1	0	0	0	?	0	0	0
chr2	7667	42039598	42039601	3	1	1	1	1	0	0	0	?	0	0	0
chr2	7668	42040286	42040289	3	1	1	1	1	0	0	0	?	0	0	0
chr2	7669	42040548	42040551	3	1	1	1	1	0	0	0	?	0	0	0
chr2	7670	42040772	42040775	3	1	1	1	1	0	0	0	?	0	0	0
chr2	7671	42040799	42040802	3	1	1	1	1	0	0	0	?	0	0	0
chr2	7672	42040820	42040823	3	1	1	1	1	0	0	0	?	0	0	0
chr2	7673	42041302	42041305	3	1	1	1	1	0	0	0	?	0	0	0
chr2	7674	42041530	42041533	3	1	1	1	1	0	0	0	?	0	0	0
chr2	7675	42041546	42041549	3	1	1	1	1	0	0	0	?	0	0	0
chr2	7676	42041814	42041817	3	1	1	1	1	0	0	0	?	0	0	0
chr2	7677	42041833	42041836	3	1	1	1	1	0	0	0	?	0	0	0
chr2	7678	42042103	42042106	3	1	1	1	1	0	0	0	?	0	0	0
chr2	7679	42042145	42042148	3	1	1	1	1	0	0	0	?	0	0	0
chr2	7680	42042494	42042497	3	1	1	1	1	0	0	0	?	0	0	0
chr2	7681	42042610	42042613	3	1	1	1	1	0	0	0	?	0	0	0
chr2	7682	42042989	42042992	3	1	1	1	1	0	0	0	?	0	0	0
chr2	7683	42043585	42043589	4	2	2	2	2	0	0	0	?	0	0	0
chr2	7684	42043617	42043620	3	1	1	1	1	0	0	0	?	0	0	0
chr2	7685	42043740	42043743	3	1	1	1	1	0	0	0	?	0	0	0
chr2	7686	42043971	42043974	3	1	1	1	1	0	0	0	?	0	0	0
chr2	7687	42044119	42044211	92	3	3	4	4	104	104	0	?	0	0	0
chr2	7688	42044681	42044684	3	1	1	1	1	0	0	0	?	0	0	0
chr2	7689	42045247	42045250	3	1	1	1	1	0	0	0	?	0	0	0
chr2	7690	42045358	42045362	4	1	1	1	1	0	0	0	?	0	0	0
chr2	7691	42045520	42045523	3	1	1	1	1	0	0	0	?	0	0	0
chr2	7692	42045842	42045845	3	1	1	1	1	0	0	0	?	0	0	0
chr2	7693	42045949	42045952	3	1	1	1	1	0	0	0	?	0	0	0
chr2	7694	42046408	42046411	3	1	1	1	1	0	0	0	?	0	0	0
chr2	7695	42046687	42046701	14	1	1	2	2	2	2	0	?	0	0	0
chr2	7696	42046921	42046924	3	1	1	1	1	0	0	0	?	0	0	0
chr2	7697	42047710	42047713	3	1	1	1	1	0	0	0	?	0	0	0
chr2	7698	42047902	42047924	22	2	2	2	2	0	0	0	?	0	0	0
chr2	7699	42048522	42048525	3	1	1	1	1	0	0	0	?	0	0	0
chr2	7700	42048677	42048680	3	1	1	1	1	0	0	0	?	0	0	0
chr2	7701	42049209	42049212	3	1	1	1	1	0	0	0	?	0	0	0
chr2	7702	42049263	42049266	3	1	1	1	1	0	0	0	?	0	0	0
chr2	7703	42049464	42049467	3	1	1	1	1	0	0	0	?	0	0	0
chr2	7704	42049779	42049782	3	1	1	1	1	0	0	0	?	0	0	0
chr2	7705	42050037	42050040	3	1	1	1	1	0	0	0	?	0	0	0
chr2	7706	42050067	42050070	3	1	1	1	1	0	0	0	?	0	0	0
chr2	7707	42051482	42051485	3	1	1	1	1	0	0	0	?	0	0	0
chr2	7708	42052825	42052828	3	1	1	1	1	0	0	0	?	0	0	0
chr2	7709	42052924	42052927	3	1	1	1	1	0	0	0	?	0	0	0
chr2	7710	42053828	42053831	3	1	1	1	1	0	0	0	?	0	0	0
chr2	7711	42056968	42056971	3	1	1	1	1	0	0	0	?	0	0	0
chr2	7712	42057742	42057745	3	1	1	1	1	0	0	0	?	0	0	0
chr2	7713	42058164	42058167	3	1	1	1	1	0	0	0	?	0	0	0
chr2	7714	42060786	42060789	3	1	1	1	1	0	0	0	?	0	0	0
chr2	7715	42061178	42061181	3	1	1	1	1	0	0	0	?	0	0	0
chr2	7716	42061627	42061630	3	1	1	1	1	0	0	0	?	0	0	0
chr2	7717	42061965	42061968	3	1	1	1	1	0	0	0	?	0	0	0
chr2	7718	42061980	42061983	3	1	1	1	1	0	0	0	?	0	0	0
chr2	7719	42062524	42062527	3	1	1	1	1	0	0	0	?	0	0	0
chr2	7720	42063886	42063898	12	2	2	2	2	0	0	0	?	0	0	0
chr2	7721	42063927	42063930	3	1	1	1	1	0	0	0	?	0	0	0
chr2	7722	42065482	42065529	47	0	0	2	2	4	4	0	?	0	0	0
chr2	7723	42071201	42071207	6	1	1	1	1	0	0	0	?	0	0	0
chr2	7724	42076229	42076313	84	1	1	6	6	14	14	0	?	0	0	0
chr2	7725	42079321	42079324	3	1	1	1	1	0	0	0	?	0	0	0
chr2	7726	42079352	42079355	3	1	1	1	1	0	0	0	?	0	0	0
chr2	7727	42079580	42079583	3	1	1	1	1	0	0	0	?	0	0	0
chr2	7728	42094462	42094465	3	1	1	1	1	0	0	0	?	0	0	0
chr2	7729	42102629	42102631	2	0	0	1	1	2	2	0	?	0	0	0
chr2	7730	42112199	42112202	3	1	1	1	1	0	0	0	?	0	0	0
chr2	7731	42121867	42121881	14	0	0	1	1	24	24	0	?	0	0	0
chr2	7732	42125889	42125892	3	1	1	1	1	0	0	0	?	0	0	0
chr2	7733	42126641	42126645	4	1	1	1	1	0	0	0	?	0	0	0
chr2	7734	42126803	42126805	2	0	0	1	1	4	4	0	?	0	0	0
chr2	7735	42126915	42126917	2	1	1	1	1	0	0	0	?	0	0	0
chr2	7736	42127704	42127707	3	1	1	1	1	0	0	0	?	0	0	0
chr2	7737	42128547	42128550	3	1	1	1	1	0	0	0	?	0	0	0
chr2	7738	42129320	42129323	3	1	1	1	1	0	0	0	?	0	0	0
chr2	7739	42133062	42133065	3	1	1	1	1	0	0	0	?	0	0	0
chr2	7740	42133689	42133692	3	1	1	1	1	0	0	0	?	0	0	0
chr2	7741	42133889	42133895	6	2	2	2	2	0	0	0	?	0	0	0
chr2	7742	42133905	42133908	3	1	1	1	1	0	0	0	?	0	0	0
chr2	7743	42133966	42133969	3	1	1	1	1	0	0	0	?	0	0	0
chr2	7744	42134713	42134716	3	1	1	1	1	0	0	0	?	0	0	0
chr2	7745	42140476	42140479	3	1	1	1	1	0	0	0	?	0	0	0
chr2	7746	42140979	42140982	3	1	1	1	1	0	0	0	?	0	0	0
chr2	7747	42143313	42143316	3	1	1	1	1	0	0	0	?	0	0	0
chr2	7748	42143759	42143762	3	1	0	1	1	1	1	0	?	0	0	0
chr2	7749	42144523	42144525	2	1	1	1	1	0	0	0	?	0	0	0
chr2	7750	42145137	42145140	3	1	1	1	1	0	0	0	?	0	0	0
chr2	7751	42145615	42145618	3	1	1	1	1	0	0	0	?	0	0	0
chr2	7752	42145844	42145847	3	1	1	1	1	0	0	0	?	0	0	0
chr2	7753	42145877	42145897	20	1	1	1	1	0	0	0	?	0	0	0
chr2	7754	42146605	42146608	3	1	1	1	1	0	0	0	?	0	0	0
chr2	7755	42148168	42148171	3	1	1	1	1	0	0	0	?	0	0	0
chr2	7756	42152359	42152376	17	2	2	3	3	8	8	0	?	0	0	0
chr2	7757	42153036	42153039	3	1	1	1	1	0	0	0	?	0	0	0
chr2	7758	42153281	42153283	2	1	1	1	1	0	0	0	?	0	0	0
chr2	7759	42153366	42153369	3	1	1	1	1	0	0	0	?	0	0	0
chr2	7760	42153569	42153572	3	1	1	1	1	0	0	0	?	0	0	0
chr2	7761	42154465	42154468	3	1	1	1	1	0	0	0	?	0	0	0
chr2	7762	42154588	42154594	6	1	1	1	1	0	0	0	?	0	0	0
chr2	7763	42154718	42154721	3	1	1	1	1	0	0	0	?	0	0	0
chr2	7764	42154835	42154838	3	1	1	1	1	0	0	0	?	0	0	0
chr2	7765	42155997	42156000	3	1	1	1	1	0	0	0	?	0	0	0
chr2	7766	42156104	42156109	5	0	0	1	1	6	6	0	?	0	0	0
chr2	7767	42156303	42156306	3	1	1	1	1	0	0	0	?	0	0	0
chr2	7768	42156419	42156422	3	1	1	1	1	0	0	0	?	0	0	0
chr2	7769	42157448	42157451	3	1	1	1	1	0	0	0	?	0	0	0
chr2	7770	42158106	42158123	17	1	1	1	1	0	0	0	?	0	0	0
chr2	7771	42158754	42158757	3	1	1	1	1	0	0	0	?	0	0	0
chr2	7772	42158811	42158822	11	2	1	2	2	1	1	0	?	0	0	0
chr2	7773	42160228	42160231	3	1	1	1	1	0	0	0	?	0	0	0
chr2	7774	42160549	42160552	3	1	1	1	1	0	0	0	?	0	0	0
chr2	7775	42160639	42160642	3	1	1	1	1	0	0	0	?	0	0	0
chr2	7776	42160861	42160864	3	1	1	1	1	0	0	0	?	0	0	0
chr2	7777	42160982	42160985	3	1	1	1	1	0	0	0	?	0	0	0
chr2	7778	42162726	42162730	4	1	1	1	1	0	0	0	?	0	0	0
chr2	7779	42162901	42162908	7	0	0	1	1	10	10	0	?	0	0	0
chr2	7780	42163870	42163873	3	1	1	1	1	0	0	0	?	0	0	0
chr2	7781	42165169	42165172	3	1	1	1	1	0	0	0	?	0	0	0
chr2	7782	42165768	42165771	3	1	1	1	1	0	0	0	?	0	0	0
chr2	7783	42166002	42166004	2	1	1	1	1	0	0	0	?	0	0	0
chr2	7784	42166945	42166948	3	1	1	1	1	0	0	0	?	0	0	0
chr2	7785	42168852	42168855	3	1	1	1	1	0	0	0	?	0	0	0
chr2	7786	42169580	42169583	3	1	1	1	1	0	0	0	?	0	0	0
chr2	7787	42170023	42170026	3	1	1	1	1	0	0	0	?	0	0	0
chr2	7788	42170356	42170359	3	1	1	1	1	0	0	0	?	0	0	0
chr2	7789	42171331	42171334	3	1	1	1	1	0	0	0	?	0	0	0
chr2	7790	42172755	42172758	3	1	1	1	1	0	0	0	?	0	0	0
chr2	7791	42173442	42173445	3	1	1	1	1	0	0	0	?	0	0	0
chr2	7792	42174536	42174539	3	1	1	1	1	0	0	0	?	0	0	0
chr2	7793	42174902	42174905	3	1	1	1	1	0	0	0	?	0	0	0
chr2	7794	42174925	42174928	3	1	1	1	1	0	0	0	?	0	0	0
chr2	7795	42174975	42174978	3	1	1	1	1	0	0	0	?	0	0	0
chr2	7796	42175685	42175688	3	1	1	1	1	0	0	0	?	0	0	0
chr2	7797	42176303	42176306	3	1	1	1	1	0	0	0	?	0	0	0
chr2	7798	42176369	42176372	3	1	1	1	1	0	0	0	?	0	0	0
chr2	7799	42177255	42177257	2	1	1	1	1	0	0	0	?	0	0	0
chr2	7800	42177679	42177682	3	1	1	1	1	0	0	0	?	0	0	0
chr2	7801	42178601	42178604	3	1	1	1	1	0	0	0	?	0	0	0
chr2	7802	42178927	42178930	3	1	1	1	1	0	0	0	?	0	0	0
chr2	7803	42179262	42179265	3	1	1	1	1	0	0	0	?	0	0	0
chr2	7804	42179928	42179931	3	1	1	1	1	0	0	0	?	0	0	0
chr2	7805	42180145	42180148	3	1	1	1	1	0	0	0	?	0	0	0
chr2	7806	42180605	42180608	3	1	1	1	1	0	0	0	?	0	0	0
chr2	7807	42202550	42202553	3	1	1	1	1	0	0	0	?	0	0	0
chr2	7808	42221402	42221405	3	0	0	1	1	2	2	0	?	0	0	0
chr2	7809	42233365	42233368	3	1	1	1	1	0	0	0	?	0	0	0
chr2	7810	42243938	42243941	3	1	1	1	1	0	0	0	?	0	0	0
chr2	7811	42245093	42245095	2	0	0	1	1	28	28	0	?	0	0	0
chr2	7812	42254616	42254619	3	1	1	1	1	0	0	0	?	0	0	0
chr2	7813	42264102	42264105	3	0	0	1	1	2	2	0	?	0	0	0
chr2	7814	42278572	42278575	3	0	0	1	1	2	2	0	?	0	0	0
chr2	7815	42282876	42282879	3	1	1	1	1	0	0	0	?	0	0	0
chr2	7816	42297639	42297642	3	1	1	1	1	0	0	0	?	0	0	0
chr2	7817	42306539	42306542	3	1	1	1	1	0	0	0	?	0	0	0
chr2	7818	42310853	42310856	3	1	1	1	1	0	0	0	?	0	0	0
chr2	7819	42320327	42320330	3	0	0	1	1	2	2	0	?	0	0	0
chr2	7820	42325601	42325603	2	0	0	1	1	28	28	0	?	0	0	0
chr2	7821	42329045	42329048	3	1	1	1	1	0	0	0	?	0	0	0
chr2	7822	42347306	42347308	2	1	1	1	1	0	0	0	?	0	0	0
chr2	7823	42357176	42357179	3	0	0	1	0	1	1	0	?	0	0	0
chr2	7824	42360717	42360719	2	1	1	1	1	0	0	0	?	0	0	0
chr2	7825	42366131	42366134	3	1	1	1	1	0	0	0	?	0	0	0
chr2	7826	42376768	42376771	3	0	0	1	0	1	1	0	?	0	0	0
chr2	7827	42377546	42377548	2	0	1	0	1	0	12	0	=	0	0	0
chr2	7828	42378010	42378012	2	0	1	0	1	0	2	0	=	0	0	0
chr2	7829	42378698	42378701	3	0	1	0	1	0	1	0	=	0	0	0
chr2	7830	42379631	42379634	3	0	1	0	1	0	1	0	=	0	0	0
chr2	7831	42380146	42380149	3	0	1	0	1	0	1	0	=	0	0	0
chr2	7832	42383211	42383214	3	0	1	0	1	0	1	0	=	0	0	0
chr2	7833	42384401	42384404	3	1	1	1	1	0	0	0	?	0	0	0
chr2	7834	42388547	42388550	3	0	1	0	1	0	1	0	=	0	0	0
chr2	7835	42390729	42390732	3	0	1	0	1	0	1	0	=	0	0	0
chr2	7836	42391594	42391630	36	0	1	0	2	1	2	0	?	0	0	0
chr2	7837	42391790	42391793	3	0	1	0	1	0	1	0	=	0	0	0
chr2	7838	42395789	42395791	2	0	1	0	1	0	1	0	=	0	0	0
chr2	7839	42397068	42397071	3	0	1	0	1	0	1	0	=	0	0	0
chr2	7840	42397181	42397184	3	0	1	0	1	0	1	0	=	0	0	0
chr2	7841	42397520	42397523	3	0	1	0	1	0	1	0	=	0	0	0
chr2	7842	42397612	42397615	3	0	1	0	1	0	1	0	=	0	0	0
chr2	7843	42398223	42398261	38	1	1	1	1	0	2	0	=	0	0	0
chr2	7844	42401301	42401304	3	1	0	1	0	0	1	0	=	0	0	0
chr2	7845	42403090	42403093	3	0	1	0	1	0	1	0	=	0	0	0
chr2	7846	42406825	42406828	3	1	1	1	1	0	0	0	?	0	0	0
chr2	7847	42408236	42408239	3	0	1	0	1	0	1	0	=	0	0	0
chr2	7848	42410521	42410524	3	0	1	0	1	0	1	0	=	0	0	0
chr2	7849	42411187	42411190	3	0	1	0	1	0	1	0	=	0	0	0
chr2	7850	42419218	42419221	3	0	0	1	1	6	6	0	?	0	0	0
chr2	7851	42419292	42419295	3	0	1	0	1	0	1	0	=	0	0	0
chr2	7852	42421338	42421341	3	0	1	0	1	0	1	0	=	0	0	0
chr2	7853	42421501	42421503	2	0	1	0	1	0	1	0	=	0	0	0
chr2	7854	42421721	42421724	3	0	1	0	1	0	1	0	=	0	0	0
chr2	7855	42421837	42421840	3	0	1	0	1	0	1	0	=	0	0	0
chr2	7856	42425397	42425399	2	0	1	0	1	0	1	0	=	0	0	0
chr2	7857	42427436	42427438	2	0	1	0	1	0	3	0	=	0	0	0
chr2	7858	42427456	42427459	3	0	1	0	1	0	1	0	=	0	0	0
chr2	7859	42428457	42428460	3	0	1	0	2	2	3	0	?	0	0	0
chr2	7860	42428879	42428882	3	0	1	0	1	0	1	0	=	0	0	0
chr2	7861	42430362	42430364	2	1	0	1	0	0	4	0	=	0	0	0
chr2	7862	42432035	42432037	2	1	1	1	1	0	2	0	=	0	0	0
chr2	7863	42432125	42432128	3	1	1	1	1	0	0	0	?	0	0	0
chr2	7864	42434457	42434460	3	0	0	1	1	2	2	0	?	0	0	0
chr2	7865	42437938	42437942	4	1	1	1	1	1	1	0	?	0	0	0
chr2	7866	42438280	42438283	3	0	1	0	1	0	1	0	=	0	0	0
chr2	7867	42439088	42439091	3	1	1	1	1	0	0	0	?	0	0	0
chr2	7868	42439250	42439254	4	1	1	1	1	0	0	0	?	0	0	0
chr2	7869	42439651	42439653	2	1	1	1	1	0	0	0	?	0	0	0
chr2	7870	42440443	42440446	3	0	1	0	1	0	1	0	=	0	0	0
chr2	7871	42440480	42440483	3	1	1	1	1	0	0	0	?	0	0	0
chr2	7872	42440768	42440771	3	0	1	0	1	0	1	0	=	0	0	0
chr2	7873	42440819	42440822	3	1	1	1	1	0	0	0	?	0	0	0
chr2	7874	42441731	42441733	2	0	0	1	1	111	111	0	?	0	0	0
chr2	7875	42442478	42442481	3	0	1	0	1	0	1	0	=	0	0	0
chr2	7876	42443256	42443259	3	1	0	1	0	0	1	0	=	0	0	0
chr2	7877	42444800	42444803	3	1	0	1	0	0	1	0	=	0	0	0
chr2	7878	42444897	42444900	3	1	1	1	1	0	0	0	?	0	0	0
chr2	7879	42445072	42445076	4	1	1	0	1	1	2	0	?	0	0	0
chr2	7880	42445436	42445439	3	1	0	1	0	0	1	0	=	0	0	0
chr2	7881	42445589	42445592	3	1	1	1	1	0	0	0	?	0	0	0
chr2	7882	42445732	42445735	3	1	1	1	1	0	0	0	?	0	0	0
chr2	7883	42446851	42446854	3	0	1	0	1	0	1	0	=	0	0	0
chr2	7884	42447518	42447521	3	0	1	0	1	0	1	0	=	0	0	0
chr2	7885	42447579	42447582	3	1	0	1	0	0	1	0	=	0	0	0
chr2	7886	42447599	42447602	3	1	1	1	1	0	0	0	?	0	0	0
chr2	7887	42448103	42448106	3	1	0	1	0	0	1	0	=	0	0	0
chr2	7888	42448343	42448349	6	1	0	1	0	0	4	0	=	0	0	0
chr2	7889	42449265	42449268	3	1	0	1	0	0	1	0	=	0	0	0
chr2	7890	42449470	42449472	2	0	1	0	1	0	1	0	=	0	0	0
chr2	7891	42449513	42449517	4	1	1	1	1	0	2	0	=	0	0	0
chr2	7892	42449710	42449713	3	1	0	1	0	0	1	0	=	0	0	0
chr2	7893	42450407	42450410	3	0	1	0	1	0	1	0	=	0	0	0
chr2	7894	42450445	42450448	3	1	0	1	0	0	1	0	=	0	0	0
chr2	7895	42450746	42450749	3	1	1	1	1	0	0	0	?	0	0	0
chr2	7896	42451116	42451119	3	1	1	1	1	0	0	0	?	0	0	0
chr2	7897	42451203	42451206	3	0	0	1	0	1	1	0	?	0	0	0
chr2	7898	42452242	42452247	5	0	2	1	1	4	4	0	?	0	0	0
chr2	7899	42452521	42452524	3	0	1	0	1	0	1	0	=	0	0	0
chr2	7900	42452769	42452771	2	1	1	1	1	0	0	0	?	0	0	0
chr2	7901	42454092	42454095	3	1	0	1	0	0	1	0	=	0	0	0
chr2	7902	42457329	42457331	2	0	1	0	1	0	1	0	=	0	0	0
chr2	7903	42457626	42457628	2	0	0	1	1	18	18	0	?	0	0	0
chr2	7904	42457868	42457871	3	1	0	1	0	0	1	0	=	0	0	0
chr2	7905	42458801	42458803	2	1	1	1	1	0	0	0	?	0	0	0
chr2	7906	42459198	42459200	2	1	1	1	1	0	0	0	?	0	0	0
chr2	7907	42459980	42459982	2	1	1	1	1	0	0	0	?	0	0	0
chr2	7908	42461181	42461187	6	1	0	1	1	2	3	0	?	0	0	0
chr2	7909	42461655	42461658	3	1	1	1	1	0	0	0	?	0	0	0
chr2	7910	42462615	42462618	3	1	1	1	1	0	0	0	?	0	0	0
chr2	7911	42463325	42463350	25	2	2	2	2	0	0	0	?	0	0	0
chr2	7912	42463736	42463739	3	1	0	1	0	0	1	0	=	0	0	0
chr2	7913	42463931	42463934	3	1	1	1	1	0	0	0	?	0	0	0
chr2	7914	42464092	42464095	3	0	1	0	1	0	1	0	=	0	0	0
chr2	7915	42464459	42464462	3	0	1	0	1	0	1	0	=	0	0	0
chr2	7916	42465091	42465094	3	1	0	1	0	0	1	0	=	0	0	0
chr2	7917	42465914	42465917	3	1	1	1	1	0	0	0	?	0	0	0
chr2	7918	42466130	42466133	3	0	0	1	1	2	2	0	?	0	0	0
chr2	7919	42466750	42466752	2	1	1	1	1	0	0	0	?	0	0	0
chr2	7920	42468900	42468903	3	1	1	1	1	0	0	0	?	0	0	0
chr2	7921	42468953	42468992	39	1	1	2	2	4	4	0	?	0	0	0
chr2	7922	42470055	42470058	3	1	1	1	1	0	0	0	?	0	0	0
chr2	7923	42470434	42470437	3	1	1	1	1	0	0	0	?	0	0	0
chr2	7924	42470446	42470449	3	1	1	1	1	0	0	0	?	0	0	0
chr2	7925	42471184	42471191	7	1	1	3	3	16	16	0	?	0	0	0
chr2	7926	42472022	42472025	3	1	1	1	1	0	0	0	?	0	0	0
chr2	7927	42472902	42472906	4	0	0	1	1	2	2	0	?	0	0	0
chr2	7928	42473003	42473006	3	1	1	1	1	0	0	0	?	0	0	0
chr2	7929	42473963	42473966	3	1	1	1	1	0	0	0	?	0	0	0
chr2	7930	42474459	42474462	3	1	1	1	1	0	0	0	?	0	0	0
chr2	7931	42475322	42475325	3	1	1	1	1	0	0	0	?	0	0	0
chr2	7932	42475454	42475457	3	1	1	1	1	0	0	0	?	0	0	0
chr2	7933	42476485	42476501	16	2	1	1	1	1	1	0	?	0	0	0
chr2	7934	42477281	42477284	3	1	1	1	1	0	0	0	?	0	0	0
chr2	7935	42477381	42477431	50	4	4	5	5	12	12	0	?	0	0	0
chr2	7936	42477615	42477618	3	1	1	1	1	0	0	0	?	0	0	0
chr2	7937	42477890	42477895	5	1	1	2	1	1	2	0	?	0	0	0
chr2	7938	42478140	42478143	3	1	1	1	1	0	0	0	?	0	0	0
chr2	7939	42478434	42478437	3	1	1	1	1	0	0	0	?	0	0	0
chr2	7940	42478493	42478496	3	1	1	1	1	0	0	0	?	0	0	0
chr2	7941	42479807	42479810	3	1	1	1	1	0	0	0	?	0	0	0
chr2	7942	42479995	42479998	3	1	0	1	0	0	1	0	=	0	0	0
chr2	7943	42480757	42480760	3	0	1	0	1	0	1	0	=	0	0	0
chr2	7944	42481125	42481128	3	1	1	1	1	0	0	0	?	0	0	0
chr2	7945	42481263	42481266	3	1	1	1	1	0	0	0	?	0	0	0
chr2	7946	42482601	42482604	3	1	0	1	0	0	1	0	=	0	0	0
chr2	7947	42483293	42483296	3	0	1	0	1	0	1	0	=	0	0	0
chr2	7948	42483350	42483353	3	1	0	1	0	0	1	0	=	0	0	0
chr2	7949	42483422	42483430	8	1	1	2	2	2	2	0	?	0	0	0
chr2	7950	42483920	42483923	3	1	1	1	1	0	0	0	?	0	0	0
chr2	7951	42483949	42483952	3	0	1	0	1	0	1	0	=	0	0	0
chr2	7952	42483977	42483981	4	1	1	1	1	0	2	0	=	0	0	0
chr2	7953	42484277	42484280	3	1	0	1	0	0	1	0	=	0	0	0
chr2	7954	42484457	42484460	3	1	0	1	0	0	1	0	=	0	0	0
chr2	7955	42485448	42485450	2	1	0	1	0	0	1	0	=	0	0	0
chr2	7956	42485519	42485522	3	1	1	1	1	0	0	0	?	0	0	0
chr2	7957	42485790	42485793	3	0	1	0	1	0	1	0	=	0	0	0
chr2	7958	42487016	42487019	3	1	1	1	1	0	0	0	?	0	0	0
chr2	7959	42487346	42487350	4	1	1	1	1	0	0	0	?	0	0	0
chr2	7960	42488443	42488446	3	0	1	0	1	0	1	0	=	0	0	0
chr2	7961	42489169	42489172	3	1	0	1	0	0	1	0	=	0	0	0
chr2	7962	42491756	42491759	3	1	0	1	0	0	1	0	=	0	0	0
chr2	7963	42492179	42492182	3	1	0	1	0	0	1	0	=	0	0	0
chr2	7964	42492706	42492721	15	2	2	2	2	0	0	0	?	0	0	0
chr2	7965	42494309	42494312	3	1	0	1	0	0	1	0	=	0	0	0
chr2	7966	42494631	42494634	3	1	0	1	0	0	1	0	=	0	0	0
chr2	7967	42494906	42494909	3	1	0	1	0	0	1	0	=	0	0	0
chr2	7968	42495268	42495271	3	1	0	1	0	0	1	0	=	0	0	0
chr2	7969	42495457	42495460	3	1	0	1	0	0	1	0	=	0	0	0
chr2	7970	42496403	42496406	3	0	1	0	1	0	1	0	=	0	0	0
chr2	7971	42496607	42496610	3	1	0	1	0	0	1	0	=	0	0	0
chr2	7972	42497912	42497915	3	1	0	1	0	0	1	0	=	0	0	0
chr2	7973	42498056	42498059	3	1	1	1	1	0	0	0	?	0	0	0
chr2	7974	42498077	42498080	3	0	1	0	1	0	1	0	=	0	0	0
chr2	7975	42499427	42499430	3	1	0	1	0	0	1	0	=	0	0	0
chr2	7976	42499459	42499462	3	1	0	1	0	0	1	0	=	0	0	0
chr2	7977	42499744	42499747	3	1	1	1	1	0	0	0	?	0	0	0
chr2	7978	42499771	42499776	5	1	0	1	1	1	2	0	?	0	0	0
chr2	7979	42501462	42501465	3	1	0	1	0	0	1	0	=	0	0	0
chr2	7980	42503730	42503733	3	1	0	1	0	0	1	0	=	0	0	0
chr2	7981	42503904	42503922	18	1	1	1	1	0	10	0	=	0	0	0
chr2	7982	42504171	42504174	3	1	0	1	0	0	1	0	=	0	0	0
chr2	7983	42504508	42504511	3	1	0	1	0	0	1	0	=	0	0	0
chr2	7984	42505217	42505220	3	1	1	1	1	0	0	0	?	0	0	0
chr2	7985	42505769	42505771	2	1	0	1	0	0	1	0	=	0	0	0
chr2	7986	42506623	42506629	6	1	1	1	1	0	0	0	?	0	0	0
chr2	7987	42507399	42507402	3	1	0	1	0	0	1	0	=	0	0	0
chr2	7988	42508030	42508033	3	0	1	0	1	0	1	0	=	0	0	0
chr2	7989	42509879	42509882	3	1	0	1	0	0	1	0	=	0	0	0
chr2	7990	42510592	42510595	3	1	0	1	0	0	1	0	=	0	0	0
chr2	7991	42511014	42511017	3	1	0	1	0	0	1	0	=	0	0	0
chr2	7992	42511788	42511791	3	1	0	1	0	0	1	0	=	0	0	0
chr2	7993	42511800	42511803	3	1	0	1	0	0	1	0	=	0	0	0
chr2	7994	42512019	42512022	3	0	1	0	1	0	1	0	=	0	0	0
chr2	7995	42512021	42512024	3	1	0	1	0	0	1	0	=	0	0	0
chr2	7996	42512191	42512194	3	1	0	1	0	0	1	0	=	0	0	0
chr2	7997	42513533	42513536	3	1	0	1	0	0	1	0	=	0	0	0
chr2	7998	42513739	42513742	3	1	0	1	0	0	1	0	=	0	0	0
chr2	7999	42513927	42513930	3	1	0	1	0	0	1	0	=	0	0	0
chr2	8000	42514144	42514147	3	1	0	1	0	0	1	0	=	0	0	0
chr2	8001	42514282	42514285	3	1	1	1	1	0	0	0	?	0	0	0
chr2	8002	42514336	42514339	3	0	1	0	1	0	1	0	=	0	0	0
chr2	8003	42514681	42514683	2	0	0	1	1	19	19	0	?	0	0	0
chr2	8004	42514772	42514775	3	1	1	1	1	0	0	0	?	0	0	0
chr2	8005	42514789	42514792	3	1	0	1	0	0	1	0	=	0	0	0
chr2	8006	42514856	42514859	3	1	0	1	0	0	1	0	=	0	0	0
chr2	8007	42515135	42515138	3	1	0	1	0	0	1	0	=	0	0	0
chr2	8008	42515226	42515229	3	1	0	1	0	0	1	0	=	0	0	0
chr2	8009	42515840	42515842	2	0	1	0	1	0	2	0	=	0	0	0
chr2	8010	42515995	42515998	3	1	0	1	0	0	1	0	=	0	0	0
chr2	8011	42516306	42516309	3	0	1	0	1	0	1	0	=	0	0	0
chr2	8012	42516401	42516404	3	0	1	0	1	0	1	0	=	0	0	0
chr2	8013	42517040	42517043	3	1	0	1	0	0	1	0	=	0	0	0
chr2	8014	42517255	42517258	3	0	1	0	1	0	1	0	=	0	0	0
chr2	8015	42517572	42517575	3	0	1	0	1	0	1	0	=	0	0	0
chr2	8016	42517696	42517699	3	0	1	0	1	0	1	0	=	0	0	0
chr2	8017	42517723	42517726	3	0	1	0	1	0	1	0	=	0	0	0
chr2	8018	42517863	42517865	2	0	1	0	1	0	3	0	=	0	0	0
chr2	8019	42518604	42518607	3	0	1	0	1	0	1	0	=	0	0	0
chr2	8020	42518835	42518838	3	0	1	0	1	0	1	0	=	0	0	0
chr2	8021	42518967	42518985	18	0	0	1	1	32	32	0	?	0	0	0
chr2	8022	42519151	42519154	3	1	0	1	0	0	1	0	=	0	0	0
chr2	8023	42519859	42519862	3	0	1	0	1	0	1	0	=	0	0	0
chr2	8024	42520465	42520468	3	0	1	0	1	0	1	0	=	0	0	0
chr2	8025	42521176	42521179	3	0	1	0	1	0	1	0	=	0	0	0
chr2	8026	42521206	42521209	3	0	1	0	1	0	1	0	=	0	0	0
chr2	8027	42521255	42521258	3	0	1	0	1	0	1	0	=	0	0	0
chr2	8028	42521750	42521753	3	1	1	1	1	0	4	0	=	0	0	0
chr2	8029	42522017	42522020	3	1	0	1	0	0	1	0	=	0	0	0
chr2	8030	42522221	42522224	3	0	1	0	1	0	1	0	=	0	0	0
chr2	8031	42523391	42523394	3	0	1	0	1	0	1	0	=	0	0	0
chr2	8032	42524305	42524308	3	0	1	0	1	0	1	0	=	0	0	0
chr2	8033	42524343	42524346	3	0	1	0	1	0	1	0	=	0	0	0
chr2	8034	42524471	42524482	11	0	1	1	1	1	5	0	=	0	0	0
chr2	8035	42524826	42524843	17	1	2	1	2	0	3	0	=	0	0	0
chr2	8036	42524885	42524887	2	0	0	1	1	2	2	0	?	0	0	0
chr2	8037	42524956	42524959	3	0	1	0	1	0	1	0	=	0	0	0
chr2	8038	42525138	42525141	3	0	1	0	1	0	1	0	=	0	0	0
chr2	8039	42525194	42525198	4	0	1	0	1	0	2	0	=	0	0	0
chr2	8040	42525474	42525632	158	1	5	4	6	30	39	0	?	0	0	0
chr2	8041	42525708	42525711	3	0	1	0	1	0	1	0	=	0	0	0
chr2	8042	42526354	42526357	3	1	0	1	0	0	1	0	=	0	0	0
chr2	8043	42526721	42526724	3	0	1	0	1	0	1	0	=	0	0	0
chr2	8044	42526858	42526861	3	0	1	0	1	0	1	0	=	0	0	0
chr2	8045	42526928	42526931	3	0	1	0	1	0	1	0	=	0	0	0
chr2	8046	42527051	42527053	2	0	0	0	1	2	2	0	?	0	0	0
chr2	8047	42527176	42527179	3	1	0	1	0	0	1	0	=	0	0	0
chr2	8048	42527449	42527452	3	0	1	0	1	0	1	0	=	0	0	0
chr2	8049	42527656	42527659	3	1	0	1	0	0	1	0	=	0	0	0
chr2	8050	42527799	42527802	3	0	1	0	1	0	1	0	=	0	0	0
chr2	8051	42527823	42527825	2	0	1	0	1	0	1	0	=	0	0	0
chr2	8052	42527959	42527962	3	0	1	0	1	0	1	0	=	0	0	0
chr2	8053	42528226	42528229	3	0	1	0	1	0	1	0	=	0	0	0
chr2	8054	42530183	42530185	2	0	1	0	1	0	1	0	=	0	0	0
chr2	8055	42530490	42530493	3	0	1	0	1	0	1	0	=	0	0	0
chr2	8056	42530628	42530630	2	0	1	0	1	0	1	0	=	0	0	0
chr2	8057	42530986	42530989	3	0	1	0	1	0	1	0	=	0	0	0
chr2	8058	42531113	42531116	3	0	1	0	1	0	1	0	=	0	0	0
chr2	8059	42531444	42531446	2	0	0	0	1	5	5	0	?	0	0	0
chr2	8060	42531778	42531781	3	0	1	0	1	0	1	0	=	0	0	0
chr2	8061	42532737	42532739	2	0	1	0	1	0	1	0	=	0	0	0
chr2	8062	42533059	42533062	3	0	1	0	1	0	1	0	=	0	0	0
chr2	8063	42533248	42533251	3	0	1	0	1	0	1	0	=	0	0	0
chr2	8064	42533519	42533521	2	0	1	0	1	0	4	0	=	0	0	0
chr2	8065	42533567	42533570	3	1	0	1	0	0	1	0	=	0	0	0
chr2	8066	42533588	42533591	3	0	1	0	1	0	1	0	=	0	0	0
chr2	8067	42533830	42533834	4	1	1	1	1	0	2	0	=	0	0	0
chr2	8068	42533964	42533967	3	0	1	0	1	0	1	0	=	0	0	0
chr2	8069	42534239	42534242	3	0	1	0	1	0	1	0	=	0	0	0
chr2	8070	42534415	42534423	8	1	2	1	2	0	1	0	=	0	0	0
chr2	8071	42534488	42534491	3	0	1	0	1	0	1	0	=	0	0	0
chr2	8072	42534598	42534606	8	0	1	0	1	0	6	0	=	0	0	0
chr2	8073	42534662	42534665	3	1	1	1	1	0	0	0	?	0	0	0
chr2	8074	42534788	42534791	3	1	1	1	1	0	0	0	?	0	0	0
chr2	8075	42534827	42534830	3	1	0	1	0	0	1	0	=	0	0	0
chr2	8076	42535597	42535600	3	0	1	0	1	0	1	0	=	0	0	0
chr2	8077	42535735	42535740	5	0	1	0	1	0	3	0	=	0	0	0
chr2	8078	42535899	42535937	38	0	1	0	1	0	36	0	=	0	0	0
chr2	8079	42536241	42536244	3	0	1	0	1	0	1	0	=	0	0	0
chr2	8080	42536430	42536433	3	0	1	0	1	0	1	0	=	0	0	0
chr2	8081	42536539	42536542	3	0	1	0	1	0	1	0	=	0	0	0
chr2	8082	42536843	42536859	16	1	2	1	2	0	5	0	=	0	0	0
chr2	8083	42536944	42536947	3	0	1	0	1	0	1	0	=	0	0	0
chr2	8084	42536978	42536981	3	0	1	0	1	0	1	0	=	0	0	0
chr2	8085	42537571	42537574	3	1	1	1	1	0	0	0	?	0	0	0
chr2	8086	42537827	42537830	3	0	1	0	1	0	1	0	=	0	0	0
chr2	8087	42538205	42538208	3	0	1	0	1	0	1	0	=	0	0	0
chr2	8088	42538443	42538446	3	0	1	0	1	0	1	0	=	0	0	0
chr2	8089	42538708	42538710	2	0	1	0	1	0	1	0	=	0	0	0
chr2	8090	42538757	42538779	22	0	3	1	3	1	6	0	=	0	0	0
chr2	8091	42538799	42538803	4	0	2	0	2	0	2	0	=	0	0	0
chr2	8092	42538929	42538932	3	0	1	0	1	0	1	0	=	0	0	0
chr2	8093	42539064	42539067	3	0	1	0	1	0	1	0	=	0	0	0
chr2	8094	42539177	42539180	3	0	1	0	1	0	1	0	=	0	0	0
chr2	8095	42539576	42539578	2	0	0	0	1	1	1	0	?	0	0	0
chr2	8096	42539902	42539905	3	1	0	1	0	0	1	0	=	0	0	0
chr2	8097	42540053	42540056	3	0	1	0	1	0	1	0	=	0	0	0
chr2	8098	42540169	42540171	2	0	1	0	1	0	2	0	=	0	0	0
chr2	8099	42540499	42540502	3	0	1	0	1	0	1	0	=	0	0	0
chr2	8100	42540719	42540722	3	0	1	0	1	0	1	0	=	0	0	0
chr2	8101	42540833	42540836	3	0	1	0	1	0	1	0	=	0	0	0
chr2	8102	42540922	42540925	3	0	1	0	1	0	1	0	=	0	0	0
chr2	8103	42541106	42541109	3	0	1	0	1	0	1	0	=	0	0	0
chr2	8104	42541401	42541404	3	1	0	1	0	0	1	0	=	0	0	0
chr2	8105	42541881	42541884	3	0	1	0	1	0	1	0	=	0	0	0
chr2	8106	42542468	42542471	3	1	1	1	1	0	0	0	?	0	0	0
chr2	8107	42542497	42542500	3	0	1	0	1	0	1	0	=	0	0	0
chr2	8108	42542615	42542618	3	0	1	0	1	0	1	0	=	0	0	0
chr2	8109	42542934	42542937	3	0	1	0	1	0	1	0	=	0	0	0
chr2	8110	42543011	42543014	3	0	1	0	1	0	1	0	=	0	0	0
chr2	8111	42543646	42543649	3	1	0	1	0	0	1	0	=	0	0	0
chr2	8112	42544005	42544008	3	0	1	0	1	0	1	0	=	0	0	0
chr2	8113	42544551	42544554	3	0	1	0	1	0	1	0	=	0	0	0
chr2	8114	42544692	42544695	3	0	1	0	1	0	1	0	=	0	0	0
chr2	8115	42545095	42545098	3	0	1	0	1	0	1	0	=	0	0	0
chr2	8116	42545157	42545160	3	1	0	1	0	0	1	0	=	0	0	0
chr2	8117	42545860	42545863	3	0	1	0	1	0	1	0	=	0	0	0
chr2	8118	42546502	42546504	2	0	1	0	1	0	1	0	=	0	0	0
chr2	8119	42546733	42546736	3	0	1	0	1	0	1	0	=	0	0	0
chr2	8120	42548809	42548879	70	0	0	4	4	81	81	0	?	0	0	0
chr2	8121	42549386	42549550	164	0	1	7	4	133	134	0	?	0	0	0
chr2	8122	42551184	42551187	3	1	1	1	1	0	0	0	?	0	0	0
chr2	8123	42552240	42552243	3	1	1	1	1	0	0	0	?	0	0	0
chr2	8124	42552559	42552562	3	0	1	0	1	0	1	0	=	0	0	0
chr2	8125	42553238	42553241	3	1	1	1	1	0	0	0	?	0	0	0
chr2	8126	42553422	42553424	2	1	1	1	1	0	0	0	?	0	0	0
chr2	8127	42553885	42553890	5	1	1	2	2	2	2	0	?	0	0	0
chr2	8128	42554633	42554636	3	1	0	1	0	0	1	0	=	0	0	0
chr2	8129	42555454	42555456	2	0	0	1	1	4	4	0	?	0	0	0
chr2	8130	42557256	42557259	3	1	1	1	1	0	0	0	?	0	0	0
chr2	8131	42557397	42557400	3	1	1	1	1	0	0	0	?	0	0	0
chr2	8132	42558695	42558698	3	0	1	0	1	0	1	0	=	0	0	0
chr2	8133	42559392	42559395	3	0	1	0	1	0	1	0	=	0	0	0
chr2	8134	42559811	42559814	3	0	0	0	1	1	1	0	?	0	0	0
chr2	8135	42561702	42561704	2	1	1	1	1	0	0	0	?	0	0	0
chr2	8136	42563422	42563425	3	1	1	1	1	0	0	0	?	0	0	0
chr2	8137	42563775	42563777	2	0	0	1	1	24	24	0	?	0	0	0
chr2	8138	42563978	42563981	3	0	1	0	1	0	1	0	=	0	0	0
chr2	8139	42565928	42565931	3	0	1	0	1	0	1	0	=	0	0	0
chr2	8140	42568574	42568588	14	3	3	3	3	0	0	0	?	0	0	0
chr2	8141	42568812	42568815	3	0	0	1	1	2	2	0	?	0	0	0
chr2	8142	42571385	42571388	3	0	0	1	1	2	2	0	?	0	0	0
chr2	8143	42572263	42572266	3	1	1	1	1	0	0	0	?	0	0	0
chr2	8144	42574907	42574910	3	1	1	1	1	0	0	0	?	0	0	0
chr2	8145	42576223	42576226	3	1	1	1	1	0	0	0	?	0	0	0
chr2	8146	42576289	42576292	3	1	1	1	1	0	0	0	?	0	0	0
chr2	8147	42577090	42577136	46	0	0	5	4	14	14	0	?	0	0	0
chr2	8148	42577477	42577480	3	1	1	1	1	0	0	0	?	0	0	0
chr2	8149	42578316	42578319	3	1	0	1	0	0	1	0	=	0	0	0
chr2	8150	42578533	42578537	4	1	1	2	2	2	2	0	?	0	0	0
chr2	8151	42579429	42579432	3	1	1	1	1	2	2	0	?	0	0	0
chr2	8152	42579596	42579599	3	1	1	1	1	0	0	0	?	0	0	0
chr2	8153	42580475	42580478	3	1	1	1	1	0	0	0	?	0	0	0
chr2	8154	42580836	42580839	3	1	1	1	1	0	0	0	?	0	0	0
chr2	8155	42581102	42581106	4	1	0	1	0	0	2	0	=	0	0	0
chr2	8156	42581391	42581394	3	1	1	1	1	0	0	0	?	0	0	0
chr2	8157	42581888	42581891	3	1	1	1	1	0	0	0	?	0	0	0
chr2	8158	42583568	42583571	3	1	1	1	1	0	0	0	?	0	0	0
chr2	8159	42583944	42583947	3	1	1	1	1	0	0	0	?	0	0	0
chr2	8160	42583977	42583980	3	1	1	1	1	0	0	0	?	0	0	0
chr2	8161	42584015	42584018	3	1	1	1	1	0	0	0	?	0	0	0
chr2	8162	42584264	42584267	3	1	1	1	1	0	0	0	?	0	0	0
chr2	8163	42584521	42584524	3	1	1	1	1	0	0	0	?	0	0	0
chr2	8164	42585475	42585478	3	1	0	1	0	0	1	0	=	0	0	0
chr2	8165	42585559	42585562	3	1	1	1	1	0	0	0	?	0	0	0
chr2	8166	42585870	42585873	3	1	1	1	1	0	0	0	?	0	0	0
chr2	8167	42586055	42586058	3	1	1	1	1	0	0	0	?	0	0	0
chr2	8168	42586105	42586108	3	1	1	1	1	0	0	0	?	0	0	0
chr2	8169	42586476	42586586	110	2	2	3	2	10	22	0	?	0	0	0
chr2	8170	42586743	42586746	3	1	1	1	1	0	0	0	?	0	0	0
chr2	8171	42587051	42587054	3	1	1	1	1	0	0	0	?	0	0	0
chr2	8172	42587924	42587927	3	1	1	1	1	0	0	0	?	0	0	0
chr2	8173	42588806	42588810	4	1	1	1	1	0	0	0	?	0	0	0
chr2	8174	42589028	42589031	3	0	1	0	1	0	1	0	=	0	0	0
chr2	8175	42589787	42589790	3	1	1	1	1	0	0	0	?	0	0	0
chr2	8176	42590632	42590635	3	1	1	1	1	0	0	0	?	0	0	0
chr2	8177	42590796	42590799	3	1	1	1	1	0	0	0	?	0	0	0
chr2	8178	42591115	42591118	3	1	1	1	1	0	0	0	?	0	0	0
chr2	8179	42591235	42591238	3	1	1	1	1	0	0	0	?	0	0	0
chr2	8180	42591568	42591578	10	2	1	2	1	0	1	0	=	0	0	0
chr2	8181	42591633	42591635	2	1	1	1	1	0	0	0	?	0	0	0
chr2	8182	42592134	42592137	3	1	1	1	1	0	0	0	?	0	0	0
chr2	8183	42592852	42592855	3	1	1	1	1	0	0	0	?	0	0	0
chr2	8184	42592959	42592967	8	2	2	2	2	0	0	0	?	0	0	0
chr2	8185	42593177	42593182	5	1	1	1	1	0	0	0	?	0	0	0
chr2	8186	42593274	42593283	9	2	2	2	2	0	0	0	?	0	0	0
chr2	8187	42593343	42593356	13	2	2	2	2	0	0	0	?	0	0	0
chr2	8188	42593707	42593709	2	1	1	1	1	0	0	0	?	0	0	0
chr2	8189	42593758	42593761	3	1	0	1	0	0	1	0	=	0	0	0
chr2	8190	42593880	42593883	3	1	1	1	1	0	0	0	?	0	0	0
chr2	8191	42593940	42593959	19	2	2	2	2	0	2	0	=	0	0	0
chr2	8192	42594243	42594267	24	1	1	1	1	0	2	0	=	0	0	0
chr2	8193	42594652	42594738	86	1	1	2	3	53	53	0	?	0	0	0
chr2	8194	42594781	42594783	2	1	1	1	1	0	0	0	?	0	0	0
chr2	8195	42594892	42594898	6	1	1	1	1	0	0	0	?	0	0	0
chr2	8196	42595105	42595107	2	0	1	1	1	3	5	0	?	0	0	0
chr2	8197	42596703	42596706	3	1	1	1	1	0	0	0	?	0	0	0
chr2	8198	42597168	42597171	3	1	1	1	1	0	0	0	?	0	0	0
chr2	8199	42597374	42597378	4	1	1	1	1	0	0	0	?	0	0	0
chr2	8200	42597683	42597685	2	1	1	1	1	0	2	0	=	0	0	0
chr2	8201	42598728	42598731	3	1	1	1	1	0	0	0	?	0	0	0
chr2	8202	42599265	42599268	3	1	1	1	1	0	0	0	?	0	0	0
chr2	8203	42599505	42599508	3	1	1	1	1	0	0	0	?	0	0	0
chr2	8204	42599536	42599539	3	1	0	1	0	0	1	0	=	0	0	0
chr2	8205	42599777	42599780	3	1	0	1	0	0	1	0	=	0	0	0
chr2	8206	42600039	42600041	2	1	1	1	1	0	0	0	?	0	0	0
chr2	8207	42600148	42600151	3	1	1	1	1	0	0	0	?	0	0	0
chr2	8208	42600199	42600202	3	1	1	1	1	0	0	0	?	0	0	0
chr2	8209	42600500	42600503	3	1	1	1	1	0	0	0	?	0	0	0
chr2	8210	42600563	42600566	3	1	1	1	1	0	0	0	?	0	0	0
chr2	8211	42602743	42602746	3	1	1	1	1	0	0	0	?	0	0	0
chr2	8212	42602946	42602949	3	1	1	1	1	0	0	0	?	0	0	0
chr2	8213	42602967	42602970	3	1	1	1	1	0	0	0	?	0	0	0
chr2	8214	42603023	42603026	3	1	1	1	1	0	0	0	?	0	0	0
chr2	8215	42603106	42603109	3	1	1	1	1	0	0	0	?	0	0	0
chr2	8216	42604438	42604441	3	1	0	1	0	0	1	0	=	0	0	0
chr2	8217	42604553	42604556	3	1	0	1	0	0	1	0	=	0	0	0
chr2	8218	42604572	42604575	3	1	1	1	1	0	0	0	?	0	0	0
chr2	8219	42604682	42604685	3	0	0	1	1	2	2	0	?	0	0	0
chr2	8220	42605037	42605040	3	0	1	0	1	0	1	0	=	0	0	0
chr2	8221	42605295	42605642	347	0	0	2	2	606	606	0	?	0	0	0
chr2	8222	42606004	42606033	29	0	0	5	5	14	14	0	?	0	0	0
chr2	8223	42606048	42606051	3	0	0	1	1	2	2	0	?	0	0	0
chr2	8224	42606198	42606201	3	0	0	1	1	2	2	0	?	0	0	0
chr2	8225	42606499	42606502	3	1	1	1	1	0	0	0	?	0	0	0
chr2	8226	42606805	42606808	3	1	1	1	1	0	0	0	?	0	0	0
chr2	8227	42606884	42606887	3	1	1	1	1	0	0	0	?	0	0	0
chr2	8228	42607093	42607101	8	1	1	1	1	0	0	0	?	0	0	0
chr2	8229	42607168	42607171	3	1	1	1	1	0	0	0	?	0	0	0
chr2	8230	42607281	42607284	3	1	1	1	1	0	0	0	?	0	0	0
chr2	8231	42607804	42607807	3	1	1	1	1	0	0	0	?	0	0	0
chr2	8232	42608298	42608301	3	1	1	1	1	0	0	0	?	0	0	0
chr2	8233	42608790	42608793	3	1	1	1	1	0	0	0	?	0	0	0
chr2	8234	42608876	42608879	3	1	1	1	1	0	0	0	?	0	0	0
chr2	8235	42609031	42609033	2	1	1	1	1	0	0	0	?	0	0	0
chr2	8236	42609071	42609074	3	1	1	1	1	0	0	0	?	0	0	0
chr2	8237	42609374	42609377	3	1	1	1	1	0	0	0	?	0	0	0
chr2	8238	42609876	42609879	3	1	1	1	1	0	0	0	?	0	0	0
chr2	8239	42609895	42609898	3	1	0	1	0	0	1	0	=	0	0	0
chr2	8240	42610349	42610352	3	1	1	1	1	0	0	0	?	0	0	0
chr2	8241	42610437	42610440	3	0	1	0	1	0	1	0	=	0	0	0
chr2	8242	42611256	42611259	3	1	1	1	1	0	0	0	?	0	0	0
chr2	8243	42611321	42611342	21	2	1	2	2	9	17	0	?	0	0	0
chr2	8244	42611659	42611662	3	1	1	1	1	0	0	0	?	0	0	0
chr2	8245	42611690	42611693	3	1	1	1	1	0	0	0	?	0	0	0
chr2	8246	42612011	42612014	3	1	1	1	1	0	0	0	?	0	0	0
chr2	8247	42612264	42612267	3	0	0	1	1	2	2	0	?	0	0	0
chr2	8248	42614158	42614161	3	1	1	1	1	0	0	0	?	0	0	0
chr2	8249	42614314	42614317	3	1	1	1	1	0	0	0	?	0	0	0
chr2	8250	42614725	42614728	3	1	1	1	1	0	0	0	?	0	0	0
chr2	8251	42614838	42614848	10	2	2	2	2	0	0	0	?	0	0	0
chr2	8252	42614923	42614926	3	0	1	0	1	0	1	0	=	0	0	0
chr2	8253	42614975	42614977	2	1	1	1	1	0	2	0	=	0	0	0
chr2	8254	42615509	42615512	3	1	1	1	1	0	0	0	?	0	0	0
chr2	8255	42615710	42615712	2	0	0	1	1	5	5	0	?	0	0	0
chr2	8256	42616081	42616094	13	2	1	2	1	0	1	0	=	0	0	0
chr2	8257	42616218	42616221	3	0	1	0	1	0	1	0	=	0	0	0
chr2	8258	42616420	42616422	2	1	1	1	1	0	0	0	?	0	0	0
chr2	8259	42616571	42616573	2	0	0	1	1	2	2	0	?	0	0	0
chr2	8260	42616609	42616612	3	1	0	1	0	0	1	0	=	0	0	0
chr2	8261	42616675	42616678	3	1	1	1	1	0	0	0	?	0	0	0
chr2	8262	42616703	42616706	3	1	1	1	1	0	0	0	?	0	0	0
chr2	8263	42616957	42616960	3	1	1	1	1	0	0	0	?	0	0	0
chr2	8264	42617783	42617785	2	1	0	1	0	0	1	0	=	0	0	0
chr2	8265	42617940	42617943	3	0	0	1	0	1	1	0	?	0	0	0
chr2	8266	42621131	42621133	2	1	1	1	1	0	0	0	?	0	0	0
chr2	8267	42621697	42621699	2	1	1	1	1	0	0	0	?	0	0	0
chr2	8268	42621735	42621738	3	1	0	1	0	0	1	0	=	0	0	0
chr2	8269	42622465	42622468	3	1	1	1	1	0	0	0	?	0	0	0
chr2	8270	42623443	42623446	3	1	1	1	1	0	0	0	?	0	0	0
chr2	8271	42623696	42623698	2	0	1	0	1	0	1	0	=	0	0	0
chr2	8272	42623798	42623801	3	1	1	1	1	0	0	0	?	0	0	0
chr2	8273	42624086	42624089	3	1	1	1	1	0	0	0	?	0	0	0
chr2	8274	42625223	42625226	3	1	1	1	1	0	0	0	?	0	0	0
chr2	8275	42625288	42625291	3	1	1	1	1	0	0	0	?	0	0	0
chr2	8276	42626142	42626145	3	0	1	0	1	0	1	0	=	0	0	0
chr2	8277	42626295	42626297	2	1	0	1	0	0	1	0	=	0	0	0
chr2	8278	42627623	42627626	3	1	1	1	1	0	0	0	?	0	0	0
chr2	8279	42627724	42627728	4	1	1	1	1	0	2	0	=	0	0	0
chr2	8280	42628205	42628211	6	0	1	1	1	16	20	0	?	0	0	0
chr2	8281	42628768	42628771	3	1	1	1	1	0	0	0	?	0	0	0
chr2	8282	42629182	42629185	3	1	1	1	1	0	0	0	?	0	0	0
chr2	8283	42629559	42629562	3	1	1	1	1	0	0	0	?	0	0	0
chr2	8284	42629638	42629641	3	1	1	1	1	0	0	0	?	0	0	0
chr2	8285	42631614	42631617	3	1	1	1	1	0	0	0	?	0	0	0
chr2	8286	42631720	42631723	3	1	1	1	1	0	0	0	?	0	0	0
chr2	8287	42631782	42631785	3	1	1	1	1	0	0	0	?	0	0	0
chr2	8288	42632090	42632092	2	1	1	1	1	0	0	0	?	0	0	0
chr2	8289	42632395	42632398	3	1	1	1	1	0	0	0	?	0	0	0
chr2	8290	42632572	42632575	3	1	0	1	0	0	1	0	=	0	0	0
chr2	8291	42632718	42632721	3	1	1	1	1	0	0	0	?	0	0	0
chr2	8292	42633456	42633459	3	1	1	1	1	0	0	0	?	0	0	0
chr2	8293	42633578	42633581	3	0	1	0	1	0	1	0	=	0	0	0
chr2	8294	42633590	42633593	3	1	0	1	0	0	1	0	=	0	0	0
chr2	8295	42633887	42633889	2	1	0	1	0	0	1	0	=	0	0	0
chr2	8296	42634025	42634028	3	1	1	1	1	0	0	0	?	0	0	0
chr2	8297	42634251	42634254	3	1	1	1	1	0	0	0	?	0	0	0
chr2	8298	42634456	42634459	3	1	1	1	1	0	0	0	?	0	0	0
chr2	8299	42636500	42636503	3	1	1	1	1	0	0	0	?	0	0	0
chr2	8300	42637828	42637831	3	1	1	1	1	0	0	0	?	0	0	0
chr2	8301	42638299	42638302	3	1	1	1	1	0	0	0	?	0	0	0
chr2	8302	42638704	42638708	4	1	1	1	1	0	2	0	=	0	0	0
chr2	8303	42638888	42638891	3	1	1	1	1	0	0	0	?	0	0	0
chr2	8304	42639121	42639124	3	1	1	1	1	0	0	0	?	0	0	0
chr2	8305	42640841	42640844	3	0	1	0	1	0	1	0	=	0	0	0
chr2	8306	42641531	42641534	3	1	1	1	1	0	0	0	?	0	0	0
chr2	8307	42641620	42641623	3	1	1	1	1	0	0	0	?	0	0	0
chr2	8308	42642782	42642800	18	1	1	1	1	0	0	0	?	0	0	0
chr2	8309	42642983	42642986	3	1	0	1	0	0	1	0	=	0	0	0
chr2	8310	42643014	42643017	3	1	1	1	1	0	0	0	?	0	0	0
chr2	8311	42643033	42643037	4	1	1	1	1	0	2	0	=	0	0	0
chr2	8312	42643298	42643301	3	1	1	1	1	0	0	0	?	0	0	0
chr2	8313	42643833	42643836	3	1	1	1	1	0	0	0	?	0	0	0
chr2	8314	42644002	42644005	3	0	1	0	1	0	1	0	=	0	0	0
chr2	8315	42645160	42645163	3	1	1	1	1	0	0	0	?	0	0	0
chr2	8316	42645525	42645531	6	1	1	1	1	0	0	0	?	0	0	0
chr2	8317	42646229	42646232	3	1	1	1	1	0	0	0	?	0	0	0
chr2	8318	42646448	42646451	3	0	1	0	1	0	1	0	=	0	0	0
chr2	8319	42646511	42646514	3	1	1	1	1	0	0	0	?	0	0	0
chr2	8320	42646946	42646949	3	1	1	1	1	0	0	0	?	0	0	0
chr2	8321	42647154	42647156	2	1	1	1	1	0	0	0	?	0	0	0
chr2	8322	42647927	42647930	3	1	1	1	1	0	0	0	?	0	0	0
chr2	8323	42649734	42649737	3	1	1	1	1	0	0	0	?	0	0	0
chr2	8324	42651030	42651033	3	1	1	1	1	0	0	0	?	0	0	0
chr2	8325	42653629	42653632	3	1	1	1	1	0	0	0	?	0	0	0
chr2	8326	42654350	42654353	3	1	1	1	1	0	0	0	?	0	0	0
chr2	8327	42654392	42654395	3	1	1	1	1	0	0	0	?	0	0	0
chr2	8328	42654583	42654586	3	1	1	1	1	0	0	0	?	0	0	0
chr2	8329	42655068	42655071	3	1	1	1	1	0	0	0	?	0	0	0
chr2	8330	42655662	42655665	3	1	1	1	1	0	0	0	?	0	0	0
chr2	8331	42655883	42655886	3	1	1	1	1	0	0	0	?	0	0	0
chr2	8332	42657762	42657767	5	1	1	1	1	0	0	0	?	0	0	0
chr2	8333	42658070	42658075	5	0	0	1	1	6	6	0	?	0	0	0
chr2	8334	42658469	42658472	3	1	1	1	1	0	0	0	?	0	0	0
chr2	8335	42658591	42658594	3	1	0	1	0	0	1	0	=	0	0	0
chr2	8336	42660730	42660733	3	0	1	0	1	0	1	0	=	0	0	0
chr2	8337	42661525	42661530	5	0	0	1	1	6	6	0	?	0	0	0
chr2	8338	42662091	42662094	3	1	1	1	1	0	0	0	?	0	0	0
chr2	8339	42662731	42662734	3	1	1	1	1	0	0	0	?	0	0	0
chr2	8340	42662945	42662948	3	1	1	1	1	0	0	0	?	0	0	0
chr2	8341	42662991	42662994	3	1	1	1	1	0	0	0	?	0	0	0
chr2	8342	42664458	42664468	10	0	0	2	2	4	4	0	?	0	0	0
chr2	8343	42665394	42665400	6	1	1	1	1	0	0	0	?	0	0	0
chr2	8344	42665448	42665451	3	1	1	1	1	0	0	0	?	0	0	0
chr2	8345	42665997	42666000	3	1	1	1	1	0	0	0	?	0	0	0
chr2	8346	42666165	42666168	3	1	1	1	1	0	0	0	?	0	0	0
chr2	8347	42667569	42667628	59	3	3	3	3	0	4	0	=	0	0	0
chr2	8348	42668345	42668348	3	1	1	1	1	0	0	0	?	0	0	0
chr2	8349	42669063	42669066	3	1	1	1	1	0	0	0	?	0	0	0
chr2	8350	42669113	42669116	3	1	1	1	1	0	0	0	?	0	0	0
chr2	8351	42670743	42670745	2	0	1	0	1	0	2	0	=	0	0	0
chr2	8352	42671773	42671776	3	1	1	1	1	0	0	0	?	0	0	0
chr2	8353	42672617	42672620	3	1	1	1	1	0	0	0	?	0	0	0
chr2	8354	42672644	42672650	6	0	0	1	1	8	8	0	?	0	0	0
chr2	8355	42672845	42672850	5	0	0	1	1	6	6	0	?	0	0	0
chr2	8356	42672876	42672879	3	1	1	1	1	0	0	0	?	0	0	0
chr2	8357	42672945	42672948	3	1	1	1	1	0	0	0	?	0	0	0
chr2	8358	42673341	42673344	3	0	1	0	1	0	1	0	=	0	0	0
chr2	8359	42673622	42673625	3	0	1	0	1	0	1	0	=	0	0	0
chr2	8360	42673849	42673852	3	0	1	0	1	0	1	0	=	0	0	0
chr2	8361	42674595	42674600	5	0	1	0	2	1	3	0	=	0	0	0
chr2	8362	42674681	42674684	3	0	1	0	1	0	1	0	=	0	0	0
chr2	8363	42674753	42674756	3	0	1	0	1	0	1	0	=	0	0	0
chr2	8364	42674771	42674774	3	0	1	0	1	0	1	0	=	0	0	0
chr2	8365	42675558	42675561	3	0	1	0	1	0	1	0	=	0	0	0
chr2	8366	42676097	42676100	3	0	1	0	1	0	1	0	=	0	0	0
chr2	8367	42676352	42676355	3	0	1	0	1	0	1	0	=	0	0	0
chr2	8368	42677425	42677428	3	1	1	1	1	0	0	0	?	0	0	0
chr2	8369	42679838	42679841	3	1	1	1	1	0	2	0	=	0	0	0
chr2	8370	42680706	42680709	3	1	0	1	0	0	1	0	=	0	0	0
chr2	8371	42680914	42680916	2	1	1	1	1	0	0	0	?	0	0	0
chr2	8372	42681809	42681812	3	1	1	1	1	0	0	0	?	0	0	0
chr2	8373	42681868	42681871	3	1	1	1	1	0	0	0	?	0	0	0
chr2	8374	42683777	42683780	3	1	1	1	1	0	0	0	?	0	0	0
chr2	8375	42683798	42683801	3	1	1	1	1	0	0	0	?	0	0	0
chr2	8376	42683841	42683844	3	1	1	1	1	0	0	0	?	0	0	0
chr2	8377	42684893	42684896	3	1	1	1	1	0	0	0	?	0	0	0
chr2	8378	42685123	42685126	3	1	1	1	1	0	0	0	?	0	0	0
chr2	8379	42685239	42685242	3	1	1	1	1	0	0	0	?	0	0	0
chr2	8380	42685351	42685354	3	1	1	1	1	0	0	0	?	0	0	0
chr2	8381	42685375	42685378	3	1	1	1	1	0	0	0	?	0	0	0
chr2	8382	42686520	42686523	3	1	1	1	1	0	0	0	?	0	0	0
chr2	8383	42688613	42688616	3	1	0	1	0	0	1	0	=	0	0	0
chr2	8384	42689837	42689841	4	1	1	1	1	0	2	0	=	0	0	0
chr2	8385	42690103	42690106	3	0	1	0	1	0	1	0	=	0	0	0
chr2	8386	42690381	42690384	3	1	0	1	0	0	1	0	=	0	0	0
chr2	8387	42690679	42690682	3	1	0	1	0	0	1	0	=	0	0	0
chr2	8388	42690751	42690754	3	1	0	1	0	0	1	0	=	0	0	0
chr2	8389	42690855	42690861	6	1	1	1	1	0	8	0	=	0	0	0
chr2	8390	42691158	42691161	3	1	1	1	1	0	0	0	?	0	0	0
chr2	8391	42691649	42691652	3	1	0	1	0	0	1	0	=	0	0	0
chr2	8392	42692364	42692370	6	1	0	1	0	0	4	0	=	0	0	0
chr2	8393	42692769	42692772	3	1	0	1	0	0	1	0	=	0	0	0
chr2	8394	42693080	42693088	8	1	0	1	0	0	6	0	=	0	0	0
chr2	8395	42694131	42694134	3	1	0	1	0	0	1	0	=	0	0	0
chr2	8396	42694512	42694515	3	1	0	1	0	0	1	0	=	0	0	0
chr2	8397	42694757	42694760	3	1	0	1	0	0	1	0	=	0	0	0
chr2	8398	42694931	42694934	3	1	0	1	0	0	1	0	=	0	0	0
chr2	8399	42695253	42695256	3	1	0	1	0	0	1	0	=	0	0	0
chr2	8400	42695633	42695636	3	0	0	1	1	2	2	0	?	0	0	0
chr2	8401	42695747	42695750	3	1	0	1	0	0	1	0	=	0	0	0
chr2	8402	42697188	42697191	3	1	0	1	0	0	1	0	=	0	0	0
chr2	8403	42698023	42698026	3	1	1	1	1	0	0	0	?	0	0	0
chr2	8404	42698317	42698320	3	1	0	1	0	0	1	0	=	0	0	0
chr2	8405	42698743	42698746	3	1	0	1	0	0	1	0	=	0	0	0
chr2	8406	42701290	42701292	2	1	0	1	0	0	1	0	=	0	0	0
chr2	8407	42701421	42701423	2	1	0	1	0	0	1	0	=	0	0	0
chr2	8408	42702035	42702038	3	1	0	1	0	0	1	0	=	0	0	0
chr2	8409	42703182	42703185	3	1	0	1	0	0	1	0	=	0	0	0
chr2	8410	42703270	42703273	3	1	0	1	0	0	1	0	=	0	0	0
chr2	8411	42703671	42703674	3	1	0	1	0	0	1	0	=	0	0	0
chr2	8412	42703823	42703826	3	1	0	1	0	0	1	0	=	0	0	0
chr2	8413	42703870	42703873	3	1	0	1	0	0	1	0	=	0	0	0
chr2	8414	42704075	42704078	3	1	0	1	0	0	1	0	=	0	0	0
chr2	8415	42705709	42705712	3	1	0	1	0	0	1	0	=	0	0	0
chr2	8416	42707196	42707199	3	1	0	1	0	0	1	0	=	0	0	0
chr2	8417	42708339	42708342	3	1	0	1	0	0	1	0	=	0	0	0
chr2	8418	42708415	42708418	3	1	0	1	0	0	1	0	=	0	0	0
chr2	8419	42708514	42708517	3	1	1	1	1	0	0	0	?	0	0	0
chr2	8420	42708819	42708822	3	1	0	1	0	0	1	0	=	0	0	0
chr2	8421	42708837	42708840	3	1	0	1	0	0	1	0	=	0	0	0
chr2	8422	42709278	42709280	2	1	0	1	0	0	1	0	=	0	0	0
chr2	8423	42709405	42709408	3	1	0	1	0	0	1	0	=	0	0	0
chr2	8424	42710548	42710551	3	0	1	0	1	0	1	0	=	0	0	0
chr2	8425	42710902	42710905	3	0	1	0	1	0	1	0	=	0	0	0
chr2	8426	42711039	42711042	3	1	1	1	1	0	0	0	?	0	0	0
chr2	8427	42711244	42711247	3	1	0	1	0	0	1	0	=	0	0	0
chr2	8428	42711775	42711791	16	5	0	5	0	2	6	0	=	0	0	0
chr2	8429	42712115	42712118	3	1	0	1	0	0	1	0	=	0	0	0
chr2	8430	42712209	42712212	3	1	0	1	0	0	1	0	=	0	0	0
chr2	8431	42712352	42712355	3	1	0	1	0	0	1	0	=	0	0	0
chr2	8432	42713358	42713360	2	1	0	1	0	0	2	0	=	0	0	0
chr2	8433	42713622	42713625	3	1	0	1	0	0	1	0	=	0	0	0
chr2	8434	42713717	42713720	3	1	1	1	1	0	0	0	?	0	0	0
chr2	8435	42714963	42714966	3	1	0	1	0	0	1	0	=	0	0	0
chr2	8436	42715034	42715038	4	2	0	2	0	0	2	0	=	0	0	0
chr2	8437	42715401	42715410	9	2	1	2	1	0	5	0	=	0	0	0
chr2	8438	42716597	42716600	3	0	1	0	1	0	1	0	=	0	0	0
chr2	8439	42716966	42716969	3	1	0	1	0	0	1	0	=	0	0	0
chr2	8440	42717126	42717131	5	1	1	1	1	0	2	0	=	0	0	0
chr2	8441	42717399	42717402	3	1	0	1	0	0	1	0	=	0	0	0
chr2	8442	42718093	42718097	4	1	0	1	0	0	2	0	=	0	0	0
chr2	8443	42718137	42718140	3	1	0	1	0	0	1	0	=	0	0	0
chr2	8444	42718522	42718525	3	1	0	1	0	0	1	0	=	0	0	0
chr2	8445	42719423	42719426	3	1	0	1	0	0	1	0	=	0	0	0
chr2	8446	42719547	42719550	3	1	0	1	0	0	1	0	=	0	0	0
chr2	8447	42719743	42719746	3	1	0	1	0	0	1	0	=	0	0	0
chr2	8448	42720154	42720196	42	2	0	2	0	0	5	0	=	0	0	0
chr2	8449	42720950	42720954	4	1	0	1	0	0	2	0	=	0	0	0
chr2	8450	42722474	42722477	3	1	0	1	0	0	1	0	=	0	0	0
chr2	8451	42722663	42722666	3	1	1	1	1	0	0	0	?	0	0	0
chr2	8452	42723611	42723614	3	1	1	1	1	0	0	0	?	0	0	0
chr2	8453	42724272	42724278	6	0	1	1	1	1	3	0	=	0	0	0
chr2	8454	42724359	42724362	3	1	1	1	1	0	0	0	?	0	0	0
chr2	8455	42724575	42724578	3	0	1	0	1	0	1	0	=	0	0	0
chr2	8456	42724635	42724665	30	2	2	2	2	0	0	0	?	0	0	0
chr2	8457	42725743	42725746	3	1	1	1	1	0	0	0	?	0	0	0
chr2	8458	42725979	42725982	3	1	1	1	1	0	0	0	?	0	0	0
chr2	8459	42726068	42726071	3	1	1	1	1	0	0	0	?	0	0	0
chr2	8460	42726203	42726206	3	1	1	1	1	0	0	0	?	0	0	0
chr2	8461	42726222	42726225	3	1	1	1	1	0	0	0	?	0	0	0
chr2	8462	42726240	42726243	3	1	1	1	1	0	0	0	?	0	0	0
chr2	8463	42726608	42726611	3	1	1	1	1	0	0	0	?	0	0	0
chr2	8464	42727311	42727314	3	1	1	1	1	0	0	0	?	0	0	0
chr2	8465	42727567	42727570	3	1	1	1	1	0	0	0	?	0	0	0
chr2	8466	42728709	42728712	3	1	1	1	1	0	0	0	?	0	0	0
chr2	8467	42728915	42728918	3	1	1	1	1	0	0	0	?	0	0	0
chr2	8468	42729085	42729115	30	0	0	2	2	11	11	0	?	0	0	0
chr2	8469	42729754	42729757	3	1	1	1	1	0	0	0	?	0	0	0
chr2	8470	42730381	42730384	3	1	1	1	1	0	0	0	?	0	0	0
chr2	8471	42730397	42730400	3	1	1	1	1	0	0	0	?	0	0	0
chr2	8472	42730451	42730454	3	1	1	1	1	0	0	0	?	0	0	0
chr2	8473	42730630	42730633	3	1	1	1	1	0	0	0	?	0	0	0
chr2	8474	42731600	42731603	3	0	1	0	1	0	1	0	=	0	0	0
chr2	8475	42732036	42732039	3	1	1	1	1	0	0	0	?	0	0	0
chr2	8476	42732108	42732111	3	1	1	1	1	0	0	0	?	0	0	0
chr2	8477	42732942	42732945	3	1	1	1	1	0	0	0	?	0	0	0
chr2	8478	42733577	42733580	3	0	1	0	1	0	1	0	=	0	0	0
chr2	8479	42733609	42733612	3	1	0	1	0	0	1	0	=	0	0	0
chr2	8480	42734154	42734182	28	2	2	2	2	0	0	0	?	0	0	0
chr2	8481	42734377	42734384	7	2	2	2	2	0	0	0	?	0	0	0
chr2	8482	42734415	42734418	3	1	1	1	1	0	0	0	?	0	0	0
chr2	8483	42734469	42734475	6	1	1	1	1	0	0	0	?	0	0	0
chr2	8484	42734748	42734751	3	1	1	1	1	0	0	0	?	0	0	0
chr2	8485	42734865	42734868	3	1	1	1	1	0	0	0	?	0	0	0
chr2	8486	42734901	42734904	3	1	1	1	1	0	0	0	?	0	0	0
chr2	8487	42735913	42735916	3	1	1	1	1	0	0	0	?	0	0	0
chr2	8488	42738474	42738477	3	1	1	1	1	0	0	0	?	0	0	0
chr2	8489	42739045	42739048	3	0	1	0	1	0	1	0	=	0	0	0
chr2	8490	42739630	42739633	3	1	1	1	1	0	0	0	?	0	0	0
chr2	8491	42739642	42739645	3	1	1	1	1	0	0	0	?	0	0	0
chr2	8492	42740721	42740724	3	1	1	1	1	0	0	0	?	0	0	0
chr2	8493	42741355	42741358	3	0	1	0	1	0	1	0	=	0	0	0
chr2	8494	42741614	42741616	2	1	1	1	1	0	0	0	?	0	0	0
chr2	8495	42741794	42741797	3	1	1	1	1	0	0	0	?	0	0	0
chr2	8496	42741886	42741889	3	1	1	1	1	0	0	0	?	0	0	0
chr2	8497	42742067	42742070	3	1	0	1	0	0	1	0	=	0	0	0
chr2	8498	42742128	42742131	3	1	1	1	1	0	0	0	?	0	0	0
chr2	8499	42742240	42742243	3	1	1	1	1	0	0	0	?	0	0	0
chr2	8500	42743019	42743022	3	0	1	0	1	0	1	0	=	0	0	0
chr2	8501	42743848	42743851	3	1	1	1	1	0	0	0	?	0	0	0
chr2	8502	42744545	42744548	3	1	1	1	1	0	0	0	?	0	0	0
chr2	8503	42745778	42745781	3	0	1	0	1	0	1	0	=	0	0	0
chr2	8504	42745823	42745825	2	0	0	0	1	22	22	0	?	0	0	0
chr2	8505	42745886	42745889	3	1	0	1	0	0	1	0	=	0	0	0
chr2	8506	42746297	42746300	3	1	0	1	0	0	1	0	=	0	0	0
chr2	8507	42746853	42746856	3	0	1	0	1	0	1	0	=	0	0	0
chr2	8508	42747005	42747008	3	1	0	1	0	0	1	0	=	0	0	0
chr2	8509	42747103	42747106	3	1	0	1	0	0	1	0	=	0	0	0
chr2	8510	42747426	42747429	3	0	1	0	1	0	1	0	=	0	0	0
chr2	8511	42747434	42747437	3	1	0	1	0	0	1	0	=	0	0	0
chr2	8512	42748194	42748202	8	0	2	1	2	12	13	0	?	0	0	0
chr2	8513	42750030	42750033	3	0	1	0	1	0	1	0	=	0	0	0
chr2	8514	42750138	42750141	3	1	1	1	1	0	0	0	?	0	0	0
chr2	8515	42750361	42750364	3	0	1	0	1	0	1	0	=	0	0	0
chr2	8516	42750404	42750406	2	1	1	1	1	0	0	0	?	0	0	0
chr2	8517	42750437	42750440	3	1	1	1	1	0	0	0	?	0	0	0
chr2	8518	42750591	42750594	3	1	0	1	0	0	1	0	=	0	0	0
chr2	8519	42750657	42750660	3	1	1	1	1	0	0	0	?	0	0	0
chr2	8520	42750728	42750731	3	1	1	1	1	0	0	0	?	0	0	0
chr2	8521	42750773	42750776	3	0	1	0	1	0	1	0	=	0	0	0
chr2	8522	42751090	42751093	3	0	1	0	1	0	1	0	=	0	0	0
chr2	8523	42751294	42751297	3	1	0	1	0	0	1	0	=	0	0	0
chr2	8524	42752927	42752930	3	1	1	1	1	0	0	0	?	0	0	0
chr2	8525	42754097	42754100	3	1	0	1	0	0	1	0	=	0	0	0
chr2	8526	42754848	42754851	3	1	0	1	0	0	1	0	=	0	0	0
chr2	8527	42755027	42755036	9	2	0	2	0	0	2	0	=	0	0	0
chr2	8528	42755862	42755865	3	1	0	1	0	0	1	0	=	0	0	0
chr2	8529	42757348	42757351	3	1	0	1	0	0	1	0	=	0	0	0
chr2	8530	42757565	42757568	3	1	0	1	0	0	1	0	=	0	0	0
chr2	8531	42757872	42757875	3	1	0	1	0	0	1	0	=	0	0	0
chr2	8532	42757894	42757897	3	1	0	1	0	0	1	0	=	0	0	0
chr2	8533	42758661	42758664	3	1	0	1	0	0	1	0	=	0	0	0
chr2	8534	42759690	42759692	2	1	0	1	0	0	3	0	=	0	0	0
chr2	8535	42760126	42760129	3	1	0	1	0	0	1	0	=	0	0	0
chr2	8536	42760522	42760525	3	0	1	0	1	0	1	0	=	0	0	0
chr2	8537	42762017	42762020	3	1	0	1	0	0	1	0	=	0	0	0
chr2	8538	42762302	42762305	3	1	0	1	0	0	1	0	=	0	0	0
chr2	8539	42762450	42762453	3	1	0	1	0	0	1	0	=	0	0	0
chr2	8540	42762602	42762605	3	1	0	1	0	0	1	0	=	0	0	0
chr2	8541	42762852	42762855	3	1	0	1	0	0	1	0	=	0	0	0
chr2	8542	42762868	42762871	3	1	0	1	0	0	1	0	=	0	0	0
chr2	8543	42762959	42762962	3	1	0	1	0	0	1	0	=	0	0	0
chr2	8544	42763194	42763197	3	1	0	1	0	0	1	0	=	0	0	0
chr2	8545	42763380	42763383	3	1	0	1	0	0	1	0	=	0	0	0
chr2	8546	42764326	42764329	3	1	0	1	0	0	1	0	=	0	0	0
chr2	8547	42764881	42764884	3	1	1	1	1	0	0	0	?	0	0	0
chr2	8548	42765657	42765701	44	1	1	3	3	17	17	0	?	0	0	0
chr2	8549	42766024	42766027	3	1	0	1	0	0	1	0	=	0	0	0
chr2	8550	42766640	42766643	3	1	0	1	0	0	1	0	=	0	0	0
chr2	8551	42766817	42766819	2	1	0	1	0	0	8	0	=	0	0	0
chr2	8552	42768698	42768709	11	2	2	2	2	0	0	0	?	0	0	0
chr2	8553	42769346	42769349	3	1	1	1	1	0	0	0	?	0	0	0
chr2	8554	42769568	42769624	56	1	1	2	2	20	20	0	?	0	0	0
chr2	8555	42769976	42769979	3	0	1	0	1	0	1	0	=	0	0	0
chr2	8556	42770472	42770475	3	1	1	1	1	0	0	0	?	0	0	0
chr2	8557	42772305	42772308	3	1	1	1	1	0	0	0	?	0	0	0
chr2	8558	42773757	42773760	3	1	1	1	1	0	0	0	?	0	0	0
chr2	8559	42774913	42774916	3	1	1	1	1	0	0	0	?	0	0	0
chr2	8560	42775211	42775214	3	0	1	0	1	0	1	0	=	0	0	0
chr2	8561	42775487	42775490	3	1	1	1	1	0	0	0	?	0	0	0
chr2	8562	42775788	42775791	3	1	1	1	1	0	0	0	?	0	0	0
chr2	8563	42775860	42775863	3	1	1	1	1	0	0	0	?	0	0	0
chr2	8564	42776230	42776233	3	0	0	0	1	1	1	0	?	0	0	0
chr2	8565	42776562	42776565	3	1	0	1	0	0	1	0	=	0	0	0
chr2	8566	42777322	42777325	3	1	1	1	1	0	2	0	=	0	0	0
chr2	8567	42779329	42779331	2	1	1	1	1	0	0	0	?	0	0	0
chr2	8568	42780832	42780835	3	1	1	1	1	0	0	0	?	0	0	0
chr2	8569	42780910	42780913	3	1	1	1	1	0	0	0	?	0	0	0
chr2	8570	42781204	42781207	3	1	1	1	1	0	0	0	?	0	0	0
chr2	8571	42781859	42781862	3	1	1	1	1	0	0	0	?	0	0	0
chr2	8572	42782730	42782733	3	0	1	0	1	0	1	0	=	0	0	0
chr2	8573	42784027	42784030	3	1	1	1	1	0	0	0	?	0	0	0
chr2	8574	42784300	42784303	3	1	1	1	1	0	0	0	?	0	0	0
chr2	8575	42784536	42784539	3	0	0	1	1	2	2	0	?	0	0	0
chr2	8576	42785490	42785493	3	1	1	1	1	0	0	0	?	0	0	0
chr2	8577	42786008	42786022	14	1	1	1	1	2	2	0	?	0	0	0
chr2	8578	42786195	42786198	3	1	1	1	1	0	0	0	?	0	0	0
chr2	8579	42786451	42786454	3	1	1	1	1	0	0	0	?	0	0	0
chr2	8580	42786630	42786633	3	1	1	1	1	0	0	0	?	0	0	0
chr2	8581	42787147	42787150	3	1	1	1	1	0	0	0	?	0	0	0
chr2	8582	42787162	42787165	3	1	1	1	1	0	0	0	?	0	0	0
chr2	8583	42787977	42787980	3	1	1	1	1	0	0	0	?	0	0	0
chr2	8584	42788044	42788047	3	1	1	1	1	0	0	0	?	0	0	0
chr2	8585	42788082	42788085	3	1	1	1	1	0	0	0	?	0	0	0
chr2	8586	42788224	42788227	3	1	1	1	1	0	0	0	?	0	0	0
chr2	8587	42788259	42788262	3	1	1	1	1	0	0	0	?	0	0	0
chr2	8588	42788290	42788293	3	1	1	1	1	0	0	0	?	0	0	0
chr2	8589	42788470	42788473	3	1	1	1	1	0	0	0	?	0	0	0
chr2	8590	42788562	42788565	3	1	1	1	1	0	0	0	?	0	0	0
chr2	8591	42788577	42788580	3	1	1	1	1	0	0	0	?	0	0	0
chr2	8592	42788615	42788618	3	1	1	1	1	0	0	0	?	0	0	0
chr2	8593	42788760	42788763	3	1	1	1	1	0	0	0	?	0	0	0
chr2	8594	42788865	42788868	3	1	1	1	1	0	0	0	?	0	0	0
chr2	8595	42788923	42788933	10	2	2	2	2	0	0	0	?	0	0	0
chr2	8596	42789453	42789456	3	1	1	1	1	0	0	0	?	0	0	0
chr2	8597	42789560	42789572	12	2	2	2	2	0	0	0	?	0	0	0
chr2	8598	42789696	42789699	3	1	1	1	1	0	0	0	?	0	0	0
chr2	8599	42789799	42789802	3	1	1	1	1	0	0	0	?	0	0	0
chr2	8600	42789903	42789906	3	1	1	1	1	0	0	0	?	0	0	0
chr2	8601	42789953	42789956	3	1	1	1	1	0	0	0	?	0	0	0
chr2	8602	42790274	42790277	3	1	1	1	1	0	0	0	?	0	0	0
chr2	8603	42790360	42790363	3	1	1	1	1	0	0	0	?	0	0	0
chr2	8604	42790378	42790381	3	1	1	1	1	0	0	0	?	0	0	0
chr2	8605	42790527	42790551	24	4	4	3	3	2	2	0	?	0	0	0
chr2	8606	42790605	42790608	3	1	1	1	1	0	0	0	?	0	0	0
chr2	8607	42790712	42790715	3	1	1	1	1	0	0	0	?	0	0	0
chr2	8608	42790912	42790915	3	1	1	1	1	0	0	0	?	0	0	0
chr2	8609	42790945	42790948	3	1	1	1	1	0	0	0	?	0	0	0
chr2	8610	42791316	42791319	3	1	1	1	1	0	0	0	?	0	0	0
chr2	8611	42791392	42791395	3	1	1	1	1	0	0	0	?	0	0	0
chr2	8612	42791502	42791505	3	1	1	1	1	0	0	0	?	0	0	0
chr2	8613	42791774	42791777	3	1	1	1	1	0	0	0	?	0	0	0
chr2	8614	42791922	42791924	2	1	1	1	1	0	0	0	?	0	0	0
chr2	8615	42791980	42791983	3	1	1	1	1	0	0	0	?	0	0	0
chr2	8616	42792002	42792005	3	1	1	1	1	0	0	0	?	0	0	0
chr2	8617	42792205	42792208	3	1	1	1	1	0	0	0	?	0	0	0
chr2	8618	42792222	42792225	3	1	1	1	1	0	0	0	?	0	0	0
chr2	8619	42792588	42792591	3	1	1	1	1	0	0	0	?	0	0	0
chr2	8620	42792785	42792788	3	1	1	1	1	0	0	0	?	0	0	0
chr2	8621	42793094	42793097	3	1	1	1	1	0	0	0	?	0	0	0
chr2	8622	42793693	42793702	9	2	2	2	2	0	0	0	?	0	0	0
chr2	8623	42793772	42793775	3	1	1	1	1	0	0	0	?	0	0	0
chr2	8624	42793848	42793850	2	1	1	1	1	0	0	0	?	0	0	0
chr2	8625	42794051	42794054	3	1	1	1	1	0	0	0	?	0	0	0
chr2	8626	42794194	42794197	3	1	1	1	1	0	0	0	?	0	0	0
chr2	8627	42794607	42794610	3	1	1	1	1	0	0	0	?	0	0	0
chr2	8628	42794942	42794944	2	1	1	1	1	0	0	0	?	0	0	0
chr2	8629	42795266	42795269	3	1	1	1	1	0	0	0	?	0	0	0
chr2	8630	42795354	42795357	3	1	1	1	1	0	0	0	?	0	0	0
chr2	8631	42795578	42795581	3	1	1	1	1	0	0	0	?	0	0	0
chr2	8632	42795826	42795829	3	1	1	1	1	0	0	0	?	0	0	0
chr2	8633	42795862	42795865	3	1	1	1	1	0	0	0	?	0	0	0
chr2	8634	42796382	42796385	3	0	1	0	1	0	1	0	=	0	0	0
chr2	8635	42796516	42796519	3	1	1	1	1	0	0	0	?	0	0	0
chr2	8636	42796926	42796928	2	0	0	1	1	606	606	0	?	0	0	0
chr2	8637	42797534	42797537	3	1	1	1	1	0	0	0	?	0	0	0
chr2	8638	42797754	42797757	3	1	1	1	1	0	0	0	?	0	0	0
chr2	8639	42797961	42797964	3	1	1	1	1	0	0	0	?	0	0	0
chr2	8640	42798065	42798068	3	1	1	1	1	0	0	0	?	0	0	0
chr2	8641	42798207	42798210	3	0	0	1	1	10	10	0	?	0	0	0
chr2	8642	42798280	42798283	3	1	1	1	1	0	0	0	?	0	0	0
chr2	8643	42798599	42798602	3	1	1	1	1	0	0	0	?	0	0	0
chr2	8644	42798899	42798902	3	1	1	1	1	0	0	0	?	0	0	0
chr2	8645	42800455	42800458	3	1	1	1	1	0	0	0	?	0	0	0
chr2	8646	42800895	42800898	3	1	1	1	1	0	0	0	?	0	0	0
chr2	8647	42800990	42800993	3	1	1	1	1	0	0	0	?	0	0	0
chr2	8648	42801718	42801721	3	1	1	1	1	0	0	0	?	0	0	0
chr2	8649	42803420	42803423	3	1	1	1	1	0	0	0	?	0	0	0
chr2	8650	42803545	42803548	3	1	1	1	1	0	0	0	?	0	0	0
chr2	8651	42803637	42803640	3	1	1	1	1	0	0	0	?	0	0	0
chr2	8652	42803856	42803859	3	1	1	1	1	0	0	0	?	0	0	0
chr2	8653	42803912	42803915	3	0	1	0	1	0	1	0	=	0	0	0
chr2	8654	42804177	42804180	3	1	1	1	1	0	0	0	?	0	0	0
chr2	8655	42805099	42805102	3	1	1	1	1	0	0	0	?	0	0	0
chr2	8656	42805871	42805885	14	0	0	1	1	22	22	0	?	0	0	0
chr2	8657	42806024	42806027	3	1	1	1	1	0	0	0	?	0	0	0
chr2	8658	42806203	42806206	3	1	1	1	1	0	0	0	?	0	0	0
chr2	8659	42807456	42807459	3	1	0	1	0	0	1	0	=	0	0	0
chr2	8660	42807660	42807663	3	0	1	0	1	0	1	0	=	0	0	0
chr2	8661	42808169	42808172	3	0	1	0	1	0	1	0	=	0	0	0
chr2	8662	42808773	42808776	3	0	0	1	1	2	2	0	?	0	0	0
chr2	8663	42809714	42809717	3	0	1	0	1	0	1	0	=	0	0	0
chr2	8664	42809958	42809961	3	0	1	0	1	0	1	0	=	0	0	0
chr2	8665	42810530	42810533	3	1	0	1	0	0	1	0	=	0	0	0
chr2	8666	42811043	42811046	3	0	1	0	1	0	1	0	=	0	0	0
chr2	8667	42811887	42811890	3	1	0	1	0	0	1	0	=	0	0	0
chr2	8668	42812483	42812486	3	0	0	1	1	2	2	0	?	0	0	0
chr2	8669	42812527	42812530	3	1	1	1	1	0	0	0	?	0	0	0
chr2	8670	42812776	42812779	3	1	0	1	0	0	1	0	=	0	0	0
chr2	8671	42813435	42813438	3	0	1	0	1	0	1	0	=	0	0	0
chr2	8672	42813829	42813831	2	1	1	1	1	0	2	0	=	0	0	0
chr2	8673	42815974	42815977	3	0	1	0	1	0	1	0	=	0	0	0
chr2	8674	42816166	42816169	3	0	1	0	1	0	1	0	=	0	0	0
chr2	8675	42818785	42818788	3	0	1	0	1	0	1	0	=	0	0	0
chr2	8676	42818842	42818845	3	1	0	1	0	0	1	0	=	0	0	0
chr2	8677	42819345	42819348	3	1	0	1	0	0	1	0	=	0	0	0
chr2	8678	42819886	42819889	3	0	1	0	1	0	1	0	=	0	0	0
chr2	8679	42820421	42820424	3	1	0	1	0	0	1	0	=	0	0	0
chr2	8680	42821099	42821102	3	1	1	1	1	0	0	0	?	0	0	0
chr2	8681	42821478	42821481	3	1	1	1	1	0	0	0	?	0	0	0
chr2	8682	42822109	42822112	3	0	1	0	1	0	1	0	=	0	0	0
chr2	8683	42822502	42822506	4	2	1	2	1	0	1	0	=	0	0	0
chr2	8684	42822775	42822778	3	1	0	1	0	0	1	0	=	0	0	0
chr2	8685	42822914	42822917	3	1	0	1	0	0	1	0	=	0	0	0
chr2	8686	42823326	42823329	3	1	1	1	1	0	0	0	?	0	0	0
chr2	8687	42824033	42824036	3	1	0	1	0	0	1	0	=	0	0	0
chr2	8688	42824481	42824484	3	1	0	1	0	0	1	0	=	0	0	0
chr2	8689	42824715	42824718	3	1	1	1	1	0	0	0	?	0	0	0
chr2	8690	42824884	42824887	3	0	0	1	1	2	2	0	?	0	0	0
chr2	8691	42825335	42825338	3	1	1	1	1	0	0	0	?	0	0	0
chr2	8692	42825623	42825626	3	0	1	0	1	0	1	0	=	0	0	0
chr2	8693	42826029	42826032	3	1	0	1	0	0	1	0	=	0	0	0
chr2	8694	42826630	42826633	3	1	0	1	0	0	1	0	=	0	0	0
chr2	8695	42826832	42826835	3	0	1	0	1	0	1	0	=	0	0	0
chr2	8696	42826893	42826896	3	1	0	1	0	0	1	0	=	0	0	0
chr2	8697	42827135	42827138	3	0	1	0	1	0	1	0	=	0	0	0
chr2	8698	42827227	42827230	3	0	1	0	1	0	1	0	=	0	0	0
chr2	8699	42828505	42828508	3	1	0	1	0	0	1	0	=	0	0	0
chr2	8700	42828663	42828666	3	1	1	1	1	0	0	0	?	0	0	0
chr2	8701	42828930	42828933	3	1	0	1	0	0	1	0	=	0	0	0
chr2	8702	42828997	42829001	4	2	2	2	2	0	0	0	?	0	0	0
chr2	8703	42829313	42829316	3	1	0	1	0	0	1	0	=	0	0	0
chr2	8704	42829608	42829611	3	1	0	1	0	0	1	0	=	0	0	0
chr2	8705	42829879	42829882	3	1	0	1	0	0	1	0	=	0	0	0
chr2	8706	42830064	42830067	3	1	0	1	0	0	1	0	=	0	0	0
chr2	8707	42830611	42830614	3	1	0	1	0	0	1	0	=	0	0	0
chr2	8708	42830692	42830695	3	1	0	1	0	0	1	0	=	0	0	0
chr2	8709	42831041	42831043	2	0	1	0	1	0	1	0	=	0	0	0
chr2	8710	42831595	42831598	3	1	0	1	0	0	1	0	=	0	0	0
chr2	8711	42831979	42831982	3	0	1	0	1	0	1	0	=	0	0	0
chr2	8712	42832090	42832093	3	0	1	0	1	0	1	0	=	0	0	0
chr2	8713	42832098	42832101	3	1	0	1	0	0	1	0	=	0	0	0
chr2	8714	42832144	42832147	3	0	1	0	1	0	1	0	=	0	0	0
chr2	8715	42832251	42832254	3	1	0	1	0	0	1	0	=	0	0	0
chr2	8716	42832292	42832295	3	1	0	1	0	0	1	0	=	0	0	0
chr2	8717	42832775	42832777	2	1	0	1	0	0	1	0	=	0	0	0
chr2	8718	42833603	42833606	3	1	1	1	1	0	0	0	?	0	0	0
chr2	8719	42833748	42833755	7	1	0	1	0	0	5	0	=	0	0	0
chr2	8720	42833811	42833814	3	0	1	0	1	0	1	0	=	0	0	0
chr2	8721	42834027	42834030	3	1	0	1	0	0	1	0	=	0	0	0
chr2	8722	42834050	42834053	3	0	1	0	1	0	1	0	=	0	0	0
chr2	8723	42834504	42834507	3	1	1	1	1	0	0	0	?	0	0	0
chr2	8724	42837192	42837195	3	1	1	1	1	0	0	0	?	0	0	0
chr2	8725	42837413	42837416	3	1	1	1	1	0	0	0	?	0	0	0
chr2	8726	42838102	42838105	3	1	1	1	1	0	0	0	?	0	0	0
chr2	8727	42838413	42838416	3	1	1	1	1	0	0	0	?	0	0	0
chr2	8728	42839147	42839150	3	0	0	1	1	2	2	0	?	0	0	0
chr2	8729	42839444	42839447	3	1	1	1	1	0	0	0	?	0	0	0
chr2	8730	42839964	42839967	3	1	1	1	1	0	0	0	?	0	0	0
chr2	8731	42841596	42841599	3	0	1	0	1	0	1	0	=	0	0	0
chr2	8732	42841924	42841926	2	1	1	1	1	0	0	0	?	0	0	0
chr2	8733	42842372	42842402	30	0	0	1	1	40	40	0	?	0	0	0
chr2	8734	42842834	42842837	3	1	1	1	1	0	0	0	?	0	0	0
chr2	8735	42842941	42842944	3	1	0	1	0	0	1	0	=	0	0	0
chr2	8736	42845034	42845037	3	0	1	0	1	0	1	0	=	0	0	0
chr2	8737	42845686	42845689	3	0	1	0	1	0	1	0	=	0	0	0
chr2	8738	42846105	42846108	3	0	1	0	1	0	1	0	=	0	0	0
chr2	8739	42846351	42846353	2	0	1	0	1	0	8	0	=	0	0	0
chr2	8740	42846406	42846409	3	0	1	0	1	0	1	0	=	0	0	0
chr2	8741	42847083	42847086	3	0	1	0	1	0	1	0	=	0	0	0
chr2	8742	42847250	42847253	3	1	0	1	0	0	1	0	=	0	0	0
chr2	8743	42847326	42847329	3	1	0	1	0	0	1	0	=	0	0	0
chr2	8744	42848421	42848424	3	0	1	0	1	0	1	0	=	0	0	0
chr2	8745	42849084	42849087	3	0	1	0	1	0	1	0	=	0	0	0
chr2	8746	42849129	42849132	3	0	1	0	1	0	1	0	=	0	0	0
chr2	8747	42849479	42849487	8	0	2	0	2	0	2	0	=	0	0	0
chr2	8748	42849895	42849898	3	1	1	1	1	0	0	0	?	0	0	0
chr2	8749	42849996	42849999	3	0	1	0	1	0	1	0	=	0	0	0
chr2	8750	42850050	42850053	3	1	1	1	1	0	0	0	?	0	0	0
chr2	8751	42850367	42850370	3	1	1	1	1	0	0	0	?	0	0	0
chr2	8752	42850460	42850463	3	0	1	0	1	0	1	0	=	0	0	0
chr2	8753	42850601	42850604	3	1	1	1	1	0	0	0	?	0	0	0
chr2	8754	42851218	42851221	3	0	1	0	1	0	1	0	=	0	0	0
chr2	8755	42851313	42851316	3	1	1	1	1	0	0	0	?	0	0	0
chr2	8756	42851528	42851531	3	1	0	1	0	0	1	0	=	0	0	0
chr2	8757	42851616	42851619	3	0	1	0	1	0	1	0	=	0	0	0
chr2	8758	42852221	42852224	3	1	1	1	1	0	0	0	?	0	0	0
chr2	8759	42852696	42852705	9	2	2	2	2	0	0	0	?	0	0	0
chr2	8760	42852897	42852900	3	1	1	1	1	0	0	0	?	0	0	0
chr2	8761	42853659	42853662	3	0	1	0	1	0	1	0	=	0	0	0
chr2	8762	42854297	42854300	3	1	1	1	1	0	0	0	?	0	0	0
chr2	8763	42854770	42854773	3	0	1	0	1	0	1	0	=	0	0	0
chr2	8764	42854786	42854789	3	1	1	1	1	0	0	0	?	0	0	0
chr2	8765	42854920	42854923	3	1	1	1	1	0	0	0	?	0	0	0
chr2	8766	42855757	42855760	3	1	1	1	1	0	0	0	?	0	0	0
chr2	8767	42855928	42855931	3	1	1	1	1	0	0	0	?	0	0	0
chr2	8768	42856137	42856140	3	1	1	1	1	0	0	0	?	0	0	0
chr2	8769	42856376	42856379	3	1	1	1	1	0	0	0	?	0	0	0
chr2	8770	42856689	42856692	3	1	1	1	1	0	0	0	?	0	0	0
chr2	8771	42856884	42856887	3	0	1	0	1	0	1	0	=	0	0	0
chr2	8772	42858236	42858239	3	0	1	0	1	0	1	0	=	0	0	0
chr2	8773	42858327	42858330	3	0	1	0	1	0	1	0	=	0	0	0
chr2	8774	42858757	42858760	3	1	1	1	1	0	0	0	?	0	0	0
chr2	8775	42860620	42860623	3	1	0	1	0	0	1	0	=	0	0	0
chr2	8776	42860652	42860654	2	1	0	1	0	0	1	0	=	0	0	0
chr2	8777	42861162	42861165	3	1	1	1	1	0	0	0	?	0	0	0
chr2	8778	42861328	42861331	3	1	1	1	1	0	0	0	?	0	0	0
chr2	8779	42862082	42862084	2	0	0	1	0	2	2	0	?	0	0	0
chr2	8780	42863084	42863087	3	1	1	1	1	0	0	0	?	0	0	0
chr2	8781	42863459	42863462	3	1	0	1	0	0	1	0	=	0	0	0
chr2	8782	42863648	42863651	3	1	0	1	0	0	1	0	=	0	0	0
chr2	8783	42863815	42863818	3	0	1	0	1	0	1	0	=	0	0	0
chr2	8784	42863958	42863961	3	0	1	0	1	0	1	0	=	0	0	0
chr2	8785	42864021	42864024	3	1	1	1	1	0	0	0	?	0	0	0
chr2	8786	42865646	42865649	3	1	1	1	1	0	0	0	?	0	0	0
chr2	8787	42866625	42866628	3	0	1	0	1	0	1	0	=	0	0	0
chr2	8788	42867978	42867981	3	1	0	1	0	0	1	0	=	0	0	0
chr2	8789	42869348	42869351	3	1	1	1	1	0	0	0	?	0	0	0
chr2	8790	42869661	42869665	4	0	1	0	1	0	2	0	=	0	0	0
chr2	8791	42869919	42869922	3	0	0	1	1	2	2	0	?	0	0	0
chr2	8792	42870786	42870789	3	1	1	1	1	0	0	0	?	0	0	0
chr2	8793	42870871	42870874	3	1	0	1	0	0	1	0	=	0	0	0
chr2	8794	42871944	42872008	64	0	0	3	2	14	14	0	?	0	0	0
chr2	8795	42872124	42872127	3	1	1	1	1	0	0	0	?	0	0	0
chr2	8796	42872371	42872374	3	1	0	1	0	0	1	0	=	0	0	0
chr2	8797	42872480	42872483	3	1	0	1	0	0	1	0	=	0	0	0
chr2	8798	42872603	42872606	3	1	0	1	0	0	1	0	=	0	0	0
chr2	8799	42872814	42872817	3	1	0	1	0	0	1	0	=	0	0	0
chr2	8800	42873008	42873010	2	1	0	1	0	0	1	0	=	0	0	0
chr2	8801	42873296	42873299	3	1	0	1	0	0	1	0	=	0	0	0
chr2	8802	42874315	42874318	3	1	1	1	1	0	0	0	?	0	0	0
chr2	8803	42874328	42874331	3	0	1	0	1	0	1	0	=	0	0	0
chr2	8804	42875465	42875468	3	1	0	1	0	0	1	0	=	0	0	0
chr2	8805	42876042	42876045	3	0	0	1	0	1	1	0	?	0	0	0
chr2	8806	42876472	42876475	3	1	0	1	0	0	1	0	=	0	0	0
chr2	8807	42876865	42876868	3	0	0	1	0	1	1	0	?	0	0	0
chr2	8808	42877240	42877243	3	0	1	0	1	0	1	0	=	0	0	0
chr2	8809	42877459	42877462	3	1	0	1	0	0	1	0	=	0	0	0
chr2	8810	42877946	42877949	3	0	1	0	1	0	1	0	=	0	0	0
chr2	8811	42878077	42878080	3	0	1	0	1	0	1	0	=	0	0	0
chr2	8812	42878354	42878357	3	1	0	1	0	0	1	0	=	0	0	0
chr2	8813	42878951	42878954	3	1	1	1	1	0	0	0	?	0	0	0
chr2	8814	42879135	42879138	3	1	1	1	1	0	0	0	?	0	0	0
chr2	8815	42879814	42879817	3	0	1	0	1	0	1	0	=	0	0	0
chr2	8816	42879897	42879900	3	1	0	1	0	0	1	0	=	0	0	0
chr2	8817	42879987	42879990	3	0	1	0	1	0	1	0	=	0	0	0
chr2	8818	42881066	42881072	6	0	1	0	1	0	4	0	=	0	0	0
chr2	8819	42881900	42881903	3	0	1	0	1	0	1	0	=	0	0	0
chr2	8820	42882441	42882465	24	2	1	2	1	0	15	0	=	0	0	0
chr2	8821	42883334	42883337	3	1	1	1	1	0	0	0	?	0	0	0
chr2	8822	42883751	42883754	3	0	1	0	1	0	1	0	=	0	0	0
chr2	8823	42884526	42884529	3	1	0	1	0	0	1	0	=	0	0	0
chr2	8824	42884802	42884805	3	1	1	1	1	0	0	0	?	0	0	0
chr2	8825	42885030	42885033	3	1	1	1	1	0	0	0	?	0	0	0
chr2	8826	42886064	42886067	3	1	1	1	1	0	0	0	?	0	0	0
chr2	8827	42886215	42886218	3	0	1	0	1	0	1	0	=	0	0	0
chr2	8828	42886499	42886502	3	0	1	0	1	0	1	0	=	0	0	0
chr2	8829	42886647	42886650	3	1	1	1	1	0	0	0	?	0	0	0
chr2	8830	42887026	42887029	3	1	1	1	1	0	0	0	?	0	0	0
chr2	8831	42887348	42887357	9	2	2	2	2	0	0	0	?	0	0	0
chr2	8832	42887440	42887443	3	0	1	0	1	0	1	0	=	0	0	0
chr2	8833	42888360	42888363	3	1	0	1	0	0	1	0	=	0	0	0
chr2	8834	42888388	42888390	2	0	1	0	1	0	1	0	=	0	0	0
chr2	8835	42888451	42888454	3	0	1	0	1	0	1	0	=	0	0	0
chr2	8836	42888867	42888869	2	0	1	0	1	0	1	0	=	0	0	0
chr2	8837	42889030	42889033	3	1	1	1	1	0	0	0	?	0	0	0
chr2	8838	42889283	42889286	3	0	1	0	1	0	1	0	=	0	0	0
chr2	8839	42889884	42889887	3	1	1	1	1	0	0	0	?	0	0	0
chr2	8840	42890104	42890107	3	1	1	1	1	0	0	0	?	0	0	0
chr2	8841	42891544	42891547	3	0	1	0	1	0	1	0	=	0	0	0
chr2	8842	42892614	42892617	3	1	1	1	1	0	0	0	?	0	0	0
chr2	8843	42893108	42893111	3	1	1	1	1	0	0	0	?	0	0	0
chr2	8844	42893128	42893131	3	0	1	0	1	0	1	0	=	0	0	0
chr2	8845	42894142	42894145	3	1	1	1	1	0	0	0	?	0	0	0
chr2	8846	42894776	42894779	3	1	1	1	1	0	0	0	?	0	0	0
chr2	8847	42895046	42895049	3	0	1	0	1	0	1	0	=	0	0	0
chr2	8848	42895148	42895151	3	0	1	0	1	0	1	0	=	0	0	0
chr2	8849	42895344	42895347	3	1	1	1	1	0	0	0	?	0	0	0
chr2	8850	42895372	42895375	3	0	1	0	1	0	1	0	=	0	0	0
chr2	8851	42895624	42895627	3	1	1	1	1	0	0	0	?	0	0	0
chr2	8852	42896047	42896050	3	1	1	1	1	0	0	0	?	0	0	0
chr2	8853	42896097	42896100	3	0	1	0	1	0	1	0	=	0	0	0
chr2	8854	42897847	42897850	3	1	1	1	1	0	0	0	?	0	0	0
chr2	8855	42897896	42897899	3	0	1	0	1	0	1	0	=	0	0	0
chr2	8856	42898612	42898615	3	1	0	1	0	0	1	0	=	0	0	0
chr2	8857	42899903	42899906	3	1	1	1	1	0	0	0	?	0	0	0
chr2	8858	42900575	42900578	3	1	0	1	0	0	1	0	=	0	0	0
chr2	8859	42900674	42900677	3	0	1	0	1	0	1	0	=	0	0	0
chr2	8860	42900991	42900994	3	1	0	1	0	0	1	0	=	0	0	0
chr2	8861	42901224	42901227	3	1	1	1	1	0	0	0	?	0	0	0
chr2	8862	42901946	42901949	3	1	1	1	1	0	0	0	?	0	0	0
chr2	8863	42902093	42902497	404	4	4	3	3	662	662	0	?	0	0	0
chr2	8864	42903050	42903053	3	1	1	1	1	0	0	0	?	0	0	0
chr2	8865	42903266	42903269	3	1	1	1	1	0	0	0	?	0	0	0
chr2	8866	42903781	42903784	3	1	1	1	1	0	0	0	?	0	0	0
chr2	8867	42905004	42905007	3	1	1	1	1	0	0	0	?	0	0	0
chr2	8868	42905203	42905206	3	0	1	0	1	0	1	0	=	0	0	0
chr2	8869	42905382	42905385	3	1	1	1	1	0	0	0	?	0	0	0
chr2	8870	42905405	42905408	3	1	1	1	1	0	0	0	?	0	0	0
chr2	8871	42905595	42905598	3	1	1	1	1	0	0	0	?	0	0	0
chr2	8872	42905978	42905981	3	1	1	1	1	0	0	0	?	0	0	0
chr2	8873	42906350	42906353	3	1	1	1	1	0	0	0	?	0	0	0
chr2	8874	42908071	42908074	3	1	1	1	1	0	0	0	?	0	0	0
chr2	8875	42908650	42908653	3	1	1	1	1	0	0	0	?	0	0	0
chr2	8876	42908673	42908676	3	1	1	1	1	0	0	0	?	0	0	0
chr2	8877	42909630	42909632	2	1	1	1	1	0	0	0	?	0	0	0
chr2	8878	42910313	42910316	3	1	1	1	1	0	0	0	?	0	0	0
chr2	8879	42910737	42910740	3	1	1	1	1	0	0	0	?	0	0	0
chr2	8880	42910976	42910979	3	1	1	1	1	0	0	0	?	0	0	0
chr2	8881	42911290	42911293	3	1	1	1	1	0	0	0	?	0	0	0
chr2	8882	42911466	42911469	3	1	1	1	1	0	0	0	?	0	0	0
chr2	8883	42911628	42911635	7	2	2	2	2	0	0	0	?	0	0	0
chr2	8884	42912042	42912045	3	1	1	1	1	0	0	0	?	0	0	0
chr2	8885	42913511	42913514	3	1	1	1	1	0	0	0	?	0	0	0
chr2	8886	42913792	42913795	3	1	1	1	1	0	0	0	?	0	0	0
chr2	8887	42913819	42913822	3	0	0	1	1	2	2	0	?	0	0	0
chr2	8888	42914100	42914107	7	2	2	2	2	0	0	0	?	0	0	0
chr2	8889	42914627	42914630	3	1	1	1	1	0	0	0	?	0	0	0
chr2	8890	42915306	42915309	3	1	1	1	1	0	0	0	?	0	0	0
chr2	8891	42915805	42915808	3	1	1	1	1	0	0	0	?	0	0	0
chr2	8892	42915857	42915860	3	1	1	1	1	0	0	0	?	0	0	0
chr2	8893	42916235	42916238	3	1	1	1	1	0	0	0	?	0	0	0
chr2	8894	42916969	42916975	6	1	1	1	1	0	0	0	?	0	0	0
chr2	8895	42917991	42917994	3	1	1	1	1	0	0	0	?	0	0	0
chr2	8896	42919563	42919566	3	1	1	1	1	0	0	0	?	0	0	0
chr2	8897	42919658	42919661	3	1	1	1	1	0	0	0	?	0	0	0
chr2	8898	42919716	42919719	3	1	1	1	1	0	0	0	?	0	0	0
chr2	8899	42920397	42920400	3	1	0	1	0	0	1	0	=	0	0	0
chr2	8900	42920628	42920631	3	1	1	1	1	0	0	0	?	0	0	0
chr2	8901	42920849	42920852	3	1	1	1	1	0	0	0	?	0	0	0
chr2	8902	42920924	42920927	3	1	1	1	1	0	0	0	?	0	0	0
chr2	8903	42920990	42920993	3	1	1	1	1	0	0	0	?	0	0	0
chr2	8904	42921345	42921348	3	1	1	1	1	0	0	0	?	0	0	0
chr2	8905	42921955	42921958	3	1	1	1	1	0	0	0	?	0	0	0
chr2	8906	42922343	42922346	3	1	1	1	1	0	0	0	?	0	0	0
chr2	8907	42922473	42922476	3	1	1	1	1	0	0	0	?	0	0	0
chr2	8908	42922544	42922554	10	2	2	2	2	0	0	0	?	0	0	0
chr2	8909	42922679	42922682	3	1	1	1	1	0	0	0	?	0	0	0
chr2	8910	42922831	42922834	3	1	1	1	1	0	0	0	?	0	0	0
chr2	8911	42922970	42922975	5	2	2	2	2	0	0	0	?	0	0	0
chr2	8912	42923073	42923076	3	1	1	1	1	0	0	0	?	0	0	0
chr2	8913	42923732	42923735	3	1	1	1	1	0	0	0	?	0	0	0
chr2	8914	42923828	42923831	3	1	1	1	1	0	0	0	?	0	0	0
chr2	8915	42923898	42923901	3	1	1	1	1	0	0	0	?	0	0	0
chr2	8916	42923960	42923963	3	1	1	1	1	0	0	0	?	0	0	0
chr2	8917	42924252	42924255	3	1	1	1	1	0	0	0	?	0	0	0
chr2	8918	42924296	42924299	3	1	1	1	1	0	0	0	?	0	0	0
chr2	8919	42924327	42924329	2	1	1	1	1	2	2	0	?	0	0	0
chr2	8920	42924705	42924708	3	1	0	1	0	0	1	0	=	0	0	0
chr2	8921	42925178	42925181	3	1	1	1	1	0	0	0	?	0	0	0
chr2	8922	42925220	42925223	3	1	1	1	1	0	0	0	?	0	0	0
chr2	8923	42925374	42925410	36	2	2	2	2	1	5	0	=	0	0	0
chr2	8924	42925736	42925753	17	3	3	3	3	0	0	0	?	0	0	0
chr2	8925	42925973	42925976	3	1	1	1	1	0	0	0	?	0	0	0
chr2	8926	42926101	42926104	3	1	1	1	1	0	0	0	?	0	0	0
chr2	8927	42926966	42926969	3	1	0	1	0	0	1	0	=	0	0	0
chr2	8928	42927068	42927071	3	1	0	1	0	0	1	0	=	0	0	0
chr2	8929	42927085	42927088	3	1	0	1	0	0	1	0	=	0	0	0
chr2	8930	42927943	42927951	8	0	0	1	0	6	6	0	?	0	0	0
chr2	8931	42928401	42928404	3	1	0	1	0	0	1	0	=	0	0	0
chr2	8932	42928801	42928804	3	1	0	1	0	0	1	0	=	0	0	0
chr2	8933	42929456	42929459	3	1	0	1	0	0	1	0	=	0	0	0
chr2	8934	42929587	42929590	3	1	0	1	0	0	1	0	=	0	0	0
chr2	8935	42929763	42929766	3	1	0	1	0	0	1	0	=	0	0	0
chr2	8936	42930305	42930308	3	1	0	1	0	0	1	0	=	0	0	0
chr2	8937	42930655	42930658	3	1	0	1	0	0	1	0	=	0	0	0
chr2	8938	42930728	42930730	2	0	0	1	0	9	9	0	?	0	0	0
chr2	8939	42930800	42930803	3	1	0	1	0	0	1	0	=	0	0	0
chr2	8940	42931066	42931069	3	1	0	1	0	0	1	0	=	0	0	0
chr2	8941	42931690	42931693	3	1	0	1	0	0	1	0	=	0	0	0
chr2	8942	42931876	42931879	3	1	0	1	0	0	1	0	=	0	0	0
chr2	8943	42932061	42932064	3	1	0	1	0	0	1	0	=	0	0	0
chr2	8944	42932324	42932327	3	1	0	1	0	0	1	0	=	0	0	0
chr2	8945	42932819	42932822	3	1	0	1	0	0	1	0	=	0	0	0
chr2	8946	42932885	42932888	3	1	0	1	0	0	1	0	=	0	0	0
chr2	8947	42933006	42933009	3	1	0	1	0	0	1	0	=	0	0	0
chr2	8948	42933421	42933424	3	1	0	1	0	0	1	0	=	0	0	0
chr2	8949	42933460	42933468	8	1	0	1	0	0	6	0	=	0	0	0
chr2	8950	42933702	42933705	3	1	0	1	0	0	1	0	=	0	0	0
chr2	8951	42934038	42934041	3	1	0	1	0	0	1	0	=	0	0	0
chr2	8952	42934378	42934381	3	1	0	1	0	0	1	0	=	0	0	0
chr2	8953	42934643	42934646	3	1	0	1	0	0	1	0	=	0	0	0
chr2	8954	42935261	42935264	3	1	0	1	0	0	1	0	=	0	0	0
chr2	8955	42935598	42935601	3	1	0	1	0	0	1	0	=	0	0	0
chr2	8956	42935968	42935988	20	2	0	2	0	0	15	0	=	0	0	0
chr2	8957	42937610	42937613	3	1	0	1	0	0	1	0	=	0	0	0
chr2	8958	42938005	42938008	3	1	0	1	0	0	1	0	=	0	0	0
chr2	8959	42938383	42938386	3	1	0	1	0	0	1	0	=	0	0	0
chr2	8960	42940194	42940197	3	1	0	1	0	0	1	0	=	0	0	0
chr2	8961	42940480	42940483	3	1	0	1	0	0	1	0	=	0	0	0
chr2	8962	42941884	42941887	3	1	0	1	0	0	1	0	=	0	0	0
chr2	8963	42942130	42942133	3	1	1	1	1	0	0	0	?	0	0	0
chr2	8964	42942147	42942150	3	1	1	1	1	0	0	0	?	0	0	0
chr2	8965	42942284	42942287	3	1	0	1	0	0	1	0	=	0	0	0
chr2	8966	42942387	42942390	3	1	0	1	0	0	1	0	=	0	0	0
chr2	8967	42943209	42943212	3	0	1	0	1	0	1	0	=	0	0	0
chr2	8968	42943363	42943366	3	0	1	0	1	0	1	0	=	0	0	0
chr2	8969	42943573	42943576	3	0	1	0	1	0	1	0	=	0	0	0
chr2	8970	42943596	42943599	3	1	1	1	1	0	0	0	?	0	0	0
chr2	8971	42943654	42943657	3	0	1	0	1	0	1	0	=	0	0	0
chr2	8972	42944553	42944556	3	1	1	1	1	0	0	0	?	0	0	0
chr2	8973	42944579	42944582	3	1	1	1	1	0	0	0	?	0	0	0
chr2	8974	42945040	42945043	3	0	1	0	1	0	1	0	=	0	0	0
chr2	8975	42946146	42946159	13	8	0	7	0	2	10	0	=	0	0	0
chr2	8976	42946309	42946312	3	1	0	1	0	0	1	0	=	0	0	0
chr2	8977	42946473	42946485	12	0	0	1	1	30	30	0	?	0	0	0
chr2	8978	42947750	42947758	8	0	2	0	2	0	2	0	=	0	0	0
chr2	8979	42948642	42948645	3	0	1	0	1	0	1	0	=	0	0	0
chr2	8980	42948720	42948723	3	0	1	0	1	0	1	0	=	0	0	0
chr2	8981	42948870	42948873	3	0	1	0	1	0	1	0	=	0	0	0
chr2	8982	42951444	42951447	3	0	1	0	1	0	1	0	=	0	0	0
chr2	8983	42951977	42951980	3	0	1	0	1	0	1	0	=	0	0	0
chr2	8984	42951998	42952001	3	0	1	0	1	0	1	0	=	0	0	0
chr2	8985	42952144	42952147	3	0	1	0	1	0	1	0	=	0	0	0
chr2	8986	42952264	42952267	3	0	1	0	1	0	1	0	=	0	0	0
chr2	8987	42952416	42952419	3	0	1	0	1	0	1	0	=	0	0	0
chr2	8988	42953758	42953760	2	0	1	0	1	0	3	0	=	0	0	0
chr2	8989	42953837	42953841	4	0	1	0	1	0	2	0	=	0	0	0
chr2	8990	42953933	42953936	3	0	1	0	1	0	1	0	=	0	0	0
chr2	8991	42955416	42955419	3	0	1	0	1	0	1	0	=	0	0	0
chr2	8992	42955539	42955542	3	0	1	0	1	0	1	0	=	0	0	0
chr2	8993	42955708	42955711	3	0	1	0	1	0	1	0	=	0	0	0
chr2	8994	42955977	42955980	3	0	1	0	1	0	1	0	=	0	0	0
chr2	8995	42956319	42956322	3	0	1	0	1	0	1	0	=	0	0	0
chr2	8996	42956357	42956360	3	0	1	0	1	0	1	0	=	0	0	0
chr2	8997	42956797	42956800	3	0	1	0	1	0	1	0	=	0	0	0
chr2	8998	42957120	42957123	3	0	1	0	1	0	1	0	=	0	0	0
chr2	8999	42957587	42957590	3	0	1	0	1	0	1	0	=	0	0	0
chr2	9000	42957665	42957668	3	0	1	0	1	0	1	0	=	0	0	0
chr2	9001	42958390	42958393	3	0	1	0	1	0	1	0	=	0	0	0
chr2	9002	42958715	42958720	5	0	2	0	2	0	2	0	=	0	0	0
chr2	9003	42958731	42958734	3	0	1	0	1	0	1	0	=	0	0	0
chr2	9004	42958974	42958977	3	0	1	0	1	0	1	0	=	0	0	0
chr2	9005	42959373	42959376	3	0	1	0	1	0	1	0	=	0	0	0
chr2	9006	42959661	42959664	3	0	1	0	1	0	1	0	=	0	0	0
chr2	9007	42961357	42961360	3	0	1	0	1	0	1	0	=	0	0	0
chr2	9008	42962065	42962068	3	0	1	0	1	0	1	0	=	0	0	0
chr2	9009	42962482	42962485	3	0	1	0	1	0	1	0	=	0	0	0
chr2	9010	42964161	42964163	2	0	1	0	1	0	1	0	=	0	0	0
chr2	9011	42964630	42964633	3	0	1	0	1	0	1	0	=	0	0	0
chr2	9012	42965288	42965298	10	0	2	0	2	0	2	0	=	0	0	0
chr2	9013	42965669	42965671	2	0	1	0	1	0	1	0	=	0	0	0
chr2	9014	42966436	42966439	3	0	0	0	1	1	1	0	?	0	0	0
chr2	9015	42966520	42966523	3	0	1	0	1	0	1	0	=	0	0	0
chr2	9016	42966797	42966800	3	0	1	0	1	0	1	0	=	0	0	0
chr2	9017	42967108	42967111	3	1	0	1	0	0	1	0	=	0	0	0
chr2	9018	42967454	42967457	3	0	1	0	1	0	1	0	=	0	0	0
chr2	9019	42967478	42967481	3	0	1	0	1	0	1	0	=	0	0	0
chr2	9020	42967899	42967902	3	0	1	0	1	0	1	0	=	0	0	0
chr2	9021	42969993	42969996	3	0	1	0	1	0	1	0	=	0	0	0
chr2	9022	42970079	42970082	3	0	1	0	1	0	1	0	=	0	0	0
chr2	9023	42970571	42970574	3	0	1	0	1	0	1	0	=	0	0	0
chr2	9024	42970768	42970771	3	1	0	1	0	0	1	0	=	0	0	0
chr2	9025	42971740	42971743	3	0	1	0	1	0	1	0	=	0	0	0
chr2	9026	42971943	42971946	3	0	1	0	1	0	1	0	=	0	0	0
chr2	9027	42972245	42972248	3	0	1	0	1	0	1	0	=	0	0	0
chr2	9028	42972335	42972338	3	0	1	0	1	0	1	0	=	0	0	0
chr2	9029	42972965	42972968	3	0	1	0	1	0	1	0	=	0	0	0
chr2	9030	42973006	42973009	3	0	1	0	1	0	1	0	=	0	0	0
chr2	9031	42973498	42973500	2	0	1	0	0	0	0	0	?	0	0	0
chr2	9032	42973676	42973678	2	0	0	1	1	11	11	0	?	0	0	0
chr2	9033	42974377	42974402	25	0	1	0	1	0	23	0	=	0	0	0
chr2	9034	42974494	42974497	3	0	1	0	1	0	1	0	=	0	0	0
chr2	9035	42975445	42975466	21	0	2	0	2	0	9	0	=	0	0	0
chr2	9036	42975859	42975862	3	0	1	0	1	0	1	0	=	0	0	0
chr2	9037	42975962	42975965	3	0	1	0	1	0	1	0	=	0	0	0
chr2	9038	42976020	42976022	2	0	0	0	1	6	6	0	?	0	0	0
chr2	9039	42976301	42976304	3	0	1	0	1	0	1	0	=	0	0	0
chr2	9040	42977677	42977680	3	0	1	0	1	0	1	0	=	0	0	0
chr2	9041	42978091	42978093	2	0	1	0	1	0	2	0	=	0	0	0
chr2	9042	42978539	42978542	3	0	1	0	1	0	1	0	=	0	0	0
chr2	9043	42978603	42978645	42	0	1	0	1	0	40	0	=	0	0	0
chr2	9044	42979780	42979783	3	0	1	0	1	0	1	0	=	0	0	0
chr2	9045	42979839	42979842	3	0	1	0	1	0	1	0	=	0	0	0
chr2	9046	42980439	42980462	23	0	2	0	2	0	18	0	=	0	0	0
chr2	9047	42980730	42980733	3	0	1	0	1	0	1	0	=	0	0	0
chr2	9048	42981010	42981013	3	0	1	0	1	0	1	0	=	0	0	0
chr2	9049	42981600	42981632	32	0	1	0	2	1	3	0	=	0	0	0
chr2	9050	42981899	42981902	3	0	1	0	1	0	1	0	=	0	0	0
chr2	9051	42981931	42981934	3	0	1	0	1	0	1	0	=	0	0	0
chr2	9052	42982227	42982231	4	0	1	0	1	0	2	0	=	0	0	0
chr2	9053	42982314	42982317	3	0	1	0	1	0	1	0	=	0	0	0
chr2	9054	42982891	42982894	3	0	1	0	1	0	1	0	=	0	0	0
chr2	9055	42983976	42983979	3	1	0	1	0	0	1	0	=	0	0	0
chr2	9056	42984064	42984067	3	1	0	1	0	0	1	0	=	0	0	0
chr2	9057	42984509	42984512	3	1	0	1	0	0	1	0	=	0	0	0
chr2	9058	42984522	42984525	3	1	0	1	0	0	1	0	=	0	0	0
chr2	9059	42985253	42985256	3	1	0	1	0	0	1	0	=	0	0	0
chr2	9060	42985430	42985433	3	1	0	1	0	0	1	0	=	0	0	0
chr2	9061	42985649	42985652	3	1	0	1	0	0	1	0	=	0	0	0
chr2	9062	42986012	42986015	3	1	0	1	0	0	1	0	=	0	0	0
chr2	9063	42986269	42986272	3	1	0	1	0	0	1	0	=	0	0	0
chr2	9064	42986391	42986394	3	0	1	1	1	1	3	0	=	0	0	0
chr2	9065	42986476	42986479	3	1	0	1	0	0	1	0	=	0	0	0
chr2	9066	42986854	42986857	3	1	0	1	0	0	1	0	=	0	0	0
chr2	9067	42987329	42987331	2	1	0	1	0	0	1	0	=	0	0	0
chr2	9068	42987963	42987966	3	1	0	1	0	0	1	0	=	0	0	0
chr2	9069	42988429	42988432	3	1	0	1	0	0	1	0	=	0	0	0
chr2	9070	42988713	42988716	3	1	0	1	0	0	1	0	=	0	0	0
chr2	9071	42989064	42989067	3	1	0	1	0	0	1	0	=	0	0	0
chr2	9072	42989269	42989275	6	1	1	1	1	0	4	0	=	0	0	0
chr2	9073	42989393	42989396	3	1	0	1	0	0	1	0	=	0	0	0
chr2	9074	42989773	42989776	3	1	0	1	0	0	1	0	=	0	0	0
chr2	9075	42989812	42989815	3	1	0	1	0	0	1	0	=	0	0	0
chr2	9076	42989824	42989827	3	1	0	1	0	0	1	0	=	0	0	0
chr2	9077	42989890	42989893	3	0	1	0	1	0	1	0	=	0	0	0
chr2	9078	42990047	42990050	3	1	0	1	0	0	1	0	=	0	0	0
chr2	9079	42990123	42990126	3	1	0	1	0	0	1	0	=	0	0	0
chr2	9080	42990381	42990384	3	1	0	1	0	0	1	0	=	0	0	0
chr2	9081	42990765	42990768	3	1	0	1	0	0	1	0	=	0	0	0
chr2	9082	42990992	42990995	3	0	0	1	0	1	1	0	?	0	0	0
chr2	9083	42991047	42991050	3	0	0	1	0	1	1	0	?	0	0	0
chr2	9084	42991124	42991142	18	0	0	2	1	6	6	0	?	0	0	0
chr2	9085	42991247	42991250	3	0	0	1	0	1	1	0	?	0	0	0
chr2	9086	42991288	42991291	3	1	0	1	0	0	1	0	=	0	0	0
chr2	9087	42991370	42991373	3	0	0	1	0	1	1	0	?	0	0	0
chr2	9088	42991450	42991453	3	0	0	1	0	1	1	0	?	0	0	0
chr2	9089	42992202	42992205	3	0	1	0	1	0	1	0	=	0	0	0
chr2	9090	42992325	42992328	3	1	0	1	0	0	1	0	=	0	0	0
chr2	9091	42992849	42992852	3	1	0	1	0	0	1	0	=	0	0	0
chr2	9092	42992948	42992951	3	1	0	1	0	0	1	0	=	0	0	0
chr2	9093	42992981	42992984	3	1	1	1	1	0	0	0	?	0	0	0
chr2	9094	42993076	42993079	3	0	0	1	0	1	1	0	?	0	0	0
chr2	9095	42993128	42993131	3	0	0	1	0	1	1	0	?	0	0	0
chr2	9096	42993452	42993455	3	0	0	1	0	1	1	0	?	0	0	0
chr2	9097	42993466	42993469	3	0	0	1	0	1	1	0	?	0	0	0
chr2	9098	42993692	42993695	3	0	0	1	0	1	1	0	?	0	0	0
chr2	9099	42993827	42993830	3	0	0	1	0	1	1	0	?	0	0	0
chr2	9100	42994009	42994012	3	1	0	1	0	0	1	0	=	0	0	0
chr2	9101	42994180	42994183	3	1	0	1	0	0	1	0	=	0	0	0
chr2	9102	42994637	42994640	3	0	0	1	0	1	1	0	?	0	0	0
chr2	9103	42994784	42994787	3	0	0	1	0	1	1	0	?	0	0	0
chr2	9104	42994909	42994912	3	1	0	1	0	0	1	0	=	0	0	0
chr2	9105	42994932	42994935	3	1	0	1	0	0	1	0	=	0	0	0
chr2	9106	42995507	42995509	2	1	1	1	1	0	0	0	?	0	0	0
chr2	9107	42995649	42995652	3	1	1	1	1	0	0	0	?	0	0	0
chr2	9108	42995855	42995858	3	1	0	1	0	0	1	0	=	0	0	0
chr2	9109	42995977	42995980	3	1	0	1	0	0	1	0	=	0	0	0
chr2	9110	42996457	42996463	6	2	0	2	0	0	2	0	=	0	0	0
chr2	9111	42996480	42996483	3	1	0	1	0	0	1	0	=	0	0	0
chr2	9112	42996499	42996502	3	1	0	1	0	0	1	0	=	0	0	0
chr2	9113	42996592	42996595	3	1	0	1	0	0	1	0	=	0	0	0
chr2	9114	42996642	42996645	3	1	0	1	0	0	1	0	=	0	0	0
chr2	9115	42996713	42996718	5	2	0	2	0	0	2	0	=	0	0	0
chr2	9116	42997348	42997350	2	1	0	1	0	0	1	0	=	0	0	0
chr2	9117	42997634	42997637	3	1	0	1	0	0	1	0	=	0	0	0
chr2	9118	42998336	42998338	2	1	0	1	0	0	2	0	=	0	0	0
chr2	9119	42998467	42998470	3	1	0	1	0	0	1	0	=	0	0	0
chr2	9120	42998598	42998601	3	1	0	1	0	0	1	0	=	0	0	0
chr2	9121	42999725	42999730	5	2	0	2	0	0	2	0	=	0	0	0
chr2	9122	42999775	42999778	3	1	0	1	0	0	1	0	=	0	0	0
chr2	9123	42999960	42999963	3	1	0	1	0	0	1	0	=	0	0	0
chr2	9124	43000059	43000061	2	1	0	1	0	0	1	0	=	0	0	0
chr2	9125	43000120	43000123	3	1	0	1	0	0	1	0	=	0	0	0
chr2	9126	43000389	43000392	3	0	1	0	1	0	1	0	=	0	0	0
chr2	9127	43000485	43000487	2	0	0	1	1	2	2	0	?	0	0	0
chr2	9128	43001007	43001011	4	0	0	2	2	4	4	0	?	0	0	0
chr2	9129	43001073	43001076	3	1	0	1	0	0	1	0	=	0	0	0
chr2	9130	43001598	43001601	3	1	0	1	0	0	1	0	=	0	0	0
chr2	9131	43002305	43002309	4	0	1	0	1	0	2	0	=	0	0	0
chr2	9132	43002813	43002816	3	1	1	1	1	0	0	0	?	0	0	0
chr2	9133	43003485	43003487	2	0	0	1	0	1	1	0	?	0	0	0
chr2	9134	43003675	43003687	12	1	2	1	2	0	1	0	=	0	0	0
chr2	9135	43003928	43003931	3	1	0	1	0	0	1	0	=	0	0	0
chr2	9136	43004164	43004189	25	0	0	3	1	17	17	0	?	0	0	0
chr2	9137	43004271	43004274	3	1	0	1	0	0	1	0	=	0	0	0
chr2	9138	43004477	43004480	3	1	0	1	0	0	1	0	=	0	0	0
chr2	9139	43005500	43005503	3	0	1	0	1	0	1	0	=	0	0	0
chr2	9140	43005515	43005518	3	0	1	0	1	0	1	0	=	0	0	0
chr2	9141	43007057	43007060	3	0	1	0	1	0	1	0	=	0	0	0
chr2	9142	43008194	43008197	3	0	1	0	1	0	1	0	=	0	0	0
chr2	9143	43008309	43008312	3	0	1	0	1	0	1	0	=	0	0	0
chr2	9144	43008429	43008432	3	1	0	1	0	0	1	0	=	0	0	0
chr2	9145	43008725	43008728	3	0	1	0	1	0	1	0	=	0	0	0
chr2	9146	43009777	43009780	3	0	1	0	1	0	1	0	=	0	0	0
chr2	9147	43010554	43010557	3	0	1	0	1	0	1	0	=	0	0	0
chr2	9148	43010622	43010625	3	0	1	0	1	0	1	0	=	0	0	0
chr2	9149	43011239	43011242	3	1	1	1	1	0	0	0	?	0	0	0
chr2	9150	43011550	43011552	2	1	0	1	0	0	1	0	=	0	0	0
chr2	9151	43011903	43011906	3	1	0	1	0	0	1	0	=	0	0	0
chr2	9152	43012284	43012287	3	1	0	1	0	0	1	0	=	0	0	0
chr2	9153	43012610	43012634	24	0	0	1	3	24	24	0	?	0	0	0
chr2	9154	43013066	43013069	3	1	1	1	1	0	0	0	?	0	0	0
chr2	9155	43014093	43014096	3	1	0	1	0	0	1	0	=	0	0	0
chr2	9156	43014365	43014368	3	0	1	0	1	0	1	0	=	0	0	0
chr2	9157	43014504	43014507	3	1	0	1	0	0	1	0	=	0	0	0
chr2	9158	43015002	43015005	3	1	1	1	1	0	0	0	?	0	0	0
chr2	9159	43015019	43015022	3	1	1	1	1	0	0	0	?	0	0	0
chr2	9160	43015179	43015182	3	1	1	1	1	0	0	0	?	0	0	0
chr2	9161	43015217	43015220	3	1	1	1	1	0	0	0	?	0	0	0
chr2	9162	43015447	43015450	3	1	0	1	0	0	1	0	=	0	0	0
chr2	9163	43015468	43015471	3	0	1	0	1	0	1	0	=	0	0	0
chr2	9164	43015746	43015750	4	2	2	2	2	0	0	0	?	0	0	0
chr2	9165	43016264	43016267	3	0	1	0	1	0	1	0	=	0	0	0
chr2	9166	43016776	43016779	3	1	0	1	0	0	1	0	=	0	0	0
chr2	9167	43016806	43016809	3	1	0	1	0	0	1	0	=	0	0	0
chr2	9168	43016836	43016839	3	1	0	1	0	0	1	0	=	0	0	0
chr2	9169	43017549	43017552	3	0	1	0	1	0	1	0	=	0	0	0
chr2	9170	43017656	43017659	3	0	1	0	1	0	1	0	=	0	0	0
chr2	9171	43017704	43017707	3	1	1	1	1	0	0	0	?	0	0	0
chr2	9172	43017793	43017796	3	1	1	1	1	0	0	0	?	0	0	0
chr2	9173	43019626	43019629	3	0	1	0	1	0	1	0	=	0	0	0
chr2	9174	43019932	43019935	3	0	1	0	1	0	1	0	=	0	0	0
chr2	9175	43020478	43020481	3	0	1	0	1	0	1	0	=	0	0	0
chr2	9176	43020897	43020900	3	0	1	0	1	0	1	0	=	0	0	0
chr2	9177	43021086	43021090	4	1	0	0	1	6	6	0	?	0	0	0
chr2	9178	43021663	43021670	7	0	0	1	1	8	8	0	?	0	0	0
chr2	9179	43022113	43022116	3	1	0	1	0	0	1	0	=	0	0	0
chr2	9180	43022462	43022467	5	1	0	1	1	3	6	0	?	0	0	0
chr2	9181	43022916	43022919	3	1	0	1	0	0	1	0	=	0	0	0
chr2	9182	43024693	43024696	3	0	1	0	1	0	1	0	=	0	0	0
chr2	9183	43025127	43025130	3	1	1	1	1	0	0	0	?	0	0	0
chr2	9184	43025191	43025196	5	1	2	1	2	0	1	0	=	0	0	0
chr2	9185	43025293	43025343	50	3	4	3	6	6	13	0	?	0	0	0
chr2	9186	43025550	43025553	3	0	1	0	1	0	1	0	=	0	0	0
chr2	9187	43025708	43025711	3	0	1	0	1	0	1	0	=	0	0	0
chr2	9188	43026101	43026104	3	1	0	1	0	0	1	0	=	0	0	0
chr2	9189	43026206	43026209	3	1	0	1	0	0	1	0	=	0	0	0
chr2	9190	43026418	43026421	3	1	1	1	1	0	0	0	?	0	0	0
chr2	9191	43026686	43026689	3	0	1	0	1	0	1	0	=	0	0	0
chr2	9192	43026755	43026758	3	1	0	1	0	0	1	0	=	0	0	0
chr2	9193	43026910	43026913	3	1	0	1	0	0	1	0	=	0	0	0
chr2	9194	43027285	43027288	3	1	0	1	0	0	1	0	=	0	0	0
chr2	9195	43027355	43027358	3	1	0	1	0	0	1	0	=	0	0	0
chr2	9196	43030617	43030619	2	1	0	1	0	0	1	0	=	0	0	0
chr2	9197	43032023	43032026	3	1	0	1	0	0	1	0	=	0	0	0
chr2	9198	43032688	43032690	2	1	0	1	0	0	1	0	=	0	0	0
chr2	9199	43033981	43033984	3	1	0	1	0	0	1	0	=	0	0	0
chr2	9200	43035654	43035657	3	1	0	1	0	0	1	0	=	0	0	0
chr2	9201	43036664	43036667	3	1	0	1	0	0	1	0	=	0	0	0
chr2	9202	43036892	43036895	3	0	0	1	1	2	2	0	?	0	0	0
chr2	9203	43036946	43036949	3	1	0	1	0	0	1	0	=	0	0	0
chr2	9204	43037183	43037186	3	1	0	1	0	0	1	0	=	0	0	0
chr2	9205	43037306	43037309	3	1	0	1	0	0	1	0	=	0	0	0
chr2	9206	43037730	43037733	3	1	0	1	0	0	1	0	=	0	0	0
chr2	9207	43037909	43037912	3	1	0	1	0	0	1	0	=	0	0	0
chr2	9208	43039617	43039619	2	1	1	1	1	0	0	0	?	0	0	0
chr2	9209	43039980	43039983	3	1	0	1	0	0	1	0	=	0	0	0
chr2	9210	43040857	43040865	8	2	1	2	1	1	1	0	?	0	0	0
chr2	9211	43040973	43040976	3	1	1	1	1	0	0	0	?	0	0	0
chr2	9212	43041032	43041035	3	0	1	0	1	0	1	0	=	0	0	0
chr2	9213	43043146	43043149	3	1	1	1	1	0	0	0	?	0	0	0
chr2	9214	43043197	43043200	3	1	1	1	1	0	0	0	?	0	0	0
chr2	9215	43043573	43043576	3	1	1	1	1	0	0	0	?	0	0	0
chr2	9216	43043754	43043757	3	1	1	1	1	0	0	0	?	0	0	0
chr2	9217	43044480	43044483	3	1	1	1	1	0	0	0	?	0	0	0
chr2	9218	43044508	43044511	3	1	1	1	1	0	0	0	?	0	0	0
chr2	9219	43045545	43045599	54	0	0	1	2	41	41	0	?	0	0	0
chr2	9220	43046171	43046174	3	1	0	1	0	0	1	0	=	0	0	0
chr2	9221	43046731	43046734	3	1	0	1	0	0	1	0	=	0	0	0
chr2	9222	43046822	43046887	65	1	1	2	3	15	17	0	?	0	0	0
chr2	9223	43047538	43047541	3	1	0	1	0	0	1	0	=	0	0	0
chr2	9224	43047681	43047684	3	1	0	1	0	0	1	0	=	0	0	0
chr2	9225	43047759	43047762	3	1	1	1	1	0	0	0	?	0	0	0
chr2	9226	43047949	43047952	3	1	0	1	0	0	1	0	=	0	0	0
chr2	9227	43048111	43048113	2	0	1	0	1	0	1	0	=	0	0	0
chr2	9228	43048300	43048303	3	1	0	1	0	0	1	0	=	0	0	0
chr2	9229	43048556	43048559	3	1	0	1	0	0	1	0	=	0	0	0
chr2	9230	43048700	43048703	3	1	1	1	1	0	0	0	?	0	0	0
chr2	9231	43049708	43049711	3	1	0	1	0	0	1	0	=	0	0	0
chr2	9232	43050240	43050243	3	1	0	1	0	0	1	0	=	0	0	0
chr2	9233	43050435	43050438	3	0	1	0	1	0	1	0	=	0	0	0
chr2	9234	43050666	43050669	3	1	1	1	1	0	0	0	?	0	0	0
chr2	9235	43050683	43050686	3	1	1	1	1	0	0	0	?	0	0	0
chr2	9236	43050908	43050911	3	1	0	1	0	0	1	0	=	0	0	0
chr2	9237	43051327	43051330	3	1	1	1	1	0	0	0	?	0	0	0
chr2	9238	43051401	43051404	3	1	1	1	1	0	0	0	?	0	0	0
chr2	9239	43051922	43051925	3	1	1	1	1	0	0	0	?	0	0	0
chr2	9240	43052911	43052914	3	0	1	0	1	0	1	0	=	0	0	0
chr2	9241	43052936	43052939	3	0	1	0	1	0	1	0	=	0	0	0
chr2	9242	43053184	43053187	3	1	1	1	1	0	0	0	?	0	0	0
chr2	9243	43053359	43053362	3	0	1	0	1	0	1	0	=	0	0	0
chr2	9244	43053892	43053895	3	1	1	1	1	0	0	0	?	0	0	0
chr2	9245	43054016	43054019	3	1	1	1	1	0	0	0	?	0	0	0
chr2	9246	43054071	43054074	3	1	1	1	1	0	0	0	?	0	0	0
chr2	9247	43054225	43054228	3	1	1	1	1	0	0	0	?	0	0	0
chr2	9248	43054341	43054344	3	1	1	1	1	0	0	0	?	0	0	0
chr2	9249	43054845	43054848	3	1	1	1	1	0	0	0	?	0	0	0
chr2	9250	43054896	43054899	3	1	1	1	1	0	0	0	?	0	0	0
chr2	9251	43055322	43055325	3	1	1	1	1	0	0	0	?	0	0	0
chr2	9252	43055439	43055442	3	1	1	1	1	0	0	0	?	0	0	0
chr2	9253	43055668	43055671	3	1	1	1	1	0	0	0	?	0	0	0
chr2	9254	43055735	43055738	3	1	1	1	1	0	0	0	?	0	0	0
chr2	9255	43055823	43055826	3	1	0	1	0	0	1	0	=	0	0	0
chr2	9256	43056312	43056315	3	1	1	1	1	0	0	0	?	0	0	0
chr2	9257	43056334	43056337	3	1	1	1	1	0	0	0	?	0	0	0
chr2	9258	43056379	43056397	18	2	2	2	2	0	0	0	?	0	0	0
chr2	9259	43056526	43056529	3	1	1	1	1	0	0	0	?	0	0	0
chr2	9260	43056905	43056918	13	1	2	1	2	0	1	0	=	0	0	0
chr2	9261	43057292	43057295	3	1	1	1	1	0	0	0	?	0	0	0
chr2	9262	43057377	43057380	3	1	1	1	1	0	0	0	?	0	0	0
chr2	9263	43058190	43058193	3	1	0	1	0	0	1	0	=	0	0	0
chr2	9264	43059093	43059096	3	0	1	0	1	0	1	0	=	0	0	0
chr2	9265	43059498	43059501	3	0	1	0	1	0	1	0	=	0	0	0
chr2	9266	43059596	43059599	3	0	1	0	1	0	1	0	=	0	0	0
chr2	9267	43060197	43060200	3	0	1	0	1	0	1	0	=	0	0	0
chr2	9268	43060224	43060230	6	0	0	1	1	7	7	0	?	0	0	0
chr2	9269	43060489	43060492	3	1	1	1	1	0	0	0	?	0	0	0
chr2	9270	43060766	43060769	3	1	1	1	1	0	0	0	?	0	0	0
chr2	9271	43061017	43061020	3	1	0	1	0	0	1	0	=	0	0	0
chr2	9272	43061052	43061055	3	0	1	0	1	0	1	0	=	0	0	0
chr2	9273	43061458	43061461	3	0	1	0	1	0	1	0	=	0	0	0
chr2	9274	43061542	43061545	3	0	1	0	1	0	1	0	=	0	0	0
chr2	9275	43061670	43061673	3	0	1	0	1	0	1	0	=	0	0	0
chr2	9276	43061806	43061809	3	1	0	1	0	0	1	0	=	0	0	0
chr2	9277	43062501	43062524	23	1	2	1	2	0	3	0	=	0	0	0
chr2	9278	43062658	43062663	5	1	2	1	2	0	1	0	=	0	0	0
chr2	9279	43062673	43062676	3	0	1	0	1	0	1	0	=	0	0	0
chr2	9280	43062760	43062763	3	1	0	1	0	0	1	0	=	0	0	0
chr2	9281	43062788	43062791	3	0	1	0	1	0	1	0	=	0	0	0
chr2	9282	43063056	43063059	3	0	1	0	1	0	1	0	=	0	0	0
chr2	9283	43063115	43063250	135	2	3	3	6	82	85	0	?	0	0	0
chr2	9284	43063357	43063360	3	0	1	0	1	0	1	0	=	0	0	0
chr2	9285	43063384	43063387	3	1	0	1	0	0	1	0	=	0	0	0
chr2	9286	43063411	43063414	3	0	1	0	1	0	1	0	=	0	0	0
chr2	9287	43063472	43063475	3	1	1	1	1	0	0	0	?	0	0	0
chr2	9288	43063813	43063816	3	1	1	1	1	0	0	0	?	0	0	0
chr2	9289	43064047	43064049	2	0	0	1	1	48	48	0	?	0	0	0
chr2	9290	43064125	43064128	3	1	0	1	0	0	1	0	=	0	0	0
chr2	9291	43064401	43064404	3	0	1	0	1	0	1	0	=	0	0	0
chr2	9292	43064549	43064552	3	1	0	1	0	0	1	0	=	0	0	0
chr2	9293	43064577	43064580	3	0	1	0	1	0	1	0	=	0	0	0
chr2	9294	43064606	43064609	3	1	1	1	1	0	0	0	?	0	0	0
chr2	9295	43064776	43064779	3	0	1	0	1	0	1	0	=	0	0	0
chr2	9296	43065148	43065151	3	0	1	0	1	0	1	0	=	0	0	0
chr2	9297	43065163	43065166	3	0	1	0	1	0	1	0	=	0	0	0
chr2	9298	43065286	43065288	2	1	1	1	1	0	0	0	?	0	0	0
chr2	9299	43065692	43065695	3	1	0	1	0	0	1	0	=	0	0	0
chr2	9300	43066869	43066873	4	1	0	1	0	0	2	0	=	0	0	0
chr2	9301	43067169	43067172	3	1	0	1	0	0	1	0	=	0	0	0
chr2	9302	43067199	43067202	3	1	1	1	1	0	0	0	?	0	0	0
chr2	9303	43067489	43067492	3	1	1	1	1	0	0	0	?	0	0	0
chr2	9304	43068262	43068264	2	0	1	0	1	0	3	0	=	0	0	0
chr2	9305	43068348	43068351	3	0	1	0	1	0	1	0	=	0	0	0
chr2	9306	43068487	43068490	3	1	0	1	0	0	1	0	=	0	0	0
chr2	9307	43068556	43068560	4	0	1	0	1	0	2	0	=	0	0	0
chr2	9308	43068786	43068789	3	1	1	1	1	0	0	0	?	0	0	0
chr2	9309	43069699	43069702	3	1	1	1	1	0	0	0	?	0	0	0
chr2	9310	43069729	43069732	3	0	1	0	1	0	1	0	=	0	0	0
chr2	9311	43069826	43069829	3	0	1	0	1	0	1	0	=	0	0	0
chr2	9312	43071038	43071041	3	1	1	1	1	0	0	0	?	0	0	0
chr2	9313	43071081	43071084	3	1	1	1	1	0	0	0	?	0	0	0
chr2	9314	43072019	43072022	3	0	1	0	1	0	1	0	=	0	0	0
chr2	9315	43072312	43072315	3	0	1	0	1	0	1	0	=	0	0	0
chr2	9316	43073168	43073170	2	0	0	1	0	2	2	0	?	0	0	0
chr2	9317	43073445	43073448	3	1	1	1	1	0	0	0	?	0	0	0
chr2	9318	43073507	43073510	3	1	1	1	1	0	0	0	?	0	0	0
chr2	9319	43073877	43073880	3	0	1	0	1	0	1	0	=	0	0	0
chr2	9320	43074621	43074624	3	1	1	1	1	0	0	0	?	0	0	0
chr2	9321	43075539	43075558	19	0	2	0	2	0	5	0	=	0	0	0
chr2	9322	43076728	43076731	3	1	1	1	1	0	0	0	?	0	0	0
chr2	9323	43077446	43077449	3	1	1	1	1	0	0	0	?	0	0	0
chr2	9324	43078163	43078166	3	0	1	0	1	0	1	0	=	0	0	0
chr2	9325	43078251	43078254	3	1	1	1	1	0	0	0	?	0	0	0
chr2	9326	43078730	43078733	3	1	0	1	0	0	1	0	=	0	0	0
chr2	9327	43079088	43079091	3	1	0	1	0	0	1	0	=	0	0	0
chr2	9328	43079239	43079242	3	1	1	1	1	0	0	0	?	0	0	0
chr2	9329	43080273	43080276	3	0	1	0	1	0	1	0	=	0	0	0
chr2	9330	43080636	43080639	3	0	1	0	1	0	1	0	=	0	0	0
chr2	9331	43082107	43082110	3	0	1	0	1	0	1	0	=	0	0	0
chr2	9332	43082127	43082130	3	0	1	0	1	0	1	0	=	0	0	0
chr2	9333	43082852	43082855	3	0	1	0	1	0	1	0	=	0	0	0
chr2	9334	43083746	43083749	3	0	1	0	1	0	1	0	=	0	0	0
chr2	9335	43084134	43084137	3	1	1	1	1	0	0	0	?	0	0	0
chr2	9336	43084553	43084556	3	0	1	0	1	0	1	0	=	0	0	0
chr2	9337	43084680	43084683	3	0	1	0	1	0	1	0	=	0	0	0
chr2	9338	43084978	43084981	3	0	1	0	1	0	1	0	=	0	0	0
chr2	9339	43086077	43086080	3	0	1	0	1	0	1	0	=	0	0	0
chr2	9340	43086487	43086490	3	0	1	0	1	0	1	0	=	0	0	0
chr2	9341	43086512	43086515	3	0	1	0	1	0	1	0	=	0	0	0
chr2	9342	43086860	43086863	3	1	0	1	0	0	1	0	=	0	0	0
chr2	9343	43087035	43087038	3	0	1	0	1	0	1	0	=	0	0	0
chr2	9344	43087147	43087150	3	1	0	1	0	0	1	0	=	0	0	0
chr2	9345	43088708	43088711	3	1	0	1	0	0	1	0	=	0	0	0
chr2	9346	43090320	43090323	3	1	0	1	0	0	1	0	=	0	0	0
chr2	9347	43090390	43090393	3	0	0	1	0	1	1	0	?	0	0	0
chr2	9348	43091266	43091269	3	0	1	0	1	0	1	0	=	0	0	0
chr2	9349	43091909	43091911	2	1	0	1	0	0	1	0	=	0	0	0
chr2	9350	43092015	43092018	3	1	0	1	0	0	1	0	=	0	0	0
chr2	9351	43093548	43093551	3	1	1	1	1	0	0	0	?	0	0	0
chr2	9352	43093625	43093628	3	1	0	1	0	0	1	0	=	0	0	0
chr2	9353	43094085	43094088	3	1	1	1	1	0	0	0	?	0	0	0
chr2	9354	43096253	43096256	3	1	0	1	0	0	1	0	=	0	0	0
chr2	9355	43096782	43096785	3	1	0	1	0	0	1	0	=	0	0	0
chr2	9356	43097769	43097771	2	1	1	1	1	0	0	0	?	0	0	0
chr2	9357	43099302	43099305	3	1	1	1	1	0	0	0	?	0	0	0
chr2	9358	43101390	43101393	3	0	1	0	1	0	1	0	=	0	0	0
chr2	9359	43102663	43102666	3	0	1	0	1	0	1	0	=	0	0	0
chr2	9360	43105334	43105337	3	0	1	0	1	0	1	0	=	0	0	0
chr2	9361	43105934	43105937	3	0	1	0	1	0	1	0	=	0	0	0
chr2	9362	43106742	43106745	3	0	1	0	1	0	1	0	=	0	0	0
chr2	9363	43109988	43109991	3	0	1	0	1	0	1	0	=	0	0	0
chr2	9364	43110991	43110994	3	0	0	1	0	1	1	0	?	0	0	0
chr2	9365	43116750	43116753	3	1	1	1	1	0	0	0	?	0	0	0
chr2	9366	43118280	43118283	3	1	0	1	0	0	1	0	=	0	0	0
chr2	9367	43122075	43122078	3	0	1	0	1	0	1	0	=	0	0	0
chr2	9368	43123275	43123278	3	1	0	1	0	0	1	0	=	0	0	0
chr2	9369	43124513	43124516	3	0	1	0	1	0	1	0	=	0	0	0
chr2	9370	43129881	43129884	3	0	1	0	1	0	1	0	=	0	0	0
chr2	9371	43132788	43132791	3	1	0	1	0	0	1	0	=	0	0	0
chr2	9372	43134309	43134312	3	1	1	1	1	0	0	0	?	0	0	0
chr2	9373	43135176	43135182	6	0	1	1	1	2	6	0	=	0	0	0
chr2	9374	43135278	43135280	2	1	1	1	1	0	2	0	=	0	0	0
chr2	9375	43135975	43135978	3	1	0	1	0	0	1	0	=	0	0	0
chr2	9376	43136611	43136617	6	2	2	2	2	0	0	0	?	0	0	0
chr2	9377	43136852	43136855	3	0	1	0	1	0	1	0	=	0	0	0
chr2	9378	43137645	43137648	3	0	1	0	1	0	1	0	=	0	0	0
chr2	9379	43137780	43137782	2	0	1	0	1	0	1	0	=	0	0	0
chr2	9380	43138098	43138101	3	0	1	0	1	0	1	0	=	0	0	0
chr2	9381	43138184	43138193	9	0	2	0	2	0	2	0	=	0	0	0
chr2	9382	43138603	43138611	8	1	1	1	1	0	6	0	=	0	0	0
chr2	9383	43138936	43138939	3	0	1	0	1	0	1	0	=	0	0	0
chr2	9384	43139278	43139291	13	0	2	0	2	0	2	0	=	0	0	0
chr2	9385	43139733	43139736	3	0	1	0	1	0	1	0	=	0	0	0
chr2	9386	43140309	43140312	3	0	1	0	1	0	1	0	=	0	0	0
chr2	9387	43140387	43140390	3	0	1	0	1	0	1	0	=	0	0	0
chr2	9388	43140659	43140662	3	0	1	0	1	0	1	0	=	0	0	0
chr2	9389	43140748	43140751	3	0	1	0	1	0	1	0	=	0	0	0
chr2	9390	43140857	43140860	3	0	1	0	1	0	1	0	=	0	0	0
chr2	9391	43140878	43140881	3	0	1	0	1	0	1	0	=	0	0	0
chr2	9392	43140902	43140913	11	0	2	0	2	0	2	0	=	0	0	0
chr2	9393	43141551	43141557	6	0	1	0	1	0	4	0	=	0	0	0
chr2	9394	43141845	43141848	3	1	1	1	1	0	0	0	?	0	0	0
chr2	9395	43141960	43141963	3	1	0	1	0	0	1	0	=	0	0	0
chr2	9396	43142626	43142629	3	1	0	1	0	0	1	0	=	0	0	0
chr2	9397	43143194	43143197	3	1	1	1	1	0	0	0	?	0	0	0
chr2	9398	43143547	43143550	3	1	1	1	1	0	0	0	?	0	0	0
chr2	9399	43143587	43143590	3	0	1	0	1	0	1	0	=	0	0	0
chr2	9400	43143662	43143665	3	1	0	1	0	0	1	0	=	0	0	0
chr2	9401	43143698	43143701	3	1	0	1	0	0	1	0	=	0	0	0
chr2	9402	43143825	43143828	3	1	1	1	1	0	0	0	?	0	0	0
chr2	9403	43144101	43144104	3	1	1	1	1	0	0	0	?	0	0	0
chr2	9404	43144219	43144222	3	0	1	0	1	0	1	0	=	0	0	0
chr2	9405	43144401	43144404	3	1	1	1	1	0	0	0	?	0	0	0
chr2	9406	43144658	43144661	3	1	1	1	1	0	0	0	?	0	0	0
chr2	9407	43144940	43144943	3	1	1	1	1	0	0	0	?	0	0	0
chr2	9408	43145202	43145205	3	0	1	0	1	0	1	0	=	0	0	0
chr2	9409	43145493	43145496	3	1	0	1	0	0	1	0	=	0	0	0
chr2	9410	43145510	43145513	3	0	1	0	1	0	1	0	=	0	0	0
chr2	9411	43145978	43145981	3	1	0	1	0	0	1	0	=	0	0	0
chr2	9412	43146337	43146340	3	1	0	1	0	0	1	0	=	0	0	0
chr2	9413	43146417	43146434	17	1	2	1	2	0	10	0	=	0	0	0
chr2	9414	43146696	43146699	3	0	1	0	1	0	1	0	=	0	0	0
chr2	9415	43147333	43147336	3	1	0	1	0	0	1	0	=	0	0	0
chr2	9416	43147881	43147884	3	1	0	1	0	0	1	0	=	0	0	0
chr2	9417	43148174	43148177	3	1	1	1	1	0	0	0	?	0	0	0
chr2	9418	43148292	43148294	2	0	1	0	1	0	1	0	=	0	0	0
chr2	9419	43149698	43149738	40	3	1	3	2	4	5	0	?	0	0	0
chr2	9420	43149902	43149906	4	0	1	0	1	0	2	0	=	0	0	0
chr2	9421	43149923	43149926	3	1	0	1	0	0	1	0	=	0	0	0
chr2	9422	43150508	43150511	3	1	0	1	0	0	1	0	=	0	0	0
chr2	9423	43151099	43151102	3	1	0	1	0	0	1	0	=	0	0	0
chr2	9424	43151298	43151301	3	1	0	1	0	0	1	0	=	0	0	0
chr2	9425	43151579	43151582	3	1	0	1	0	0	1	0	=	0	0	0
chr2	9426	43151669	43151674	5	0	0	1	0	3	3	0	?	0	0	0
chr2	9427	43152107	43152110	3	1	0	1	0	0	1	0	=	0	0	0
chr2	9428	43152762	43152765	3	1	0	1	0	0	1	0	=	0	0	0
chr2	9429	43152780	43152783	3	0	1	0	1	0	1	0	=	0	0	0
chr2	9430	43152901	43152904	3	1	0	1	0	0	1	0	=	0	0	0
chr2	9431	43153545	43153547	2	1	0	1	0	0	1	0	=	0	0	0
chr2	9432	43153774	43153777	3	1	0	1	0	0	1	0	=	0	0	0
chr2	9433	43154107	43154110	3	1	0	1	0	0	1	0	=	0	0	0
chr2	9434	43154331	43154334	3	1	0	1	0	0	1	0	=	0	0	0
chr2	9435	43155085	43155087	2	1	0	1	0	0	4	0	=	0	0	0
chr2	9436	43155210	43155213	3	1	0	1	0	0	1	0	=	0	0	0
chr2	9437	43155600	43155603	3	1	0	1	0	0	1	0	=	0	0	0
chr2	9438	43156030	43156033	3	1	0	1	0	0	1	0	=	0	0	0
chr2	9439	43156442	43156444	2	1	1	1	0	0	0	0	?	0	0	0
chr2	9440	43156749	43156751	2	0	1	0	1	0	1	0	=	0	0	0
chr2	9441	43157238	43157249	11	1	0	1	0	0	9	0	=	0	0	0
chr2	9442	43157315	43157318	3	1	0	1	0	0	1	0	=	0	0	0
chr2	9443	43157457	43157460	3	1	0	1	0	0	1	0	=	0	0	0
chr2	9444	43157781	43157784	3	1	0	1	0	0	1	0	=	0	0	0
chr2	9445	43158123	43158126	3	1	1	1	1	0	0	0	?	0	0	0
chr2	9446	43158351	43158353	2	1	0	1	0	0	1	0	=	0	0	0
chr2	9447	43158550	43158553	3	1	0	1	0	0	1	0	=	0	0	0
chr2	9448	43158951	43158954	3	1	0	1	0	0	1	0	=	0	0	0
chr2	9449	43158993	43158996	3	1	0	1	0	0	1	0	=	0	0	0
chr2	9450	43159427	43159430	3	1	0	1	0	0	1	0	=	0	0	0
chr2	9451	43159464	43159467	3	0	1	0	1	0	1	0	=	0	0	0
chr2	9452	43160660	43160662	2	1	0	1	0	0	8	0	=	0	0	0
chr2	9453	43162268	43162271	3	1	0	1	0	0	1	0	=	0	0	0
chr2	9454	43162297	43162300	3	1	0	1	0	0	1	0	=	0	0	0
chr2	9455	43162655	43162658	3	1	0	1	0	0	1	0	=	0	0	0
chr2	9456	43162920	43162922	2	1	1	1	1	0	4	0	=	0	0	0
chr2	9457	43164615	43164618	3	1	0	1	0	0	1	0	=	0	0	0
chr2	9458	43165165	43165168	3	0	1	0	1	0	1	0	=	0	0	0
chr2	9459	43166164	43166167	3	1	0	1	0	0	1	0	=	0	0	0
chr2	9460	43166290	43166292	2	1	1	1	1	0	0	0	?	0	0	0
chr2	9461	43166456	43166462	6	0	0	1	0	4	4	0	?	0	0	0
chr2	9462	43166726	43166729	3	1	0	1	0	0	1	0	=	0	0	0
chr2	9463	43167101	43167137	36	0	0	2	1	40	40	0	?	0	0	0
chr2	9464	43167640	43167643	3	1	1	1	1	0	0	0	?	0	0	0
chr2	9465	43167696	43167699	3	0	1	0	1	0	1	0	=	0	0	0
chr2	9466	43168990	43169022	32	3	0	4	2	29	31	0	?	0	0	0
chr2	9467	43169452	43169455	3	1	0	1	0	0	1	0	=	0	0	0
chr2	9468	43169652	43169654	2	1	0	1	0	0	1	0	=	0	0	0
chr2	9469	43170019	43170022	3	1	0	1	0	0	1	0	=	0	0	0
chr2	9470	43170035	43170038	3	1	0	1	0	0	1	0	=	0	0	0
chr2	9471	43170473	43170476	3	1	0	1	0	0	1	0	=	0	0	0
chr2	9472	43171805	43171808	3	1	1	1	1	0	2	0	=	0	0	0
chr2	9473	43172420	43172423	3	1	1	1	1	0	0	0	?	0	0	0
chr2	9474	43172670	43172673	3	1	1	1	1	0	0	0	?	0	0	0
chr2	9475	43173000	43173002	2	0	0	0	1	1	1	0	?	0	0	0
chr2	9476	43174188	43174191	3	1	1	1	1	0	0	0	?	0	0	0
chr2	9477	43174824	43174830	6	1	1	1	1	0	0	0	?	0	0	0
chr2	9478	43175156	43175159	3	1	1	1	1	0	0	0	?	0	0	0
chr2	9479	43176094	43176097	3	1	0	1	0	0	1	0	=	0	0	0
chr2	9480	43176984	43176987	3	1	1	1	1	0	0	0	?	0	0	0
chr2	9481	43177500	43177503	3	1	1	1	1	0	0	0	?	0	0	0
chr2	9482	43177679	43177682	3	1	1	1	1	0	0	0	?	0	0	0
chr2	9483	43181890	43181893	3	1	1	1	1	0	0	0	?	0	0	0
chr2	9484	43183468	43183471	3	1	1	1	1	0	0	0	?	0	0	0
chr2	9485	43183545	43183580	35	1	1	3	3	129	129	0	?	0	0	0
chr2	9486	43183860	43183863	3	1	1	1	1	0	0	0	?	0	0	0
chr2	9487	43184644	43184647	3	1	1	1	1	0	0	0	?	0	0	0
chr2	9488	43184679	43184682	3	1	1	1	1	0	0	0	?	0	0	0
chr2	9489	43184892	43184895	3	1	1	1	1	0	0	0	?	0	0	0
chr2	9490	43185390	43185393	3	1	1	1	1	0	0	0	?	0	0	0
chr2	9491	43185641	43185644	3	1	1	1	1	0	0	0	?	0	0	0
chr2	9492	43185973	43185980	7	2	2	2	2	0	0	0	?	0	0	0
chr2	9493	43186032	43186035	3	1	1	1	1	0	0	0	?	0	0	0
chr2	9494	43188114	43188117	3	1	1	1	1	0	0	0	?	0	0	0
chr2	9495	43189585	43189588	3	0	0	1	1	2	2	0	?	0	0	0
chr2	9496	43189688	43189691	3	1	1	1	1	0	0	0	?	0	0	0
chr2	9497	43189853	43189858	5	1	1	1	1	0	3	0	=	0	0	0
chr2	9498	43189942	43189945	3	1	1	1	1	0	0	0	?	0	0	0
chr2	9499	43190466	43190469	3	0	1	0	1	0	1	0	=	0	0	0
chr2	9500	43191097	43191100	3	1	1	1	1	0	0	0	?	0	0	0
chr2	9501	43191152	43191155	3	1	1	1	1	0	0	0	?	0	0	0
chr2	9502	43191317	43191319	2	1	1	1	1	0	0	0	?	0	0	0
chr2	9503	43192352	43192355	3	1	1	1	1	0	0	0	?	0	0	0
chr2	9504	43192978	43192981	3	1	0	1	0	0	1	0	=	0	0	0
chr2	9505	43193098	43193109	11	1	0	1	1	4	6	0	?	0	0	0
chr2	9506	43194203	43194206	3	1	1	1	1	0	0	0	?	0	0	0
chr2	9507	43194320	43194323	3	1	1	1	1	0	0	0	?	0	0	0
chr2	9508	43195318	43195321	3	1	1	1	1	0	0	0	?	0	0	0
chr2	9509	43195416	43195419	3	1	1	1	1	0	0	0	?	0	0	0
chr2	9510	43195659	43195722	63	1	0	2	3	33	40	0	?	0	0	0
chr2	9511	43196038	43196041	3	1	1	1	1	0	0	0	?	0	0	0
chr2	9512	43196183	43196194	11	2	2	2	2	0	0	0	?	0	0	0
chr2	9513	43196435	43196438	3	1	1	1	1	0	0	0	?	0	0	0
chr2	9514	43196454	43196456	2	1	1	1	1	0	0	0	?	0	0	0
chr2	9515	43196729	43196732	3	1	1	1	1	0	0	0	?	0	0	0
chr2	9516	43196754	43196757	3	1	1	1	1	0	0	0	?	0	0	0
chr2	9517	43197309	43197312	3	1	1	1	1	0	0	0	?	0	0	0
chr2	9518	43197816	43197820	4	1	1	1	1	0	0	0	?	0	0	0
chr2	9519	43198504	43198507	3	1	1	1	1	0	0	0	?	0	0	0
chr2	9520	43198994	43199001	7	1	1	2	2	2	2	0	?	0	0	0
chr2	9521	43199033	43199036	3	1	1	1	1	0	0	0	?	0	0	0
chr2	9522	43199058	43199061	3	1	1	1	1	0	0	0	?	0	0	0
chr2	9523	43199154	43199157	3	1	1	1	1	0	0	0	?	0	0	0
chr2	9524	43199351	43199356	5	1	1	1	1	0	0	0	?	0	0	0
chr2	9525	43199476	43199479	3	1	1	1	1	0	0	0	?	0	0	0
chr2	9526	43199612	43199615	3	1	1	1	1	0	0	0	?	0	0	0
chr2	9527	43199738	43199741	3	1	1	1	1	0	0	0	?	0	0	0
chr2	9528	43199903	43199906	3	1	1	1	1	0	0	0	?	0	0	0
chr2	9529	43200352	43200358	6	1	1	1	1	0	0	0	?	0	0	0
chr2	9530	43200852	43200855	3	1	1	1	1	0	0	0	?	0	0	0
chr2	9531	43201510	43201513	3	1	1	1	1	0	0	0	?	0	0	0
chr2	9532	43201614	43201617	3	1	1	1	1	0	0	0	?	0	0	0
chr2	9533	43201917	43201920	3	0	1	0	1	0	1	0	=	0	0	0
chr2	9534	43202665	43202668	3	0	1	0	1	0	1	0	=	0	0	0
chr2	9535	43202894	43202897	3	0	1	0	1	0	1	0	=	0	0	0
chr2	9536	43203238	43203241	3	0	1	0	1	0	1	0	=	0	0	0
chr2	9537	43203299	43203302	3	0	1	0	1	0	1	0	=	0	0	0
chr2	9538	43203410	43203412	2	0	1	0	1	0	1	0	=	0	0	0
chr2	9539	43204721	43204724	3	0	1	0	1	0	1	0	=	0	0	0
chr2	9540	43205821	43205824	3	0	1	0	1	0	1	0	=	0	0	0
chr2	9541	43205834	43205837	3	0	1	0	1	0	1	0	=	0	0	0
chr2	9542	43206010	43206013	3	1	0	1	0	0	1	0	=	0	0	0
chr2	9543	43206116	43206119	3	0	1	0	1	0	1	0	=	0	0	0
chr2	9544	43208316	43208319	3	0	1	0	1	0	1	0	=	0	0	0
chr2	9545	43208472	43208498	26	0	1	1	1	1	8	0	=	0	0	0
chr2	9546	43209270	43209273	3	0	1	0	1	0	1	0	=	0	0	0
chr2	9547	43209613	43209616	3	0	1	0	1	0	1	0	=	0	0	0
chr2	9548	43210249	43210252	3	0	1	0	1	0	1	0	=	0	0	0
chr2	9549	43210783	43210786	3	1	1	1	1	0	0	0	?	0	0	0
chr2	9550	43210881	43210884	3	0	1	0	1	0	1	0	=	0	0	0
chr2	9551	43212191	43212194	3	0	1	0	1	0	1	0	=	0	0	0
chr2	9552	43212226	43212228	2	1	0	1	0	0	1	0	=	0	0	0
chr2	9553	43213838	43213841	3	0	1	0	1	0	1	0	=	0	0	0
chr2	9554	43214028	43214031	3	0	1	0	1	0	1	0	=	0	0	0
chr2	9555	43214819	43214822	3	0	1	0	1	0	1	0	=	0	0	0
chr2	9556	43215157	43215160	3	0	1	0	1	0	1	0	=	0	0	0
chr2	9557	43215442	43215445	3	0	1	0	1	0	1	0	=	0	0	0
chr2	9558	43215932	43215935	3	0	1	0	1	0	1	0	=	0	0	0
chr2	9559	43216627	43216630	3	0	1	0	1	0	1	0	=	0	0	0
chr2	9560	43216703	43216706	3	0	1	0	1	0	1	0	=	0	0	0
chr2	9561	43217267	43217269	2	0	0	0	1	1	1	0	?	0	0	0
chr2	9562	43218983	43218986	3	0	1	0	1	0	1	0	=	0	0	0
chr2	9563	43219052	43219058	6	0	1	0	1	0	4	0	=	0	0	0
chr2	9564	43219443	43219446	3	0	1	0	1	0	1	0	=	0	0	0
chr2	9565	43219475	43219478	3	0	1	0	1	0	1	0	=	0	0	0
chr2	9566	43219582	43219585	3	0	1	0	1	0	1	0	=	0	0	0
chr2	9567	43219646	43219648	2	0	1	0	1	0	2	0	=	0	0	0
chr2	9568	43220405	43220408	3	0	1	0	1	0	1	0	=	0	0	0
chr2	9569	43220454	43220457	3	0	1	0	1	0	1	0	=	0	0	0
chr2	9570	43221046	43221049	3	1	0	1	0	0	1	0	=	0	0	0
chr2	9571	43221338	43221341	3	0	1	0	1	0	1	0	=	0	0	0
chr2	9572	43222244	43222247	3	1	0	1	0	0	1	0	=	0	0	0
chr2	9573	43222997	43223000	3	1	0	1	0	0	1	0	=	0	0	0
chr2	9574	43223703	43223705	2	1	1	1	1	0	0	0	?	0	0	0
chr2	9575	43223733	43223739	6	0	1	0	1	0	4	0	=	0	0	0
chr2	9576	43223761	43223765	4	1	1	1	1	0	0	0	?	0	0	0
chr2	9577	43223990	43223993	3	0	1	0	1	0	1	0	=	0	0	0
chr2	9578	43225042	43225045	3	1	1	1	1	0	0	0	?	0	0	0
chr2	9579	43225193	43225196	3	0	1	0	1	0	1	0	=	0	0	0
chr2	9580	43225477	43225480	3	0	1	0	1	0	1	0	=	0	0	0
chr2	9581	43225652	43225655	3	0	1	0	1	0	1	0	=	0	0	0
chr2	9582	43226897	43226900	3	1	0	1	0	0	1	0	=	0	0	0
chr2	9583	43227923	43227927	4	1	1	1	1	0	0	0	?	0	0	0
chr2	9584	43228707	43228711	4	1	0	1	0	0	2	0	=	0	0	0
chr2	9585	43228826	43228829	3	0	1	0	1	0	1	0	=	0	0	0
chr2	9586	43229289	43229292	3	1	0	1	0	0	1	0	=	0	0	0
chr2	9587	43229478	43229482	4	1	0	1	0	0	2	0	=	0	0	0
chr2	9588	43229593	43229596	3	1	0	1	0	0	1	0	=	0	0	0
chr2	9589	43229818	43229822	4	0	0	1	1	22	22	0	?	0	0	0
chr2	9590	43231470	43231473	3	1	1	1	1	0	0	0	?	0	0	0
chr2	9591	43232827	43232830	3	0	1	0	1	0	1	0	=	0	0	0
chr2	9592	43233373	43233376	3	1	1	1	1	0	0	0	?	0	0	0
chr2	9593	43233978	43233981	3	1	0	1	0	0	1	0	=	0	0	0
chr2	9594	43234994	43234997	3	1	1	1	1	0	0	0	?	0	0	0
chr2	9595	43235028	43235031	3	1	1	1	1	0	0	0	?	0	0	0
chr2	9596	43235337	43235340	3	1	0	1	0	0	1	0	=	0	0	0
chr2	9597	43235681	43235684	3	1	1	1	1	0	0	0	?	0	0	0
chr2	9598	43236496	43236499	3	1	1	1	1	0	0	0	?	0	0	0
chr2	9599	43236774	43236777	3	0	1	0	1	0	1	0	=	0	0	0
chr2	9600	43236904	43236907	3	1	1	1	1	0	2	0	=	0	0	0
chr2	9601	43237070	43237073	3	1	1	1	1	0	0	0	?	0	0	0
chr2	9602	43237396	43237398	2	1	1	1	1	0	0	0	?	0	0	0
chr2	9603	43238117	43238126	9	0	0	1	1	12	12	0	?	0	0	0
chr2	9604	43239478	43239481	3	1	1	1	1	0	2	0	=	0	0	0
chr2	9605	43241043	43241046	3	0	1	0	1	0	1	0	=	0	0	0
chr2	9606	43241203	43241206	3	0	1	0	1	0	1	0	=	0	0	0
chr2	9607	43241495	43241498	3	1	0	1	0	0	1	0	=	0	0	0
chr2	9608	43241566	43241569	3	0	1	0	1	0	1	0	=	0	0	0
chr2	9609	43241604	43241607	3	1	1	1	1	0	0	0	?	0	0	0
chr2	9610	43243267	43243270	3	1	1	1	1	0	0	0	?	0	0	0
chr2	9611	43244387	43244390	3	1	1	1	1	0	0	0	?	0	0	0
chr2	9612	43245116	43245118	2	0	1	0	1	0	1	0	=	0	0	0
chr2	9613	43245171	43245197	26	0	0	1	2	19	19	0	?	0	0	0
chr2	9614	43245767	43245770	3	0	1	0	1	0	1	0	=	0	0	0
chr2	9615	43246430	43246433	3	0	1	0	1	0	1	0	=	0	0	0
chr2	9616	43246578	43246581	3	0	0	1	1	2	2	0	?	0	0	0
chr2	9617	43246890	43246893	3	0	1	0	1	0	1	0	=	0	0	0
chr2	9618	43246971	43246974	3	1	1	1	1	0	0	0	?	0	0	0
chr2	9619	43247154	43247157	3	1	1	1	1	0	0	0	?	0	0	0
chr2	9620	43247726	43247755	29	2	1	2	1	0	4	0	=	0	0	0
chr2	9621	43248052	43248054	2	1	0	1	0	0	4	0	=	0	0	0
chr2	9622	43248153	43248175	22	0	0	1	1	38	38	0	?	0	0	0
chr2	9623	43248453	43248456	3	0	1	0	1	0	1	0	=	0	0	0
chr2	9624	43253872	43253875	3	1	0	1	0	0	1	0	=	0	0	0
chr2	9625	43254018	43254021	3	0	1	0	1	0	1	0	=	0	0	0
chr2	9626	43255903	43255906	3	1	1	1	1	0	0	0	?	0	0	0
chr2	9627	43256085	43256088	3	1	0	1	0	0	1	0	=	0	0	0
chr2	9628	43256611	43256613	2	1	0	1	0	0	1	0	=	0	0	0
chr2	9629	43257415	43257418	3	1	1	1	1	0	0	0	?	0	0	0
chr2	9630	43257534	43257537	3	1	1	1	1	0	0	0	?	0	0	0
chr2	9631	43259563	43259566	3	1	1	1	1	0	0	0	?	0	0	0
chr2	9632	43260345	43260348	3	1	1	1	1	0	0	0	?	0	0	0
chr2	9633	43261011	43261014	3	1	0	1	0	0	1	0	=	0	0	0
chr2	9634	43261215	43261227	12	0	1	1	1	1	11	0	=	0	0	0
chr2	9635	43261332	43261335	3	0	1	0	1	0	1	0	=	0	0	0
chr2	9636	43261779	43261782	3	0	1	0	1	0	1	0	=	0	0	0
chr2	9637	43262172	43262175	3	1	1	1	1	0	0	0	?	0	0	0
chr2	9638	43262438	43262447	9	1	1	1	1	0	0	0	?	0	0	0
chr2	9639	43263723	43263726	3	1	0	1	0	0	1	0	=	0	0	0
chr2	9640	43263917	43263920	3	0	1	0	1	0	1	0	=	0	0	0
chr2	9641	43264287	43264289	2	0	1	0	1	0	1	0	=	0	0	0
chr2	9642	43264538	43264541	3	0	1	0	1	0	1	0	=	0	0	0
chr2	9643	43264909	43264912	3	1	0	1	0	0	1	0	=	0	0	0
chr2	9644	43265908	43265911	3	1	0	1	0	0	1	0	=	0	0	0
chr2	9645	43265929	43265995	66	1	0	2	1	46	47	0	?	0	0	0
chr2	9646	43267036	43267039	3	1	0	1	0	0	1	0	=	0	0	0
chr2	9647	43267080	43267083	3	1	0	1	0	0	1	0	=	0	0	0
chr2	9648	43267967	43267970	3	1	0	1	0	0	1	0	=	0	0	0
chr2	9649	43268985	43268988	3	0	1	0	1	0	1	0	=	0	0	0
chr2	9650	43269353	43269356	3	1	0	1	0	0	1	0	=	0	0	0
chr2	9651	43269845	43269848	3	0	1	0	1	0	1	0	=	0	0	0
chr2	9652	43271611	43271615	4	1	0	1	1	1	3	0	=	0	0	0
chr2	9653	43273121	43273124	3	1	0	1	0	0	1	0	=	0	0	0
chr2	9654	43273140	43273143	3	1	0	1	0	0	1	0	=	0	0	0
chr2	9655	43273663	43273666	3	1	0	1	0	0	1	0	=	0	0	0
chr2	9656	43274545	43274548	3	1	0	1	0	0	1	0	=	0	0	0
chr2	9657	43274661	43274664	3	1	0	1	0	0	1	0	=	0	0	0
chr2	9658	43274996	43274999	3	1	0	1	0	0	1	0	=	0	0	0
chr2	9659	43277917	43277920	3	1	0	1	0	0	1	0	=	0	0	0
chr2	9660	43277950	43277952	2	1	0	1	0	0	2	0	=	0	0	0
chr2	9661	43278074	43278077	3	1	0	1	0	0	1	0	=	0	0	0
chr2	9662	43279183	43279186	3	1	0	1	0	0	1	0	=	0	0	0
chr2	9663	43281439	43281442	3	1	0	1	0	0	1	0	=	0	0	0
chr2	9664	43281852	43281855	3	1	0	1	0	0	1	0	=	0	0	0
chr2	9665	43281999	43282002	3	1	0	1	0	0	1	0	=	0	0	0
chr2	9666	43282020	43282023	3	1	0	1	0	0	1	0	=	0	0	0
chr2	9667	43282956	43282959	3	1	0	1	0	0	1	0	=	0	0	0
chr2	9668	43284412	43284415	3	1	0	1	0	0	1	0	=	0	0	0
chr2	9669	43286895	43286898	3	1	0	1	0	0	1	0	=	0	0	0
chr2	9670	43288342	43288345	3	1	0	1	0	0	1	0	=	0	0	0
chr2	9671	43289975	43289978	3	0	0	1	0	1	1	0	?	0	0	0
chr2	9672	43290095	43290098	3	0	1	0	1	0	1	0	=	0	0	0
chr2	9673	43291453	43291455	2	0	0	1	0	10	10	0	?	0	0	0
chr2	9674	43292836	43292839	3	1	0	1	0	0	1	0	=	0	0	0
chr2	9675	43294026	43294029	3	1	0	1	0	0	1	0	=	0	0	0
chr2	9676	43295723	43295727	4	1	0	1	0	0	2	0	=	0	0	0
chr2	9677	43295917	43295920	3	1	0	1	0	0	1	0	=	0	0	0
chr2	9678	43296238	43296241	3	1	0	1	0	0	1	0	=	0	0	0
chr2	9679	43296325	43296328	3	1	0	1	0	0	1	0	=	0	0	0
chr2	9680	43296555	43296558	3	1	0	1	0	0	1	0	=	0	0	0
chr2	9681	43296869	43296873	4	1	0	1	0	0	2	0	=	0	0	0
chr2	9682	43296979	43297023	44	0	0	2	0	39	39	0	?	0	0	0
chr2	9683	43297154	43298033	879	0	0	21	1	387	387	0	?	0	0	0
chr2	9684	43298600	43298602	2	1	0	1	0	0	1	0	=	0	0	0
chr2	9685	43299181	43299185	4	1	0	1	0	0	2	0	=	0	0	0
chr2	9686	43299245	43299248	3	1	0	1	0	0	1	0	=	0	0	0
chr2	9687	43299669	43299672	3	0	1	0	1	0	1	0	=	0	0	0
chr2	9688	43299871	43299874	3	0	0	1	1	2	2	0	?	0	0	0
chr2	9689	43300032	43300036	4	1	0	1	0	0	2	0	=	0	0	0
chr2	9690	43300595	43300598	3	1	0	1	0	0	1	0	=	0	0	0
chr2	9691	43300821	43300824	3	1	0	1	0	0	1	0	=	0	0	0
chr2	9692	43301236	43301239	3	1	0	1	0	0	1	0	=	0	0	0
chr2	9693	43301337	43301340	3	1	0	1	0	0	1	0	=	0	0	0
chr2	9694	43301378	43301381	3	1	0	1	0	0	1	0	=	0	0	0
chr2	9695	43301591	43301594	3	0	0	1	1	2	2	0	?	0	0	0
chr2	9696	43301913	43301916	3	0	1	0	1	0	1	0	=	0	0	0
chr2	9697	43302367	43302370	3	1	0	1	0	0	1	0	=	0	0	0
chr2	9698	43302778	43302781	3	1	0	1	0	0	1	0	=	0	0	0
chr2	9699	43303567	43303570	3	1	0	1	0	0	1	0	=	0	0	0
chr2	9700	43303911	43303914	3	1	0	1	0	0	1	0	=	0	0	0
chr2	9701	43304163	43304166	3	1	0	1	0	0	1	0	=	0	0	0
chr2	9702	43304672	43304674	2	1	0	1	0	0	1	0	=	0	0	0
chr2	9703	43304965	43304968	3	1	0	1	0	0	1	0	=	0	0	0
chr2	9704	43305383	43305386	3	1	0	1	0	0	1	0	=	0	0	0
chr2	9705	43305470	43305473	3	1	0	1	0	0	1	0	=	0	0	0
chr2	9706	43305639	43305642	3	1	0	1	0	0	1	0	=	0	0	0
chr2	9707	43305667	43305670	3	1	0	1	0	0	1	0	=	0	0	0
chr2	9708	43307273	43307276	3	1	0	1	0	0	1	0	=	0	0	0
chr2	9709	43308039	43308042	3	1	0	1	0	0	1	0	=	0	0	0
chr2	9710	43308754	43308762	8	0	0	2	2	8	8	0	?	0	0	0
chr2	9711	43310221	43310227	6	0	0	3	3	7	7	0	?	0	0	0
chr2	9712	43310570	43310573	3	1	1	1	1	0	0	0	?	0	0	0
chr2	9713	43310751	43310754	3	1	0	1	0	0	1	0	=	0	0	0
chr2	9714	43310868	43310871	3	0	1	0	1	0	1	0	=	0	0	0
chr2	9715	43311678	43311681	3	1	0	1	0	0	1	0	=	0	0	0
chr2	9716	43312207	43312210	3	1	1	1	1	0	2	0	=	0	0	0
chr2	9717	43312716	43312719	3	0	1	0	1	0	1	0	=	0	0	0
chr2	9718	43313435	43313438	3	0	1	0	1	0	1	0	=	0	0	0
chr2	9719	43314271	43314274	3	0	1	0	1	0	1	0	=	0	0	0
chr2	9720	43314457	43314460	3	0	1	0	1	0	1	0	=	0	0	0
chr2	9721	43315339	43315342	3	1	1	1	1	0	0	0	?	0	0	0
chr2	9722	43315638	43315641	3	0	1	0	1	0	1	0	=	0	0	0
chr2	9723	43317187	43317190	3	1	1	1	1	0	0	0	?	0	0	0
chr2	9724	43318068	43318071	3	0	1	0	1	0	1	0	=	0	0	0
chr2	9725	43318160	43318163	3	0	1	0	1	0	1	0	=	0	0	0
chr2	9726	43319483	43319494	11	2	0	2	0	0	2	0	=	0	0	0
chr2	9727	43319517	43319520	3	1	1	1	1	0	0	0	?	0	0	0
chr2	9728	43319694	43319697	3	1	1	1	1	0	0	0	?	0	0	0
chr2	9729	43322088	43322091	3	1	1	1	1	0	0	0	?	0	0	0
chr2	9730	43322105	43322108	3	1	1	1	1	0	0	0	?	0	0	0
chr2	9731	43322297	43322300	3	1	1	1	1	0	0	0	?	0	0	0
chr2	9732	43322382	43322385	3	1	1	1	1	0	0	0	?	0	0	0
chr2	9733	43322544	43322546	2	1	1	1	1	0	0	0	?	0	0	0
chr2	9734	43322673	43322680	7	0	0	1	1	9	9	0	?	0	0	0
chr2	9735	43322746	43322749	3	0	1	0	1	0	1	0	=	0	0	0
chr2	9736	43322828	43322831	3	0	1	0	1	0	1	0	=	0	0	0
chr2	9737	43324275	43324278	3	1	1	1	1	0	0	0	?	0	0	0
chr2	9738	43325297	43325322	25	2	1	2	1	0	1	0	=	0	0	0
chr2	9739	43326164	43326183	19	2	2	2	2	0	2	0	=	0	0	0
chr2	9740	43326808	43326811	3	1	1	1	1	0	0	0	?	0	0	0
chr2	9741	43327256	43327259	3	1	1	1	1	0	0	0	?	0	0	0
chr2	9742	43327588	43327591	3	1	1	1	1	0	0	0	?	0	0	0
chr2	9743	43327831	43327834	3	1	1	1	1	0	0	0	?	0	0	0
chr2	9744	43328365	43328368	3	1	1	1	1	0	0	0	?	0	0	0
chr2	9745	43328664	43328667	3	1	1	1	1	0	0	0	?	0	0	0
chr2	9746	43329292	43329295	3	1	1	1	1	0	0	0	?	0	0	0
chr2	9747	43329434	43329437	3	0	1	0	1	0	1	0	=	0	0	0
chr2	9748	43329495	43329498	3	1	1	1	1	0	0	0	?	0	0	0
chr2	9749	43330222	43330225	3	1	1	1	1	0	0	0	?	0	0	0
chr2	9750	43330343	43330346	3	1	0	1	0	0	1	0	=	0	0	0
chr2	9751	43330456	43330459	3	1	0	1	0	0	1	0	=	0	0	0
chr2	9752	43330836	43330839	3	1	1	1	1	0	0	0	?	0	0	0
chr2	9753	43331602	43331605	3	1	1	1	1	0	0	0	?	0	0	0
chr2	9754	43331917	43331949	32	2	1	2	1	0	5	0	=	0	0	0
chr2	9755	43332471	43332474	3	1	1	1	1	0	0	0	?	0	0	0
chr2	9756	43332931	43332934	3	1	1	1	1	0	0	0	?	0	0	0
chr2	9757	43334020	43334023	3	0	1	0	1	0	1	0	=	0	0	0
chr2	9758	43334674	43334677	3	1	1	1	1	0	0	0	?	0	0	0
chr2	9759	43334788	43334791	3	1	1	1	1	0	0	0	?	0	0	0
chr2	9760	43334844	43334862	18	3	2	3	2	0	1	0	=	0	0	0
chr2	9761	43335089	43335092	3	1	1	1	1	0	0	0	?	0	0	0
chr2	9762	43335338	43335341	3	1	1	1	1	0	0	0	?	0	0	0
chr2	9763	43335796	43335798	2	1	0	1	0	0	2	0	=	0	0	0
chr2	9764	43335973	43335976	3	1	1	1	1	0	0	0	?	0	0	0
chr2	9765	43336131	43336134	3	0	0	1	1	2	2	0	?	0	0	0
chr2	9766	43336214	43336217	3	0	1	0	1	0	1	0	=	0	0	0
chr2	9767	43337693	43337697	4	1	1	1	1	0	0	0	?	0	0	0
chr2	9768	43338570	43338573	3	0	1	0	1	0	1	0	=	0	0	0
chr2	9769	43339005	43339008	3	1	0	1	0	0	1	0	=	0	0	0
chr2	9770	43339597	43339600	3	0	1	0	1	0	1	0	=	0	0	0
chr2	9771	43339800	43339803	3	1	1	1	1	0	0	0	?	0	0	0
chr2	9772	43339849	43339852	3	1	0	1	0	0	1	0	=	0	0	0
chr2	9773	43340077	43340080	3	1	0	1	0	0	1	0	=	0	0	0
chr2	9774	43341679	43341682	3	0	1	0	1	0	1	0	=	0	0	0
chr2	9775	43342587	43342590	3	0	1	0	1	0	1	0	=	0	0	0
chr2	9776	43342657	43342660	3	1	1	1	1	0	0	0	?	0	0	0
chr2	9777	43343757	43343761	4	1	1	1	1	0	0	0	?	0	0	0
chr2	9778	43344744	43344747	3	1	1	1	1	0	0	0	?	0	0	0
chr2	9779	43344766	43344769	3	1	0	1	0	0	1	0	=	0	0	0
chr2	9780	43344906	43344909	3	1	1	1	1	0	0	0	?	0	0	0
chr2	9781	43346529	43346532	3	1	1	1	1	0	0	0	?	0	0	0
chr2	9782	43347101	43347104	3	1	1	1	1	0	0	0	?	0	0	0
chr2	9783	43348054	43348057	3	1	0	1	0	0	1	0	=	0	0	0
chr2	9784	43348843	43348846	3	1	0	1	0	0	1	0	=	0	0	0
chr2	9785	43349202	43349205	3	0	1	0	1	0	1	0	=	0	0	0
chr2	9786	43349856	43349859	3	1	1	1	1	0	0	0	?	0	0	0
chr2	9787	43350896	43350899	3	0	1	0	1	0	1	0	=	0	0	0
chr2	9788	43351105	43351108	3	1	1	1	1	0	0	0	?	0	0	0
chr2	9789	43351278	43351281	3	1	1	1	1	0	0	0	?	0	0	0
chr2	9790	43351487	43351492	5	0	1	0	1	0	3	0	=	0	0	0
chr2	9791	43353821	43353823	2	0	1	0	1	0	9	0	=	0	0	0
chr2	9792	43354915	43354936	21	0	2	0	2	0	2	0	=	0	0	0
chr2	9793	43354962	43354965	3	0	1	0	1	0	1	0	=	0	0	0
chr2	9794	43356895	43356898	3	0	1	0	1	0	1	0	=	0	0	0
chr2	9795	43357179	43357182	3	0	1	0	1	0	1	0	=	0	0	0
chr2	9796	43357831	43357834	3	0	1	0	1	0	1	0	=	0	0	0
chr2	9797	43359785	43359787	2	0	1	0	1	0	1	0	=	0	0	0
chr2	9798	43360310	43360313	3	0	1	0	1	0	1	0	=	0	0	0
chr2	9799	43360363	43360366	3	0	1	0	1	0	1	0	=	0	0	0
chr2	9800	43361161	43361164	3	0	1	0	1	0	1	0	=	0	0	0
chr2	9801	43361227	43361232	5	0	2	0	2	0	2	0	=	0	0	0
chr2	9802	43361923	43361926	3	0	1	0	1	0	1	0	=	0	0	0
chr2	9803	43362187	43362190	3	0	1	0	1	0	1	0	=	0	0	0
chr2	9804	43362890	43362897	7	0	1	0	1	0	5	0	=	0	0	0
chr2	9805	43363188	43363191	3	0	1	0	1	0	1	0	=	0	0	0
chr2	9806	43363758	43363761	3	0	1	0	1	0	1	0	=	0	0	0
chr2	9807	43365185	43365188	3	0	0	1	1	2	2	0	?	0	0	0
chr2	9808	43365615	43365618	3	0	1	0	1	0	1	0	=	0	0	0
chr2	9809	43366950	43366953	3	0	1	0	1	0	1	0	=	0	0	0
chr2	9810	43367348	43367351	3	0	1	0	1	0	1	0	=	0	0	0
chr2	9811	43367630	43367633	3	0	1	0	1	0	1	0	=	0	0	0
chr2	9812	43367790	43367793	3	0	1	0	1	0	1	0	=	0	0	0
chr2	9813	43368261	43368264	3	1	0	1	0	0	1	0	=	0	0	0
chr2	9814	43369605	43369608	3	0	1	0	1	0	1	0	=	0	0	0
chr2	9815	43372111	43372114	3	0	1	0	1	0	1	0	=	0	0	0
chr2	9816	43373480	43373482	2	0	1	0	1	0	1	0	=	0	0	0
chr2	9817	43373854	43373857	3	0	1	0	1	0	1	0	=	0	0	0
chr2	9818	43374176	43374179	3	0	1	0	1	0	1	0	=	0	0	0
chr2	9819	43375163	43375166	3	0	1	0	1	0	1	0	=	0	0	0
chr2	9820	43375274	43375277	3	0	1	0	1	0	1	0	=	0	0	0
chr2	9821	43375319	43375322	3	0	1	0	1	0	1	0	=	0	0	0
chr2	9822	43375753	43375756	3	0	1	0	1	0	1	0	=	0	0	0
chr2	9823	43376939	43376942	3	0	1	0	1	0	1	0	=	0	0	0
chr2	9824	43378951	43378954	3	0	1	0	1	0	1	0	=	0	0	0
chr2	9825	43381096	43381098	2	0	1	0	1	0	1	0	=	0	0	0
chr2	9826	43382278	43382281	3	0	1	0	1	0	1	0	=	0	0	0
chr2	9827	43383757	43383760	3	0	1	0	1	0	1	0	=	0	0	0
chr2	9828	43384318	43384321	3	0	1	0	1	0	1	0	=	0	0	0
chr2	9829	43385605	43385608	3	0	1	0	1	0	1	0	=	0	0	0
chr2	9830	43386849	43386852	3	0	1	0	1	0	1	0	=	0	0	0
chr2	9831	43386896	43386899	3	0	1	0	1	0	1	0	=	0	0	0
chr2	9832	43388867	43388870	3	0	1	0	1	0	1	0	=	0	0	0
chr2	9833	43389669	43389674	5	0	2	0	2	0	2	0	=	0	0	0
chr2	9834	43391899	43391902	3	0	1	0	1	0	1	0	=	0	0	0
chr2	9835	43404897	43404900	3	0	1	0	1	0	1	0	=	0	0	0
chr2	9836	43425445	43425449	4	0	0	1	0	2	2	0	?	0	0	0
chr2	9837	43427502	43427504	2	0	0	1	1	8	8	0	?	0	0	0
chr2	9838	43431641	43431643	2	0	0	1	0	1	1	0	?	0	0	0
chr2	9839	43431748	43431751	3	0	0	0	1	1	1	0	?	0	0	0
chr2	9840	43431840	43431845	5	0	0	1	1	6	6	0	?	0	0	0
chr2	9841	43438298	43438300	2	1	1	1	1	0	0	0	?	0	0	0
chr2	9842	43439596	43439598	2	1	1	1	1	0	0	0	?	0	0	0
chr2	9843	43440194	43440197	3	1	1	1	1	0	0	0	?	0	0	0
chr2	9844	43443308	43443311	3	1	1	1	1	0	0	0	?	0	0	0
chr2	9845	43444763	43444766	3	1	1	1	1	0	0	0	?	0	0	0
chr2	9846	43446175	43446178	3	1	1	1	1	0	0	0	?	0	0	0
chr2	9847	43447101	43447104	3	1	1	1	1	0	0	0	?	0	0	0
chr2	9848	43447213	43447216	3	1	1	1	1	0	0	0	?	0	0	0
chr2	9849	43448559	43448561	2	1	1	1	1	0	0	0	?	0	0	0
chr2	9850	43449606	43449609	3	1	1	1	1	0	0	0	?	0	0	0
chr2	9851	43452034	43452037	3	1	1	1	1	0	0	0	?	0	0	0
chr2	9852	43454601	43454605	4	1	1	1	1	0	0	0	?	0	0	0
chr2	9853	43457132	43457136	4	0	1	0	1	0	2	0	=	0	0	0
chr2	9854	43460237	43460240	3	0	0	1	1	2	2	0	?	0	0	0
chr2	9855	43477171	43477174	3	0	0	1	1	2	2	0	?	0	0	0
chr2	9856	43478687	43478690	3	0	0	1	1	2	2	0	?	0	0	0
chr2	9857	43480621	43480624	3	1	0	1	0	0	1	0	=	0	0	0
chr2	9858	43509741	43509744	3	1	0	1	0	0	1	0	=	0	0	0
chr2	9859	43515035	43515038	3	0	0	0	1	1	1	0	?	0	0	0
chr2	9860	43515108	43515111	3	0	0	1	0	1	1	0	?	0	0	0
chr2	9861	43515248	43515257	9	0	0	1	0	7	7	0	?	0	0	0
chr2	9862	43523666	43523669	3	1	1	1	1	0	0	0	?	0	0	0
chr2	9863	43537869	43537872	3	1	0	1	0	0	1	0	=	0	0	0
chr2	9864	43543322	43543325	3	0	1	0	1	0	1	0	=	0	0	0
chr2	9865	43556087	43556090	3	0	1	0	1	0	1	0	=	0	0	0
chr2	9866	43565985	43565988	3	1	0	1	0	0	1	0	=	0	0	0
chr2	9867	43566823	43566826	3	0	0	1	0	1	1	0	?	0	0	0
chr2	9868	43575120	43575123	3	0	0	1	1	2	2	0	?	0	0	0
chr2	9869	43583872	43583875	3	1	0	1	0	0	1	0	=	0	0	0
chr2	9870	43584036	43584039	3	0	0	0	1	1	1	0	?	0	0	0
chr2	9871	43615001	43615003	2	0	1	0	0	0	0	0	?	0	0	0
chr2	9872	43618998	43619001	3	0	1	1	1	1	1	0	?	0	0	0
chr2	9873	43624000	43624002	2	1	1	1	1	0	2	0	=	0	0	0
chr2	9874	43624105	43624108	3	1	0	1	0	0	1	0	=	0	0	0
chr2	9875	43625648	43625651	3	0	0	0	1	1	1	0	?	0	0	0
chr2	9876	43625927	43625930	3	1	0	1	0	0	1	0	=	0	0	0
chr2	9877	43626528	43626531	3	1	1	1	1	0	0	0	?	0	0	0
chr2	9878	43634976	43634979	3	1	0	1	0	0	1	0	=	0	0	0
chr2	9879	43635526	43635532	6	0	0	1	0	4	4	0	?	0	0	0
chr2	9880	43636567	43636573	6	0	0	1	2	4	4	0	?	0	0	0
chr2	9881	43638247	43638253	6	0	0	1	0	4	4	0	?	0	0	0
chr2	9882	43648559	43648561	2	1	1	1	1	0	0	0	?	0	0	0
chr2	9883	43652061	43652064	3	1	1	1	1	0	0	0	?	0	0	0
chr2	9884	43652104	43652107	3	0	1	0	1	0	1	0	=	0	0	0
chr2	9885	43670439	43670442	3	0	1	0	1	0	1	0	=	0	0	0
chr2	9886	43674983	43674986	3	0	0	0	1	1	1	0	?	0	0	0
chr2	9887	43682237	43682240	3	1	1	1	1	0	0	0	?	0	0	0
chr2	9888	43682939	43682942	3	1	1	1	1	0	0	0	?	0	0	0
chr2	9889	43691598	43691601	3	1	1	1	1	0	0	0	?	0	0	0
chr2	9890	43693121	43693124	3	1	1	1	1	0	0	0	?	0	0	0
chr2	9891	43702526	43702529	3	0	0	1	1	2	2	0	?	0	0	0
chr2	9892	43707195	43707197	2	1	0	1	0	0	1	0	=	0	0	0
chr2	9893	43709217	43709220	3	0	1	0	1	0	1	0	=	0	0	0
chr2	9894	43709811	43709814	3	0	1	0	1	0	1	0	=	0	0	0
chr2	9895	43709833	43709836	3	0	1	0	1	0	1	0	=	0	0	0
chr2	9896	43710583	43710585	2	0	1	0	1	0	1	0	=	0	0	0
chr2	9897	43711417	43711420	3	0	1	0	1	0	1	0	=	0	0	0
chr2	9898	43711747	43711750	3	1	0	1	0	0	1	0	=	0	0	0
chr2	9899	43711892	43711894	2	0	1	0	1	0	1	0	=	0	0	0
chr2	9900	43711938	43711941	3	0	1	0	1	0	1	0	=	0	0	0
chr2	9901	43712687	43712690	3	0	1	0	1	0	1	0	=	0	0	0
chr2	9902	43714275	43714278	3	0	1	0	1	0	1	0	=	0	0	0
chr2	9903	43714803	43714806	3	0	1	0	1	0	1	0	=	0	0	0
chr2	9904	43716384	43716387	3	1	1	1	1	0	0	0	?	0	0	0
chr2	9905	43716880	43716883	3	1	1	1	1	0	0	0	?	0	0	0
chr2	9906	43717415	43717425	10	1	1	1	1	0	0	0	?	0	0	0
chr2	9907	43717644	43717647	3	1	1	1	1	0	0	0	?	0	0	0
chr2	9908	43717726	43717729	3	1	1	1	1	0	0	0	?	0	0	0
chr2	9909	43717755	43717758	3	0	1	0	1	0	1	0	=	0	0	0
chr2	9910	43718115	43718118	3	1	1	1	1	0	0	0	?	0	0	0
chr2	9911	43718151	43718154	3	1	1	1	1	0	0	0	?	0	0	0
chr2	9912	43718905	43718908	3	1	1	1	1	0	0	0	?	0	0	0
chr2	9913	43719594	43719597	3	1	1	1	1	0	0	0	?	0	0	0
chr2	9914	43720279	43720283	4	1	1	1	1	0	0	0	?	0	0	0
chr2	9915	43720619	43720622	3	1	1	1	1	0	0	0	?	0	0	0
chr2	9916	43721457	43721460	3	1	1	1	1	0	0	0	?	0	0	0
chr2	9917	43722254	43722258	4	1	1	1	1	0	0	0	?	0	0	0
chr2	9918	43722806	43722809	3	1	1	1	1	0	0	0	?	0	0	0
chr2	9919	43722996	43722999	3	1	0	1	0	0	1	0	=	0	0	0
chr2	9920	43723116	43723119	3	1	1	1	1	0	0	0	?	0	0	0
chr2	9921	43723160	43723163	3	1	1	1	1	0	0	0	?	0	0	0
chr2	9922	43723198	43723201	3	1	1	1	1	0	0	0	?	0	0	0
chr2	9923	43723493	43723496	3	1	1	1	1	0	0	0	?	0	0	0
chr2	9924	43723672	43723675	3	1	1	1	1	0	0	0	?	0	0	0
chr2	9925	43723982	43723985	3	1	1	1	1	0	0	0	?	0	0	0
chr2	9926	43724128	43724131	3	1	1	1	1	0	0	0	?	0	0	0
chr2	9927	43724730	43724733	3	1	1	1	1	0	0	0	?	0	0	0
chr2	9928	43724781	43724784	3	1	1	1	1	0	0	0	?	0	0	0
chr2	9929	43725267	43725270	3	1	1	1	1	0	0	0	?	0	0	0
chr2	9930	43725554	43725557	3	1	1	1	1	0	0	0	?	0	0	0
chr2	9931	43725829	43725832	3	1	1	1	1	0	0	0	?	0	0	0
chr2	9932	43726123	43726127	4	1	1	1	1	0	0	0	?	0	0	0
chr2	9933	43726523	43726526	3	1	1	1	1	0	0	0	?	0	0	0
chr2	9934	43726611	43726614	3	1	1	1	1	0	0	0	?	0	0	0
chr2	9935	43727247	43727250	3	1	1	1	1	0	0	0	?	0	0	0
chr2	9936	43727409	43727411	2	1	1	1	1	0	0	0	?	0	0	0
chr2	9937	43727651	43727654	3	1	1	1	1	0	0	0	?	0	0	0
chr2	9938	43728561	43728580	19	4	4	4	4	0	0	0	?	0	0	0
chr2	9939	43728620	43728623	3	1	1	1	1	0	0	0	?	0	0	0
chr2	9940	43732406	43732409	3	1	1	1	1	0	0	0	?	0	0	0
chr2	9941	43732902	43732905	3	1	1	1	1	0	0	0	?	0	0	0
chr2	9942	43732968	43732970	2	1	1	1	1	0	0	0	?	0	0	0
chr2	9943	43733361	43733365	4	1	1	1	1	0	0	0	?	0	0	0
chr2	9944	43733679	43733682	3	1	1	1	1	0	0	0	?	0	0	0
chr2	9945	43733784	43733787	3	1	1	1	1	0	0	0	?	0	0	0
chr2	9946	43734308	43734311	3	1	1	1	1	0	0	0	?	0	0	0
chr2	9947	43734611	43734614	3	1	1	1	1	0	0	0	?	0	0	0
chr2	9948	43735136	43735139	3	1	1	1	1	0	0	0	?	0	0	0
chr2	9949	43735421	43735424	3	0	1	0	1	0	1	0	=	0	0	0
chr2	9950	43736046	43736049	3	1	1	1	1	0	0	0	?	0	0	0
chr2	9951	43737696	43737699	3	1	1	1	1	0	0	0	?	0	0	0
chr2	9952	43737866	43737869	3	1	1	1	1	0	0	0	?	0	0	0
chr2	9953	43738564	43738567	3	1	1	1	1	0	0	0	?	0	0	0
chr2	9954	43739071	43739074	3	1	1	1	1	0	0	0	?	0	0	0
chr2	9955	43739746	43739749	3	1	1	1	1	0	0	0	?	0	0	0
chr2	9956	43740381	43740384	3	1	1	1	1	0	0	0	?	0	0	0
chr2	9957	43741938	43741941	3	1	1	1	1	0	0	0	?	0	0	0
chr2	9958	43742156	43742159	3	1	1	1	1	0	0	0	?	0	0	0
chr2	9959	43742341	43742344	3	1	1	1	1	0	0	0	?	0	0	0
chr2	9960	43743111	43743115	4	2	2	2	2	0	0	0	?	0	0	0
chr2	9961	43744604	43744607	3	1	1	1	1	0	0	0	?	0	0	0
chr2	9962	43744739	43744742	3	1	1	1	1	0	0	0	?	0	0	0
chr2	9963	43744880	43744883	3	0	0	1	1	2	2	0	?	0	0	0
chr2	9964	43745525	43745528	3	1	1	1	1	0	0	0	?	0	0	0
chr2	9965	43745567	43745570	3	1	1	1	1	0	0	0	?	0	0	0
chr2	9966	43746532	43746553	21	1	1	1	1	0	2	0	=	0	0	0
chr2	9967	43746748	43746751	3	1	1	1	1	0	0	0	?	0	0	0
chr2	9968	43746899	43746902	3	1	1	1	1	0	0	0	?	0	0	0
chr2	9969	43746962	43746965	3	1	1	1	1	0	0	0	?	0	0	0
chr2	9970	43747108	43747112	4	1	1	1	1	0	0	0	?	0	0	0
chr2	9971	43747217	43747220	3	1	1	1	1	0	0	0	?	0	0	0
chr2	9972	43748040	43748043	3	1	1	1	1	0	0	0	?	0	0	0
chr2	9973	43748305	43748308	3	1	1	1	1	0	0	0	?	0	0	0
chr2	9974	43748689	43748692	3	1	1	1	1	0	0	0	?	0	0	0
chr2	9975	43748759	43748761	2	1	1	1	1	0	0	0	?	0	0	0
chr2	9976	43748816	43748819	3	1	1	1	1	0	0	0	?	0	0	0
chr2	9977	43748828	43748831	3	1	1	1	1	0	0	0	?	0	0	0
chr2	9978	43748944	43748950	6	2	2	2	2	0	0	0	?	0	0	0
chr2	9979	43749400	43749403	3	1	1	1	1	0	0	0	?	0	0	0
chr2	9980	43749768	43749771	3	0	1	0	1	0	1	0	=	0	0	0
chr2	9981	43750465	43750468	3	1	1	1	1	0	0	0	?	0	0	0
chr2	9982	43753490	43753493	3	1	0	1	0	0	1	0	=	0	0	0
chr2	9983	43754194	43754206	12	5	2	6	3	2	5	0	=	0	0	0
chr2	9984	43754868	43754870	2	1	1	1	1	0	0	0	?	0	0	0
chr2	9985	43757421	43757423	2	1	1	1	1	0	0	0	?	0	0	0
chr2	9986	43757762	43757765	3	1	1	1	1	0	0	0	?	0	0	0
chr2	9987	43758376	43758379	3	1	1	1	1	0	0	0	?	0	0	0
chr2	9988	43758799	43758802	3	1	1	1	1	0	0	0	?	0	0	0
chr2	9989	43760354	43760360	6	2	1	2	1	0	2	0	=	0	0	0
chr2	9990	43760748	43760752	4	1	0	1	0	0	2	0	=	0	0	0
chr2	9991	43761003	43761006	3	1	1	1	1	0	0	0	?	0	0	0
chr2	9992	43761383	43761386	3	1	1	1	1	0	0	0	?	0	0	0
chr2	9993	43762815	43762818	3	1	1	1	1	0	0	0	?	0	0	0
chr2	9994	43763688	43763691	3	1	0	1	0	0	1	0	=	0	0	0
chr2	9995	43764169	43764172	3	1	1	1	1	0	0	0	?	0	0	0
chr2	9996	43764216	43764219	3	1	1	1	1	0	0	0	?	0	0	0
chr2	9997	43766307	43766310	3	1	1	1	1	0	0	0	?	0	0	0
chr2	9998	43767556	43767559	3	1	1	1	1	0	0	0	?	0	0	0
chr2	9999	43768350	43768353	3	0	1	0	1	0	1	0	=	0	0	0
chr2	10000	43768986	43768989	3	1	1	1	1	0	0	0	?	0	0	0
chr2	10001	43769124	43769126	2	1	1	1	1	0	2	0	=	0	0	0
chr2	10002	43769273	43769276	3	1	1	1	1	0	0	0	?	0	0	0
chr2	10003	43769625	43769629	4	0	2	0	2	0	2	0	=	0	0	0
chr2	10004	43769784	43769787	3	1	1	1	1	0	0	0	?	0	0	0
chr2	10005	43769937	43769940	3	1	1	1	1	0	0	0	?	0	0	0
chr2	10006	43770005	43770008	3	1	1	1	1	0	0	0	?	0	0	0
chr2	10007	43770087	43770090	3	1	1	1	1	0	0	0	?	0	0	0
chr2	10008	43770109	43770112	3	1	1	1	1	0	0	0	?	0	0	0
chr2	10009	43770218	43770235	17	4	4	4	4	0	0	0	?	0	0	0
chr2	10010	43770310	43770313	3	1	0	1	0	0	1	0	=	0	0	0
chr2	10011	43770327	43770330	3	1	1	1	1	0	0	0	?	0	0	0
chr2	10012	43770448	43770451	3	1	1	1	1	0	0	0	?	0	0	0
chr2	10013	43770471	43770474	3	1	1	1	1	0	0	0	?	0	0	0
chr2	10014	43770869	43770872	3	1	1	1	1	0	0	0	?	0	0	0
chr2	10015	43771484	43771492	8	2	2	2	2	0	0	0	?	0	0	0
chr2	10016	43771585	43771588	3	0	1	0	1	0	1	0	=	0	0	0
chr2	10017	43772041	43772044	3	1	1	1	1	0	0	0	?	0	0	0
chr2	10018	43772191	43772195	4	1	0	1	0	0	2	0	=	0	0	0
chr2	10019	43772417	43772420	3	1	1	1	1	0	0	0	?	0	0	0
chr2	10020	43772593	43772596	3	1	1	1	1	0	0	0	?	0	0	0
chr2	10021	43773082	43773085	3	1	1	1	1	0	0	0	?	0	0	0
chr2	10022	43773225	43773227	2	1	1	1	1	0	0	0	?	0	0	0
chr2	10023	43773294	43773297	3	1	1	1	1	0	0	0	?	0	0	0
chr2	10024	43773354	43773357	3	1	1	1	1	0	0	0	?	0	0	0
chr2	10025	43773998	43774001	3	0	1	0	1	0	1	0	=	0	0	0
chr2	10026	43775042	43775044	2	1	1	1	1	0	0	0	?	0	0	0
chr2	10027	43775483	43775485	2	1	0	1	0	0	1	0	=	0	0	0
chr2	10028	43775853	43775855	2	0	0	1	0	17	17	0	?	0	0	0
chr2	10029	43776869	43776872	3	1	1	1	1	0	0	0	?	0	0	0
chr2	10030	43776958	43776961	3	0	1	0	1	0	1	0	=	0	0	0
chr2	10031	43777719	43777722	3	1	0	1	0	0	1	0	=	0	0	0
chr2	10032	43778317	43778320	3	0	1	0	1	0	1	0	=	0	0	0
chr2	10033	43778805	43778808	3	1	0	1	0	0	1	0	=	0	0	0
chr2	10034	43779323	43779326	3	1	0	1	0	0	1	0	=	0	0	0
chr2	10035	43779934	43779937	3	1	1	1	1	0	0	0	?	0	0	0
chr2	10036	43779986	43779989	3	1	1	1	1	0	0	0	?	0	0	0
chr2	10037	43780252	43780255	3	1	0	1	0	0	1	0	=	0	0	0
chr2	10038	43780265	43780268	3	1	1	1	1	0	0	0	?	0	0	0
chr2	10039	43780731	43780734	3	0	1	0	1	0	1	0	=	0	0	0
chr2	10040	43780921	43780924	3	1	1	1	1	0	0	0	?	0	0	0
chr2	10041	43781104	43781107	3	1	0	1	0	0	1	0	=	0	0	0
chr2	10042	43781365	43781368	3	0	1	0	1	0	1	0	=	0	0	0
chr2	10043	43781409	43781412	3	1	0	1	0	0	1	0	=	0	0	0
chr2	10044	43781424	43781427	3	1	0	1	0	0	1	0	=	0	0	0
chr2	10045	43781605	43781608	3	1	1	1	1	0	0	0	?	0	0	0
chr2	10046	43781845	43781849	4	1	1	1	1	0	2	0	=	0	0	0
chr2	10047	43782010	43782012	2	1	0	1	0	0	12	0	=	0	0	0
chr2	10048	43782275	43782278	3	0	1	0	1	0	1	0	=	0	0	0
chr2	10049	43782546	43782549	3	0	0	1	0	1	1	0	?	0	0	0
chr2	10050	43783200	43783203	3	1	0	1	0	0	1	0	=	0	0	0
chr2	10051	43783479	43783482	3	1	1	1	1	0	0	0	?	0	0	0
chr2	10052	43783746	43783749	3	1	0	1	0	0	1	0	=	0	0	0
chr2	10053	43784179	43784182	3	1	0	1	0	0	1	0	=	0	0	0
chr2	10054	43784589	43784592	3	1	0	1	0	0	1	0	=	0	0	0
chr2	10055	43785065	43785068	3	0	1	0	1	0	1	0	=	0	0	0
chr2	10056	43785103	43785106	3	1	1	1	1	0	2	0	=	0	0	0
chr2	10057	43785127	43785130	3	1	0	1	0	0	1	0	=	0	0	0
chr2	10058	43785259	43785262	3	1	0	1	0	0	1	0	=	0	0	0
chr2	10059	43785479	43785482	3	1	0	1	0	0	1	0	=	0	0	0
chr2	10060	43785610	43785613	3	1	0	1	0	0	1	0	=	0	0	0
chr2	10061	43785688	43785691	3	1	0	1	0	0	1	0	=	0	0	0
chr2	10062	43785710	43785712	2	0	1	0	1	0	5	0	=	0	0	0
chr2	10063	43785742	43785745	3	1	0	1	0	0	1	0	=	0	0	0
chr2	10064	43785763	43785766	3	1	0	1	0	0	1	0	=	0	0	0
chr2	10065	43786696	43786699	3	1	1	1	1	0	0	0	?	0	0	0
chr2	10066	43787160	43787163	3	1	0	1	0	0	1	0	=	0	0	0
chr2	10067	43787578	43787581	3	0	1	0	1	0	1	0	=	0	0	0
chr2	10068	43788250	43788253	3	0	1	0	1	0	1	0	=	0	0	0
chr2	10069	43788268	43788271	3	0	1	0	1	0	1	0	=	0	0	0
chr2	10070	43788409	43788412	3	1	0	1	0	0	1	0	=	0	0	0
chr2	10071	43788456	43788459	3	1	0	1	0	0	1	0	=	0	0	0
chr2	10072	43788635	43788638	3	1	0	1	0	0	1	0	=	0	0	0
chr2	10073	43788787	43788790	3	0	1	0	1	0	1	0	=	0	0	0
chr2	10074	43789410	43789413	3	1	0	1	0	0	1	0	=	0	0	0
chr2	10075	43789461	43789464	3	1	0	1	0	0	1	0	=	0	0	0
chr2	10076	43789744	43789747	3	1	0	1	0	0	1	0	=	0	0	0
chr2	10077	43789983	43789986	3	1	0	1	0	0	1	0	=	0	0	0
chr2	10078	43790036	43790050	14	2	0	2	0	0	2	0	=	0	0	0
chr2	10079	43790125	43790128	3	1	0	1	0	0	1	0	=	0	0	0
chr2	10080	43790270	43790273	3	1	0	1	0	0	1	0	=	0	0	0
chr2	10081	43790542	43790545	3	1	0	1	0	0	1	0	=	0	0	0
chr2	10082	43790608	43790611	3	1	0	1	0	0	1	0	=	0	0	0
chr2	10083	43792471	43792474	3	1	0	1	0	0	1	0	=	0	0	0
chr2	10084	43792485	43792488	3	1	0	1	0	0	1	0	=	0	0	0
chr2	10085	43792658	43792661	3	1	0	1	0	0	1	0	=	0	0	0
chr2	10086	43792789	43792798	9	2	0	2	0	0	2	0	=	0	0	0
chr2	10087	43793599	43793601	2	0	1	0	1	0	1	0	=	0	0	0
chr2	10088	43793841	43793844	3	0	1	0	1	0	1	0	=	0	0	0
chr2	10089	43793983	43793986	3	1	0	1	0	0	1	0	=	0	0	0
chr2	10090	43794266	43794269	3	1	0	1	0	0	1	0	=	0	0	0
chr2	10091	43794685	43794688	3	1	1	1	1	0	0	0	?	0	0	0
chr2	10092	43795371	43795374	3	1	0	1	0	0	1	0	=	0	0	0
chr2	10093	43795450	43795453	3	1	0	1	0	0	1	0	=	0	0	0
chr2	10094	43795603	43795606	3	1	0	1	0	0	1	0	=	0	0	0
chr2	10095	43795829	43795832	3	0	1	0	1	0	1	0	=	0	0	0
chr2	10096	43796332	43796334	2	1	0	1	0	0	1	0	=	0	0	0
chr2	10097	43797141	43797144	3	1	1	1	1	0	0	0	?	0	0	0
chr2	10098	43797407	43797410	3	1	0	1	0	0	1	0	=	0	0	0
chr2	10099	43797427	43797430	3	1	0	1	0	0	1	0	=	0	0	0
chr2	10100	43797514	43797518	4	1	0	1	0	0	2	0	=	0	0	0
chr2	10101	43798042	43798051	9	2	0	3	0	1	3	0	=	0	0	0
chr2	10102	43798091	43798094	3	1	0	1	0	0	1	0	=	0	0	0
chr2	10103	43798111	43798113	2	0	1	0	1	0	1	0	=	0	0	0
chr2	10104	43798214	43798217	3	1	1	1	1	0	0	0	?	0	0	0
chr2	10105	43798449	43798453	4	1	0	1	0	0	2	0	=	0	0	0
chr2	10106	43798916	43798919	3	1	0	1	0	0	1	0	=	0	0	0
chr2	10107	43799579	43799582	3	1	0	1	0	0	1	0	=	0	0	0
chr2	10108	43800161	43800164	3	0	1	0	1	0	1	0	=	0	0	0
chr2	10109	43800250	43800253	3	1	0	1	0	0	1	0	=	0	0	0
chr2	10110	43800807	43800810	3	1	0	1	0	0	1	0	=	0	0	0
chr2	10111	43800872	43800875	3	0	1	0	1	0	1	0	=	0	0	0
chr2	10112	43801039	43801042	3	1	0	1	0	0	1	0	=	0	0	0
chr2	10113	43802514	43802517	3	1	0	1	0	0	1	0	=	0	0	0
chr2	10114	43802680	43802683	3	1	0	1	0	0	1	0	=	0	0	0
chr2	10115	43802891	43802894	3	1	1	1	1	0	0	0	?	0	0	0
chr2	10116	43803508	43803511	3	1	1	1	1	0	0	0	?	0	0	0
chr2	10117	43803563	43803566	3	1	0	1	0	0	1	0	=	0	0	0
chr2	10118	43803935	43803938	3	0	1	0	1	0	1	0	=	0	0	0
chr2	10119	43804034	43804037	3	1	1	1	1	0	0	0	?	0	0	0
chr2	10120	43804156	43804159	3	1	0	1	0	0	1	0	=	0	0	0
chr2	10121	43804897	43804899	2	0	1	0	1	0	1	0	=	0	0	0
chr2	10122	43804943	43804946	3	1	0	1	0	0	1	0	=	0	0	0
chr2	10123	43805048	43805051	3	1	0	1	0	0	1	0	=	0	0	0
chr2	10124	43805888	43805891	3	1	1	1	1	0	0	0	?	0	0	0
chr2	10125	43805903	43805906	3	1	0	1	0	0	1	0	=	0	0	0
chr2	10126	43806613	43806616	3	0	1	0	1	0	1	0	=	0	0	0
chr2	10127	43806755	43806758	3	1	1	1	1	0	0	0	?	0	0	0
chr2	10128	43807560	43807563	3	1	0	1	0	0	1	0	=	0	0	0
chr2	10129	43807742	43807746	4	0	0	1	1	3	3	0	?	0	0	0
chr2	10130	43807982	43807985	3	0	1	0	1	0	1	0	=	0	0	0
chr2	10131	43808263	43808265	2	1	1	1	1	0	0	0	?	0	0	0
chr2	10132	43808362	43808365	3	0	1	0	1	0	1	0	=	0	0	0
chr2	10133	43808427	43808430	3	1	0	1	0	0	1	0	=	0	0	0
chr2	10134	43808963	43808967	4	1	0	1	0	0	2	0	=	0	0	0
chr2	10135	43809297	43809300	3	1	0	1	0	0	1	0	=	0	0	0
chr2	10136	43809339	43809353	14	2	0	2	0	0	2	0	=	0	0	0
chr2	10137	43809548	43809551	3	1	0	1	0	0	1	0	=	0	0	0
chr2	10138	43809659	43809662	3	1	0	1	0	0	1	0	=	0	0	0
chr2	10139	43809772	43809775	3	0	1	0	1	0	1	0	=	0	0	0
chr2	10140	43809781	43809784	3	1	0	1	0	0	1	0	=	0	0	0
chr2	10141	43810192	43810195	3	1	0	1	0	0	1	0	=	0	0	0
chr2	10142	43810347	43810350	3	1	0	1	0	0	1	0	=	0	0	0
chr2	10143	43810773	43810776	3	1	0	1	0	0	1	0	=	0	0	0
chr2	10144	43811556	43811559	3	1	0	1	0	0	1	0	=	0	0	0
chr2	10145	43811843	43811846	3	1	0	1	0	0	1	0	=	0	0	0
chr2	10146	43812103	43812106	3	1	0	1	0	0	1	0	=	0	0	0
chr2	10147	43812135	43812138	3	1	0	1	0	0	1	0	=	0	0	0
chr2	10148	43812152	43812155	3	1	0	1	0	0	1	0	=	0	0	0
chr2	10149	43812318	43812342	24	2	1	2	1	0	4	0	=	0	0	0
chr2	10150	43812492	43812495	3	1	0	1	0	0	1	0	=	0	0	0
chr2	10151	43812592	43812595	3	0	1	0	1	0	1	0	=	0	0	0
chr2	10152	43812698	43812701	3	1	0	1	0	0	1	0	=	0	0	0
chr2	10153	43812734	43812737	3	1	1	1	1	0	0	0	?	0	0	0
chr2	10154	43813260	43813263	3	1	0	1	0	0	1	0	=	0	0	0
chr2	10155	43813695	43813711	16	0	0	2	1	4	4	0	?	0	0	0
chr2	10156	43815122	43815125	3	1	1	1	1	0	0	0	?	0	0	0
chr2	10157	43815176	43815179	3	1	0	1	0	0	1	0	=	0	0	0
chr2	10158	43815290	43815293	3	1	1	1	1	0	0	0	?	0	0	0
chr2	10159	43815763	43815766	3	1	0	1	0	0	1	0	=	0	0	0
chr2	10160	43815909	43815911	2	1	1	1	1	0	0	0	?	0	0	0
chr2	10161	43815994	43815997	3	1	0	1	0	0	1	0	=	0	0	0
chr2	10162	43816252	43816255	3	1	0	1	0	0	1	0	=	0	0	0
chr2	10163	43816311	43816314	3	1	1	1	1	0	0	0	?	0	0	0
chr2	10164	43817114	43817117	3	1	1	1	1	0	0	0	?	0	0	0
chr2	10165	43817539	43817542	3	1	0	1	0	0	1	0	=	0	0	0
chr2	10166	43817698	43817701	3	1	0	1	0	0	1	0	=	0	0	0
chr2	10167	43817744	43817747	3	0	1	0	1	0	1	0	=	0	0	0
chr2	10168	43817864	43817867	3	0	1	0	1	0	1	0	=	0	0	0
chr2	10169	43818261	43818264	3	0	1	0	1	0	1	0	=	0	0	0
chr2	10170	43819444	43819447	3	1	0	1	0	0	1	0	=	0	0	0
chr2	10171	43820389	43820392	3	1	0	1	0	0	1	0	=	0	0	0
chr2	10172	43821205	43821208	3	1	0	1	0	0	1	0	=	0	0	0
chr2	10173	43821979	43821982	3	0	1	0	1	0	1	0	=	0	0	0
chr2	10174	43822476	43822479	3	1	1	1	1	0	0	0	?	0	0	0
chr2	10175	43823546	43823549	3	1	0	1	0	0	1	0	=	0	0	0
chr2	10176	43823747	43823750	3	1	0	1	0	0	1	0	=	0	0	0
chr2	10177	43823838	43823841	3	1	0	1	0	0	1	0	=	0	0	0
chr2	10178	43825692	43825695	3	1	0	1	0	0	1	0	=	0	0	0
chr2	10179	43826982	43826985	3	1	0	1	0	0	1	0	=	0	0	0
chr2	10180	43827296	43827299	3	1	0	1	0	0	1	0	=	0	0	0
chr2	10181	43827341	43827346	5	2	0	2	0	0	2	0	=	0	0	0
chr2	10182	43828305	43828308	3	1	0	1	0	0	1	0	=	0	0	0
chr2	10183	43828386	43828389	3	1	0	1	0	0	1	0	=	0	0	0
chr2	10184	43828471	43828475	4	1	0	1	0	0	2	0	=	0	0	0
chr2	10185	43828508	43828511	3	1	0	1	0	0	1	0	=	0	0	0
chr2	10186	43828736	43828739	3	1	0	1	0	0	1	0	=	0	0	0
chr2	10187	43828857	43828859	2	1	0	1	0	0	1	0	=	0	0	0
chr2	10188	43828909	43828912	3	1	0	1	0	0	1	0	=	0	0	0
chr2	10189	43828971	43828974	3	1	0	1	0	0	1	0	=	0	0	0
chr2	10190	43829181	43829184	3	1	0	1	0	0	1	0	=	0	0	0
chr2	10191	43829303	43829306	3	1	0	1	0	0	1	0	=	0	0	0
chr2	10192	43829400	43829403	3	1	0	1	0	0	1	0	=	0	0	0
chr2	10193	43829449	43829452	3	1	0	1	0	0	1	0	=	0	0	0
chr2	10194	43829537	43829540	3	1	0	1	0	0	1	0	=	0	0	0
chr2	10195	43829659	43829662	3	1	0	1	0	0	1	0	=	0	0	0
chr2	10196	43829715	43829718	3	1	0	1	0	0	1	0	=	0	0	0
chr2	10197	43829889	43829892	3	1	0	1	0	0	1	0	=	0	0	0
chr2	10198	43829961	43829964	3	1	0	1	0	0	1	0	=	0	0	0
chr2	10199	43830077	43830080	3	1	0	1	0	0	1	0	=	0	0	0
chr2	10200	43830926	43830929	3	1	0	1	0	0	1	0	=	0	0	0
chr2	10201	43831329	43831332	3	1	0	1	0	0	1	0	=	0	0	0
chr2	10202	43832962	43832965	3	1	0	1	0	0	1	0	=	0	0	0
chr2	10203	43833362	43833364	2	0	0	1	0	3	3	0	?	0	0	0
chr2	10204	43833529	43833532	3	1	0	1	0	0	1	0	=	0	0	0
chr2	10205	43833691	43833694	3	1	0	1	0	0	1	0	=	0	0	0
chr2	10206	43833708	43833711	3	1	0	1	0	0	1	0	=	0	0	0
chr2	10207	43833768	43833771	3	1	0	1	0	0	1	0	=	0	0	0
chr2	10208	43835145	43835148	3	1	0	1	0	0	1	0	=	0	0	0
chr2	10209	43835236	43835265	29	1	0	1	0	0	27	0	=	0	0	0
chr2	10210	43835643	43835646	3	1	0	1	0	0	1	0	=	0	0	0
chr2	10211	43835755	43835758	3	1	0	1	0	0	1	0	=	0	0	0
chr2	10212	43836041	43836044	3	1	0	1	0	0	1	0	=	0	0	0
chr2	10213	43836059	43836062	3	1	0	1	0	0	1	0	=	0	0	0
chr2	10214	43836174	43836177	3	1	0	1	0	0	1	0	=	0	0	0
chr2	10215	43836212	43836219	7	2	0	2	0	0	2	0	=	0	0	0
chr2	10216	43836546	43836549	3	1	0	1	0	0	1	0	=	0	0	0
chr2	10217	43836921	43836924	3	1	0	1	0	0	1	0	=	0	0	0
chr2	10218	43836956	43836959	3	1	0	1	0	0	1	0	=	0	0	0
chr2	10219	43837032	43837036	4	2	0	2	0	0	3	0	=	0	0	0
chr2	10220	43837119	43837122	3	1	0	1	0	0	1	0	=	0	0	0
chr2	10221	43837210	43837213	3	1	0	1	0	0	1	0	=	0	0	0
chr2	10222	43839033	43839036	3	1	0	1	0	0	1	0	=	0	0	0
chr2	10223	43839402	43839420	18	0	0	1	1	17	17	0	?	0	0	0
chr2	10224	43839640	43839643	3	1	0	1	0	0	1	0	=	0	0	0
chr2	10225	43839735	43839738	3	1	1	1	1	0	0	0	?	0	0	0
chr2	10226	43840028	43840031	3	1	0	1	0	0	1	0	=	0	0	0
chr2	10227	43840678	43840681	3	1	0	1	0	0	1	0	=	0	0	0
chr2	10228	43842012	43842015	3	1	0	1	0	0	1	0	=	0	0	0
chr2	10229	43842376	43842379	3	1	0	1	0	0	1	0	=	0	0	0
chr2	10230	43842561	43842564	3	1	0	1	0	0	1	0	=	0	0	0
chr2	10231	43842640	43842643	3	1	0	1	0	0	1	0	=	0	0	0
chr2	10232	43842778	43842780	2	1	0	1	0	0	1	0	=	0	0	0
chr2	10233	43843110	43843113	3	1	0	1	0	0	1	0	=	0	0	0
chr2	10234	43843253	43843256	3	1	0	1	0	0	1	0	=	0	0	0
chr2	10235	43843498	43843501	3	1	0	1	0	0	1	0	=	0	0	0
chr2	10236	43843639	43843642	3	1	0	1	0	0	1	0	=	0	0	0
chr2	10237	43843794	43843797	3	1	0	1	0	0	1	0	=	0	0	0
chr2	10238	43844484	43844487	3	1	0	1	0	0	1	0	=	0	0	0
chr2	10239	43844498	43844501	3	1	0	1	0	0	1	0	=	0	0	0
chr2	10240	43844602	43844605	3	1	0	1	0	0	1	0	=	0	0	0
chr2	10241	43844619	43844622	3	1	0	1	0	0	1	0	=	0	0	0
chr2	10242	43844692	43844695	3	1	0	1	0	0	1	0	=	0	0	0
chr2	10243	43844711	43844714	3	1	0	1	0	0	1	0	=	0	0	0
chr2	10244	43845004	43845007	3	1	0	1	0	0	1	0	=	0	0	0
chr2	10245	43845096	43845099	3	1	0	1	0	0	1	0	=	0	0	0
chr2	10246	43845120	43845122	2	1	0	1	0	0	1	0	=	0	0	0
chr2	10247	43845435	43845438	3	1	0	1	0	0	1	0	=	0	0	0
chr2	10248	43846740	43846743	3	1	0	1	0	0	1	0	=	0	0	0
chr2	10249	43847290	43847293	3	1	0	1	0	0	1	0	=	0	0	0
chr2	10250	43847501	43847504	3	1	0	1	0	0	1	0	=	0	0	0
chr2	10251	43847532	43847535	3	1	0	1	0	0	1	0	=	0	0	0
chr2	10252	43847952	43847955	3	1	0	1	0	0	1	0	=	0	0	0
chr2	10253	43848021	43848024	3	1	0	1	0	0	1	0	=	0	0	0
chr2	10254	43849020	43849023	3	0	0	0	1	1	1	0	?	0	0	0
chr2	10255	43850084	43850087	3	1	0	1	0	0	1	0	=	0	0	0
chr2	10256	43850312	43850315	3	1	1	1	1	0	0	0	?	0	0	0
chr2	10257	43850627	43850630	3	1	0	1	0	0	1	0	=	0	0	0
chr2	10258	43851021	43851024	3	1	0	1	0	0	1	0	=	0	0	0
chr2	10259	43851863	43851866	3	1	0	1	0	0	1	0	=	0	0	0
chr2	10260	43853901	43853904	3	1	0	1	0	0	1	0	=	0	0	0
chr2	10261	43854347	43854350	3	1	0	1	0	0	1	0	=	0	0	0
chr2	10262	43854625	43854627	2	1	0	1	0	0	1	0	=	0	0	0
chr2	10263	43855221	43855224	3	1	0	1	0	0	1	0	=	0	0	0
chr2	10264	43855528	43855531	3	1	0	1	0	0	1	0	=	0	0	0
chr2	10265	43855878	43855881	3	1	0	1	0	0	1	0	=	0	0	0
chr2	10266	43855982	43855985	3	1	0	1	0	0	1	0	=	0	0	0
chr2	10267	43856353	43856356	3	1	0	1	0	0	1	0	=	0	0	0
chr2	10268	43856513	43856516	3	1	0	1	0	0	1	0	=	0	0	0
chr2	10269	43857048	43857051	3	1	0	1	0	0	1	0	=	0	0	0
chr2	10270	43858125	43858128	3	1	0	1	0	0	1	0	=	0	0	0
chr2	10271	43858740	43858742	2	1	0	1	0	0	1	0	=	0	0	0
chr2	10272	43860350	43860353	3	1	0	1	0	0	1	0	=	0	0	0
chr2	10273	43861806	43861809	3	1	0	1	0	0	1	0	=	0	0	0
chr2	10274	43862214	43862217	3	1	0	1	0	0	1	0	=	0	0	0
chr2	10275	43862586	43862591	5	1	0	1	0	0	3	0	=	0	0	0
chr2	10276	43862787	43862790	3	1	0	1	0	0	1	0	=	0	0	0
chr2	10277	43863192	43863195	3	1	0	1	0	0	1	0	=	0	0	0
chr2	10278	43863917	43863920	3	1	0	1	0	0	1	0	=	0	0	0
chr2	10279	43864279	43864282	3	1	0	1	0	0	1	0	=	0	0	0
chr2	10280	43864500	43864503	3	1	0	1	0	0	1	0	=	0	0	0
chr2	10281	43864925	43864928	3	1	0	1	0	0	1	0	=	0	0	0
chr2	10282	43865104	43865107	3	1	0	1	0	0	1	0	=	0	0	0
chr2	10283	43865265	43865268	3	1	0	1	0	0	1	0	=	0	0	0
chr2	10284	43865553	43865556	3	1	0	1	0	0	1	0	=	0	0	0
chr2	10285	43865818	43865821	3	1	0	1	0	0	1	0	=	0	0	0
chr2	10286	43865885	43865888	3	1	0	1	0	0	1	0	=	0	0	0
chr2	10287	43867346	43867348	2	1	0	1	0	0	1	0	=	0	0	0
chr2	10288	43868185	43868188	3	1	0	1	0	0	1	0	=	0	0	0
chr2	10289	43868225	43868228	3	1	0	1	0	0	1	0	=	0	0	0
chr2	10290	43868480	43868483	3	1	0	1	0	0	1	0	=	0	0	0
chr2	10291	43868556	43868559	3	1	0	1	0	0	1	0	=	0	0	0
chr2	10292	43868822	43868825	3	1	0	1	0	0	1	0	=	0	0	0
chr2	10293	43868869	43868872	3	1	0	1	0	0	1	0	=	0	0	0
chr2	10294	43868998	43869001	3	1	0	1	0	0	1	0	=	0	0	0
chr2	10295	43869118	43869121	3	1	0	1	0	0	1	0	=	0	0	0
chr2	10296	43869195	43869198	3	0	0	1	0	1	1	0	?	0	0	0
chr2	10297	43869261	43869264	3	1	0	1	0	0	1	0	=	0	0	0
chr2	10298	43869629	43869632	3	1	0	1	0	0	1	0	=	0	0	0
chr2	10299	43869973	43869976	3	0	1	0	1	0	1	0	=	0	0	0
chr2	10300	43870226	43870229	3	1	0	1	0	0	1	0	=	0	0	0
chr2	10301	43871424	43871427	3	1	0	1	0	0	1	0	=	0	0	0
chr2	10302	43871465	43871468	3	1	0	1	0	0	1	0	=	0	0	0
chr2	10303	43871714	43871717	3	1	0	1	0	0	1	0	=	0	0	0
chr2	10304	43872936	43872939	3	1	0	1	0	0	1	0	=	0	0	0
chr2	10305	43873028	43873031	3	1	0	1	0	0	1	0	=	0	0	0
chr2	10306	43873216	43873219	3	1	0	1	0	0	1	0	=	0	0	0
chr2	10307	43874074	43874077	3	1	0	1	0	0	1	0	=	0	0	0
chr2	10308	43874253	43874256	3	1	0	1	0	0	1	0	=	0	0	0
chr2	10309	43874289	43874292	3	1	0	1	0	0	1	0	=	0	0	0
chr2	10310	43874397	43874400	3	1	2	1	2	0	2	0	=	0	0	0
chr2	10311	43874509	43874511	2	1	1	1	1	0	2	0	=	0	0	0
chr2	10312	43874686	43874689	3	0	1	0	1	0	1	0	=	0	0	0
chr2	10313	43875094	43875097	3	0	1	0	1	0	1	0	=	0	0	0
chr2	10314	43875876	43875879	3	0	1	0	1	0	1	0	=	0	0	0
chr2	10315	43876096	43876099	3	0	1	0	1	0	1	0	=	0	0	0
chr2	10316	43877014	43877017	3	0	1	0	1	0	1	0	=	0	0	0
chr2	10317	43877060	43877063	3	0	1	0	1	0	1	0	=	0	0	0
chr2	10318	43877784	43877787	3	0	1	0	1	0	1	0	=	0	0	0
chr2	10319	43880172	43880179	7	1	2	1	2	0	1	0	=	0	0	0
chr2	10320	43880594	43880597	3	0	1	0	1	0	1	0	=	0	0	0
chr2	10321	43881695	43881698	3	0	1	0	1	0	1	0	=	0	0	0
chr2	10322	43882017	43882020	3	0	1	0	1	0	1	0	=	0	0	0
chr2	10323	43882140	43882143	3	0	1	0	1	0	1	0	=	0	0	0
chr2	10324	43884375	43884377	2	0	0	0	1	8	8	0	?	0	0	0
chr2	10325	43884529	43884532	3	0	1	0	1	0	1	0	=	0	0	0
chr2	10326	43884789	43884792	3	0	1	0	1	0	1	0	=	0	0	0
chr2	10327	43884934	43884937	3	0	1	0	1	0	1	0	=	0	0	0
chr2	10328	43885062	43885064	2	0	1	0	1	0	1	0	=	0	0	0
chr2	10329	43885281	43885284	3	0	1	0	1	0	1	0	=	0	0	0
chr2	10330	43885370	43885373	3	0	1	0	1	0	1	0	=	0	0	0
chr2	10331	43887142	43887144	2	0	0	0	1	1	1	0	?	0	0	0
chr2	10332	43889313	43889315	2	0	0	1	1	6	6	0	?	0	0	0
chr2	10333	43889695	43889698	3	0	1	0	1	0	1	0	=	0	0	0
chr2	10334	43891287	43891290	3	0	1	0	1	0	1	0	=	0	0	0
chr2	10335	43892275	43892278	3	0	1	0	1	0	1	0	=	0	0	0
chr2	10336	43892806	43892808	2	0	1	0	1	0	1	0	=	0	0	0
chr2	10337	43893140	43893143	3	1	1	1	1	0	0	0	?	0	0	0
chr2	10338	43893549	43893552	3	0	1	0	1	0	1	0	=	0	0	0
chr2	10339	43893806	43893809	3	0	1	0	1	0	1	0	=	0	0	0
chr2	10340	43895932	43895935	3	0	1	0	1	0	1	0	=	0	0	0
chr2	10341	43896211	43896223	12	0	0	0	2	6	6	0	?	0	0	0
chr2	10342	43896532	43896535	3	0	1	0	1	0	1	0	=	0	0	0
chr2	10343	43897945	43897948	3	0	1	0	1	0	1	0	=	0	0	0
chr2	10344	43898070	43898072	2	0	1	0	1	0	2	0	=	0	0	0
chr2	10345	43901771	43901774	3	0	1	0	1	0	1	0	=	0	0	0
chr2	10346	43904693	43904708	15	0	1	0	1	0	13	0	=	0	0	0
chr2	10347	43904950	43904953	3	0	1	0	1	0	1	0	=	0	0	0
chr2	10348	43906633	43906636	3	0	1	0	1	0	1	0	=	0	0	0
chr2	10349	43907953	43907956	3	0	1	0	1	0	1	0	=	0	0	0
chr2	10350	43908173	43908176	3	0	1	0	1	0	1	0	=	0	0	0
chr2	10351	43908635	43908638	3	0	1	0	1	0	1	0	=	0	0	0
chr2	10352	43908856	43908859	3	0	1	0	1	0	1	0	=	0	0	0
chr2	10353	43909327	43909330	3	0	1	0	1	0	1	0	=	0	0	0
chr2	10354	43909610	43909618	8	1	1	1	1	0	6	0	=	0	0	0
chr2	10355	43910238	43910240	2	0	1	0	1	0	1	0	=	0	0	0
chr2	10356	43910646	43910649	3	0	1	0	1	0	1	0	=	0	0	0
chr2	10357	43911148	43911152	4	0	1	0	1	0	2	0	=	0	0	0
chr2	10358	43911346	43911349	3	0	1	0	1	0	1	0	=	0	0	0
chr2	10359	43911521	43911524	3	0	1	0	1	0	1	0	=	0	0	0
chr2	10360	43912056	43912059	3	0	1	0	1	0	1	0	=	0	0	0
chr2	10361	43912845	43912848	3	0	1	0	1	0	1	0	=	0	0	0
chr2	10362	43914708	43914711	3	0	1	0	1	0	1	0	=	0	0	0
chr2	10363	43915052	43915064	12	0	1	1	1	1	11	0	=	0	0	0
chr2	10364	43915197	43915239	42	1	1	1	1	5	24	0	=	0	0	0
chr2	10365	43915948	43915951	3	0	1	0	1	0	1	0	=	0	0	0
chr2	10366	43916075	43916078	3	0	1	0	1	0	1	0	=	0	0	0
chr2	10367	43916199	43916202	3	0	1	0	1	0	1	0	=	0	0	0
chr2	10368	43916615	43916618	3	0	1	0	1	0	1	0	=	0	0	0
chr2	10369	43916948	43916951	3	0	2	0	2	0	2	0	=	0	0	0
chr2	10370	43917109	43917112	3	0	1	0	1	0	1	0	=	0	0	0
chr2	10371	43917176	43917179	3	0	1	0	1	0	1	0	=	0	0	0
chr2	10372	43917352	43917355	3	0	1	0	1	0	1	0	=	0	0	0
chr2	10373	43918233	43918236	3	0	1	0	1	0	1	0	=	0	0	0
chr2	10374	43918658	43918661	3	0	1	0	1	0	1	0	=	0	0	0
chr2	10375	43918775	43918797	22	0	1	0	1	0	20	0	=	0	0	0
chr2	10376	43920075	43920081	6	0	1	0	1	1	2	0	?	0	0	0
chr2	10377	43920358	43920361	3	0	1	0	1	0	1	0	=	0	0	0
chr2	10378	43920652	43920655	3	0	1	0	1	0	1	0	=	0	0	0
chr2	10379	43920683	43920686	3	0	1	0	1	0	1	0	=	0	0	0
chr2	10380	43922301	43922304	3	0	1	0	1	0	1	0	=	0	0	0
chr2	10381	43922581	43922584	3	0	1	0	1	0	1	0	=	0	0	0
chr2	10382	43923176	43923178	2	0	1	0	1	0	1	0	=	0	0	0
chr2	10383	43923370	43923373	3	0	1	0	1	0	1	0	=	0	0	0
chr2	10384	43924212	43924215	3	0	1	0	1	0	1	0	=	0	0	0
chr2	10385	43924431	43924434	3	0	1	0	1	0	1	0	=	0	0	0
chr2	10386	43924581	43924584	3	0	1	0	1	0	1	0	=	0	0	0
chr2	10387	43924667	43924670	3	0	1	0	1	0	1	0	=	0	0	0
chr2	10388	43925039	43925042	3	0	1	0	1	0	1	0	=	0	0	0
chr2	10389	43925265	43925268	3	0	1	0	1	0	1	0	=	0	0	0
chr2	10390	43926541	43926544	3	0	1	0	1	0	1	0	=	0	0	0
chr2	10391	43926764	43926767	3	0	1	0	1	0	1	0	=	0	0	0
chr2	10392	43928022	43928025	3	0	1	0	1	0	1	0	=	0	0	0
chr2	10393	43928167	43928170	3	0	1	0	1	0	1	0	=	0	0	0
chr2	10394	43928803	43928806	3	0	1	0	1	0	1	0	=	0	0	0
chr2	10395	43928845	43928848	3	0	1	0	1	0	1	0	=	0	0	0
chr2	10396	43929299	43929302	3	0	1	0	1	0	1	0	=	0	0	0
chr2	10397	43929948	43929954	6	0	1	0	1	0	4	0	=	0	0	0
chr2	10398	43930510	43930513	3	0	1	0	1	0	1	0	=	0	0	0
chr2	10399	43932122	43932124	2	0	0	0	1	4	4	0	?	0	0	0
chr2	10400	43933147	43933150	3	0	1	0	1	0	1	0	=	0	0	0
chr2	10401	43935660	43935663	3	0	1	0	1	0	1	0	=	0	0	0
chr2	10402	43937002	43937005	3	1	0	1	0	0	1	0	=	0	0	0
chr2	10403	43937340	43937343	3	0	1	0	1	0	1	0	=	0	0	0
chr2	10404	43938592	43938595	3	0	1	0	1	0	1	0	=	0	0	0
chr2	10405	43939115	43939119	4	0	1	0	1	0	2	0	=	0	0	0
chr2	10406	43939143	43939146	3	1	0	1	0	0	1	0	=	0	0	0
chr2	10407	43941836	43941839	3	0	1	0	1	0	1	0	=	0	0	0
chr2	10408	43942710	43942713	3	0	1	0	1	0	1	0	=	0	0	0
chr2	10409	43942748	43942751	3	0	1	0	1	0	1	0	=	0	0	0
chr2	10410	43945303	43945306	3	0	1	0	1	0	1	0	=	0	0	0
chr2	10411	43945947	43945953	6	0	1	0	1	0	4	0	=	0	0	0
chr2	10412	43946281	43946284	3	0	1	0	1	0	1	0	=	0	0	0
chr2	10413	43949084	43949087	3	0	1	0	1	0	1	0	=	0	0	0
chr2	10414	43950313	43950316	3	0	1	0	1	0	1	0	=	0	0	0
chr2	10415	43950807	43950810	3	0	1	0	1	0	1	0	=	0	0	0
chr2	10416	43950893	43950896	3	0	1	0	1	0	1	0	=	0	0	0
chr2	10417	43951045	43951048	3	0	1	0	1	0	1	0	=	0	0	0
chr2	10418	43951637	43951640	3	0	1	0	1	0	1	0	=	0	0	0
chr2	10419	43951828	43951834	6	0	1	0	1	0	4	0	=	0	0	0
chr2	10420	43952206	43952209	3	0	1	0	1	0	1	0	=	0	0	0
chr2	10421	43952595	43952598	3	0	1	0	1	0	1	0	=	0	0	0
chr2	10422	43953655	43953658	3	0	1	0	1	0	1	0	=	0	0	0
chr2	10423	43955327	43955330	3	1	0	1	0	0	1	0	=	0	0	0
chr2	10424	43955473	43955476	3	0	1	0	1	0	1	0	=	0	0	0
chr2	10425	43956477	43956479	2	0	1	0	1	0	6	0	=	0	0	0
chr2	10426	43956688	43956691	3	0	1	0	1	0	1	0	=	0	0	0
chr2	10427	43957988	43957991	3	1	0	1	0	0	1	0	=	0	0	0
chr2	10428	43958204	43958207	3	1	0	1	0	0	1	0	=	0	0	0
chr2	10429	43958572	43958575	3	0	1	0	1	0	1	0	=	0	0	0
chr2	10430	43960063	43960066	3	1	0	1	0	0	1	0	=	0	0	0
chr2	10431	43960243	43960246	3	0	1	0	1	0	1	0	=	0	0	0
chr2	10432	43960688	43960691	3	1	0	1	0	0	1	0	=	0	0	0
chr2	10433	43961255	43961258	3	1	0	1	0	0	1	0	=	0	0	0
chr2	10434	43962197	43962200	3	1	0	1	0	0	1	0	=	0	0	0
chr2	10435	43962346	43962349	3	1	0	1	0	0	1	0	=	0	0	0
chr2	10436	43962466	43962469	3	1	0	1	0	0	1	0	=	0	0	0
chr2	10437	43962489	43962492	3	1	0	1	0	0	1	0	=	0	0	0
chr2	10438	43963039	43963042	3	1	0	1	0	0	1	0	=	0	0	0
chr2	10439	43963251	43963254	3	1	0	1	0	0	1	0	=	0	0	0
chr2	10440	43964414	43964417	3	1	0	1	0	0	1	0	=	0	0	0
chr2	10441	43966413	43966434	21	2	0	2	0	0	2	0	=	0	0	0
chr2	10442	43967133	43967136	3	1	0	1	0	0	1	0	=	0	0	0
chr2	10443	43967359	43967362	3	1	1	1	1	0	0	0	?	0	0	0
chr2	10444	43967401	43967403	2	1	0	1	0	0	4	0	=	0	0	0
chr2	10445	43968131	43968134	3	1	0	1	0	0	1	0	=	0	0	0
chr2	10446	43968605	43968608	3	1	0	1	0	0	1	0	=	0	0	0
chr2	10447	43968668	43968671	3	1	0	1	0	0	1	0	=	0	0	0
chr2	10448	43968832	43968835	3	1	1	1	1	0	0	0	?	0	0	0
chr2	10449	43969054	43969057	3	1	0	1	0	0	1	0	=	0	0	0
chr2	10450	43969733	43969736	3	1	0	1	0	0	1	0	=	0	0	0
chr2	10451	43969915	43969918	3	1	0	1	0	0	1	0	=	0	0	0
chr2	10452	43971484	43971487	3	0	0	1	1	10	10	0	?	0	0	0
chr2	10453	43974235	43974238	3	1	1	1	1	0	0	0	?	0	0	0
chr2	10454	43976438	43976441	3	1	0	1	0	0	1	0	=	0	0	0
chr2	10455	43976723	43976726	3	1	0	1	0	0	1	0	=	0	0	0
chr2	10456	43977576	43977579	3	1	0	1	0	0	1	0	=	0	0	0
chr2	10457	43977857	43977860	3	1	0	1	0	0	1	0	=	0	0	0
chr2	10458	43978810	43978813	3	1	0	1	0	0	1	0	=	0	0	0
chr2	10459	43979658	43979661	3	1	0	1	0	0	1	0	=	0	0	0
chr2	10460	43980568	43980589	21	1	2	1	2	0	4	0	=	0	0	0
chr2	10461	43980833	43980836	3	1	0	1	0	0	1	0	=	0	0	0
chr2	10462	43981907	43981910	3	1	0	1	0	0	1	0	=	0	0	0
chr2	10463	43982336	43982339	3	1	0	1	0	0	1	0	=	0	0	0
chr2	10464	43982665	43982668	3	1	0	1	0	0	1	0	=	0	0	0
chr2	10465	43983333	43983335	2	1	0	1	0	0	2	0	=	0	0	0
chr2	10466	43983783	43983786	3	1	0	1	0	0	1	0	=	0	0	0
chr2	10467	43984107	43984110	3	1	0	1	0	0	1	0	=	0	0	0
chr2	10468	43984225	43984228	3	1	0	1	0	0	1	0	=	0	0	0
chr2	10469	43984405	43984408	3	1	0	1	0	0	1	0	=	0	0	0
chr2	10470	43985481	43985484	3	1	0	1	0	0	1	0	=	0	0	0
chr2	10471	43985552	43985555	3	1	0	1	0	0	1	0	=	0	0	0
chr2	10472	43986470	43986473	3	1	0	1	0	0	1	0	=	0	0	0
chr2	10473	43986849	43986852	3	1	0	1	0	0	1	0	=	0	0	0
chr2	10474	43986901	43986904	3	1	0	1	0	0	1	0	=	0	0	0
chr2	10475	43986995	43986998	3	1	0	1	0	0	1	0	=	0	0	0
chr2	10476	43987073	43987076	3	1	1	1	1	0	0	0	?	0	0	0
chr2	10477	43987108	43987111	3	1	0	1	0	0	1	0	=	0	0	0
chr2	10478	43987309	43987312	3	1	0	1	0	0	1	0	=	0	0	0
chr2	10479	43987446	43987449	3	1	0	1	0	0	1	0	=	0	0	0
chr2	10480	43987490	43987492	2	1	0	1	0	0	1	0	=	0	0	0
chr2	10481	43987548	43987551	3	1	0	1	0	0	1	0	=	0	0	0
chr2	10482	43987958	43987961	3	1	1	1	1	0	0	0	?	0	0	0
chr2	10483	43988044	43988047	3	1	0	1	0	0	1	0	=	0	0	0
chr2	10484	43988090	43988093	3	1	0	1	0	0	1	0	=	0	0	0
chr2	10485	43988235	43988238	3	1	0	1	0	0	1	0	=	0	0	0
chr2	10486	43988333	43988336	3	1	0	1	0	0	1	0	=	0	0	0
chr2	10487	43988569	43988572	3	1	1	1	1	0	0	0	?	0	0	0
chr2	10488	43990074	43990077	3	1	0	1	0	0	1	0	=	0	0	0
chr2	10489	43990238	43990241	3	1	1	1	1	0	0	0	?	0	0	0
chr2	10490	43990403	43990406	3	1	0	1	0	0	1	0	=	0	0	0
chr2	10491	43990447	43990450	3	1	0	1	0	0	1	0	=	0	0	0
chr2	10492	43990780	43990783	3	1	0	1	0	0	1	0	=	0	0	0
chr2	10493	43990841	43990843	2	1	1	1	1	0	0	0	?	0	0	0
chr2	10494	43991031	43991033	2	1	0	1	0	0	1	0	=	0	0	0
chr2	10495	43991276	43991279	3	1	0	1	0	0	1	0	=	0	0	0
chr2	10496	43991496	43991499	3	1	0	1	0	0	1	0	=	0	0	0
chr2	10497	43991651	43991654	3	1	0	1	0	0	1	0	=	0	0	0
chr2	10498	43991697	43991700	3	1	0	1	0	0	1	0	=	0	0	0
chr2	10499	43992605	43992608	3	1	0	1	0	0	1	0	=	0	0	0
chr2	10500	43992796	43992799	3	1	0	1	0	0	1	0	=	0	0	0
chr2	10501	43993035	43993038	3	1	0	1	0	0	1	0	=	0	0	0
chr2	10502	43993716	43993719	3	1	0	1	0	0	1	0	=	0	0	0
chr2	10503	43993737	43993740	3	1	0	1	0	0	1	0	=	0	0	0
chr2	10504	43994019	43994022	3	1	0	1	0	0	1	0	=	0	0	0
chr2	10505	43994296	43994299	3	1	0	1	0	0	1	0	=	0	0	0
chr2	10506	43994562	43994565	3	1	0	1	0	0	1	0	=	0	0	0
chr2	10507	43994596	43994598	2	1	0	1	0	0	9	0	=	0	0	0
chr2	10508	43995260	43995263	3	1	0	1	0	0	1	0	=	0	0	0
chr2	10509	43995521	43995524	3	1	0	1	0	0	1	0	=	0	0	0
chr2	10510	43996558	43996561	3	1	0	1	0	0	1	0	=	0	0	0
chr2	10511	43997209	43997212	3	1	0	1	0	0	1	0	=	0	0	0
chr2	10512	43997238	43997241	3	1	0	1	0	0	1	0	=	0	0	0
chr2	10513	43997292	43997295	3	1	0	1	0	0	1	0	=	0	0	0
chr2	10514	43997831	43997834	3	1	0	1	0	0	1	0	=	0	0	0
chr2	10515	43998316	43998319	3	1	0	1	0	0	1	0	=	0	0	0
chr2	10516	43998582	43998585	3	0	1	0	1	0	1	0	=	0	0	0
chr2	10517	43998693	43998696	3	1	0	1	0	0	1	0	=	0	0	0
chr2	10518	43999054	43999057	3	1	0	1	0	0	1	0	=	0	0	0
chr2	10519	43999825	43999828	3	1	0	1	0	0	1	0	=	0	0	0
chr2	10520	43999877	43999880	3	1	0	1	0	0	1	0	=	0	0	0
chr2	10521	43999905	43999908	3	1	0	1	0	0	1	0	=	0	0	0
chr2	10522	44000042	44000072	30	3	0	3	0	0	3	0	=	0	0	0
chr2	10523	44000185	44000188	3	1	0	1	0	0	1	0	=	0	0	0
chr2	10524	44000256	44000263	7	2	0	2	0	0	2	0	=	0	0	0
chr2	10525	44000431	44000434	3	1	0	1	0	0	1	0	=	0	0	0
chr2	10526	44000498	44000525	27	1	0	2	0	1	2	0	?	0	0	0
chr2	10527	44000611	44000614	3	1	0	1	0	0	1	0	=	0	0	0
chr2	10528	44000748	44000751	3	1	0	1	0	0	1	0	=	0	0	0
chr2	10529	44000782	44000785	3	1	0	1	0	0	1	0	=	0	0	0
chr2	10530	44001240	44001243	3	1	0	1	0	0	1	0	=	0	0	0
chr2	10531	44001257	44001260	3	1	0	1	0	0	1	0	=	0	0	0
chr2	10532	44001589	44001592	3	1	0	1	0	0	1	0	=	0	0	0
chr2	10533	44001603	44001606	3	1	0	1	0	0	1	0	=	0	0	0
chr2	10534	44002621	44002624	3	1	0	1	0	0	1	0	=	0	0	0
chr2	10535	44002832	44002835	3	1	0	1	0	0	1	0	=	0	0	0
chr2	10536	44003352	44003372	20	2	1	2	1	0	2	0	=	0	0	0
chr2	10537	44003514	44003517	3	1	0	1	0	0	1	0	=	0	0	0
chr2	10538	44003544	44003547	3	1	0	1	0	0	1	0	=	0	0	0
chr2	10539	44003591	44003594	3	1	0	1	0	0	1	0	=	0	0	0
chr2	10540	44003835	44003837	2	1	0	1	0	0	1	0	=	0	0	0
chr2	10541	44003949	44003952	3	1	0	1	0	0	1	0	=	0	0	0
chr2	10542	44004378	44004381	3	1	0	1	0	0	1	0	=	0	0	0
chr2	10543	44004501	44004504	3	1	0	1	0	0	1	0	=	0	0	0
chr2	10544	44004777	44004780	3	1	0	1	0	0	1	0	=	0	0	0
chr2	10545	44004828	44004831	3	1	0	1	0	0	1	0	=	0	0	0
chr2	10546	44004933	44004936	3	1	0	1	0	0	1	0	=	0	0	0
chr2	10547	44005270	44005273	3	1	0	1	0	0	1	0	=	0	0	0
chr2	10548	44005493	44005496	3	1	0	1	0	0	1	0	=	0	0	0
chr2	10549	44005563	44005566	3	1	0	1	0	0	1	0	=	0	0	0
chr2	10550	44005708	44005711	3	1	0	1	0	0	1	0	=	0	0	0
chr2	10551	44005758	44005761	3	1	0	1	0	0	1	0	=	0	0	0
chr2	10552	44005773	44005776	3	1	0	1	0	0	1	0	=	0	0	0
chr2	10553	44005849	44005852	3	1	1	1	1	0	0	0	?	0	0	0
chr2	10554	44005888	44005895	7	2	0	2	0	0	2	0	=	0	0	0
chr2	10555	44006264	44006267	3	1	0	1	0	0	1	0	=	0	0	0
chr2	10556	44006443	44006446	3	1	0	1	0	0	1	0	=	0	0	0
chr2	10557	44006851	44006854	3	1	0	1	0	0	1	0	=	0	0	0
chr2	10558	44006882	44006885	3	1	0	1	0	0	1	0	=	0	0	0
chr2	10559	44007144	44007147	3	1	0	1	0	0	1	0	=	0	0	0
chr2	10560	44007192	44007194	2	1	0	1	0	0	2	0	=	0	0	0
chr2	10561	44007710	44007731	21	2	0	2	0	0	9	0	=	0	0	0
chr2	10562	44008163	44008166	3	1	0	1	0	0	1	0	=	0	0	0
chr2	10563	44008328	44008334	6	2	0	2	0	0	2	0	=	0	0	0
chr2	10564	44008352	44008355	3	1	0	1	0	0	1	0	=	0	0	0
chr2	10565	44008402	44008405	3	1	0	1	0	0	1	0	=	0	0	0
chr2	10566	44008639	44008642	3	1	0	1	0	0	1	0	=	0	0	0
chr2	10567	44009774	44009777	3	1	0	1	0	0	1	0	=	0	0	0
chr2	10568	44009821	44009829	8	2	0	2	0	0	2	0	=	0	0	0
chr2	10569	44010194	44010197	3	1	0	1	0	0	1	0	=	0	0	0
chr2	10570	44010329	44010332	3	1	0	1	0	0	1	0	=	0	0	0
chr2	10571	44010364	44010367	3	1	0	1	0	0	1	0	=	0	0	0
chr2	10572	44010733	44010736	3	1	0	1	0	0	1	0	=	0	0	0
chr2	10573	44011954	44011957	3	1	0	1	0	0	1	0	=	0	0	0
chr2	10574	44013352	44013419	67	0	1	1	2	20	28	0	?	0	0	0
chr2	10575	44014006	44014017	11	2	0	2	0	0	2	0	=	0	0	0
chr2	10576	44014219	44014222	3	0	0	1	1	2	2	0	?	0	0	0
chr2	10577	44014640	44014643	3	1	0	1	0	0	1	0	=	0	0	0
chr2	10578	44015631	44015641	10	2	0	2	0	0	2	0	=	0	0	0
chr2	10579	44015966	44015968	2	1	0	1	0	0	3	0	=	0	0	0
chr2	10580	44016508	44016511	3	0	1	0	1	0	1	0	=	0	0	0
chr2	10581	44017401	44017404	3	1	0	1	0	0	1	0	=	0	0	0
chr2	10582	44017554	44017557	3	1	0	1	0	0	1	0	=	0	0	0
chr2	10583	44017838	44017841	3	0	1	0	1	0	1	0	=	0	0	0
chr2	10584	44017859	44017862	3	1	1	1	1	0	0	0	?	0	0	0
chr2	10585	44018147	44018150	3	1	0	1	0	0	1	0	=	0	0	0
chr2	10586	44018254	44018258	4	1	0	1	0	0	2	0	=	0	0	0
chr2	10587	44019585	44019588	3	1	0	1	0	0	1	0	=	0	0	0
chr2	10588	44019659	44019662	3	1	0	1	0	0	1	0	=	0	0	0
chr2	10589	44020026	44020029	3	1	1	1	1	0	0	0	?	0	0	0
chr2	10590	44020638	44020641	3	1	0	1	0	0	1	0	=	0	0	0
chr2	10591	44020805	44020808	3	0	1	0	1	0	1	0	=	0	0	0
chr2	10592	44021242	44021245	3	1	0	1	0	0	1	0	=	0	0	0
chr2	10593	44022020	44022023	3	1	1	1	1	0	0	0	?	0	0	0
chr2	10594	44022397	44022400	3	1	0	1	0	0	1	0	=	0	0	0
chr2	10595	44022546	44022549	3	1	0	1	0	0	1	0	=	0	0	0
chr2	10596	44022670	44022673	3	1	0	1	0	0	1	0	=	0	0	0
chr2	10597	44022986	44022989	3	1	0	1	0	0	1	0	=	0	0	0
chr2	10598	44023014	44023017	3	1	0	1	0	0	1	0	=	0	0	0
chr2	10599	44023589	44023592	3	0	1	0	1	0	1	0	=	0	0	0
chr2	10600	44023728	44023731	3	1	0	1	0	0	1	0	=	0	0	0
chr2	10601	44023991	44023994	3	1	0	1	0	0	1	0	=	0	0	0
chr2	10602	44024034	44024037	3	0	1	0	1	0	1	0	=	0	0	0
chr2	10603	44024557	44024560	3	0	1	0	1	0	1	0	=	0	0	0
chr2	10604	44025624	44025627	3	1	0	1	0	0	1	0	=	0	0	0
chr2	10605	44026014	44026016	2	1	0	1	0	0	2	0	=	0	0	0
chr2	10606	44026867	44026870	3	1	0	1	0	0	1	0	=	0	0	0
chr2	10607	44027063	44027066	3	0	1	0	1	0	1	0	=	0	0	0
chr2	10608	44027398	44027400	2	0	0	1	0	2	2	0	?	0	0	0
chr2	10609	44027813	44027816	3	1	1	1	1	0	0	0	?	0	0	0
chr2	10610	44028027	44028031	4	1	0	1	0	0	2	0	=	0	0	0
chr2	10611	44028162	44028165	3	0	1	0	1	0	1	0	=	0	0	0
chr2	10612	44028428	44028431	3	1	0	1	0	0	1	0	=	0	0	0
chr2	10613	44029500	44029503	3	1	0	1	0	0	1	0	=	0	0	0
chr2	10614	44031389	44031392	3	1	0	1	0	0	1	0	=	0	0	0
chr2	10615	44031431	44031434	3	1	0	1	0	0	1	0	=	0	0	0
chr2	10616	44031676	44031679	3	1	0	1	0	0	1	0	=	0	0	0
chr2	10617	44031860	44031863	3	1	0	1	0	0	1	0	=	0	0	0
chr2	10618	44032137	44032140	3	0	1	0	1	0	1	0	=	0	0	0
chr2	10619	44032349	44032352	3	1	0	1	0	0	1	0	=	0	0	0
chr2	10620	44032485	44032488	3	1	0	1	0	0	1	0	=	0	0	0
chr2	10621	44033611	44033614	3	1	1	1	1	0	0	0	?	0	0	0
chr2	10622	44033677	44033690	13	0	2	0	2	0	2	0	=	0	0	0
chr2	10623	44034044	44034047	3	1	0	1	0	0	1	0	=	0	0	0
chr2	10624	44034387	44034390	3	1	0	1	0	0	1	0	=	0	0	0
chr2	10625	44034751	44034754	3	0	1	0	1	0	1	0	=	0	0	0
chr2	10626	44034860	44034863	3	0	1	0	1	0	1	0	=	0	0	0
chr2	10627	44034996	44034999	3	0	1	0	1	0	1	0	=	0	0	0
chr2	10628	44035111	44035114	3	0	1	0	1	0	1	0	=	0	0	0
chr2	10629	44035218	44035221	3	1	0	1	0	0	1	0	=	0	0	0
chr2	10630	44035302	44035305	3	1	0	1	0	0	1	0	=	0	0	0
chr2	10631	44035308	44035311	3	0	1	0	1	0	1	0	=	0	0	0
chr2	10632	44035463	44035466	3	0	1	0	1	0	1	0	=	0	0	0
chr2	10633	44035658	44035661	3	1	1	1	1	0	0	0	?	0	0	0
chr2	10634	44035964	44035967	3	1	0	1	0	0	1	0	=	0	0	0
chr2	10635	44036078	44036081	3	0	1	0	1	0	1	0	=	0	0	0
chr2	10636	44036169	44036172	3	1	0	1	0	0	1	0	=	0	0	0
chr2	10637	44038189	44038192	3	1	0	1	0	0	1	0	=	0	0	0
chr2	10638	44038688	44038690	2	1	1	1	1	0	0	0	?	0	0	0
chr2	10639	44038844	44038847	3	1	0	1	0	0	1	0	=	0	0	0
chr2	10640	44039125	44039127	2	0	0	1	1	3	3	0	?	0	0	0
chr2	10641	44039587	44039590	3	0	0	1	0	1	1	0	?	0	0	0
chr2	10642	44039696	44039699	3	0	1	0	1	0	1	0	=	0	0	0
chr2	10643	44039749	44039752	3	1	0	1	0	0	1	0	=	0	0	0
chr2	10644	44041079	44041082	3	1	1	1	1	0	0	0	?	0	0	0
chr2	10645	44041659	44041662	3	1	1	1	1	0	0	0	?	0	0	0
chr2	10646	44041857	44041875	18	1	1	1	1	0	0	0	?	0	0	0
chr2	10647	44041931	44041934	3	1	1	1	1	0	0	0	?	0	0	0
chr2	10648	44042409	44042412	3	1	1	1	1	0	0	0	?	0	0	0
chr2	10649	44044051	44044053	2	0	0	1	1	18	18	0	?	0	0	0
chr2	10650	44044942	44044945	3	1	1	1	1	0	0	0	?	0	0	0
chr2	10651	44046569	44046572	3	1	1	1	1	0	0	0	?	0	0	0
chr2	10652	44046979	44046982	3	0	1	0	1	0	1	0	=	0	0	0
chr2	10653	44047073	44047089	16	2	2	2	2	0	0	0	?	0	0	0
chr2	10654	44047314	44047317	3	0	1	0	1	0	1	0	=	0	0	0
chr2	10655	44047547	44047550	3	0	1	0	1	0	1	0	=	0	0	0
chr2	10656	44048077	44048080	3	0	1	0	1	0	1	0	=	0	0	0
chr2	10657	44050261	44050264	3	0	1	0	1	0	1	0	=	0	0	0
chr2	10658	44050309	44050312	3	0	1	0	1	0	1	0	=	0	0	0
chr2	10659	44050586	44050589	3	0	1	0	1	0	1	0	=	0	0	0
chr2	10660	44051259	44051284	25	0	4	1	4	3	11	0	=	0	0	0
chr2	10661	44051362	44051365	3	0	1	0	1	0	1	0	=	0	0	0
chr2	10662	44052525	44052528	3	0	1	0	1	0	1	0	=	0	0	0
chr2	10663	44052595	44052628	33	0	1	0	1	0	31	0	=	0	0	0
chr2	10664	44052911	44052914	3	0	1	0	1	0	1	0	=	0	0	0
chr2	10665	44052985	44052988	3	0	1	0	1	0	1	0	=	0	0	0
chr2	10666	44054746	44054752	6	0	1	0	1	0	4	0	=	0	0	0
chr2	10667	44054824	44054827	3	0	1	0	1	0	1	0	=	0	0	0
chr2	10668	44055184	44055187	3	0	1	0	1	0	1	0	=	0	0	0
chr2	10669	44055314	44055317	3	0	1	0	1	0	1	0	=	0	0	0
chr2	10670	44055531	44055534	3	0	1	0	1	0	1	0	=	0	0	0
chr2	10671	44055863	44055866	3	0	1	0	1	0	1	0	=	0	0	0
chr2	10672	44055885	44055888	3	0	1	0	1	0	1	0	=	0	0	0
chr2	10673	44056031	44056034	3	0	1	0	1	0	1	0	=	0	0	0
chr2	10674	44056569	44056572	3	0	1	0	1	0	1	0	=	0	0	0
chr2	10675	44056788	44056791	3	0	1	0	1	0	1	0	=	0	0	0
chr2	10676	44057490	44057493	3	0	1	0	1	0	1	0	=	0	0	0
chr2	10677	44057868	44057871	3	0	1	0	1	0	1	0	=	0	0	0
chr2	10678	44058051	44058054	3	0	1	0	1	0	1	0	=	0	0	0
chr2	10679	44058451	44058454	3	0	1	0	1	0	1	0	=	0	0	0
chr2	10680	44059233	44059236	3	0	1	0	1	0	1	0	=	0	0	0
chr2	10681	44059282	44059285	3	0	1	0	1	0	1	0	=	0	0	0
chr2	10682	44059498	44059501	3	0	1	0	1	0	1	0	=	0	0	0
chr2	10683	44059675	44059678	3	0	1	0	1	0	1	0	=	0	0	0
chr2	10684	44059801	44059804	3	0	1	0	1	0	1	0	=	0	0	0
chr2	10685	44059930	44059933	3	0	1	0	1	0	1	0	=	0	0	0
chr2	10686	44059982	44059985	3	1	1	1	1	0	0	0	?	0	0	0
chr2	10687	44060026	44060029	3	0	1	0	1	0	1	0	=	0	0	0
chr2	10688	44060112	44060115	3	0	1	0	1	0	1	0	=	0	0	0
chr2	10689	44061455	44061458	3	0	1	0	1	0	1	0	=	0	0	0
chr2	10690	44061524	44061527	3	0	1	0	1	0	1	0	=	0	0	0
chr2	10691	44061611	44061614	3	0	1	0	1	0	1	0	=	0	0	0
chr2	10692	44061702	44061705	3	0	1	0	1	0	1	0	=	0	0	0
chr2	10693	44061731	44061734	3	0	1	0	1	0	1	0	=	0	0	0
chr2	10694	44062018	44062021	3	0	1	0	1	0	1	0	=	0	0	0
chr2	10695	44062305	44062308	3	0	1	0	1	0	1	0	=	0	0	0
chr2	10696	44062756	44062759	3	0	1	0	1	0	1	0	=	0	0	0
chr2	10697	44063292	44063299	7	0	2	0	2	0	2	0	=	0	0	0
chr2	10698	44063688	44063691	3	0	1	0	1	0	1	0	=	0	0	0
chr2	10699	44064192	44064195	3	1	1	1	1	0	0	0	?	0	0	0
chr2	10700	44064455	44064458	3	1	1	1	1	0	0	0	?	0	0	0
chr2	10701	44065204	44065207	3	0	1	0	1	0	1	0	=	0	0	0
chr2	10702	44065666	44065668	2	0	1	0	1	0	1	0	=	0	0	0
chr2	10703	44065836	44065839	3	0	1	0	1	0	1	0	=	0	0	0
chr2	10704	44066232	44066239	7	1	2	1	2	0	1	0	=	0	0	0
chr2	10705	44066318	44066324	6	1	0	1	0	0	4	0	=	0	0	0
chr2	10706	44066597	44066600	3	0	1	0	1	0	1	0	=	0	0	0
chr2	10707	44067012	44067015	3	1	0	1	0	0	1	0	=	0	0	0
chr2	10708	44067020	44067023	3	0	1	0	1	0	1	0	=	0	0	0
chr2	10709	44067059	44067062	3	0	1	0	1	0	1	0	=	0	0	0
chr2	10710	44067220	44067229	9	0	0	0	3	3	3	0	?	0	0	0
chr2	10711	44067239	44067279	40	0	0	0	6	6	6	0	?	0	0	0
chr2	10712	44067288	44067295	7	0	0	0	2	2	2	0	?	0	0	0
chr2	10713	44067306	44067309	3	0	0	0	1	1	1	0	?	0	0	0
chr2	10714	44067324	44067327	3	0	0	0	1	1	1	0	?	0	0	0
chr2	10715	44067371	44067374	3	0	1	0	1	0	1	0	=	0	0	0
chr2	10716	44067457	44067460	3	0	1	0	1	0	1	0	=	0	0	0
chr2	10717	44067531	44067534	3	0	1	0	1	0	1	0	=	0	0	0
chr2	10718	44067622	44067625	3	0	1	0	1	0	1	0	=	0	0	0
chr2	10719	44067661	44067664	3	0	1	0	1	0	1	0	=	0	0	0
chr2	10720	44067689	44067692	3	0	1	0	1	0	1	0	=	0	0	0
chr2	10721	44067782	44067785	3	0	1	0	1	0	1	0	=	0	0	0
chr2	10722	44068009	44068012	3	0	1	0	1	0	1	0	=	0	0	0
chr2	10723	44068138	44068141	3	0	1	0	1	0	1	0	=	0	0	0
chr2	10724	44068772	44068775	3	0	1	0	1	0	1	0	=	0	0	0
chr2	10725	44068953	44068956	3	0	1	0	1	0	1	0	=	0	0	0
chr2	10726	44069139	44069142	3	0	1	0	1	0	1	0	=	0	0	0
chr2	10727	44069180	44069183	3	0	1	0	1	0	1	0	=	0	0	0
chr2	10728	44069314	44069317	3	0	1	0	1	0	1	0	=	0	0	0
chr2	10729	44069435	44069439	4	0	1	0	1	0	2	0	=	0	0	0
chr2	10730	44069552	44069555	3	0	1	0	1	0	1	0	=	0	0	0
chr2	10731	44069733	44069736	3	0	1	0	1	0	1	0	=	0	0	0
chr2	10732	44070396	44070399	3	0	1	0	1	0	1	0	=	0	0	0
chr2	10733	44070578	44070580	2	0	1	0	1	0	1	0	=	0	0	0
chr2	10734	44070936	44070939	3	1	1	1	1	0	0	0	?	0	0	0
chr2	10735	44070954	44071003	49	1	2	1	2	0	7	0	=	0	0	0
chr2	10736	44071542	44071545	3	0	1	0	1	0	1	0	=	0	0	0
chr2	10737	44071578	44071581	3	1	1	1	1	0	0	0	?	0	0	0
chr2	10738	44071884	44071887	3	0	1	0	1	0	1	0	=	0	0	0
chr2	10739	44072198	44072203	5	0	1	0	1	0	3	0	=	0	0	0
chr2	10740	44072607	44072609	2	0	1	0	1	0	2	0	=	0	0	0
chr2	10741	44073762	44073765	3	0	1	0	1	0	1	0	=	0	0	0
chr2	10742	44074405	44074408	3	0	1	0	1	0	1	0	=	0	0	0
chr2	10743	44074823	44074825	2	0	1	0	1	0	1	0	=	0	0	0
chr2	10744	44074865	44074868	3	0	1	0	1	0	1	0	=	0	0	0
chr2	10745	44075168	44075171	3	1	0	1	0	0	1	0	=	0	0	0
chr2	10746	44079717	44079720	3	1	0	1	0	0	1	0	=	0	0	0
chr2	10747	44080309	44080312	3	1	0	1	0	0	1	0	=	0	0	0
chr2	10748	44080771	44080774	3	1	0	1	0	0	1	0	=	0	0	0
chr2	10749	44082349	44082352	3	1	0	1	0	0	1	0	=	0	0	0
chr2	10750	44086278	44086281	3	0	0	1	0	1	1	0	?	0	0	0
chr2	10751	44089491	44089493	2	1	0	1	0	0	2	0	=	0	0	0
chr2	10752	44090042	44090045	3	1	0	1	0	0	1	0	=	0	0	0
chr2	10753	44090625	44090628	3	1	0	1	0	0	1	0	=	0	0	0
chr2	10754	44091369	44091372	3	1	0	1	0	0	1	0	=	0	0	0
chr2	10755	44091616	44091619	3	1	0	1	0	0	1	0	=	0	0	0
chr2	10756	44092109	44092112	3	1	0	1	0	0	1	0	=	0	0	0
chr2	10757	44092592	44092595	3	1	0	1	0	0	1	0	=	0	0	0
chr2	10758	44092973	44092976	3	1	0	1	0	0	1	0	=	0	0	0
chr2	10759	44093114	44093117	3	1	0	1	0	0	1	0	=	0	0	0
chr2	10760	44094491	44094494	3	1	0	1	0	0	1	0	=	0	0	0
chr2	10761	44095908	44095911	3	1	0	1	0	0	1	0	=	0	0	0
chr2	10762	44095994	44095997	3	1	0	1	0	0	1	0	=	0	0	0
chr2	10763	44096328	44096330	2	1	0	1	0	0	1	0	=	0	0	0
chr2	10764	44096958	44096961	3	1	0	1	0	0	1	0	=	0	0	0
chr2	10765	44097146	44097149	3	1	0	1	0	0	1	0	=	0	0	0
chr2	10766	44097551	44097554	3	1	0	1	0	0	1	0	=	0	0	0
chr2	10767	44097848	44097851	3	1	0	1	0	0	1	0	=	0	0	0
chr2	10768	44098922	44098925	3	1	0	1	0	0	1	0	=	0	0	0
chr2	10769	44099313	44099315	2	1	0	1	0	0	9	0	=	0	0	0
chr2	10770	44099782	44099785	3	1	0	1	0	0	1	0	=	0	0	0
chr2	10771	44100004	44100007	3	1	0	1	0	0	1	0	=	0	0	0
chr2	10772	44100322	44100325	3	1	0	1	0	0	1	0	=	0	0	0
chr2	10773	44100367	44100370	3	1	0	1	0	0	1	0	=	0	0	0
chr2	10774	44100716	44100719	3	1	0	1	0	0	1	0	=	0	0	0
chr2	10775	44101147	44101150	3	0	0	1	1	2	2	0	?	0	0	0
chr2	10776	44101438	44101441	3	1	0	1	0	0	1	0	=	0	0	0
chr2	10777	44101498	44101501	3	1	0	1	0	0	1	0	=	0	0	0
chr2	10778	44103493	44103496	3	1	0	1	0	0	1	0	=	0	0	0
chr2	10779	44104407	44104410	3	1	0	1	0	0	1	0	=	0	0	0
chr2	10780	44105465	44105468	3	0	1	0	1	0	1	0	=	0	0	0
chr2	10781	44105565	44105568	3	1	0	1	0	0	1	0	=	0	0	0
chr2	10782	44105592	44105595	3	1	0	1	0	0	1	0	=	0	0	0
chr2	10783	44106265	44106268	3	0	1	0	1	0	1	0	=	0	0	0
chr2	10784	44106359	44106362	3	1	0	1	0	0	1	0	=	0	0	0
chr2	10785	44106371	44106374	3	1	0	1	0	0	1	0	=	0	0	0
chr2	10786	44107365	44107368	3	1	0	1	0	0	1	0	=	0	0	0
chr2	10787	44107703	44107706	3	1	0	1	0	0	1	0	=	0	0	0
chr2	10788	44107937	44107940	3	1	0	1	0	0	1	0	=	0	0	0
chr2	10789	44108263	44108266	3	1	0	1	0	0	1	0	=	0	0	0
chr2	10790	44108919	44108922	3	1	0	1	0	0	1	0	=	0	0	0
chr2	10791	44109846	44109871	25	0	0	2	0	3	3	0	?	0	0	0
chr2	10792	44110299	44110302	3	0	0	1	0	1	1	0	?	0	0	0
chr2	10793	44110613	44110616	3	1	0	1	0	0	1	0	=	0	0	0
chr2	10794	44111621	44111647	26	6	0	2	1	10	14	0	?	0	0	0
chr2	10795	44111779	44111807	28	3	0	3	0	0	5	0	=	0	0	0
chr2	10796	44112679	44112682	3	1	0	1	0	0	1	0	=	0	0	0
chr2	10797	44112859	44112864	5	0	0	1	0	3	3	0	?	0	0	0
chr2	10798	44114835	44114838	3	1	0	1	0	0	1	0	=	0	0	0
chr2	10799	44115442	44115445	3	1	0	1	0	0	1	0	=	0	0	0
chr2	10800	44116535	44116538	3	1	0	1	0	0	1	0	=	0	0	0
chr2	10801	44117443	44117446	3	1	0	1	0	0	1	0	=	0	0	0
chr2	10802	44118769	44118771	2	0	0	1	0	9	9	0	?	0	0	0
chr2	10803	44119385	44119389	4	1	0	1	0	0	2	0	=	0	0	0
chr2	10804	44120157	44120167	10	1	0	4	0	5	5	0	?	0	0	0
chr2	10805	44120224	44120227	3	1	0	1	0	0	1	0	=	0	0	0
chr2	10806	44120243	44120246	3	1	0	1	0	0	1	0	=	0	0	0
chr2	10807	44120794	44120797	3	1	0	1	0	0	1	0	=	0	0	0
chr2	10808	44121627	44121630	3	1	0	1	0	0	1	0	=	0	0	0
chr2	10809	44121979	44121982	3	1	0	1	0	0	1	0	=	0	0	0
chr2	10810	44122031	44122035	4	1	0	1	0	0	2	0	=	0	0	0
chr2	10811	44122256	44122259	3	1	0	1	0	0	1	0	=	0	0	0
chr2	10812	44122296	44122299	3	1	0	1	0	0	1	0	=	0	0	0
chr2	10813	44122831	44122834	3	1	0	1	0	0	1	0	=	0	0	0
chr2	10814	44123614	44123617	3	1	0	1	0	0	1	0	=	0	0	0
chr2	10815	44124027	44124030	3	1	0	1	0	0	1	0	=	0	0	0
chr2	10816	44124864	44124867	3	1	0	1	0	0	1	0	=	0	0	0
chr2	10817	44124939	44124942	3	1	0	1	0	0	1	0	=	0	0	0
chr2	10818	44125391	44125393	2	1	0	1	0	0	1	0	=	0	0	0
chr2	10819	44125936	44125939	3	1	0	1	0	0	1	0	=	0	0	0
chr2	10820	44126268	44126271	3	1	0	1	0	0	1	0	=	0	0	0
chr2	10821	44127287	44127293	6	2	0	2	0	0	2	0	=	0	0	0
chr2	10822	44127354	44127357	3	1	0	1	0	0	1	0	=	0	0	0
chr2	10823	44127642	44127645	3	1	0	1	0	0	1	0	=	0	0	0
chr2	10824	44127673	44127676	3	1	0	1	0	0	1	0	=	0	0	0
chr2	10825	44127948	44127951	3	1	0	1	0	0	1	0	=	0	0	0
chr2	10826	44129323	44129326	3	1	0	1	0	0	1	0	=	0	0	0
chr2	10827	44129383	44129386	3	1	0	1	0	0	1	0	=	0	0	0
chr2	10828	44129532	44129550	18	1	0	2	0	8	9	0	?	0	0	0
chr2	10829	44130102	44130107	5	2	0	2	0	0	12	0	=	0	0	0
chr2	10830	44130179	44130182	3	1	0	1	0	0	1	0	=	0	0	0
chr2	10831	44130795	44130798	3	1	0	1	0	0	1	0	=	0	0	0
chr2	10832	44131159	44131162	3	1	0	1	0	0	1	0	=	0	0	0
chr2	10833	44131413	44131416	3	1	0	1	0	0	1	0	=	0	0	0
chr2	10834	44131768	44131771	3	1	0	1	0	0	1	0	=	0	0	0
chr2	10835	44132208	44132211	3	1	0	1	0	0	1	0	=	0	0	0
chr2	10836	44132296	44132299	3	1	0	1	0	0	1	0	=	0	0	0
chr2	10837	44132729	44132732	3	1	0	1	0	0	1	0	=	0	0	0
chr2	10838	44133658	44133661	3	1	0	1	0	0	1	0	=	0	0	0
chr2	10839	44134214	44134218	4	1	0	1	0	0	2	0	=	0	0	0
chr2	10840	44134301	44134304	3	1	0	1	0	0	1	0	=	0	0	0
chr2	10841	44134585	44134593	8	0	0	1	1	7	7	0	?	0	0	0
chr2	10842	44134881	44134884	3	1	0	1	0	0	1	0	=	0	0	0
chr2	10843	44135020	44135023	3	1	0	1	0	0	1	0	=	0	0	0
chr2	10844	44135913	44135916	3	1	0	1	0	0	1	0	=	0	0	0
chr2	10845	44136128	44136131	3	1	0	1	0	0	1	0	=	0	0	0
chr2	10846	44136334	44136337	3	1	0	1	0	0	1	0	=	0	0	0
chr2	10847	44136698	44136701	3	1	0	1	0	0	1	0	=	0	0	0
chr2	10848	44136766	44136769	3	1	0	1	0	0	1	0	=	0	0	0
chr2	10849	44138090	44138093	3	1	0	1	0	0	1	0	=	0	0	0
chr2	10850	44138289	44138297	8	2	0	1	0	0	4	0	=	0	0	0
chr2	10851	44138567	44138570	3	1	0	1	0	0	1	0	=	0	0	0
chr2	10852	44138639	44138642	3	1	0	1	0	0	1	0	=	0	0	0
chr2	10853	44138684	44138697	13	2	0	2	0	0	2	0	=	0	0	0
chr2	10854	44139143	44139146	3	1	0	1	0	0	1	0	=	0	0	0
chr2	10855	44139260	44139262	2	0	0	1	0	2	2	0	?	0	0	0
chr2	10856	44139338	44139341	3	1	0	1	0	0	1	0	=	0	0	0
chr2	10857	44139410	44139413	3	0	0	1	0	1	1	0	?	0	0	0
chr2	10858	44139713	44139716	3	1	0	1	0	0	1	0	=	0	0	0
chr2	10859	44139807	44139809	2	1	0	1	0	0	3	0	=	0	0	0
chr2	10860	44140112	44140115	3	1	0	1	0	0	1	0	=	0	0	0
chr2	10861	44140422	44140424	2	1	0	1	0	0	2	0	=	0	0	0
chr2	10862	44140484	44140486	2	1	0	1	0	0	6	0	=	0	0	0
chr2	10863	44140889	44140892	3	1	0	1	0	0	1	0	=	0	0	0
chr2	10864	44140928	44140931	3	1	0	1	0	0	1	0	=	0	0	0
chr2	10865	44141091	44141094	3	1	0	1	0	0	1	0	=	0	0	0
chr2	10866	44141462	44141465	3	1	0	1	0	0	1	0	=	0	0	0
chr2	10867	44141486	44141489	3	1	0	1	0	0	1	0	=	0	0	0
chr2	10868	44141947	44141950	3	1	0	1	0	0	1	0	=	0	0	0
chr2	10869	44142051	44142054	3	1	0	1	0	0	1	0	=	0	0	0
chr2	10870	44142164	44142167	3	1	0	1	0	0	1	0	=	0	0	0
chr2	10871	44142238	44142241	3	1	0	1	0	0	1	0	=	0	0	0
chr2	10872	44142288	44142291	3	1	0	1	0	0	1	0	=	0	0	0
chr2	10873	44142866	44142869	3	1	0	1	0	0	1	0	=	0	0	0
chr2	10874	44143057	44143060	3	1	0	1	0	0	1	0	=	0	0	0
chr2	10875	44144580	44144583	3	1	0	1	0	0	1	0	=	0	0	0
chr2	10876	44144672	44144675	3	1	0	1	0	0	1	0	=	0	0	0
chr2	10877	44145768	44145771	3	0	1	0	1	0	1	0	=	0	0	0
chr2	10878	44146690	44146693	3	0	1	0	1	0	1	0	=	0	0	0
chr2	10879	44147091	44147093	2	0	1	0	1	0	1	0	=	0	0	0
chr2	10880	44147183	44147186	3	0	1	0	1	0	1	0	=	0	0	0
chr2	10881	44147551	44147554	3	0	1	0	1	0	1	0	=	0	0	0
chr2	10882	44147843	44147846	3	0	1	0	1	0	1	0	=	0	0	0
chr2	10883	44148083	44148085	2	0	0	1	0	1	1	0	?	0	0	0
chr2	10884	44148484	44148486	2	0	1	0	1	0	2	0	=	0	0	0
chr2	10885	44148907	44148910	3	1	1	1	1	0	0	0	?	0	0	0
chr2	10886	44149385	44149388	3	0	1	0	1	0	1	0	=	0	0	0
chr2	10887	44149463	44149466	3	1	0	1	0	0	1	0	=	0	0	0
chr2	10888	44149718	44149721	3	0	1	0	1	0	1	0	=	0	0	0
chr2	10889	44149931	44149934	3	0	1	0	1	0	1	0	=	0	0	0
chr2	10890	44149984	44149987	3	0	1	0	1	0	1	0	=	0	0	0
chr2	10891	44150309	44150312	3	1	0	1	0	0	1	0	=	0	0	0
chr2	10892	44150313	44150316	3	0	1	0	1	0	1	0	=	0	0	0
chr2	10893	44150462	44150465	3	0	1	0	1	0	1	0	=	0	0	0
chr2	10894	44151253	44151256	3	1	1	1	1	0	0	0	?	0	0	0
chr2	10895	44151306	44151320	14	2	2	2	2	0	0	0	?	0	0	0
chr2	10896	44151539	44151542	3	0	1	0	1	0	1	0	=	0	0	0
chr2	10897	44151813	44151816	3	0	1	0	1	0	1	0	=	0	0	0
chr2	10898	44152441	44152444	3	1	0	1	0	0	1	0	=	0	0	0
chr2	10899	44152500	44152503	3	0	1	0	1	0	1	0	=	0	0	0
chr2	10900	44152548	44152553	5	1	0	1	0	0	3	0	=	0	0	0
chr2	10901	44152822	44152825	3	0	1	0	1	0	1	0	=	0	0	0
chr2	10902	44153046	44153049	3	0	1	0	1	0	1	0	=	0	0	0
chr2	10903	44153194	44153197	3	0	1	0	1	0	1	0	=	0	0	0
chr2	10904	44153824	44153827	3	0	1	0	1	0	1	0	=	0	0	0
chr2	10905	44153876	44153932	56	2	1	3	1	2	8	0	=	0	0	0
chr2	10906	44153971	44153974	3	0	0	0	1	1	1	0	?	0	0	0
chr2	10907	44154159	44154162	3	0	1	0	1	0	1	0	=	0	0	0
chr2	10908	44154230	44154233	3	0	1	0	1	0	1	0	=	0	0	0
chr2	10909	44154251	44154253	2	1	0	1	0	0	2	0	=	0	0	0
chr2	10910	44154883	44154886	3	0	1	0	1	0	1	0	=	0	0	0
chr2	10911	44155264	44155267	3	0	1	0	1	0	1	0	=	0	0	0
chr2	10912	44155571	44155574	3	0	1	0	1	0	1	0	=	0	0	0
chr2	10913	44155829	44155832	3	1	0	1	0	0	1	0	=	0	0	0
chr2	10914	44156540	44156543	3	0	1	0	1	0	1	0	=	0	0	0
chr2	10915	44156919	44156922	3	1	1	1	1	0	0	0	?	0	0	0
chr2	10916	44157044	44157047	3	0	1	0	1	0	1	0	=	0	0	0
chr2	10917	44157420	44157423	3	0	1	0	1	0	1	0	=	0	0	0
chr2	10918	44157749	44157752	3	0	1	0	1	0	1	0	=	0	0	0
chr2	10919	44158095	44158098	3	1	0	1	0	0	1	0	=	0	0	0
chr2	10920	44158631	44158633	2	0	1	0	1	0	1	0	=	0	0	0
chr2	10921	44158688	44158691	3	0	1	0	1	0	1	0	=	0	0	0
chr2	10922	44159272	44159275	3	1	1	1	1	0	2	0	=	0	0	0
chr2	10923	44161042	44161045	3	0	1	0	1	0	1	0	=	0	0	0
chr2	10924	44161473	44161476	3	0	1	0	1	0	1	0	=	0	0	0
chr2	10925	44161547	44161550	3	0	1	0	1	0	1	0	=	0	0	0
chr2	10926	44162355	44162358	3	0	1	0	1	0	1	0	=	0	0	0
chr2	10927	44162699	44162702	3	0	1	0	1	1	1	0	?	0	0	0
chr2	10928	44163228	44163231	3	0	1	0	1	0	1	0	=	0	0	0
chr2	10929	44163637	44163639	2	0	1	0	1	0	1	0	=	0	0	0
chr2	10930	44163674	44163676	2	0	1	0	1	0	1	0	=	0	0	0
chr2	10931	44163874	44163877	3	0	1	0	1	0	1	0	=	0	0	0
chr2	10932	44164476	44164479	3	0	1	0	1	0	1	0	=	0	0	0
chr2	10933	44165111	44165114	3	0	1	0	1	0	1	0	=	0	0	0
chr2	10934	44165130	44165133	3	1	1	1	1	0	0	0	?	0	0	0
chr2	10935	44165461	44165464	3	0	1	0	1	0	1	0	=	0	0	0
chr2	10936	44166006	44166009	3	0	1	0	1	0	1	0	=	0	0	0
chr2	10937	44166391	44166394	3	0	1	0	1	0	1	0	=	0	0	0
chr2	10938	44166468	44166471	3	0	1	0	1	0	1	0	=	0	0	0
chr2	10939	44167254	44167256	2	0	0	0	1	6	6	0	?	0	0	0
chr2	10940	44167952	44167955	3	0	1	0	1	0	1	0	=	0	0	0
chr2	10941	44168161	44168164	3	0	1	0	1	0	1	0	=	0	0	0
chr2	10942	44168362	44168366	4	0	1	0	1	0	2	0	=	0	0	0
chr2	10943	44169094	44169097	3	0	1	0	1	0	1	0	=	0	0	0
chr2	10944	44169139	44169141	2	0	1	0	1	0	9	0	=	0	0	0
chr2	10945	44169903	44169906	3	0	1	0	1	0	1	0	=	0	0	0
chr2	10946	44170766	44170769	3	0	1	0	1	0	1	0	=	0	0	0
chr2	10947	44171828	44171838	10	0	1	0	1	0	8	0	=	0	0	0
chr2	10948	44173657	44173660	3	0	1	0	1	0	1	0	=	0	0	0
chr2	10949	44173914	44173917	3	0	1	0	1	0	1	0	=	0	0	0
chr2	10950	44174421	44174424	3	1	1	1	1	0	0	0	?	0	0	0
chr2	10951	44174702	44174705	3	0	1	0	1	0	1	0	=	0	0	0
chr2	10952	44175326	44175329	3	0	1	0	1	0	1	0	=	0	0	0
chr2	10953	44175784	44175786	2	1	0	1	0	0	1	0	=	0	0	0
chr2	10954	44176070	44176073	3	0	1	0	1	0	1	0	=	0	0	0
chr2	10955	44177149	44177152	3	0	1	0	1	0	1	0	=	0	0	0
chr2	10956	44177417	44177419	2	0	1	0	1	0	2	0	=	0	0	0
chr2	10957	44177761	44177764	3	0	1	0	1	0	1	0	=	0	0	0
chr2	10958	44178473	44178476	3	0	1	0	1	0	1	0	=	0	0	0
chr2	10959	44178714	44178717	3	0	1	0	1	0	1	0	=	0	0	0
chr2	10960	44178790	44178793	3	0	1	0	1	0	1	0	=	0	0	0
chr2	10961	44179545	44179548	3	0	1	0	1	0	1	0	=	0	0	0
chr2	10962	44180049	44180052	3	0	1	0	1	0	1	0	=	0	0	0
chr2	10963	44180477	44180480	3	0	1	0	1	0	1	0	=	0	0	0
chr2	10964	44180844	44180847	3	0	1	0	1	0	1	0	=	0	0	0
chr2	10965	44181101	44181104	3	0	1	0	1	0	1	0	=	0	0	0
chr2	10966	44181141	44181144	3	0	1	0	1	0	1	0	=	0	0	0
chr2	10967	44183092	44183095	3	0	1	0	1	0	1	0	=	0	0	0
chr2	10968	44183894	44183897	3	0	1	0	1	0	1	0	=	0	0	0
chr2	10969	44188392	44188396	4	0	0	1	1	3	3	0	?	0	0	0
chr2	10970	44188787	44188789	2	1	0	1	0	0	4	0	=	0	0	0
chr2	10971	44188992	44188995	3	0	1	0	1	0	1	0	=	0	0	0
chr2	10972	44190154	44190157	3	1	1	1	1	0	0	0	?	0	0	0
chr2	10973	44192189	44192191	2	1	1	1	1	0	0	0	?	0	0	0
chr2	10974	44193133	44193136	3	0	1	0	1	0	1	0	=	0	0	0
chr2	10975	44194970	44194973	3	0	1	0	1	0	1	0	=	0	0	0
chr2	10976	44198973	44198976	3	1	1	1	1	0	0	0	?	0	0	0
chr2	10977	44199322	44199325	3	0	1	0	1	1	1	0	?	0	0	0
chr2	10978	44199428	44199431	3	1	1	1	1	0	0	0	?	0	0	0
chr2	10979	44203472	44203474	2	0	1	0	1	0	1	0	=	0	0	0
chr2	10980	44204578	44204581	3	1	0	1	0	0	1	0	=	0	0	0
chr2	10981	44204814	44204817	3	0	1	0	1	0	1	0	=	0	0	0
chr2	10982	44205331	44205339	8	0	1	0	1	0	6	0	=	0	0	0
chr2	10983	44206654	44206657	3	1	0	1	0	0	1	0	=	0	0	0
chr2	10984	44207887	44207890	3	0	1	0	1	0	1	0	=	0	0	0
chr2	10985	44207971	44207974	3	1	0	1	0	0	1	0	=	0	0	0
chr2	10986	44208542	44208545	3	0	1	0	1	0	1	0	=	0	0	0
chr2	10987	44211105	44211108	3	0	1	0	1	0	1	0	=	0	0	0
chr2	10988	44211588	44211592	4	0	1	0	1	0	2	0	=	0	0	0
chr2	10989	44211741	44211744	3	1	1	1	1	0	0	0	?	0	0	0
chr2	10990	44212719	44212722	3	1	1	1	1	0	0	0	?	0	0	0
chr2	10991	44212892	44212895	3	0	1	0	1	0	1	0	=	0	0	0
chr2	10992	44213403	44213406	3	1	1	1	1	0	0	0	?	0	0	0
chr2	10993	44213712	44213715	3	1	1	1	1	0	0	0	?	0	0	0
chr2	10994	44215938	44215941	3	1	1	1	1	0	0	0	?	0	0	0
chr2	10995	44216901	44216903	2	0	1	0	1	0	1	0	=	0	0	0
chr2	10996	44219351	44219354	3	0	1	0	1	0	1	0	=	0	0	0
chr2	10997	44219638	44219641	3	1	1	1	1	0	0	0	?	0	0	0
chr2	10998	44219790	44219793	3	0	1	0	1	0	1	0	=	0	0	0
chr2	10999	44220262	44220264	2	1	0	1	0	0	2	0	=	0	0	0
chr2	11000	44220685	44220688	3	0	1	0	1	0	1	0	=	0	0	0
chr2	11001	44220822	44220825	3	0	1	0	1	0	1	0	=	0	0	0
chr2	11002	44221491	44221494	3	0	1	0	1	0	1	0	=	0	0	0
chr2	11003	44222549	44222552	3	0	1	0	1	0	1	0	=	0	0	0
chr2	11004	44223294	44223297	3	0	1	0	1	0	1	0	=	0	0	0
chr2	11005	44223813	44223818	5	0	0	0	1	3	3	0	?	0	0	0
chr2	11006	44224454	44224457	3	0	1	0	1	0	1	0	=	0	0	0
chr2	11007	44224699	44224703	4	0	1	0	1	0	2	0	=	0	0	0
chr2	11008	44225203	44225206	3	0	1	0	1	0	1	0	=	0	0	0
chr2	11009	44225249	44225252	3	0	1	0	1	0	1	0	=	0	0	0
chr2	11010	44226734	44226738	4	0	1	0	1	0	2	0	=	0	0	0
chr2	11011	44226931	44226933	2	0	1	0	1	0	8	0	=	0	0	0
chr2	11012	44227738	44227741	3	1	0	1	0	0	1	0	=	0	0	0
chr2	11013	44227921	44227923	2	0	1	0	1	0	1	0	=	0	0	0
chr2	11014	44228186	44228188	2	1	1	1	1	0	0	0	?	0	0	0
chr2	11015	44232035	44232038	3	1	0	1	0	0	1	0	=	0	0	0
chr2	11016	44234992	44234995	3	0	1	0	1	0	1	0	=	0	0	0
chr2	11017	44235602	44235605	3	0	1	0	1	0	1	0	=	0	0	0
chr2	11018	44235675	44235678	3	0	1	0	1	0	1	0	=	0	0	0
chr2	11019	44235894	44235897	3	0	1	0	1	0	1	0	=	0	0	0
chr2	11020	44236401	44236403	2	0	0	0	1	15	15	0	?	0	0	0
chr2	11021	44237488	44237491	3	0	1	0	1	0	1	0	=	0	0	0
chr2	11022	44237957	44237960	3	1	0	1	0	0	1	0	=	0	0	0
chr2	11023	44238618	44238621	3	1	0	1	0	0	1	0	=	0	0	0
chr2	11024	44239178	44239182	4	1	0	1	0	0	2	0	=	0	0	0
chr2	11025	44239406	44239409	3	0	1	0	1	0	1	0	=	0	0	0
chr2	11026	44239543	44239546	3	1	0	1	0	0	1	0	=	0	0	0
chr2	11027	44239895	44239898	3	1	1	1	1	0	2	0	=	0	0	0
chr2	11028	44239937	44239940	3	1	0	1	0	0	1	0	=	0	0	0
chr2	11029	44239969	44239972	3	0	0	1	0	1	1	0	?	0	0	0
chr2	11030	44240513	44240516	3	0	0	1	0	1	1	0	?	0	0	0
chr2	11031	44240577	44240580	3	0	0	1	0	1	1	0	?	0	0	0
chr2	11032	44240642	44240645	3	0	0	1	0	1	1	0	?	0	0	0
chr2	11033	44241005	44241009	4	0	0	1	0	2	2	0	?	0	0	0
chr2	11034	44241162	44241165	3	0	0	1	0	1	1	0	?	0	0	0
chr2	11035	44241504	44241507	3	0	0	1	0	1	1	0	?	0	0	0
chr2	11036	44241778	44241781	3	1	0	1	0	0	1	0	=	0	0	0
chr2	11037	44241835	44241838	3	1	0	1	0	0	1	0	=	0	0	0
chr2	11038	44241856	44241858	2	0	0	1	1	12	12	0	?	0	0	0
chr2	11039	44242593	44242596	3	1	0	1	0	0	1	0	=	0	0	0
chr2	11040	44242783	44242785	2	1	0	1	0	0	1	0	=	0	0	0
chr2	11041	44244819	44244821	2	1	0	1	0	0	2	0	=	0	0	0
chr2	11042	44246832	44246835	3	1	0	1	0	0	1	0	=	0	0	0
chr2	11043	44247340	44247343	3	1	0	1	0	0	1	0	=	0	0	0
chr2	11044	44248033	44248036	3	0	1	0	1	0	1	0	=	0	0	0
chr2	11045	44248093	44248096	3	0	1	0	1	0	1	0	=	0	0	0
chr2	11046	44248613	44248616	3	1	2	1	2	0	2	0	=	0	0	0
chr2	11047	44248744	44248746	2	0	0	1	1	2	2	0	?	0	0	0
chr2	11048	44248976	44248979	3	0	1	0	1	0	1	0	=	0	0	0
chr2	11049	44249793	44249831	38	0	1	1	2	11	12	0	?	0	0	0
chr2	11050	44250024	44250027	3	0	1	0	1	0	1	0	=	0	0	0
chr2	11051	44250447	44250450	3	0	1	0	1	0	1	0	=	0	0	0
chr2	11052	44250936	44250939	3	0	1	0	1	0	1	0	=	0	0	0
chr2	11053	44251508	44251511	3	0	1	0	1	0	1	0	=	0	0	0
chr2	11054	44252097	44252099	2	0	1	0	1	0	1	0	=	0	0	0
chr2	11055	44252283	44252286	3	0	1	0	1	0	1	0	=	0	0	0
chr2	11056	44252601	44252604	3	0	1	0	1	0	1	0	=	0	0	0
chr2	11057	44252637	44252640	3	0	1	0	1	0	1	0	=	0	0	0
chr2	11058	44252841	44252845	4	0	2	0	2	0	2	0	=	0	0	0
chr2	11059	44253708	44253711	3	0	1	0	1	0	1	0	=	0	0	0
chr2	11060	44253809	44253812	3	0	1	0	1	0	1	0	=	0	0	0
chr2	11061	44254066	44254069	3	0	1	0	1	0	1	0	=	0	0	0
chr2	11062	44254295	44254305	10	0	2	0	2	0	2	0	=	0	0	0
chr2	11063	44254669	44254671	2	0	1	0	1	0	1	0	=	0	0	0
chr2	11064	44254767	44254770	3	1	0	1	0	0	1	0	=	0	0	0
chr2	11065	44254771	44254774	3	0	1	0	1	0	1	0	=	0	0	0
chr2	11066	44254843	44254849	6	1	0	1	1	4	4	0	?	0	0	0
chr2	11067	44254958	44254961	3	0	1	0	1	0	1	0	=	0	0	0
chr2	11068	44255049	44255052	3	0	1	0	1	0	1	0	=	0	0	0
chr2	11069	44255122	44255125	3	0	1	0	1	0	1	0	=	0	0	0
chr2	11070	44255163	44255169	6	0	1	0	1	0	4	0	=	0	0	0
chr2	11071	44255307	44255310	3	0	1	0	1	0	1	0	=	0	0	0
chr2	11072	44255743	44255746	3	0	1	0	1	0	1	0	=	0	0	0
chr2	11073	44255903	44255906	3	0	1	0	1	0	1	0	=	0	0	0
chr2	11074	44257306	44257308	2	0	0	0	1	1	1	0	?	0	0	0
chr2	11075	44258541	44258544	3	0	1	0	1	0	1	0	=	0	0	0
chr2	11076	44259518	44259521	3	0	1	0	1	0	1	0	=	0	0	0
chr2	11077	44259670	44259673	3	0	1	0	1	0	1	0	=	0	0	0
chr2	11078	44260257	44260260	3	0	1	0	1	0	1	0	=	0	0	0
chr2	11079	44260345	44260348	3	0	1	0	1	0	1	0	=	0	0	0
chr2	11080	44260470	44260474	4	0	2	0	2	0	2	0	=	0	0	0
chr2	11081	44260770	44260773	3	1	0	1	0	0	1	0	=	0	0	0
chr2	11082	44261375	44261378	3	0	1	0	1	0	1	0	=	0	0	0
chr2	11083	44261469	44261475	6	0	2	0	2	0	2	0	=	0	0	0
chr2	11084	44262327	44262330	3	0	1	0	1	0	1	0	=	0	0	0
chr2	11085	44262590	44262593	3	0	1	0	1	0	1	0	=	0	0	0
chr2	11086	44262665	44262668	3	0	1	0	1	0	1	0	=	0	0	0
chr2	11087	44262815	44262818	3	0	1	0	1	0	1	0	=	0	0	0
chr2	11088	44263519	44263522	3	0	1	0	1	0	1	0	=	0	0	0
chr2	11089	44263639	44263642	3	0	1	0	1	0	1	0	=	0	0	0
chr2	11090	44263836	44263839	3	0	1	0	1	0	1	0	=	0	0	0
chr2	11091	44264314	44264317	3	0	1	0	1	0	1	0	=	0	0	0
chr2	11092	44264663	44264666	3	0	1	0	1	0	1	0	=	0	0	0
chr2	11093	44264961	44264964	3	0	1	0	1	0	1	0	=	0	0	0
chr2	11094	44265303	44265306	3	0	1	0	1	0	1	0	=	0	0	0
chr2	11095	44265612	44265615	3	0	1	0	1	0	1	0	=	0	0	0
chr2	11096	44267275	44267280	5	0	0	0	1	3	3	0	?	0	0	0
chr2	11097	44268704	44268707	3	0	1	0	1	0	1	0	=	0	0	0
chr2	11098	44268864	44268867	3	0	1	0	1	0	1	0	=	0	0	0
chr2	11099	44269174	44269177	3	0	1	0	1	0	1	0	=	0	0	0
chr2	11100	44270403	44270406	3	0	1	0	1	0	1	0	=	0	0	0
chr2	11101	44270638	44270641	3	1	0	1	0	0	1	0	=	0	0	0
chr2	11102	44270687	44270690	3	0	1	0	1	0	1	0	=	0	0	0
chr2	11103	44271746	44271749	3	0	1	0	1	0	1	0	=	0	0	0
chr2	11104	44271908	44271911	3	0	1	0	1	0	1	0	=	0	0	0
chr2	11105	44272291	44272294	3	0	1	0	1	0	1	0	=	0	0	0
chr2	11106	44272726	44272729	3	0	1	0	1	0	1	0	=	0	0	0
chr2	11107	44273395	44273398	3	0	1	0	1	0	1	0	=	0	0	0
chr2	11108	44273542	44273545	3	0	1	0	1	0	1	0	=	0	0	0
chr2	11109	44273708	44273711	3	0	1	0	1	0	1	0	=	0	0	0
chr2	11110	44274068	44274071	3	0	1	0	1	0	1	0	=	0	0	0
chr2	11111	44274754	44274757	3	0	1	0	1	0	1	0	=	0	0	0
chr2	11112	44275060	44275062	2	1	1	1	1	0	0	0	?	0	0	0
chr2	11113	44275647	44275650	3	0	1	0	1	0	1	0	=	0	0	0
chr2	11114	44276988	44276991	3	0	1	0	1	0	1	0	=	0	0	0
chr2	11115	44277091	44277093	2	0	1	0	1	0	4	0	=	0	0	0
chr2	11116	44277736	44277739	3	0	1	0	1	0	1	0	=	0	0	0
chr2	11117	44278044	44278047	3	0	1	0	1	0	1	0	=	0	0	0
chr2	11118	44279204	44279207	3	0	1	0	1	0	1	0	=	0	0	0
chr2	11119	44279780	44279783	3	0	1	0	1	0	1	0	=	0	0	0
chr2	11120	44279830	44279833	3	0	1	0	1	0	1	0	=	0	0	0
chr2	11121	44280072	44280075	3	0	1	0	1	0	1	0	=	0	0	0
chr2	11122	44280532	44280535	3	0	1	0	1	0	1	0	=	0	0	0
chr2	11123	44281158	44281160	2	0	1	0	1	0	1	0	=	0	0	0
chr2	11124	44281694	44281697	3	0	1	0	1	0	1	0	=	0	0	0
chr2	11125	44283005	44283008	3	0	1	0	1	0	1	0	=	0	0	0
chr2	11126	44283038	44283041	3	0	1	0	1	0	1	0	=	0	0	0
chr2	11127	44284720	44284723	3	0	1	0	1	0	1	0	=	0	0	0
chr2	11128	44284788	44284791	3	0	1	0	1	0	1	0	=	0	0	0
chr2	11129	44285830	44285833	3	0	1	0	1	0	1	0	=	0	0	0
chr2	11130	44286496	44286546	50	0	0	0	1	48	48	0	?	0	0	0
chr2	11131	44288116	44288119	3	0	1	0	1	0	1	0	=	0	0	0
chr2	11132	44288710	44288713	3	0	1	0	1	0	1	0	=	0	0	0
chr2	11133	44289141	44289144	3	0	1	0	1	0	1	0	=	0	0	0
chr2	11134	44289931	44289934	3	0	1	0	1	0	1	0	=	0	0	0
chr2	11135	44290122	44290124	2	0	1	0	1	0	1	0	=	0	0	0
chr2	11136	44290521	44290524	3	0	1	0	1	0	1	0	=	0	0	0
chr2	11137	44290611	44290614	3	0	1	0	1	0	1	0	=	0	0	0
chr2	11138	44290682	44290701	19	0	2	0	2	0	2	0	=	0	0	0
chr2	11139	44292001	44292004	3	0	1	0	1	0	1	0	=	0	0	0
chr2	11140	44293360	44293363	3	0	1	0	1	0	1	0	=	0	0	0
chr2	11141	44293516	44293519	3	0	1	0	1	0	1	0	=	0	0	0
chr2	11142	44293575	44293578	3	0	1	0	1	0	1	0	=	0	0	0
chr2	11143	44293958	44293960	2	0	1	0	1	0	1	0	=	0	0	0
chr2	11144	44294105	44294108	3	0	1	0	1	0	1	0	=	0	0	0
chr2	11145	44296923	44296926	3	0	1	0	1	0	1	0	=	0	0	0
chr2	11146	44297434	44297437	3	0	1	0	1	0	1	0	=	0	0	0
chr2	11147	44298186	44298189	3	0	1	0	1	0	1	0	=	0	0	0
chr2	11148	44298663	44298666	3	1	0	1	0	0	1	0	=	0	0	0
chr2	11149	44298869	44298872	3	0	1	0	1	0	1	0	=	0	0	0
chr2	11150	44299030	44299033	3	0	1	1	1	1	1	0	?	0	0	0
chr2	11151	44299390	44299393	3	1	0	1	0	0	1	0	=	0	0	0
chr2	11152	44301737	44301739	2	0	1	0	1	0	2	0	=	0	0	0
chr2	11153	44301781	44301784	3	1	1	1	1	0	0	0	?	0	0	0
chr2	11154	44303244	44303246	2	0	1	0	1	0	2	0	=	0	0	0
chr2	11155	44303282	44303285	3	0	1	0	1	0	1	0	=	0	0	0
chr2	11156	44303558	44303561	3	0	1	0	1	0	1	0	=	0	0	0
chr2	11157	44303940	44303943	3	0	1	0	1	0	1	0	=	0	0	0
chr2	11158	44304343	44304346	3	0	1	0	1	0	1	0	=	0	0	0
chr2	11159	44304494	44304497	3	1	0	1	0	0	1	0	=	0	0	0
chr2	11160	44304812	44304820	8	0	0	1	1	8	8	0	?	0	0	0
chr2	11161	44305426	44305430	4	0	1	1	1	1	3	0	=	0	0	0
chr2	11162	44306549	44306552	3	1	1	1	1	0	2	0	=	0	0	0
chr2	11163	44306871	44306874	3	0	1	0	1	0	1	0	=	0	0	0
chr2	11164	44307180	44307183	3	0	1	0	1	0	1	0	=	0	0	0
chr2	11165	44307276	44307279	3	0	1	0	1	0	1	0	=	0	0	0
chr2	11166	44307331	44307334	3	0	1	0	1	0	1	0	=	0	0	0
chr2	11167	44308378	44308381	3	0	1	0	1	0	1	0	=	0	0	0
chr2	11168	44308545	44308548	3	0	1	0	1	0	1	0	=	0	0	0
chr2	11169	44309108	44309111	3	0	1	0	1	0	1	0	=	0	0	0
chr2	11170	44309405	44309408	3	0	1	0	1	0	1	0	=	0	0	0
chr2	11171	44311343	44311346	3	0	1	0	1	0	1	0	=	0	0	0
chr2	11172	44311722	44311724	2	0	1	0	1	0	1	0	=	0	0	0
chr2	11173	44311868	44311871	3	0	1	0	1	0	1	0	=	0	0	0
chr2	11174	44311900	44311903	3	0	1	0	1	0	1	0	=	0	0	0
chr2	11175	44312165	44312168	3	1	0	1	0	0	1	0	=	0	0	0
chr2	11176	44313100	44313103	3	0	1	0	1	0	1	0	=	0	0	0
chr2	11177	44314565	44314568	3	0	1	0	1	0	1	0	=	0	0	0
chr2	11178	44314584	44314593	9	0	2	0	2	0	3	0	=	0	0	0
chr2	11179	44314777	44314781	4	0	1	0	1	0	2	0	=	0	0	0
chr2	11180	44314921	44314923	2	0	0	1	1	2	2	0	?	0	0	0
chr2	11181	44315502	44315505	3	0	1	0	1	0	1	0	=	0	0	0
chr2	11182	44315652	44315654	2	0	1	0	1	0	2	0	=	0	0	0
chr2	11183	44315984	44315987	3	0	1	0	1	0	1	0	=	0	0	0
chr2	11184	44316176	44316179	3	0	1	0	1	0	1	0	=	0	0	0
chr2	11185	44316248	44316251	3	0	1	0	1	0	1	0	=	0	0	0
chr2	11186	44317458	44317460	2	0	1	0	1	0	2	0	=	0	0	0
chr2	11187	44317814	44317817	3	0	1	0	1	0	1	0	=	0	0	0
chr2	11188	44318094	44318097	3	0	1	0	1	0	1	0	=	0	0	0
chr2	11189	44318435	44318438	3	0	1	0	1	0	1	0	=	0	0	0
chr2	11190	44318599	44318628	29	0	0	0	6	17	17	0	?	0	0	0
chr2	11191	44318875	44318878	3	0	1	0	1	0	1	0	=	0	0	0
chr2	11192	44319600	44319603	3	0	1	0	1	0	1	0	=	0	0	0
chr2	11193	44319990	44319993	3	0	1	0	1	0	1	0	=	0	0	0
chr2	11194	44320433	44320436	3	0	1	0	1	0	1	0	=	0	0	0
chr2	11195	44320768	44320771	3	0	1	0	1	0	1	0	=	0	0	0
chr2	11196	44321141	44321144	3	0	1	0	1	0	1	0	=	0	0	0
chr2	11197	44321472	44321475	3	0	1	0	1	0	1	0	=	0	0	0
chr2	11198	44322063	44322066	3	0	1	0	1	0	1	0	=	0	0	0
chr2	11199	44322088	44322091	3	0	1	0	1	0	1	0	=	0	0	0
chr2	11200	44323092	44323095	3	0	1	0	1	0	1	0	=	0	0	0
chr2	11201	44323149	44323152	3	0	1	0	1	0	1	0	=	0	0	0
chr2	11202	44325631	44325634	3	0	1	0	1	0	1	0	=	0	0	0
chr2	11203	44325873	44325876	3	0	1	0	1	0	1	0	=	0	0	0
chr2	11204	44326382	44326385	3	0	0	0	1	1	1	0	?	0	0	0
chr2	11205	44326426	44326429	3	1	0	1	0	0	1	0	=	0	0	0
chr2	11206	44326593	44326596	3	1	1	1	1	0	0	0	?	0	0	0
chr2	11207	44327583	44327586	3	0	1	0	1	0	1	0	=	0	0	0
chr2	11208	44328267	44328269	2	0	1	0	1	0	3	0	=	0	0	0
chr2	11209	44328437	44328439	2	0	0	0	1	2	2	0	?	0	0	0
chr2	11210	44328487	44328490	3	0	1	0	1	0	1	0	=	0	0	0
chr2	11211	44329157	44329160	3	0	1	0	1	0	1	0	=	0	0	0
chr2	11212	44329948	44329951	3	0	1	0	1	0	1	0	=	0	0	0
chr2	11213	44330778	44330781	3	0	1	0	1	0	1	0	=	0	0	0
chr2	11214	44331945	44331949	4	0	1	0	1	0	2	0	=	0	0	0
chr2	11215	44332094	44332097	3	0	1	0	1	0	1	0	=	0	0	0
chr2	11216	44332814	44332817	3	1	1	1	1	0	0	0	?	0	0	0
chr2	11217	44333625	44333627	2	0	1	0	1	0	1	0	=	0	0	0
chr2	11218	44334391	44334394	3	0	1	0	1	0	1	0	=	0	0	0
chr2	11219	44334486	44334489	3	0	1	0	1	0	1	0	=	0	0	0
chr2	11220	44337377	44337380	3	0	1	0	1	0	1	0	=	0	0	0
chr2	11221	44337807	44337810	3	1	1	1	1	0	0	0	?	0	0	0
chr2	11222	44337883	44337886	3	0	1	0	1	0	1	0	=	0	0	0
chr2	11223	44338053	44338056	3	0	1	0	1	0	1	0	=	0	0	0
chr2	11224	44338125	44338128	3	0	1	0	1	0	1	0	=	0	0	0
chr2	11225	44338152	44338155	3	0	1	0	1	0	1	0	=	0	0	0
chr2	11226	44338306	44338309	3	0	1	0	1	0	1	0	=	0	0	0
chr2	11227	44338886	44338889	3	0	1	0	1	0	1	0	=	0	0	0
chr2	11228	44342187	44342190	3	0	1	0	1	0	1	0	=	0	0	0
chr2	11229	44342333	44342336	3	0	1	0	1	0	1	0	=	0	0	0
chr2	11230	44342560	44342565	5	0	1	0	1	0	3	0	=	0	0	0
chr2	11231	44342599	44342601	2	0	1	0	1	0	1	0	=	0	0	0
chr2	11232	44343635	44343638	3	0	1	0	1	0	1	0	=	0	0	0
chr2	11233	44343663	44343666	3	0	1	0	1	0	1	0	=	0	0	0
chr2	11234	44344075	44344080	5	0	1	0	1	0	3	0	=	0	0	0
chr2	11235	44345023	44345026	3	0	1	0	1	0	1	0	=	0	0	0
chr2	11236	44346483	44346486	3	0	1	0	1	0	1	0	=	0	0	0
chr2	11237	44346517	44346520	3	0	1	0	1	0	1	0	=	0	0	0
chr2	11238	44346530	44346533	3	0	1	0	1	0	1	0	=	0	0	0
chr2	11239	44347136	44347139	3	0	1	0	1	0	1	0	=	0	0	0
chr2	11240	44348285	44348288	3	0	1	0	1	0	1	0	=	0	0	0
chr2	11241	44349276	44349279	3	0	1	0	1	0	1	0	=	0	0	0
chr2	11242	44349408	44349411	3	0	1	0	1	0	1	0	=	0	0	0
chr2	11243	44350284	44350287	3	1	0	1	0	0	1	0	=	0	0	0
chr2	11244	44350964	44350966	2	0	1	0	1	0	1	0	=	0	0	0
chr2	11245	44351513	44351516	3	0	1	0	1	0	1	0	=	0	0	0
chr2	11246	44351757	44351760	3	0	1	0	1	0	1	0	=	0	0	0
chr2	11247	44352856	44352859	3	1	0	1	0	0	1	0	=	0	0	0
chr2	11248	44352928	44352931	3	0	1	0	1	0	1	0	=	0	0	0
chr2	11249	44353411	44353414	3	0	1	0	1	0	1	0	=	0	0	0
chr2	11250	44353493	44353496	3	0	1	0	1	0	1	0	=	0	0	0
chr2	11251	44353592	44353599	7	0	2	0	2	0	2	0	=	0	0	0
chr2	11252	44353866	44353869	3	0	1	0	1	0	1	0	=	0	0	0
chr2	11253	44355132	44355137	5	1	2	1	2	0	1	0	=	0	0	0
chr2	11254	44355773	44355781	8	0	1	0	1	0	6	0	=	0	0	0
chr2	11255	44356198	44356201	3	0	1	0	1	0	1	0	=	0	0	0
chr2	11256	44356542	44356548	6	0	1	0	1	0	4	0	=	0	0	0
chr2	11257	44356809	44356812	3	0	1	0	1	0	1	0	=	0	0	0
chr2	11258	44357173	44357176	3	0	1	0	1	0	1	0	=	0	0	0
chr2	11259	44359066	44359069	3	0	1	0	1	0	1	0	=	0	0	0
chr2	11260	44361800	44361803	3	0	1	0	1	0	1	0	=	0	0	0
chr2	11261	44362694	44362697	3	1	0	1	0	0	1	0	=	0	0	0
chr2	11262	44362925	44362928	3	0	1	0	1	0	1	0	=	0	0	0
chr2	11263	44363426	44363429	3	0	1	0	1	0	1	0	=	0	0	0
chr2	11264	44363467	44363470	3	0	1	0	1	0	1	0	=	0	0	0
chr2	11265	44364010	44364013	3	0	1	1	1	1	1	0	?	0	0	0
chr2	11266	44365834	44365837	3	0	1	0	1	0	1	0	=	0	0	0
chr2	11267	44366017	44366020	3	0	1	0	1	0	1	0	=	0	0	0
chr2	11268	44366717	44366719	2	0	1	0	1	0	9	0	=	0	0	0
chr2	11269	44366788	44366791	3	0	1	0	1	0	1	0	=	0	0	0
chr2	11270	44366936	44366939	3	0	1	0	1	0	1	0	=	0	0	0
chr2	11271	44367042	44367045	3	1	0	1	0	0	1	0	=	0	0	0
chr2	11272	44368662	44368665	3	0	1	0	1	0	1	0	=	0	0	0
chr2	11273	44368965	44368968	3	1	0	1	0	0	1	0	=	0	0	0
chr2	11274	44369955	44369958	3	1	1	1	1	0	0	0	?	0	0	0
chr2	11275	44370121	44370124	3	1	1	1	1	0	0	0	?	0	0	0
chr2	11276	44373678	44373681	3	0	1	0	1	0	1	0	=	0	0	0
chr2	11277	44373959	44373962	3	0	1	0	1	0	1	0	=	0	0	0
chr2	11278	44374116	44374120	4	0	0	0	1	2	2	0	?	0	0	0
chr2	11279	44375413	44375416	3	0	1	0	1	0	1	0	=	0	0	0
chr2	11280	44376925	44376928	3	0	1	0	1	0	1	0	=	0	0	0
chr2	11281	44377015	44377018	3	0	1	0	1	0	1	0	=	0	0	0
chr2	11282	44377800	44377803	3	0	1	0	1	0	1	0	=	0	0	0
chr2	11283	44378377	44378384	7	0	2	0	2	0	2	0	=	0	0	0
chr2	11284	44378470	44378480	10	0	1	0	1	0	8	0	=	0	0	0
chr2	11285	44379030	44379033	3	0	1	0	1	0	1	0	=	0	0	0
chr2	11286	44379047	44379050	3	1	0	1	0	0	1	0	=	0	0	0
chr2	11287	44379457	44379460	3	0	1	0	1	0	1	0	=	0	0	0
chr2	11288	44380566	44380569	3	0	1	0	1	0	1	0	=	0	0	0
chr2	11289	44381841	44381844	3	0	1	0	1	0	1	0	=	0	0	0
chr2	11290	44381939	44381941	2	1	1	1	1	0	0	0	?	0	0	0
chr2	11291	44382032	44382035	3	0	1	0	1	0	1	0	=	0	0	0
chr2	11292	44382155	44382158	3	0	1	0	1	0	1	0	=	0	0	0
chr2	11293	44382230	44382233	3	0	1	0	1	0	1	0	=	0	0	0
chr2	11294	44382668	44382671	3	0	1	0	1	0	1	0	=	0	0	0
chr2	11295	44383671	44383674	3	0	1	0	1	0	1	0	=	0	0	0
chr2	11296	44383945	44383948	3	0	1	0	1	0	1	0	=	0	0	0
chr2	11297	44384007	44384010	3	0	1	0	1	0	1	0	=	0	0	0
chr2	11298	44386352	44386355	3	0	1	0	1	0	1	0	=	0	0	0
chr2	11299	44388906	44388909	3	0	1	0	1	0	1	0	=	0	0	0
chr2	11300	44388980	44388983	3	0	1	0	1	0	1	0	=	0	0	0
chr2	11301	44389587	44389590	3	0	1	0	1	0	1	0	=	0	0	0
chr2	11302	44390183	44390186	3	0	1	0	1	0	1	0	=	0	0	0
chr2	11303	44390492	44390495	3	0	1	0	1	0	1	0	=	0	0	0
chr2	11304	44390863	44390866	3	0	1	0	1	0	1	0	=	0	0	0
chr2	11305	44391448	44391451	3	0	1	0	1	0	1	0	=	0	0	0
chr2	11306	44391670	44391673	3	0	1	0	1	0	1	0	=	0	0	0
chr2	11307	44391756	44391759	3	0	1	0	1	0	1	0	=	0	0	0
chr2	11308	44391777	44391780	3	1	0	1	0	0	1	0	=	0	0	0
chr2	11309	44393669	44393672	3	0	1	0	1	0	1	0	=	0	0	0
chr2	11310	44393901	44393904	3	0	1	0	1	0	1	0	=	0	0	0
chr2	11311	44394419	44394425	6	0	1	0	1	0	4	0	=	0	0	0
chr2	11312	44395115	44395118	3	0	1	0	1	0	1	0	=	0	0	0
chr2	11313	44396293	44396295	2	0	1	0	1	0	1	0	=	0	0	0
chr2	11314	44396546	44396549	3	0	1	0	1	0	1	0	=	0	0	0
chr2	11315	44397014	44397017	3	0	1	0	1	0	1	0	=	0	0	0
chr2	11316	44397057	44397061	4	0	1	0	1	0	2	0	=	0	0	0
chr2	11317	44397307	44397310	3	0	1	0	1	0	1	0	=	0	0	0
chr2	11318	44397567	44397570	3	0	1	0	1	0	1	0	=	0	0	0
chr2	11319	44397718	44397721	3	0	1	0	1	0	1	0	=	0	0	0
chr2	11320	44398021	44398029	8	0	2	0	2	0	2	0	=	0	0	0
chr2	11321	44398566	44398569	3	0	1	0	1	0	1	0	=	0	0	0
chr2	11322	44398735	44398746	11	0	2	0	2	0	2	0	=	0	0	0
chr2	11323	44398817	44398820	3	0	1	0	1	0	1	0	=	0	0	0
chr2	11324	44399492	44399495	3	0	1	0	1	0	1	0	=	0	0	0
chr2	11325	44399569	44399572	3	0	1	0	1	0	1	0	=	0	0	0
chr2	11326	44399831	44399834	3	0	1	0	1	0	1	0	=	0	0	0
chr2	11327	44400159	44400162	3	1	0	1	0	0	1	0	=	0	0	0
chr2	11328	44400485	44400488	3	0	1	0	1	0	1	0	=	0	0	0
chr2	11329	44400681	44400684	3	0	1	0	1	0	1	0	=	0	0	0
chr2	11330	44400921	44400963	42	0	2	1	2	2	4	0	?	0	0	0
chr2	11331	44401388	44401391	3	0	1	0	1	0	1	0	=	0	0	0
chr2	11332	44401464	44401467	3	0	1	0	1	0	1	0	=	0	0	0
chr2	11333	44401856	44401859	3	0	1	0	1	0	1	0	=	0	0	0
chr2	11334	44402304	44402329	25	0	8	0	8	0	11	0	=	0	0	0
chr2	11335	44402739	44402742	3	1	1	1	1	0	3	0	=	0	0	0
chr2	11336	44402877	44402880	3	0	1	0	1	0	1	0	=	0	0	0
chr2	11337	44402922	44402925	3	1	0	1	0	0	1	0	=	0	0	0
chr2	11338	44402966	44402969	3	0	1	0	1	0	1	0	=	0	0	0
chr2	11339	44404171	44404174	3	0	1	0	1	0	1	0	=	0	0	0
chr2	11340	44405981	44405984	3	0	1	0	1	0	1	0	=	0	0	0
chr2	11341	44406317	44406320	3	0	1	0	1	0	1	0	=	0	0	0
chr2	11342	44406490	44406492	2	0	1	0	1	0	2	0	=	0	0	0
chr2	11343	44406922	44406925	3	0	1	0	1	0	1	0	=	0	0	0
chr2	11344	44407368	44407371	3	0	1	0	1	0	1	0	=	0	0	0
chr2	11345	44407874	44407877	3	0	1	0	1	0	1	0	=	0	0	0
chr2	11346	44408024	44408027	3	0	1	0	1	0	1	0	=	0	0	0
chr2	11347	44408313	44408316	3	0	1	0	1	0	1	0	=	0	0	0
chr2	11348	44408914	44408917	3	0	1	0	1	0	1	0	=	0	0	0
chr2	11349	44409079	44409184	105	0	2	1	1	134	134	0	?	0	0	0
chr2	11350	44410217	44410251	34	0	0	1	4	103	103	0	?	0	0	0
chr2	11351	44410597	44410600	3	0	1	0	1	0	1	0	=	0	0	0
chr2	11352	44410982	44410985	3	0	1	0	1	0	1	0	=	0	0	0
chr2	11353	44411691	44411694	3	0	1	0	1	0	1	0	=	0	0	0
chr2	11354	44411956	44411959	3	0	1	0	1	0	1	0	=	0	0	0
chr2	11355	44411978	44411989	11	1	1	1	1	1	9	0	=	0	0	0
chr2	11356	44412293	44412296	3	0	1	0	1	0	1	0	=	0	0	0
chr2	11357	44412941	44412944	3	0	1	0	1	0	1	0	=	0	0	0
chr2	11358	44414020	44414023	3	1	0	1	0	0	1	0	=	0	0	0
chr2	11359	44415149	44415152	3	0	1	0	1	0	1	0	=	0	0	0
chr2	11360	44415341	44415344	3	0	1	0	1	0	1	0	=	0	0	0
chr2	11361	44415656	44415659	3	0	1	0	1	0	1	0	=	0	0	0
chr2	11362	44416567	44416570	3	0	1	0	1	0	1	0	=	0	0	0
chr2	11363	44417116	44417119	3	0	1	0	1	0	1	0	=	0	0	0
chr2	11364	44417301	44417304	3	0	1	0	1	0	1	0	=	0	0	0
chr2	11365	44417413	44417416	3	0	1	0	1	0	1	0	=	0	0	0
chr2	11366	44418191	44418193	2	0	1	0	1	0	1	0	=	0	0	0
chr2	11367	44418770	44418773	3	0	1	0	1	0	1	0	=	0	0	0
chr2	11368	44419693	44419696	3	0	1	0	1	0	1	0	=	0	0	0
chr2	11369	44419897	44419900	3	0	1	0	1	0	1	0	=	0	0	0
chr2	11370	44420577	44420580	3	0	1	0	1	0	1	0	=	0	0	0
chr2	11371	44420906	44420909	3	0	1	0	1	0	1	0	=	0	0	0
chr2	11372	44421098	44421101	3	0	1	0	1	0	1	0	=	0	0	0
chr2	11373	44421220	44421223	3	0	1	0	1	0	1	0	=	0	0	0
chr2	11374	44422977	44422980	3	0	1	0	1	0	1	0	=	0	0	0
chr2	11375	44423109	44423112	3	0	1	0	1	0	1	0	=	0	0	0
chr2	11376	44423167	44423169	2	0	1	0	1	0	5	0	=	0	0	0
chr2	11377	44423372	44423375	3	0	1	0	1	0	1	0	=	0	0	0
chr2	11378	44423452	44423455	3	0	1	0	1	0	1	0	=	0	0	0
chr2	11379	44423557	44423560	3	0	1	0	1	0	1	0	=	0	0	0
chr2	11380	44424691	44424694	3	0	1	0	1	0	1	0	=	0	0	0
chr2	11381	44424841	44424844	3	0	1	0	1	0	1	0	=	0	0	0
chr2	11382	44425202	44425205	3	0	1	0	1	0	1	0	=	0	0	0
chr2	11383	44425513	44425516	3	0	1	0	1	0	1	0	=	0	0	0
chr2	11384	44426291	44426294	3	0	1	0	1	0	1	0	=	0	0	0
chr2	11385	44427748	44427751	3	0	1	0	1	0	1	0	=	0	0	0
chr2	11386	44427764	44427767	3	0	1	0	1	0	1	0	=	0	0	0
chr2	11387	44427953	44427956	3	0	1	0	1	0	1	0	=	0	0	0
chr2	11388	44428257	44428260	3	0	1	0	1	0	1	0	=	0	0	0
chr2	11389	44428593	44428596	3	0	1	0	1	0	1	0	=	0	0	0
chr2	11390	44429276	44429282	6	1	1	1	1	0	4	0	=	0	0	0
chr2	11391	44429806	44429808	2	0	0	1	1	2	2	0	?	0	0	0
chr2	11392	44429883	44429886	3	0	1	0	1	0	1	0	=	0	0	0
chr2	11393	44430192	44430195	3	1	0	1	0	0	1	0	=	0	0	0
chr2	11394	44431260	44431263	3	0	1	0	1	0	1	0	=	0	0	0
chr2	11395	44432825	44432828	3	1	1	1	1	0	0	0	?	0	0	0
chr2	11396	44432971	44432974	3	1	1	1	1	0	0	0	?	0	0	0
chr2	11397	44433475	44433478	3	1	1	1	1	0	0	0	?	0	0	0
chr2	11398	44433558	44433561	3	1	1	1	1	0	0	0	?	0	0	0
chr2	11399	44433600	44433603	3	1	1	1	1	0	0	0	?	0	0	0
chr2	11400	44433636	44433639	3	1	1	1	1	0	0	0	?	0	0	0
chr2	11401	44434076	44434079	3	0	1	0	1	0	1	0	=	0	0	0
chr2	11402	44434225	44434227	2	0	1	0	1	0	1	0	=	0	0	0
chr2	11403	44434676	44434679	3	1	1	1	1	0	0	0	?	0	0	0
chr2	11404	44434856	44434859	3	0	1	0	1	0	1	0	=	0	0	0
chr2	11405	44435042	44435045	3	1	1	1	1	0	0	0	?	0	0	0
chr2	11406	44435923	44435934	11	2	2	2	2	0	0	0	?	0	0	0
chr2	11407	44436011	44436014	3	1	1	1	1	0	0	0	?	0	0	0
chr2	11408	44436062	44436064	2	1	1	1	1	0	0	0	?	0	0	0
chr2	11409	44436195	44436198	3	1	1	1	1	0	0	0	?	0	0	0
chr2	11410	44436534	44436537	3	1	1	1	1	0	0	0	?	0	0	0
chr2	11411	44436664	44436667	3	1	1	1	1	0	0	0	?	0	0	0
chr2	11412	44437837	44437839	2	1	0	1	1	1	3	0	=	0	0	0
chr2	11413	44439485	44439488	3	0	1	0	1	0	1	0	=	0	0	0
chr2	11414	44439785	44439787	2	1	0	1	0	0	4	0	=	0	0	0
chr2	11415	44442583	44442586	3	1	1	1	1	0	0	0	?	0	0	0
chr2	11416	44442635	44442638	3	1	0	1	0	0	1	0	=	0	0	0
chr2	11417	44442766	44442769	3	1	1	1	1	0	0	0	?	0	0	0
chr2	11418	44442805	44442808	3	1	1	1	1	0	0	0	?	0	0	0
chr2	11419	44443228	44443231	3	1	1	1	1	0	0	0	?	0	0	0
chr2	11420	44443855	44443858	3	1	1	1	1	0	0	0	?	0	0	0
chr2	11421	44444217	44444220	3	1	0	1	0	0	1	0	=	0	0	0
chr2	11422	44444268	44444271	3	1	1	1	1	0	0	0	?	0	0	0
chr2	11423	44445024	44445027	3	0	1	0	1	0	1	0	=	0	0	0
chr2	11424	44445644	44445668	24	0	0	1	1	26	26	0	?	0	0	0
chr2	11425	44445916	44445919	3	1	1	1	1	0	0	0	?	0	0	0
chr2	11426	44446449	44446452	3	1	1	1	1	0	0	0	?	0	0	0
chr2	11427	44446571	44446574	3	0	1	0	1	0	1	0	=	0	0	0
chr2	11428	44447309	44447312	3	0	1	0	1	0	1	0	=	0	0	0
chr2	11429	44447720	44447723	3	0	1	0	1	0	1	0	=	0	0	0
chr2	11430	44448682	44448685	3	1	1	1	1	0	0	0	?	0	0	0
chr2	11431	44448710	44448713	3	1	1	1	1	0	0	0	?	0	0	0
chr2	11432	44449085	44449088	3	1	1	1	1	0	0	0	?	0	0	0
chr2	11433	44449400	44449403	3	1	1	1	1	0	0	0	?	0	0	0
chr2	11434	44450506	44450509	3	1	1	1	1	0	0	0	?	0	0	0
chr2	11435	44451507	44451510	3	0	1	0	1	0	1	0	=	0	0	0
chr2	11436	44451741	44451744	3	0	1	0	1	0	1	0	=	0	0	0
chr2	11437	44452144	44452147	3	0	1	0	1	0	1	0	=	0	0	0
chr2	11438	44455551	44455554	3	1	1	1	1	0	0	0	?	0	0	0
chr2	11439	44455877	44455880	3	1	1	1	1	0	0	0	?	0	0	0
chr2	11440	44456027	44456030	3	1	1	1	1	0	0	0	?	0	0	0
chr2	11441	44456078	44456081	3	1	1	1	1	0	0	0	?	0	0	0
chr2	11442	44457748	44457751	3	1	0	1	0	0	1	0	=	0	0	0
chr2	11443	44458012	44458015	3	0	1	0	1	0	1	0	=	0	0	0
chr2	11444	44458041	44458045	4	0	1	0	1	0	2	0	=	0	0	0
chr2	11445	44458544	44458547	3	0	1	0	1	0	1	0	=	0	0	0
chr2	11446	44461272	44461275	3	0	1	0	1	0	1	0	=	0	0	0
chr2	11447	44461625	44461628	3	1	1	1	1	0	0	0	?	0	0	0
chr2	11448	44462185	44462188	3	1	1	1	1	0	0	0	?	0	0	0
chr2	11449	44462528	44462531	3	0	1	0	1	0	1	0	=	0	0	0
chr2	11450	44462764	44462767	3	0	1	0	1	0	1	0	=	0	0	0
chr2	11451	44463477	44463480	3	0	1	0	1	0	1	0	=	0	0	0
chr2	11452	44463646	44463649	3	1	1	1	1	0	0	0	?	0	0	0
chr2	11453	44464062	44464066	4	0	1	0	1	0	2	0	=	0	0	0
chr2	11454	44464521	44464524	3	0	1	0	1	0	1	0	=	0	0	0
chr2	11455	44465567	44465569	2	1	1	1	1	0	0	0	?	0	0	0
chr2	11456	44466138	44466141	3	1	0	1	0	0	1	0	=	0	0	0
chr2	11457	44466283	44466286	3	0	1	0	1	0	1	0	=	0	0	0
chr2	11458	44466506	44466509	3	0	1	0	1	0	1	0	=	0	0	0
chr2	11459	44467540	44467542	2	0	1	0	1	0	1	0	=	0	0	0
chr2	11460	44469267	44469272	5	1	1	1	1	0	0	0	?	0	0	0
chr2	11461	44469349	44469351	2	1	1	1	1	0	0	0	?	0	0	0
chr2	11462	44470483	44470486	3	1	1	1	1	0	0	0	?	0	0	0
chr2	11463	44470499	44470501	2	1	1	1	1	0	0	0	?	0	0	0
chr2	11464	44470716	44470719	3	1	0	1	0	0	1	0	=	0	0	0
chr2	11465	44470993	44470996	3	0	0	1	1	2	2	0	?	0	0	0
chr2	11466	44471552	44471555	3	1	0	1	0	0	1	0	=	0	0	0
chr2	11467	44472579	44472582	3	1	1	1	1	0	0	0	?	0	0	0
chr2	11468	44474304	44474307	3	0	1	0	1	0	1	0	=	0	0	0
chr2	11469	44474327	44474330	3	1	1	1	1	0	0	0	?	0	0	0
chr2	11470	44474518	44474521	3	0	1	0	1	0	1	0	=	0	0	0
chr2	11471	44474760	44474763	3	1	1	1	1	0	0	0	?	0	0	0
chr2	11472	44475318	44475321	3	1	1	1	1	0	0	0	?	0	0	0
chr2	11473	44475490	44475493	3	1	1	1	1	0	0	0	?	0	0	0
chr2	11474	44475610	44475620	10	2	2	2	2	0	0	0	?	0	0	0
chr2	11475	44475644	44475647	3	1	1	1	1	0	0	0	?	0	0	0
chr2	11476	44475837	44475840	3	1	1	1	1	0	0	0	?	0	0	0
chr2	11477	44476030	44476033	3	1	1	1	1	0	0	0	?	0	0	0
chr2	11478	44476535	44476538	3	1	1	1	1	0	0	0	?	0	0	0
chr2	11479	44476573	44476576	3	1	1	1	1	0	0	0	?	0	0	0
chr2	11480	44476654	44476657	3	1	1	1	1	0	0	0	?	0	0	0
chr2	11481	44477095	44477098	3	0	1	0	1	0	1	0	=	0	0	0
chr2	11482	44478473	44478478	5	2	2	2	2	0	2	0	=	0	0	0
chr2	11483	44478701	44478704	3	1	1	1	1	0	0	0	?	0	0	0
chr2	11484	44478785	44478788	3	1	1	1	1	0	0	0	?	0	0	0
chr2	11485	44479205	44479208	3	1	0	1	0	0	1	0	=	0	0	0
chr2	11486	44479833	44479836	3	0	1	0	1	0	1	0	=	0	0	0
chr2	11487	44480181	44480184	3	1	1	1	1	0	0	0	?	0	0	0
chr2	11488	44480779	44480783	4	0	1	0	1	0	2	0	=	0	0	0
chr2	11489	44481568	44481571	3	0	1	0	1	0	1	0	=	0	0	0
chr2	11490	44482628	44482631	3	0	1	0	1	0	1	0	=	0	0	0
chr2	11491	44483028	44483031	3	1	1	1	1	0	0	0	?	0	0	0
chr2	11492	44483226	44483229	3	0	1	0	1	0	1	0	=	0	0	0
chr2	11493	44483647	44483650	3	0	1	0	1	0	1	0	=	0	0	0
chr2	11494	44484690	44484693	3	0	1	0	1	0	1	0	=	0	0	0
chr2	11495	44484928	44484931	3	0	1	0	1	0	1	0	=	0	0	0
chr2	11496	44488458	44488461	3	1	1	1	1	0	0	0	?	0	0	0
chr2	11497	44488842	44488844	2	0	1	1	1	6	6	0	?	0	0	0
chr2	11498	44489182	44489185	3	1	1	1	1	0	0	0	?	0	0	0
chr2	11499	44489242	44489246	4	1	1	1	1	0	0	0	?	0	0	0
chr2	11500	44489930	44489933	3	1	1	1	1	0	0	0	?	0	0	0
chr2	11501	44489981	44489984	3	1	0	1	0	0	1	0	=	0	0	0
chr2	11502	44490917	44490920	3	0	1	0	1	0	1	0	=	0	0	0
chr2	11503	44491149	44491153	4	0	1	0	1	0	2	0	=	0	0	0
chr2	11504	44492686	44492689	3	1	0	1	0	0	1	0	=	0	0	0
chr2	11505	44492752	44492755	3	0	1	0	1	0	1	0	=	0	0	0
chr2	11506	44492888	44492890	2	0	1	0	1	0	1	0	=	0	0	0
chr2	11507	44493611	44493617	6	2	1	2	1	0	1	0	=	0	0	0
chr2	11508	44493806	44493809	3	0	1	0	1	0	1	0	=	0	0	0
chr2	11509	44495412	44495415	3	1	1	1	1	0	0	0	?	0	0	0
chr2	11510	44495982	44495985	3	0	1	0	1	0	1	0	=	0	0	0
chr2	11511	44496885	44496888	3	0	0	1	1	2	2	0	?	0	0	0
chr2	11512	44497229	44497232	3	1	0	1	0	0	1	0	=	0	0	0
chr2	11513	44497649	44497652	3	0	1	0	1	0	1	0	=	0	0	0
chr2	11514	44497708	44497710	2	0	0	1	0	2	2	0	?	0	0	0
chr2	11515	44497851	44497854	3	1	0	1	0	0	1	0	=	0	0	0
chr2	11516	44497906	44497909	3	0	1	0	1	0	1	0	=	0	0	0
chr2	11517	44498298	44498301	3	1	0	1	0	0	1	0	=	0	0	0
chr2	11518	44498899	44498902	3	0	1	0	1	0	1	0	=	0	0	0
chr2	11519	44500631	44500634	3	1	0	1	0	0	1	0	=	0	0	0
chr2	11520	44500867	44500870	3	1	0	1	0	0	1	0	=	0	0	0
chr2	11521	44501037	44501039	2	1	0	1	0	0	1	0	=	0	0	0
chr2	11522	44501277	44501280	3	0	1	0	1	0	1	0	=	0	0	0
chr2	11523	44502055	44502058	3	1	0	1	0	0	1	0	=	0	0	0
chr2	11524	44502301	44502304	3	0	1	0	1	0	1	0	=	0	0	0
chr2	11525	44503355	44503358	3	0	1	0	1	0	1	0	=	0	0	0
chr2	11526	44503436	44503439	3	0	1	0	1	0	1	0	=	0	0	0
chr2	11527	44503705	44503708	3	1	1	1	1	0	0	0	?	0	0	0
chr2	11528	44503722	44503725	3	1	1	1	1	0	0	0	?	0	0	0
chr2	11529	44503945	44503948	3	1	0	1	0	0	1	0	=	0	0	0
chr2	11530	44503976	44504018	42	1	3	2	3	8	9	0	?	0	0	0
chr2	11531	44504106	44504109	3	1	0	1	0	0	1	0	=	0	0	0
chr2	11532	44504203	44504206	3	0	1	0	1	0	1	0	=	0	0	0
chr2	11533	44504447	44504452	5	2	2	2	2	0	0	0	?	0	0	0
chr2	11534	44505841	44505859	18	1	1	1	1	0	0	0	?	0	0	0
chr2	11535	44506015	44506018	3	0	1	0	1	0	1	0	=	0	0	0
chr2	11536	44506217	44506220	3	1	0	1	0	0	1	0	=	0	0	0
chr2	11537	44507072	44507074	2	0	1	0	1	0	1	0	=	0	0	0
chr2	11538	44507682	44507685	3	0	1	0	1	0	1	0	=	0	0	0
chr2	11539	44508289	44508300	11	2	1	2	1	0	1	0	=	0	0	0
chr2	11540	44508576	44508582	6	0	1	0	1	0	4	0	=	0	0	0
chr2	11541	44508724	44508727	3	0	1	0	1	0	1	0	=	0	0	0
chr2	11542	44508812	44508815	3	1	1	1	1	0	0	0	?	0	0	0
chr2	11543	44509094	44509096	2	1	1	1	1	0	4	0	=	0	0	0
chr2	11544	44509816	44509819	3	1	1	1	1	0	0	0	?	0	0	0
chr2	11545	44509948	44509955	7	0	2	0	2	0	2	0	=	0	0	0
chr2	11546	44510275	44510278	3	1	0	1	0	0	1	0	=	0	0	0
chr2	11547	44510519	44510522	3	0	1	0	1	0	1	0	=	0	0	0
chr2	11548	44510563	44510566	3	1	1	1	1	0	0	0	?	0	0	0
chr2	11549	44511578	44511581	3	0	1	0	1	0	1	0	=	0	0	0
chr2	11550	44511622	44511625	3	0	1	0	1	0	1	0	=	0	0	0
chr2	11551	44512422	44512425	3	0	1	0	1	0	1	0	=	0	0	0
chr2	11552	44512731	44512734	3	0	1	0	1	0	1	0	=	0	0	0
chr2	11553	44512851	44512857	6	0	1	0	1	0	4	0	=	0	0	0
chr2	11554	44513336	44513339	3	1	0	1	0	0	1	0	=	0	0	0
chr2	11555	44513411	44513414	3	0	1	0	1	0	1	0	=	0	0	0
chr2	11556	44513472	44513475	3	0	1	0	1	0	1	0	=	0	0	0
chr2	11557	44513543	44513546	3	0	1	0	1	0	1	0	=	0	0	0
chr2	11558	44513879	44513882	3	0	1	0	1	0	1	0	=	0	0	0
chr2	11559	44514100	44514103	3	0	1	0	1	0	1	0	=	0	0	0
chr2	11560	44514294	44514297	3	0	1	0	1	0	1	0	=	0	0	0
chr2	11561	44515044	44515047	3	1	0	1	0	0	1	0	=	0	0	0
chr2	11562	44516835	44516838	3	1	1	1	1	0	0	0	?	0	0	0
chr2	11563	44517248	44517251	3	0	1	0	1	0	1	0	=	0	0	0
chr2	11564	44517304	44517307	3	0	1	0	1	0	1	0	=	0	0	0
chr2	11565	44517756	44517759	3	0	1	0	1	0	1	0	=	0	0	0
chr2	11566	44519122	44519125	3	0	1	0	1	0	1	0	=	0	0	0
chr2	11567	44519516	44519519	3	0	1	0	1	0	1	0	=	0	0	0
chr2	11568	44519718	44519721	3	0	1	0	1	0	1	0	=	0	0	0
chr2	11569	44519903	44519906	3	0	1	0	1	0	1	0	=	0	0	0
chr2	11570	44519985	44519988	3	0	1	0	1	0	1	0	=	0	0	0
chr2	11571	44520054	44520056	2	0	1	0	1	0	1	0	=	0	0	0
chr2	11572	44520919	44520922	3	0	1	0	1	0	1	0	=	0	0	0
chr2	11573	44521049	44521052	3	0	1	0	1	0	1	0	=	0	0	0
chr2	11574	44521379	44521382	3	1	0	1	0	0	1	0	=	0	0	0
chr2	11575	44521397	44521410	13	0	2	0	2	0	2	0	=	0	0	0
chr2	11576	44521442	44521445	3	0	1	0	1	0	1	0	=	0	0	0
chr2	11577	44521853	44521861	8	0	1	0	1	0	6	0	=	0	0	0
chr2	11578	44522920	44522923	3	0	1	0	1	0	1	0	=	0	0	0
chr2	11579	44523384	44523387	3	0	1	0	1	0	1	0	=	0	0	0
chr2	11580	44523769	44523775	6	0	1	0	1	0	4	0	=	0	0	0
chr2	11581	44524962	44524976	14	0	2	0	2	0	2	0	=	0	0	0
chr2	11582	44525357	44525360	3	0	1	0	1	0	1	0	=	0	0	0
chr2	11583	44525416	44525419	3	0	1	0	1	0	1	0	=	0	0	0
chr2	11584	44525481	44525484	3	0	1	0	1	0	1	0	=	0	0	0
chr2	11585	44525790	44525793	3	0	1	0	1	0	1	0	=	0	0	0
chr2	11586	44525840	44525847	7	0	1	0	1	0	5	0	=	0	0	0
chr2	11587	44526122	44526125	3	0	1	0	1	0	1	0	=	0	0	0
chr2	11588	44526930	44526933	3	0	1	0	1	0	1	0	=	0	0	0
chr2	11589	44527428	44527432	4	0	1	1	1	1	2	0	?	0	0	0
chr2	11590	44527784	44527786	2	0	0	0	1	2	2	0	?	0	0	0
chr2	11591	44529220	44529223	3	0	1	0	1	0	1	0	=	0	0	0
chr2	11592	44529847	44529850	3	0	1	0	1	0	1	0	=	0	0	0
chr2	11593	44530076	44530079	3	0	1	0	1	0	1	0	=	0	0	0
chr2	11594	44532518	44532521	3	0	1	0	1	0	1	0	=	0	0	0
chr2	11595	44532573	44532576	3	0	1	0	1	0	1	0	=	0	0	0
chr2	11596	44532591	44532594	3	0	1	0	1	0	1	0	=	0	0	0
chr2	11597	44532800	44532803	3	0	1	0	1	0	1	0	=	0	0	0
chr2	11598	44532816	44532819	3	0	0	0	1	1	1	0	?	0	0	0
chr2	11599	44533305	44533308	3	0	1	0	1	0	1	0	=	0	0	0
chr2	11600	44534832	44534836	4	0	1	0	1	0	2	0	=	0	0	0
chr2	11601	44535224	44535227	3	0	1	0	1	0	1	0	=	0	0	0
chr2	11602	44535366	44535369	3	0	1	0	1	0	1	0	=	0	0	0
chr2	11603	44535900	44535903	3	1	0	1	0	0	1	0	=	0	0	0
chr2	11604	44536813	44536816	3	0	1	0	1	0	1	0	=	0	0	0
chr2	11605	44537175	44537178	3	0	1	0	1	0	1	0	=	0	0	0
chr2	11606	44537208	44537211	3	0	1	0	1	0	1	0	=	0	0	0
chr2	11607	44537738	44537741	3	0	1	0	1	0	1	0	=	0	0	0
chr2	11608	44537815	44537818	3	0	1	0	1	0	1	0	=	0	0	0
chr2	11609	44538058	44538061	3	0	1	0	1	0	1	0	=	0	0	0
chr2	11610	44538372	44538374	2	0	1	0	1	0	1	0	=	0	0	0
chr2	11611	44538715	44538723	8	0	2	0	2	0	2	0	=	0	0	0
chr2	11612	44538780	44538782	2	0	1	0	1	0	1	0	=	0	0	0
chr2	11613	44538957	44538963	6	1	1	1	1	0	0	0	?	0	0	0
chr2	11614	44539282	44539285	3	0	1	0	1	0	1	0	=	0	0	0
chr2	11615	44539454	44539457	3	0	1	0	1	0	1	0	=	0	0	0
chr2	11616	44540158	44540160	2	0	1	0	1	0	2	0	=	0	0	0
chr2	11617	44540261	44540264	3	0	1	0	1	0	1	0	=	0	0	0
chr2	11618	44540568	44540571	3	0	1	0	1	0	1	0	=	0	0	0
chr2	11619	44540744	44540747	3	0	1	0	1	0	1	0	=	0	0	0
chr2	11620	44540961	44540964	3	0	1	0	1	0	1	0	=	0	0	0
chr2	11621	44540981	44540984	3	0	1	0	1	0	1	0	=	0	0	0
chr2	11622	44541061	44541064	3	0	1	0	1	0	1	0	=	0	0	0
chr2	11623	44541124	44541127	3	0	1	0	1	0	1	0	=	0	0	0
chr2	11624	44541481	44541484	3	0	1	0	1	0	1	0	=	0	0	0
chr2	11625	44541506	44541509	3	0	1	0	1	0	1	0	=	0	0	0
chr2	11626	44541689	44541692	3	0	1	0	1	0	1	0	=	0	0	0
chr2	11627	44542049	44542052	3	0	1	0	1	0	1	0	=	0	0	0
chr2	11628	44542495	44542559	64	0	2	1	2	2	16	0	=	0	0	0
chr2	11629	44542821	44542824	3	0	1	0	1	0	1	0	=	0	0	0
chr2	11630	44543052	44543055	3	0	1	0	1	0	1	0	=	0	0	0
chr2	11631	44543520	44543523	3	0	1	0	1	0	1	0	=	0	0	0
chr2	11632	44543590	44543595	5	0	2	0	2	0	2	0	=	0	0	0
chr2	11633	44544394	44544397	3	0	1	0	1	0	1	0	=	0	0	0
chr2	11634	44544864	44544867	3	0	1	0	1	0	1	0	=	0	0	0
chr2	11635	44545680	44545682	2	0	1	0	1	0	2	0	=	0	0	0
chr2	11636	44546153	44546157	4	0	0	1	1	4	4	0	?	0	0	0
chr2	11637	44547061	44547064	3	1	1	1	1	0	0	0	?	0	0	0
chr2	11638	44547914	44547917	3	0	1	0	1	0	1	0	=	0	0	0
chr2	11639	44548433	44548436	3	0	1	0	1	0	1	0	=	0	0	0
chr2	11640	44548542	44548545	3	0	1	0	1	0	1	0	=	0	0	0
chr2	11641	44549456	44549459	3	0	1	0	1	0	1	0	=	0	0	0
chr2	11642	44551128	44551139	11	0	1	0	1	0	9	0	=	0	0	0
chr2	11643	44551322	44551325	3	0	1	0	1	0	1	0	=	0	0	0
chr2	11644	44552385	44552388	3	0	1	0	1	0	1	0	=	0	0	0
chr2	11645	44553363	44553366	3	0	1	0	1	0	1	0	=	0	0	0
chr2	11646	44554085	44554088	3	0	1	0	1	0	1	0	=	0	0	0
chr2	11647	44554588	44554591	3	0	1	0	1	0	1	0	=	0	0	0
chr2	11648	44555596	44555599	3	0	1	0	1	0	1	0	=	0	0	0
chr2	11649	44555966	44555969	3	0	1	0	1	0	1	0	=	0	0	0
chr2	11650	44556447	44556770	323	0	2	0	1	321	321	0	?	0	0	0
chr2	11651	44558033	44558047	14	0	1	0	1	0	12	0	=	0	0	0
chr2	11652	44558284	44558287	3	0	1	0	1	0	1	0	=	0	0	0
chr2	11653	44558916	44558919	3	0	1	0	1	0	1	0	=	0	0	0
chr2	11654	44558954	44558958	4	0	1	0	1	0	2	0	=	0	0	0
chr2	11655	44559440	44559443	3	0	1	0	1	0	1	0	=	0	0	0
chr2	11656	44559549	44559551	2	0	1	0	1	0	1	0	=	0	0	0
chr2	11657	44560471	44560474	3	0	1	0	1	0	1	0	=	0	0	0
chr2	11658	44560837	44560840	3	0	1	0	1	0	1	0	=	0	0	0
chr2	11659	44562197	44562200	3	0	1	0	1	0	1	0	=	0	0	0
chr2	11660	44562550	44562553	3	0	1	0	1	0	1	0	=	0	0	0
chr2	11661	44562912	44562915	3	0	1	0	1	0	1	0	=	0	0	0
chr2	11662	44563044	44563047	3	0	1	0	1	0	1	0	=	0	0	0
chr2	11663	44563381	44563384	3	0	1	0	1	0	1	0	=	0	0	0
chr2	11664	44563833	44563836	3	0	1	0	1	0	1	0	=	0	0	0
chr2	11665	44563955	44563959	4	0	2	0	2	0	2	0	=	0	0	0
chr2	11666	44564175	44564179	4	0	1	0	1	0	2	0	=	0	0	0
chr2	11667	44564252	44564263	11	0	2	0	2	0	2	0	=	0	0	0
chr2	11668	44564518	44564521	3	0	1	0	1	0	1	0	=	0	0	0
chr2	11669	44564692	44564695	3	0	1	0	1	0	1	0	=	0	0	0
chr2	11670	44565135	44565138	3	0	1	0	1	0	1	0	=	0	0	0
chr2	11671	44565174	44565177	3	0	1	0	1	0	1	0	=	0	0	0
chr2	11672	44565203	44565206	3	0	1	0	1	0	1	0	=	0	0	0
chr2	11673	44565860	44565863	3	0	1	0	1	0	1	0	=	0	0	0
chr2	11674	44566621	44566624	3	0	1	0	1	0	1	0	=	0	0	0
chr2	11675	44567140	44567143	3	0	1	0	1	0	1	0	=	0	0	0
chr2	11676	44567635	44567638	3	0	1	0	1	0	1	0	=	0	0	0
chr2	11677	44568223	44568226	3	0	1	0	1	0	1	0	=	0	0	0
chr2	11678	44568539	44568542	3	0	1	0	1	0	1	0	=	0	0	0
chr2	11679	44569972	44569975	3	0	1	0	1	0	1	0	=	0	0	0
chr2	11680	44572911	44572914	3	0	1	0	1	0	1	0	=	0	0	0
chr2	11681	44572994	44573004	10	0	2	0	2	0	2	0	=	0	0	0
chr2	11682	44573046	44573049	3	0	1	0	1	0	1	0	=	0	0	0
chr2	11683	44573430	44573433	3	0	1	0	1	0	1	0	=	0	0	0
chr2	11684	44573845	44573848	3	0	1	0	1	0	1	0	=	0	0	0
chr2	11685	44574150	44574153	3	0	1	0	1	0	1	0	=	0	0	0
chr2	11686	44574606	44574609	3	0	1	0	1	0	1	0	=	0	0	0
chr2	11687	44574632	44574635	3	0	1	0	1	0	1	0	=	0	0	0
chr2	11688	44574656	44574659	3	1	1	1	1	0	0	0	?	0	0	0
chr2	11689	44575044	44575047	3	0	1	0	1	0	1	0	=	0	0	0
chr2	11690	44575216	44575219	3	0	1	0	1	0	1	0	=	0	0	0
chr2	11691	44575362	44575366	4	0	2	0	1	1	1	0	?	0	0	0
chr2	11692	44576744	44576747	3	0	1	0	1	0	1	0	=	0	0	0
chr2	11693	44577354	44577357	3	0	1	0	1	0	1	0	=	0	0	0
chr2	11694	44577679	44577681	2	0	1	0	1	0	6	0	=	0	0	0
chr2	11695	44577796	44577799	3	0	1	0	1	0	1	0	=	0	0	0
chr2	11696	44578190	44578193	3	0	1	0	1	0	1	0	=	0	0	0
chr2	11697	44578870	44578873	3	0	1	0	1	0	1	0	=	0	0	0
chr2	11698	44579230	44579232	2	0	1	0	1	0	1	0	=	0	0	0
chr2	11699	44579475	44579482	7	0	2	0	2	0	2	0	=	0	0	0
chr2	11700	44579586	44579593	7	0	2	0	2	0	2	0	=	0	0	0
chr2	11701	44579898	44579901	3	0	1	0	1	0	1	0	=	0	0	0
chr2	11702	44580242	44580268	26	0	2	0	2	0	16	0	=	0	0	0
chr2	11703	44581318	44581321	3	0	1	0	1	0	1	0	=	0	0	0
chr2	11704	44581334	44581337	3	0	1	0	1	0	1	0	=	0	0	0
chr2	11705	44581717	44581720	3	0	1	0	1	0	1	0	=	0	0	0
chr2	11706	44581781	44581784	3	0	1	0	1	0	1	0	=	0	0	0
chr2	11707	44582920	44582923	3	0	1	0	1	0	1	0	=	0	0	0
chr2	11708	44582998	44583001	3	0	1	0	1	0	1	0	=	0	0	0
chr2	11709	44583074	44583077	3	0	1	0	1	0	1	0	=	0	0	0
chr2	11710	44583339	44583342	3	0	1	0	1	0	1	0	=	0	0	0
chr2	11711	44583645	44583648	3	0	1	0	1	0	1	0	=	0	0	0
chr2	11712	44584491	44584494	3	0	1	0	1	0	1	0	=	0	0	0
chr2	11713	44586092	44586095	3	0	1	0	1	0	1	0	=	0	0	0
chr2	11714	44586364	44586367	3	0	1	0	1	0	1	0	=	0	0	0
chr2	11715	44586381	44586384	3	0	1	0	1	0	1	0	=	0	0	0
chr2	11716	44586446	44586449	3	0	1	0	1	0	1	0	=	0	0	0
chr2	11717	44586784	44586787	3	0	1	0	1	0	1	0	=	0	0	0
chr2	11718	44587589	44587592	3	0	0	0	1	1	1	0	?	0	0	0
chr2	11719	44587646	44587651	5	0	1	0	2	1	3	0	=	0	0	0
chr2	11720	44587675	44587678	3	0	0	0	1	1	1	0	?	0	0	0
chr2	11721	44587931	44587934	3	0	1	0	1	0	1	0	=	0	0	0
chr2	11722	44588230	44589282	1052	0	0	11	31	348	348	0	?	0	0	0
chr2	11723	44589396	44589399	3	0	0	0	1	1	1	0	?	0	0	0
chr2	11724	44589631	44589644	13	0	0	0	2	2	2	0	?	0	0	0
chr2	11725	44589681	44589684	3	0	0	0	1	1	1	0	?	0	0	0
chr2	11726	44589702	44589706	4	0	0	0	1	2	2	0	?	0	0	0
chr2	11727	44589722	44589725	3	0	0	0	1	1	1	0	?	0	0	0
chr2	11728	44589746	44589758	12	0	0	0	2	2	2	0	?	0	0	0
chr2	11729	44589882	44589927	45	0	1	0	3	9	10	0	?	0	0	0
chr2	11730	44591000	44591003	3	0	1	0	1	0	1	0	=	0	0	0
chr2	11731	44591073	44591076	3	0	1	0	1	0	1	0	=	0	0	0
chr2	11732	44591134	44591137	3	0	1	0	1	0	1	0	=	0	0	0
chr2	11733	44591195	44591198	3	0	1	0	1	0	1	0	=	0	0	0
chr2	11734	44591518	44591521	3	0	1	0	1	0	1	0	=	0	0	0
chr2	11735	44592094	44592097	3	0	1	0	1	0	1	0	=	0	0	0
chr2	11736	44592296	44592299	3	0	1	0	1	0	1	0	=	0	0	0
chr2	11737	44592312	44592315	3	0	1	0	1	0	1	0	=	0	0	0
chr2	11738	44592735	44592738	3	0	1	0	1	0	1	0	=	0	0	0
chr2	11739	44592819	44592822	3	0	1	0	1	0	1	0	=	0	0	0
chr2	11740	44593100	44593103	3	0	1	0	1	0	1	0	=	0	0	0
chr2	11741	44593403	44593406	3	0	1	0	1	0	1	0	=	0	0	0
chr2	11742	44593663	44593666	3	0	1	0	1	0	1	0	=	0	0	0
chr2	11743	44593762	44593764	2	0	1	0	1	0	4	0	=	0	0	0
chr2	11744	44594565	44594568	3	0	1	0	1	0	1	0	=	0	0	0
chr2	11745	44594728	44594731	3	0	1	0	1	0	1	0	=	0	0	0
chr2	11746	44595008	44595011	3	0	1	0	1	0	1	0	=	0	0	0
chr2	11747	44596501	44596504	3	0	1	0	1	0	1	0	=	0	0	0
chr2	11748	44596846	44596849	3	0	1	0	1	0	1	0	=	0	0	0
chr2	11749	44597463	44597466	3	0	1	0	1	0	1	0	=	0	0	0
chr2	11750	44597888	44597891	3	0	1	0	1	0	1	0	=	0	0	0
chr2	11751	44597940	44597943	3	0	1	0	1	0	1	0	=	0	0	0
chr2	11752	44598572	44599035	463	0	3	0	4	317	320	0	?	0	0	0
chr2	11753	44599475	44599478	3	0	1	0	1	0	1	0	=	0	0	0
chr2	11754	44599595	44599598	3	0	1	0	1	0	1	0	=	0	0	0
chr2	11755	44599825	44599827	2	0	1	0	1	0	1	0	=	0	0	0
chr2	11756	44600259	44600261	2	0	1	0	1	0	1	0	=	0	0	0
chr2	11757	44601098	44601101	3	0	1	0	1	0	1	0	=	0	0	0
chr2	11758	44601985	44601988	3	0	1	0	1	0	1	0	=	0	0	0
chr2	11759	44602000	44602003	3	0	1	0	1	0	1	0	=	0	0	0
chr2	11760	44603051	44603054	3	0	1	0	1	0	1	0	=	0	0	0
chr2	11761	44604492	44604495	3	0	1	0	1	0	1	0	=	0	0	0
chr2	11762	44604812	44604815	3	0	1	0	1	0	1	0	=	0	0	0
chr2	11763	44604887	44604890	3	0	1	0	1	0	1	0	=	0	0	0
chr2	11764	44605715	44605718	3	0	1	0	1	0	1	0	=	0	0	0
chr2	11765	44606309	44606312	3	0	1	0	1	0	1	0	=	0	0	0
chr2	11766	44606552	44606555	3	0	1	0	1	0	1	0	=	0	0	0
chr2	11767	44606807	44606809	2	0	1	0	1	0	1	0	=	0	0	0
chr2	11768	44607021	44607024	3	0	1	0	1	0	1	0	=	0	0	0
chr2	11769	44607815	44607818	3	0	1	0	1	0	1	0	=	0	0	0
chr2	11770	44608069	44608074	5	0	1	0	1	0	3	0	=	0	0	0
chr2	11771	44608101	44608104	3	0	1	0	1	0	1	0	=	0	0	0
chr2	11772	44608496	44608500	4	0	2	0	2	0	2	0	=	0	0	0
chr2	11773	44609131	44609134	3	0	1	0	1	0	1	0	=	0	0	0
chr2	11774	44609947	44609950	3	0	1	0	1	0	1	0	=	0	0	0
chr2	11775	44609993	44609996	3	0	1	0	1	0	1	0	=	0	0	0
chr2	11776	44610074	44610077	3	0	1	0	1	0	1	0	=	0	0	0
chr2	11777	44610530	44610533	3	0	1	0	1	0	1	0	=	0	0	0
chr2	11778	44611047	44611050	3	0	1	0	1	0	1	0	=	0	0	0
chr2	11779	44611342	44611345	3	0	1	0	1	0	1	0	=	0	0	0
chr2	11780	44611379	44611382	3	0	1	0	1	0	1	0	=	0	0	0
chr2	11781	44611850	44611853	3	0	1	0	1	0	1	0	=	0	0	0
chr2	11782	44612191	44612193	2	0	1	0	1	0	1	0	=	0	0	0
chr2	11783	44612492	44612495	3	0	1	0	1	0	1	0	=	0	0	0
chr2	11784	44612845	44612848	3	1	0	1	0	0	1	0	=	0	0	0
chr2	11785	44613957	44613960	3	0	1	0	1	0	1	0	=	0	0	0
chr2	11786	44614065	44614068	3	0	1	0	1	0	1	0	=	0	0	0
chr2	11787	44614121	44614124	3	0	1	0	1	0	1	0	=	0	0	0
chr2	11788	44614526	44614529	3	0	1	0	1	0	1	0	=	0	0	0
chr2	11789	44614935	44614937	2	0	0	0	1	5	5	0	?	0	0	0
chr2	11790	44615004	44615007	3	0	1	0	1	0	1	0	=	0	0	0
chr2	11791	44615043	44615046	3	0	1	0	1	0	1	0	=	0	0	0
chr2	11792	44615076	44615078	2	0	1	0	1	0	1	0	=	0	0	0
chr2	11793	44615165	44615168	3	0	1	0	1	0	1	0	=	0	0	0
chr2	11794	44615346	44615349	3	0	1	0	1	0	1	0	=	0	0	0
chr2	11795	44615654	44615657	3	0	1	0	1	0	1	0	=	0	0	0
chr2	11796	44615820	44615823	3	0	1	0	1	0	1	0	=	0	0	0
chr2	11797	44616535	44616539	4	0	2	0	2	0	2	0	=	0	0	0
chr2	11798	44617759	44617762	3	0	1	0	1	0	1	0	=	0	0	0
chr2	11799	44618117	44618120	3	0	1	0	1	0	1	0	=	0	0	0
chr2	11800	44619462	44619464	2	0	1	0	1	0	2	0	=	0	0	0
chr2	11801	44620271	44620274	3	0	1	0	1	0	1	0	=	0	0	0
chr2	11802	44620634	44620642	8	0	2	0	2	0	2	0	=	0	0	0
chr2	11803	44620687	44620690	3	0	1	0	1	0	1	0	=	0	0	0
chr2	11804	44620749	44620752	3	0	1	0	1	0	1	0	=	0	0	0
chr2	11805	44621265	44621267	2	0	1	0	1	0	2	0	=	0	0	0
chr2	11806	44621383	44621386	3	0	1	0	1	0	1	0	=	0	0	0
chr2	11807	44621717	44621720	3	0	1	0	1	0	1	0	=	0	0	0
chr2	11808	44622131	44622134	3	0	1	0	1	0	1	0	=	0	0	0
chr2	11809	44622430	44622433	3	0	1	0	1	0	1	0	=	0	0	0
chr2	11810	44622972	44622975	3	0	1	0	1	0	1	0	=	0	0	0
chr2	11811	44623005	44623008	3	0	1	0	1	0	1	0	=	0	0	0
chr2	11812	44624710	44624713	3	0	1	0	1	0	1	0	=	0	0	0
chr2	11813	44624786	44624789	3	0	1	0	1	0	1	0	=	0	0	0
chr2	11814	44625003	44625006	3	0	1	0	1	0	1	0	=	0	0	0
chr2	11815	44626137	44626140	3	0	1	0	1	0	1	0	=	0	0	0
chr2	11816	44626744	44626747	3	0	1	0	1	0	1	0	=	0	0	0
chr2	11817	44627542	44627545	3	0	1	0	1	0	1	0	=	0	0	0
chr2	11818	44627600	44627603	3	1	1	1	1	0	0	0	?	0	0	0
chr2	11819	44627687	44627698	11	0	1	0	2	9	10	0	?	0	0	0
chr2	11820	44627840	44627843	3	0	1	0	1	0	1	0	=	0	0	0
chr2	11821	44629568	44629571	3	0	1	0	1	0	1	0	=	0	0	0
chr2	11822	44629975	44629978	3	0	1	0	1	0	1	0	=	0	0	0
chr2	11823	44630086	44630089	3	0	1	0	1	0	1	0	=	0	0	0
chr2	11824	44630155	44630158	3	0	1	0	1	0	1	0	=	0	0	0
chr2	11825	44630461	44630464	3	0	1	0	1	0	1	0	=	0	0	0
chr2	11826	44630821	44630824	3	0	1	0	1	0	1	0	=	0	0	0
chr2	11827	44631134	44631150	16	0	3	0	3	0	3	0	=	0	0	0
chr2	11828	44631546	44631549	3	0	1	0	1	0	1	0	=	0	0	0
chr2	11829	44632556	44632559	3	0	1	0	1	0	1	0	=	0	0	0
chr2	11830	44632603	44632606	3	0	1	0	1	0	1	0	=	0	0	0
chr2	11831	44633323	44633326	3	0	1	0	1	0	1	0	=	0	0	0
chr2	11832	44633938	44633941	3	0	1	0	1	0	1	0	=	0	0	0
chr2	11833	44634120	44634123	3	0	1	0	1	0	1	0	=	0	0	0
chr2	11834	44634465	44634468	3	0	1	0	1	0	1	0	=	0	0	0
chr2	11835	44634651	44634654	3	0	1	0	1	0	1	0	=	0	0	0
chr2	11836	44634769	44634772	3	0	1	0	1	0	1	0	=	0	0	0
chr2	11837	44634799	44634801	2	0	1	0	1	0	9	0	=	0	0	0
chr2	11838	44634998	44635001	3	0	1	0	1	0	1	0	=	0	0	0
chr2	11839	44635102	44635105	3	0	1	0	1	0	1	0	=	0	0	0
chr2	11840	44635472	44635475	3	0	1	0	1	0	1	0	=	0	0	0
chr2	11841	44635594	44635597	3	0	1	0	1	0	1	0	=	0	0	0
chr2	11842	44636763	44636766	3	0	1	0	1	0	1	0	=	0	0	0
chr2	11843	44637300	44637303	3	0	1	0	1	0	1	0	=	0	0	0
chr2	11844	44638056	44638060	4	0	2	0	1	1	1	0	?	0	0	0
chr2	11845	44638316	44638319	3	0	1	0	1	0	1	0	=	0	0	0
chr2	11846	44638498	44638501	3	0	1	0	1	0	1	0	=	0	0	0
chr2	11847	44638685	44638688	3	0	1	0	1	0	1	0	=	0	0	0
chr2	11848	44639590	44639593	3	0	1	0	1	0	1	0	=	0	0	0
chr2	11849	44639752	44639755	3	0	1	0	1	0	1	0	=	0	0	0
chr2	11850	44640255	44640258	3	0	1	0	1	0	1	0	=	0	0	0
chr2	11851	44640820	44640823	3	0	1	0	1	0	1	0	=	0	0	0
chr2	11852	44640986	44640989	3	0	1	0	1	0	1	0	=	0	0	0
chr2	11853	44641074	44641077	3	0	1	0	1	0	1	0	=	0	0	0
chr2	11854	44641551	44641555	4	0	1	0	1	0	2	0	=	0	0	0
chr2	11855	44641721	44641723	2	0	1	0	1	0	1	0	=	0	0	0
chr2	11856	44641747	44641750	3	0	1	0	1	0	1	0	=	0	0	0
chr2	11857	44641995	44641998	3	0	1	0	1	0	1	0	=	0	0	0
chr2	11858	44642682	44642685	3	0	1	0	1	0	1	0	=	0	0	0
chr2	11859	44643168	44643171	3	0	1	0	1	0	1	0	=	0	0	0
chr2	11860	44643565	44643568	3	0	1	0	1	0	1	0	=	0	0	0
chr2	11861	44643611	44643614	3	0	1	0	1	0	1	0	=	0	0	0
chr2	11862	44644733	44644736	3	0	1	0	1	0	1	0	=	0	0	0
chr2	11863	44645205	44645208	3	0	1	0	1	0	1	0	=	0	0	0
chr2	11864	44645743	44645746	3	0	1	0	1	0	1	0	=	0	0	0
chr2	11865	44646268	44646271	3	0	1	0	1	0	1	0	=	0	0	0
chr2	11866	44646304	44646306	2	0	1	0	1	0	1	0	=	0	0	0
chr2	11867	44647608	44647611	3	0	1	0	1	0	1	0	=	0	0	0
chr2	11868	44647947	44647950	3	0	1	0	1	0	1	0	=	0	0	0
chr2	11869	44648116	44648119	3	0	1	0	1	0	1	0	=	0	0	0
chr2	11870	44648154	44648157	3	0	1	0	1	0	1	0	=	0	0	0
chr2	11871	44648831	44648834	3	0	1	0	1	0	1	0	=	0	0	0
chr2	11872	44649096	44649099	3	0	1	0	1	0	1	0	=	0	0	0
chr2	11873	44650850	44650853	3	0	1	0	1	0	1	0	=	0	0	0
chr2	11874	44652633	44652636	3	0	1	0	1	0	1	0	=	0	0	0
chr2	11875	44653322	44653325	3	0	1	0	1	0	1	0	=	0	0	0
chr2	11876	44653784	44653787	3	0	1	0	1	0	1	0	=	0	0	0
chr2	11877	44654079	44654082	3	0	1	0	1	0	1	0	=	0	0	0
chr2	11878	44654354	44654357	3	0	1	0	1	0	1	0	=	0	0	0
chr2	11879	44655659	44655662	3	0	1	0	1	0	1	0	=	0	0	0
chr2	11880	44656621	44656624	3	1	0	1	0	0	1	0	=	0	0	0
chr2	11881	44659174	44659177	3	0	1	0	1	0	1	0	=	0	0	0
chr2	11882	44659565	44659567	2	0	1	0	1	0	1	0	=	0	0	0
chr2	11883	44662262	44662265	3	0	1	0	1	0	1	0	=	0	0	0
chr2	11884	44662436	44662439	3	0	1	0	1	0	1	0	=	0	0	0
chr2	11885	44664162	44664165	3	0	1	0	1	0	1	0	=	0	0	0
chr2	11886	44664228	44664231	3	0	1	0	1	0	1	0	=	0	0	0
chr2	11887	44665007	44665010	3	0	1	0	1	0	1	0	=	0	0	0
chr2	11888	44665993	44665996	3	0	1	0	1	0	1	0	=	0	0	0
chr2	11889	44666437	44666440	3	0	1	0	1	0	1	0	=	0	0	0
chr2	11890	44666733	44666736	3	0	1	0	1	0	1	0	=	0	0	0
chr2	11891	44666799	44666802	3	0	1	0	1	0	1	0	=	0	0	0
chr2	11892	44667001	44667004	3	0	1	0	1	0	1	0	=	0	0	0
chr2	11893	44669207	44669210	3	1	1	1	1	0	0	0	?	0	0	0
chr2	11894	44669271	44669274	3	1	1	1	1	0	0	0	?	0	0	0
chr2	11895	44672835	44672838	3	1	1	1	1	0	0	0	?	0	0	0
chr2	11896	44673470	44673476	6	0	0	1	0	4	4	0	?	0	0	0
chr2	11897	44675084	44675089	5	1	2	1	3	1	2	0	?	0	0	0
chr2	11898	44675299	44675302	3	1	1	1	1	0	0	0	?	0	0	0
chr2	11899	44675554	44675557	3	1	1	1	1	0	0	0	?	0	0	0
chr2	11900	44675899	44675902	3	1	1	1	1	0	0	0	?	0	0	0
chr2	11901	44676785	44676788	3	1	1	1	1	0	0	0	?	0	0	0
chr2	11902	44677019	44677026	7	2	2	2	2	0	0	0	?	0	0	0
chr2	11903	44677706	44677721	15	2	2	1	1	0	0	0	?	0	0	0
chr2	11904	44678124	44678127	3	0	1	0	1	0	1	0	=	0	0	0
chr2	11905	44678251	44678254	3	1	1	1	1	0	0	0	?	0	0	0
chr2	11906	44678357	44678360	3	1	1	1	1	0	0	0	?	0	0	0
chr2	11907	44678665	44678668	3	1	0	1	0	0	1	0	=	0	0	0
chr2	11908	44678885	44678888	3	1	1	1	1	0	0	0	?	0	0	0
chr2	11909	44680190	44680193	3	1	0	1	0	0	1	0	=	0	0	0
chr2	11910	44680516	44680519	3	1	1	1	1	0	0	0	?	0	0	0
chr2	11911	44681539	44681542	3	1	0	1	0	0	1	0	=	0	0	0
chr2	11912	44683214	44683216	2	1	1	1	1	0	2	0	=	0	0	0
chr2	11913	44683272	44683275	3	1	1	1	1	0	0	0	?	0	0	0
chr2	11914	44683821	44683823	2	0	0	1	1	3	3	0	?	0	0	0
chr2	11915	44684540	44684543	3	1	1	1	1	0	0	0	?	0	0	0
chr2	11916	44686391	44686394	3	1	0	1	0	0	1	0	=	0	0	0
chr2	11917	44687808	44687811	3	1	1	1	1	0	0	0	?	0	0	0
chr2	11918	44688424	44688427	3	1	0	1	0	0	1	0	=	0	0	0
chr2	11919	44688506	44688508	2	1	0	1	0	0	2	0	=	0	0	0
chr2	11920	44689203	44689206	3	1	0	1	0	0	1	0	=	0	0	0
chr2	11921	44689226	44689231	5	2	0	2	0	0	2	0	=	0	0	0
chr2	11922	44689263	44689265	2	1	1	1	1	0	8	0	=	0	0	0
chr2	11923	44689839	44689842	3	0	1	0	1	0	1	0	=	0	0	0
chr2	11924	44691479	44691482	3	1	1	1	1	0	0	0	?	0	0	0
chr2	11925	44691982	44691985	3	1	0	1	0	0	1	0	=	0	0	0
chr2	11926	44693522	44693525	3	1	0	1	0	0	1	0	=	0	0	0
chr2	11927	44696655	44696658	3	1	0	1	0	0	1	0	=	0	0	0
chr2	11928	44698058	44698061	3	1	1	1	1	0	0	0	?	0	0	0
chr2	11929	44699600	44699602	2	1	0	1	0	0	1	0	=	0	0	0
chr2	11930	44700084	44700087	3	1	0	1	0	0	1	0	=	0	0	0
chr2	11931	44700459	44700462	3	1	0	1	0	0	1	0	=	0	0	0
chr2	11932	44701104	44701107	3	1	0	1	0	0	1	0	=	0	0	0
chr2	11933	44702072	44702075	3	1	0	1	0	0	1	0	=	0	0	0
chr2	11934	44702279	44702282	3	1	0	1	0	0	1	0	=	0	0	0
chr2	11935	44703587	44703590	3	0	1	0	1	0	1	0	=	0	0	0
chr2	11936	44703770	44703773	3	1	0	1	1	1	1	0	?	0	0	0
chr2	11937	44704379	44704382	3	1	0	1	0	0	1	0	=	0	0	0
chr2	11938	44704680	44704684	4	1	0	1	0	0	2	0	=	0	0	0
chr2	11939	44705077	44705080	3	1	0	1	0	0	1	0	=	0	0	0
chr2	11940	44705431	44705434	3	1	0	1	0	0	1	0	=	0	0	0
chr2	11941	44706540	44706543	3	1	0	1	0	0	1	0	=	0	0	0
chr2	11942	44706612	44706615	3	1	0	1	1	1	1	0	?	0	0	0
chr2	11943	44708210	44708212	2	0	0	1	1	9	9	0	?	0	0	0
chr2	11944	44708291	44708294	3	1	0	1	0	0	1	0	=	0	0	0
chr2	11945	44708669	44708672	3	1	0	1	0	0	1	0	=	0	0	0
chr2	11946	44710425	44710428	3	1	0	1	0	0	1	0	=	0	0	0
chr2	11947	44711209	44711212	3	1	0	1	0	0	1	0	=	0	0	0
chr2	11948	44711227	44711230	3	1	0	1	0	0	1	0	=	0	0	0
chr2	11949	44711303	44711306	3	1	0	1	0	0	1	0	=	0	0	0
chr2	11950	44712914	44712917	3	1	0	1	0	0	1	0	=	0	0	0
chr2	11951	44714878	44714881	3	1	0	1	0	0	1	0	=	0	0	0
chr2	11952	44715028	44715031	3	0	1	0	1	0	1	0	=	0	0	0
chr2	11953	44715191	44715194	3	1	0	1	0	0	1	0	=	0	0	0
chr2	11954	44715243	44715246	3	1	0	1	0	0	1	0	=	0	0	0
chr2	11955	44716300	44716303	3	1	0	1	0	0	1	0	=	0	0	0
chr2	11956	44717736	44717739	3	1	0	1	0	0	1	0	=	0	0	0
chr2	11957	44717841	44717843	2	1	0	1	0	0	1	0	=	0	0	0
chr2	11958	44721167	44721170	3	1	0	1	0	0	1	0	=	0	0	0
chr2	11959	44722175	44722178	3	1	1	1	1	0	0	0	?	0	0	0
chr2	11960	44723606	44723628	22	4	1	1	1	0	0	0	?	0	0	0
chr2	11961	44725113	44725116	3	0	1	0	1	0	1	0	=	0	0	0
chr2	11962	44725142	44725144	2	1	1	1	1	12	12	0	?	0	0	0
chr2	11963	44726063	44726066	3	1	0	1	0	0	1	0	=	0	0	0
chr2	11964	44727102	44727105	3	1	0	1	0	0	1	0	=	0	0	0
chr2	11965	44728828	44728840	12	2	0	2	0	0	2	0	=	0	0	0
chr2	11966	44729021	44729024	3	1	0	1	0	0	1	0	=	0	0	0
chr2	11967	44729199	44729202	3	1	0	1	0	0	1	0	=	0	0	0
chr2	11968	44729764	44729767	3	1	0	1	0	0	1	0	=	0	0	0
chr2	11969	44730774	44730777	3	1	0	1	0	0	1	0	=	0	0	0
chr2	11970	44731373	44731376	3	1	0	1	0	0	1	0	=	0	0	0
chr2	11971	44731943	44731946	3	1	0	1	0	0	1	0	=	0	0	0
chr2	11972	44734052	44734055	3	1	0	1	0	0	1	0	=	0	0	0
chr2	11973	44735043	44735046	3	1	0	1	0	0	1	0	=	0	0	0
chr2	11974	44735275	44735278	3	0	1	0	1	0	1	0	=	0	0	0
chr2	11975	44735317	44735320	3	1	0	1	0	0	1	0	=	0	0	0
chr2	11976	44735896	44735903	7	1	0	1	0	0	5	0	=	0	0	0
chr2	11977	44737888	44737890	2	1	0	1	0	0	2	0	=	0	0	0
chr2	11978	44739237	44739240	3	1	0	1	0	0	1	0	=	0	0	0
chr2	11979	44740123	44740126	3	1	0	1	0	0	1	0	=	0	0	0
chr2	11980	44740347	44740350	3	1	0	1	0	0	1	0	=	0	0	0
chr2	11981	44744625	44744628	3	1	0	1	0	0	1	0	=	0	0	0
chr2	11982	44746215	44746218	3	1	0	1	0	0	1	0	=	0	0	0
chr2	11983	44746650	44746653	3	1	0	1	0	0	1	0	=	0	0	0
chr2	11984	44749656	44749659	3	1	0	1	0	0	1	0	=	0	0	0
chr2	11985	44750516	44750519	3	1	0	1	0	0	1	0	=	0	0	0
chr2	11986	44750725	44750728	3	1	0	1	0	0	1	0	=	0	0	0
chr2	11987	44751011	44751013	2	1	0	1	0	0	1	0	=	0	0	0
chr2	11988	44753404	44753406	2	1	0	1	0	0	1	0	=	0	0	0
chr2	11989	44754713	44754716	3	1	0	1	0	0	1	0	=	0	0	0
chr2	11990	44754849	44754851	2	1	0	1	0	0	1	0	=	0	0	0
chr2	11991	44756462	44756465	3	0	1	0	1	0	1	0	=	0	0	0
chr2	11992	44757565	44757567	2	1	0	1	0	0	2	0	=	0	0	0
chr2	11993	44758770	44758773	3	1	0	1	0	0	1	0	=	0	0	0
chr2	11994	44759134	44759137	3	1	0	1	0	0	1	0	=	0	0	0
chr2	11995	44759457	44759460	3	1	0	1	0	0	1	0	=	0	0	0
chr2	11996	44759918	44759921	3	1	0	1	0	0	1	0	=	0	0	0
chr2	11997	44760466	44760469	3	1	0	1	0	0	1	0	=	0	0	0
chr2	11998	44760609	44760612	3	1	0	1	0	0	1	0	=	0	0	0
chr2	11999	44761796	44761799	3	1	0	1	0	0	1	0	=	0	0	0
chr2	12000	44763105	44763108	3	0	1	0	1	0	1	0	=	0	0	0
chr2	12001	44763603	44763606	3	0	1	0	1	0	1	0	=	0	0	0
chr2	12002	44763959	44763962	3	1	0	1	0	0	1	0	=	0	0	0
chr2	12003	44765409	44765412	3	1	0	1	0	0	1	0	=	0	0	0
chr2	12004	44765529	44765533	4	1	0	1	0	0	2	0	=	0	0	0
chr2	12005	44766401	44766404	3	1	0	1	0	0	1	0	=	0	0	0
chr2	12006	44768341	44768362	21	0	1	1	1	4	4	0	?	0	0	0
chr2	12007	44768625	44768628	3	0	1	0	1	0	1	0	=	0	0	0
chr2	12008	44769126	44769128	2	1	0	1	0	0	1	0	=	0	0	0
chr2	12009	44772568	44772571	3	1	0	1	0	0	1	0	=	0	0	0
chr2	12010	44774323	44774326	3	1	0	1	0	0	1	0	=	0	0	0
chr2	12011	44776264	44776267	3	1	0	1	0	0	1	0	=	0	0	0
chr2	12012	44776280	44776283	3	1	0	1	0	0	1	0	=	0	0	0
chr2	12013	44776595	44776597	2	1	0	1	0	0	1	0	=	0	0	0
chr2	12014	44776740	44776746	6	1	0	1	0	0	4	0	=	0	0	0
chr2	12015	44776876	44776878	2	1	0	1	0	0	1	0	=	0	0	0
chr2	12016	44777679	44777689	10	0	1	0	1	0	8	0	=	0	0	0
chr2	12017	44780784	44780787	3	1	0	1	0	0	1	0	=	0	0	0
chr2	12018	44781452	44781454	2	1	0	1	0	0	1	0	=	0	0	0
chr2	12019	44786397	44786400	3	1	0	1	0	0	1	0	=	0	0	0
chr2	12020	44794624	44794627	3	1	0	1	0	0	1	0	=	0	0	0
chr2	12021	44797058	44797061	3	1	0	1	0	0	1	0	=	0	0	0
chr2	12022	44798152	44798155	3	1	0	1	0	0	1	0	=	0	0	0
chr2	12023	44799489	44799492	3	1	0	1	0	0	1	0	=	0	0	0
chr2	12024	44801300	44801302	2	1	0	1	0	0	1	0	=	0	0	0
chr2	12025	44802384	44802387	3	1	0	1	0	0	1	0	=	0	0	0
chr2	12026	44803295	44803304	9	0	0	1	0	7	7	0	?	0	0	0
chr2	12027	44805020	44805022	2	1	0	1	0	0	1	0	=	0	0	0
chr2	12028	44805527	44805530	3	0	0	1	0	1	1	0	?	0	0	0
chr2	12029	44806678	44806680	2	0	0	1	0	1	1	0	?	0	0	0
chr2	12030	44808322	44808325	3	1	0	1	0	0	1	0	=	0	0	0
chr2	12031	44808356	44808362	6	1	0	1	0	0	4	0	=	0	0	0
chr2	12032	44808401	44808404	3	1	0	1	0	0	1	0	=	0	0	0
chr2	12033	44809213	44809216	3	1	0	1	0	0	1	0	=	0	0	0
chr2	12034	44809343	44809346	3	1	0	1	0	0	1	0	=	0	0	0
chr2	12035	44809764	44809767	3	1	0	1	0	0	1	0	=	0	0	0
chr2	12036	44810357	44810360	3	1	0	1	0	0	1	0	=	0	0	0
chr2	12037	44810462	44810466	4	1	0	1	0	0	2	0	=	0	0	0
chr2	12038	44811324	44811326	2	0	1	0	1	0	9	0	=	0	0	0
chr2	12039	44811834	44811837	3	1	0	1	0	0	1	0	=	0	0	0
chr2	12040	44812537	44812544	7	0	1	0	1	0	5	0	=	0	0	0
chr2	12041	44815013	44815016	3	1	0	1	0	0	1	0	=	0	0	0
chr2	12042	44815528	44815531	3	1	0	1	0	0	1	0	=	0	0	0
chr2	12043	44815995	44816001	6	1	0	1	0	0	4	0	=	0	0	0
chr2	12044	44816204	44816207	3	1	0	1	0	0	1	0	=	0	0	0
chr2	12045	44816855	44816858	3	1	0	1	0	0	1	0	=	0	0	0
chr2	12046	44817331	44817341	10	2	0	2	0	0	2	0	=	0	0	0
chr2	12047	44817412	44817415	3	1	0	1	0	0	1	0	=	0	0	0
chr2	12048	44818569	44818572	3	1	0	1	0	0	1	0	=	0	0	0
chr2	12049	44818588	44818591	3	1	0	1	0	0	1	0	=	0	0	0
chr2	12050	44818801	44818813	12	2	0	2	0	0	2	0	=	0	0	0
chr2	12051	44819076	44819079	3	1	0	1	0	0	1	0	=	0	0	0
chr2	12052	44819550	44819553	3	1	0	1	0	0	1	0	=	0	0	0
chr2	12053	44820729	44820732	3	1	0	1	0	0	1	0	=	0	0	0
chr2	12054	44823067	44823070	3	1	0	1	0	0	1	0	=	0	0	0
chr2	12055	44823847	44823850	3	1	0	1	0	0	1	0	=	0	0	0
chr2	12056	44825470	44825473	3	1	0	1	0	0	1	0	=	0	0	0
chr2	12057	44825620	44825623	3	1	0	1	0	0	1	0	=	0	0	0
chr2	12058	44825918	44825921	3	1	0	1	0	0	1	0	=	0	0	0
chr2	12059	44826387	44826390	3	1	0	1	0	0	1	0	=	0	0	0
chr2	12060	44827207	44827209	2	1	1	1	1	0	0	0	?	0	0	0
chr2	12061	44827534	44827537	3	1	0	1	0	0	1	0	=	0	0	0
chr2	12062	44827611	44827614	3	1	0	1	0	0	1	0	=	0	0	0
chr2	12063	44827992	44827995	3	1	0	1	0	0	1	0	=	0	0	0
chr2	12064	44828125	44828127	2	1	0	1	0	1	3	0	=	0	0	0
chr2	12065	44829170	44829173	3	1	0	1	0	0	1	0	=	0	0	0
chr2	12066	44830773	44830776	3	1	0	1	0	0	1	0	=	0	0	0
chr2	12067	44831788	44831791	3	1	0	1	0	0	1	0	=	0	0	0
chr2	12068	44832105	44832108	3	1	0	1	0	0	1	0	=	0	0	0
chr2	12069	44832203	44832214	11	2	0	2	0	0	2	0	=	0	0	0
chr2	12070	44832755	44832757	2	1	0	1	0	0	9	0	=	0	0	0
chr2	12071	44832960	44832966	6	0	0	2	0	2	2	0	?	0	0	0
chr2	12072	44832997	44833000	3	1	0	1	0	0	1	0	=	0	0	0
chr2	12073	44833429	44833432	3	1	1	1	1	0	0	0	?	0	0	0
chr2	12074	44833515	44833518	3	1	0	1	0	0	1	0	=	0	0	0
chr2	12075	44834541	44834544	3	1	0	1	0	0	1	0	=	0	0	0
chr2	12076	44835378	44835381	3	1	0	1	0	0	1	0	=	0	0	0
chr2	12077	44835683	44835686	3	1	0	1	0	0	1	0	=	0	0	0
chr2	12078	44836132	44836152	20	2	0	2	0	0	3	0	=	0	0	0
chr2	12079	44836203	44836206	3	1	0	1	0	0	1	0	=	0	0	0
chr2	12080	44836419	44836422	3	1	0	1	0	0	1	0	=	0	0	0
chr2	12081	44836472	44836475	3	1	0	1	0	0	1	0	=	0	0	0
chr2	12082	44837046	44837049	3	1	0	1	0	0	1	0	=	0	0	0
chr2	12083	44837403	44837406	3	1	0	1	0	0	1	0	=	0	0	0
chr2	12084	44838212	44838217	5	2	0	2	0	0	2	0	=	0	0	0
chr2	12085	44838235	44838238	3	1	0	1	0	0	1	0	=	0	0	0
chr2	12086	44838362	44838365	3	1	0	1	0	0	1	0	=	0	0	0
chr2	12087	44838482	44838485	3	1	0	1	0	0	1	0	=	0	0	0
chr2	12088	44838542	44838545	3	1	0	1	0	0	1	0	=	0	0	0
chr2	12089	44838734	44838737	3	1	0	1	0	0	1	0	=	0	0	0
chr2	12090	44839575	44839578	3	1	0	1	0	0	1	0	=	0	0	0
chr2	12091	44839593	44839596	3	1	1	1	1	0	0	0	?	0	0	0
chr2	12092	44839822	44839825	3	1	0	1	0	0	1	0	=	0	0	0
chr2	12093	44839996	44839999	3	1	0	1	0	0	1	0	=	0	0	0
chr2	12094	44841549	44841552	3	1	1	1	1	0	0	0	?	0	0	0
chr2	12095	44844063	44844066	3	1	0	1	0	0	1	0	=	0	0	0
chr2	12096	44844287	44844290	3	1	0	1	0	0	1	0	=	0	0	0
chr2	12097	44844888	44844891	3	1	0	1	0	0	1	0	=	0	0	0
chr2	12098	44845310	44845316	6	1	0	1	0	0	4	0	=	0	0	0
chr2	12099	44845848	44845851	3	1	0	1	0	0	1	0	=	0	0	0
chr2	12100	44846109	44846112	3	1	0	1	0	0	1	0	=	0	0	0
chr2	12101	44846527	44846530	3	1	0	1	0	0	1	0	=	0	0	0
chr2	12102	44846677	44846680	3	1	0	1	0	0	1	0	=	0	0	0
chr2	12103	44847293	44847296	3	1	0	1	0	0	1	0	=	0	0	0
chr2	12104	44848863	44848866	3	1	0	1	0	0	1	0	=	0	0	0
chr2	12105	44850177	44850180	3	1	0	1	0	0	1	0	=	0	0	0
chr2	12106	44851135	44851138	3	0	1	0	1	0	1	0	=	0	0	0
chr2	12107	44851523	44851526	3	1	0	1	0	0	1	0	=	0	0	0
chr2	12108	44852034	44852037	3	1	0	1	0	0	1	0	=	0	0	0
chr2	12109	44853012	44853015	3	1	0	1	0	0	1	0	=	0	0	0
chr2	12110	44853101	44853104	3	1	0	1	0	0	1	0	=	0	0	0
chr2	12111	44853680	44853683	3	0	0	1	0	1	1	0	?	0	0	0
chr2	12112	44853893	44853896	3	1	0	1	0	0	1	0	=	0	0	0
chr2	12113	44853938	44853941	3	1	0	1	0	0	1	0	=	0	0	0
chr2	12114	44854396	44854399	3	1	0	1	0	0	1	0	=	0	0	0
chr2	12115	44855018	44855021	3	1	0	1	0	0	1	0	=	0	0	0
chr2	12116	44855646	44855650	4	1	0	1	0	0	2	0	=	0	0	0
chr2	12117	44855854	44855857	3	1	0	1	0	0	1	0	=	0	0	0
chr2	12118	44856866	44856868	2	1	0	1	0	0	2	0	=	0	0	0
chr2	12119	44859550	44859553	3	1	0	1	0	0	1	0	=	0	0	0
chr2	12120	44860187	44860190	3	1	0	1	0	0	1	0	=	0	0	0
chr2	12121	44861606	44861609	3	1	0	1	0	0	1	0	=	0	0	0
chr2	12122	44861898	44861901	3	1	0	1	0	0	1	0	=	0	0	0
chr2	12123	44861947	44861950	3	1	0	1	0	0	1	0	=	0	0	0
chr2	12124	44862073	44862076	3	1	0	1	0	0	1	0	=	0	0	0
chr2	12125	44862524	44862527	3	1	1	1	1	0	0	0	?	0	0	0
chr2	12126	44862539	44862542	3	1	0	1	0	0	1	0	=	0	0	0
chr2	12127	44862676	44862679	3	1	0	1	0	0	1	0	=	0	0	0
chr2	12128	44863260	44863263	3	1	0	1	0	0	1	0	=	0	0	0
chr2	12129	44863423	44863426	3	1	0	1	0	0	1	0	=	0	0	0
chr2	12130	44864067	44864070	3	1	0	1	0	0	1	0	=	0	0	0
chr2	12131	44864412	44864417	5	1	0	1	0	0	3	0	=	0	0	0
chr2	12132	44864979	44864981	2	1	0	1	0	0	1	0	=	0	0	0
chr2	12133	44865445	44865448	3	0	1	0	1	0	1	0	=	0	0	0
chr2	12134	44865498	44865501	3	1	0	1	0	0	1	0	=	0	0	0
chr2	12135	44865894	44865897	3	1	0	1	0	0	1	0	=	0	0	0
chr2	12136	44865946	44865950	4	1	0	1	0	0	2	0	=	0	0	0
chr2	12137	44867235	44867238	3	1	0	1	0	0	1	0	=	0	0	0
chr2	12138	44867686	44867704	18	1	0	1	0	0	16	0	=	0	0	0
chr2	12139	44868260	44868263	3	1	0	1	0	0	1	0	=	0	0	0
chr2	12140	44870374	44870377	3	1	0	1	0	0	1	0	=	0	0	0
chr2	12141	44871189	44871192	3	1	0	1	0	0	1	0	=	0	0	0
chr2	12142	44871464	44871484	20	1	0	2	0	1	3	0	=	0	0	0
chr2	12143	44871978	44871981	3	0	0	1	0	1	1	0	?	0	0	0
chr2	12144	44872609	44872612	3	1	0	1	0	0	1	0	=	0	0	0
chr2	12145	44873067	44873070	3	1	0	1	0	0	1	0	=	0	0	0
chr2	12146	44874807	44874810	3	1	0	1	0	0	1	0	=	0	0	0
chr2	12147	44876106	44876108	2	1	0	1	0	0	1	0	=	0	0	0
chr2	12148	44877243	44877246	3	0	1	0	1	0	1	0	=	0	0	0
chr2	12149	44877591	44877601	10	2	0	2	0	0	2	0	=	0	0	0
chr2	12150	44878391	44878394	3	1	0	1	0	0	1	0	=	0	0	0
chr2	12151	44878456	44878459	3	1	1	1	1	0	0	0	?	0	0	0
chr2	12152	44881671	44881673	2	1	0	1	0	0	2	0	=	0	0	0
chr2	12153	44881922	44881925	3	1	0	1	0	0	1	0	=	0	0	0
chr2	12154	44882723	44882726	3	1	0	1	0	0	1	0	=	0	0	0
chr2	12155	44883913	44883916	3	1	0	1	0	0	1	0	=	0	0	0
chr2	12156	44886020	44886023	3	1	0	1	0	0	1	0	=	0	0	0
chr2	12157	44886176	44886179	3	1	0	1	0	0	1	0	=	0	0	0
chr2	12158	44886711	44886714	3	1	1	1	1	0	0	0	?	0	0	0
chr2	12159	44887328	44887331	3	1	1	1	1	0	0	0	?	0	0	0
chr2	12160	44887911	44887914	3	1	1	1	1	0	0	0	?	0	0	0
chr2	12161	44889241	44889244	3	1	0	1	0	0	1	0	=	0	0	0
chr2	12162	44889796	44889799	3	1	0	1	0	0	1	0	=	0	0	0
chr2	12163	44890561	44890564	3	1	0	1	0	0	1	0	=	0	0	0
chr2	12164	44891132	44891135	3	1	0	1	0	0	1	0	=	0	0	0
chr2	12165	44891369	44891372	3	1	0	1	0	0	1	0	=	0	0	0
chr2	12166	44891385	44891388	3	1	0	1	0	0	1	0	=	0	0	0
chr2	12167	44891692	44891695	3	1	0	1	0	0	1	0	=	0	0	0
chr2	12168	44891903	44891906	3	1	0	1	0	0	1	0	=	0	0	0
chr2	12169	44893237	44893243	6	1	0	1	0	0	4	0	=	0	0	0
chr2	12170	44894325	44894328	3	1	0	1	0	0	1	0	=	0	0	0
chr2	12171	44895127	44895130	3	0	0	1	1	2	2	0	?	0	0	0
chr2	12172	44895201	44895204	3	1	1	1	1	0	0	0	?	0	0	0
chr2	12173	44895474	44895477	3	1	1	1	1	0	0	0	?	0	0	0
chr2	12174	44896624	44896627	3	1	0	1	0	0	1	0	=	0	0	0
chr2	12175	44897150	44897153	3	1	0	1	0	0	1	0	=	0	0	0
chr2	12176	44897422	44897425	3	1	0	1	0	0	1	0	=	0	0	0
chr2	12177	44898940	44898942	2	1	1	1	1	0	0	0	?	0	0	0
chr2	12178	44899005	44899008	3	1	1	1	1	0	0	0	?	0	0	0
chr2	12179	44899238	44899241	3	1	1	1	1	0	0	0	?	0	0	0
chr2	12180	44900713	44900716	3	1	0	1	0	0	1	0	=	0	0	0
chr2	12181	44900979	44900982	3	1	0	1	0	0	1	0	=	0	0	0
chr2	12182	44901246	44901249	3	1	0	1	0	0	1	0	=	0	0	0
chr2	12183	44901352	44901355	3	1	0	1	0	0	1	0	=	0	0	0
chr2	12184	44903264	44903272	8	2	0	2	0	0	2	0	=	0	0	0
chr2	12185	44904010	44904013	3	1	0	1	0	0	1	0	=	0	0	0
chr2	12186	44904502	44904505	3	1	0	1	0	0	1	0	=	0	0	0
chr2	12187	44904906	44904909	3	1	0	1	0	0	1	0	=	0	0	0
chr2	12188	44905324	44905327	3	1	0	1	0	0	1	0	=	0	0	0
chr2	12189	44905723	44905725	2	1	0	1	0	0	1	0	=	0	0	0
chr2	12190	44906497	44906499	2	1	0	1	0	0	12	0	=	0	0	0
chr2	12191	44907730	44907733	3	1	0	1	0	0	1	0	=	0	0	0
chr2	12192	44907759	44907762	3	1	0	1	0	0	1	0	=	0	0	0
chr2	12193	44908744	44908747	3	1	0	1	0	0	1	0	=	0	0	0
chr2	12194	44909552	44909555	3	1	0	1	0	0	1	0	=	0	0	0
chr2	12195	44909601	44909604	3	1	0	1	0	0	1	0	=	0	0	0
chr2	12196	44909974	44909977	3	1	0	1	0	0	1	0	=	0	0	0
chr2	12197	44911038	44911041	3	1	0	1	0	0	1	0	=	0	0	0
chr2	12198	44911184	44911187	3	1	0	1	0	0	1	0	=	0	0	0
chr2	12199	44911303	44911306	3	1	0	1	0	0	1	0	=	0	0	0
chr2	12200	44911366	44911369	3	1	0	1	0	0	1	0	=	0	0	0
chr2	12201	44911952	44911955	3	1	0	1	0	0	1	0	=	0	0	0
chr2	12202	44912012	44912015	3	1	0	1	0	0	1	0	=	0	0	0
chr2	12203	44912638	44912641	3	1	0	1	0	0	1	0	=	0	0	0
chr2	12204	44912763	44912766	3	1	0	1	0	0	1	0	=	0	0	0
chr2	12205	44914024	44914027	3	1	1	1	1	0	0	0	?	0	0	0
chr2	12206	44914039	44914042	3	1	0	1	0	0	1	0	=	0	0	0
chr2	12207	44914077	44914080	3	1	0	1	0	0	1	0	=	0	0	0
chr2	12208	44915532	44915535	3	1	0	1	0	0	1	0	=	0	0	0
chr2	12209	44915573	44915588	15	2	0	2	0	0	5	0	=	0	0	0
chr2	12210	44916034	44916037	3	1	0	1	0	0	1	0	=	0	0	0
chr2	12211	44916076	44916079	3	1	0	1	0	0	1	0	=	0	0	0
chr2	12212	44916097	44916100	3	1	0	1	0	0	1	0	=	0	0	0
chr2	12213	44916241	44916244	3	1	0	1	0	0	1	0	=	0	0	0
chr2	12214	44916513	44916516	3	1	0	1	0	0	1	0	=	0	0	0
chr2	12215	44916563	44916566	3	1	0	1	0	0	1	0	=	0	0	0
chr2	12216	44916753	44916756	3	1	0	1	0	0	1	0	=	0	0	0
chr2	12217	44917325	44917328	3	1	0	1	0	0	1	0	=	0	0	0
chr2	12218	44917397	44917400	3	1	0	1	0	0	1	0	=	0	0	0
chr2	12219	44917467	44917470	3	1	0	1	0	0	1	0	=	0	0	0
chr2	12220	44917611	44917614	3	1	0	1	0	0	1	0	=	0	0	0
chr2	12221	44917652	44917655	3	1	0	1	0	0	1	0	=	0	0	0
chr2	12222	44918130	44918133	3	1	0	1	0	0	1	0	=	0	0	0
chr2	12223	44918366	44918369	3	1	0	1	0	0	1	0	=	0	0	0
chr2	12224	44918455	44918458	3	1	0	1	0	0	1	0	=	0	0	0
chr2	12225	44918589	44918592	3	1	0	1	0	0	1	0	=	0	0	0
chr2	12226	44918720	44918723	3	1	0	1	0	0	1	0	=	0	0	0
chr2	12227	44918828	44918831	3	1	0	1	0	0	1	0	=	0	0	0
chr2	12228	44918864	44918867	3	1	0	1	0	0	1	0	=	0	0	0
chr2	12229	44919303	44919306	3	1	0	1	0	0	1	0	=	0	0	0
chr2	12230	44919371	44919374	3	1	0	1	0	0	1	0	=	0	0	0
chr2	12231	44919405	44919408	3	1	0	1	0	0	1	0	=	0	0	0
chr2	12232	44919894	44919897	3	1	0	1	0	0	1	0	=	0	0	0
chr2	12233	44920175	44920178	3	1	0	1	0	0	1	0	=	0	0	0
chr2	12234	44920341	44920344	3	1	0	1	0	0	1	0	=	0	0	0
chr2	12235	44920357	44920411	54	0	0	2	0	17	17	0	?	0	0	0
chr2	12236	44920552	44920555	3	1	0	1	0	0	1	0	=	0	0	0
chr2	12237	44920583	44920586	3	1	0	1	0	0	1	0	=	0	0	0
chr2	12238	44920994	44920997	3	1	0	1	0	0	1	0	=	0	0	0
chr2	12239	44921066	44921069	3	1	0	1	0	0	1	0	=	0	0	0
chr2	12240	44921862	44921865	3	1	0	1	0	0	1	0	=	0	0	0
chr2	12241	44922013	44922016	3	1	0	1	0	0	1	0	=	0	0	0
chr2	12242	44922232	44922235	3	1	0	1	0	0	1	0	=	0	0	0
chr2	12243	44922252	44922254	2	0	0	1	0	3	3	0	?	0	0	0
chr2	12244	44922459	44922467	8	1	0	1	0	0	6	0	=	0	0	0
chr2	12245	44923336	44923339	3	1	0	1	0	0	1	0	=	0	0	0
chr2	12246	44923806	44923812	6	1	0	1	0	0	4	0	=	0	0	0
chr2	12247	44923914	44923917	3	1	0	1	0	0	1	0	=	0	0	0
chr2	12248	44924016	44924019	3	1	0	1	0	0	1	0	=	0	0	0
chr2	12249	44924101	44924104	3	1	0	1	0	0	1	0	=	0	0	0
chr2	12250	44924300	44924303	3	1	0	1	0	0	1	0	=	0	0	0
chr2	12251	44924467	44924478	11	2	0	2	0	0	2	0	=	0	0	0
chr2	12252	44924549	44924552	3	1	0	1	0	0	1	0	=	0	0	0
chr2	12253	44926651	44926654	3	0	1	1	1	1	2	0	?	0	0	0
chr2	12254	44927548	44927551	3	1	0	1	0	0	1	0	=	0	0	0
chr2	12255	44927767	44927770	3	1	0	1	0	0	1	0	=	0	0	0
chr2	12256	44928634	44928637	3	0	1	0	1	0	1	0	=	0	0	0
chr2	12257	44928794	44928796	2	0	0	1	1	2	2	0	?	0	0	0
chr2	12258	44929372	44929375	3	1	0	1	0	0	1	0	=	0	0	0
chr2	12259	44931057	44931060	3	1	0	1	0	0	1	0	=	0	0	0
chr2	12260	44931692	44931695	3	1	0	1	0	0	1	0	=	0	0	0
chr2	12261	44931950	44931953	3	1	0	1	0	0	1	0	=	0	0	0
chr2	12262	44932232	44932235	3	1	0	1	0	0	1	0	=	0	0	0
chr2	12263	44935497	44935500	3	1	0	1	0	0	1	0	=	0	0	0
chr2	12264	44936183	44936186	3	1	0	1	0	0	1	0	=	0	0	0
chr2	12265	44936200	44936203	3	1	0	1	0	0	1	0	=	0	0	0
chr2	12266	44936556	44936559	3	1	0	1	0	0	1	0	=	0	0	0
chr2	12267	44937874	44937877	3	1	0	1	0	0	1	0	=	0	0	0
chr2	12268	44938971	44938974	3	1	0	1	0	0	1	0	=	0	0	0
chr2	12269	44939224	44939227	3	1	0	1	0	0	1	0	=	0	0	0
chr2	12270	44939253	44939256	3	1	0	1	0	0	1	0	=	0	0	0
chr2	12271	44939775	44939789	14	2	0	2	0	0	2	0	=	0	0	0
chr2	12272	44939812	44939815	3	1	0	1	0	0	1	0	=	0	0	0
chr2	12273	44940095	44940098	3	1	0	1	0	0	1	0	=	0	0	0
chr2	12274	44940429	44940432	3	1	0	1	0	0	1	0	=	0	0	0
chr2	12275	44940992	44940995	3	1	0	1	0	0	1	0	=	0	0	0
chr2	12276	44941806	44941814	8	1	0	1	0	0	6	0	=	0	0	0
chr2	12277	44942192	44942195	3	1	0	1	0	0	1	0	=	0	0	0
chr2	12278	44943051	44943056	5	2	0	2	0	0	2	0	=	0	0	0
chr2	12279	44943294	44943297	3	1	0	1	0	0	1	0	=	0	0	0
chr2	12280	44943374	44943377	3	1	0	1	0	0	1	0	=	0	0	0
chr2	12281	44943905	44943908	3	1	0	1	0	0	1	0	=	0	0	0
chr2	12282	44944219	44944222	3	1	0	1	0	0	1	0	=	0	0	0
chr2	12283	44944701	44944704	3	1	1	1	1	0	0	0	?	0	0	0
chr2	12284	44945309	44945347	38	2	0	2	0	0	3	0	=	0	0	0
chr2	12285	44946193	44946196	3	1	0	1	0	0	1	0	=	0	0	0
chr2	12286	44946531	44946534	3	1	0	1	0	0	1	0	=	0	0	0
chr2	12287	44946704	44946707	3	1	0	1	0	0	1	0	=	0	0	0
chr2	12288	44946971	44946974	3	1	0	1	0	0	1	0	=	0	0	0
chr2	12289	44947063	44947071	8	1	0	1	0	0	6	0	=	0	0	0
chr2	12290	44947628	44947631	3	1	0	1	0	0	1	0	=	0	0	0
chr2	12291	44948148	44948151	3	1	0	1	0	0	1	0	=	0	0	0
chr2	12292	44948380	44948383	3	1	0	1	0	0	1	0	=	0	0	0
chr2	12293	44948444	44948447	3	1	0	1	0	0	1	0	=	0	0	0
chr2	12294	44950152	44950160	8	0	0	1	1	8	8	0	?	0	0	0
chr2	12295	44950862	44950878	16	2	1	2	1	0	13	0	=	0	0	0
chr2	12296	44951032	44951035	3	1	0	1	0	0	1	0	=	0	0	0
chr2	12297	44951188	44951191	3	1	0	1	0	0	1	0	=	0	0	0
chr2	12298	44951352	44951355	3	1	0	1	0	0	1	0	=	0	0	0
chr2	12299	44951588	44951590	2	1	1	1	1	0	0	0	?	0	0	0
chr2	12300	44951689	44951692	3	1	0	1	0	0	1	0	=	0	0	0
chr2	12301	44952128	44952131	3	1	1	1	1	0	0	0	?	0	0	0
chr2	12302	44953009	44953012	3	1	0	1	0	0	1	0	=	0	0	0
chr2	12303	44953281	44953284	3	1	0	1	0	0	1	0	=	0	0	0
chr2	12304	44954193	44954196	3	1	0	1	0	0	1	0	=	0	0	0
chr2	12305	44954923	44954926	3	1	0	1	0	0	1	0	=	0	0	0
chr2	12306	44955827	44955830	3	1	0	1	0	0	1	0	=	0	0	0
chr2	12307	44956244	44956247	3	1	0	1	0	0	1	0	=	0	0	0
chr2	12308	44956858	44956861	3	1	0	1	0	0	1	0	=	0	0	0
chr2	12309	44957282	44957285	3	1	0	1	0	0	1	0	=	0	0	0
chr2	12310	44957493	44957496	3	1	0	1	0	0	1	0	=	0	0	0
chr2	12311	44957630	44957633	3	1	0	1	0	0	1	0	=	0	0	0
chr2	12312	44959349	44959352	3	1	0	1	0	0	1	0	=	0	0	0
chr2	12313	44959754	44959756	2	1	0	1	0	0	5	0	=	0	0	0
chr2	12314	44959986	44959989	3	1	0	1	0	0	1	0	=	0	0	0
chr2	12315	44960429	44960432	3	1	0	1	0	0	1	0	=	0	0	0
chr2	12316	44960512	44960515	3	1	0	1	0	0	1	0	=	0	0	0
chr2	12317	44960788	44960805	17	2	0	2	0	0	3	0	=	0	0	0
chr2	12318	44961229	44961232	3	1	0	1	0	0	1	0	=	0	0	0
chr2	12319	44961870	44961873	3	1	0	1	0	0	1	0	=	0	0	0
chr2	12320	44962100	44962103	3	1	0	1	0	0	1	0	=	0	0	0
chr2	12321	44962300	44962303	3	1	0	1	0	0	1	0	=	0	0	0
chr2	12322	44963610	44963620	10	0	0	1	1	24	24	0	?	0	0	0
chr2	12323	44965041	44965046	5	1	0	1	0	0	3	0	=	0	0	0
chr2	12324	44967148	44967151	3	1	0	1	0	0	1	0	=	0	0	0
chr2	12325	44967881	44967884	3	1	0	1	0	0	1	0	=	0	0	0
chr2	12326	44968648	44968651	3	1	0	1	0	0	1	0	=	0	0	0
chr2	12327	44968838	44968841	3	1	0	1	0	0	1	0	=	0	0	0
chr2	12328	44969998	44970001	3	1	0	1	0	0	1	0	=	0	0	0
chr2	12329	44970210	44970231	21	1	1	1	1	0	2	0	=	0	0	0
chr2	12330	44970516	44970519	3	1	0	1	0	0	1	0	=	0	0	0
chr2	12331	44971069	44971072	3	0	1	0	1	0	1	0	=	0	0	0
chr2	12332	44971169	44971172	3	0	1	0	1	0	1	0	=	0	0	0
chr2	12333	44971182	44971185	3	0	1	0	1	0	1	0	=	0	0	0
chr2	12334	44971692	44971695	3	0	1	0	1	0	1	0	=	0	0	0
chr2	12335	44972028	44972056	28	1	2	1	2	0	2	0	=	0	0	0
chr2	12336	44972098	44972101	3	0	1	0	1	0	1	0	=	0	0	0
chr2	12337	44972166	44972169	3	0	1	0	1	0	1	0	=	0	0	0
chr2	12338	44972210	44972216	6	0	1	1	1	1	5	0	=	0	0	0
chr2	12339	44972450	44972453	3	0	1	0	1	0	1	0	=	0	0	0
chr2	12340	44972868	44972871	3	0	1	0	1	0	1	0	=	0	0	0
chr2	12341	44974008	44974011	3	1	0	1	0	0	1	0	=	0	0	0
chr2	12342	44974692	44974698	6	0	0	1	1	2	2	0	?	0	0	0
chr2	12343	44975446	44975448	2	1	0	1	0	0	6	0	=	0	0	0
chr2	12344	44975926	44975929	3	1	0	1	0	0	1	0	=	0	0	0
chr2	12345	44976023	44976026	3	1	0	1	0	0	1	0	=	0	0	0
chr2	12346	44976082	44976085	3	1	0	1	0	0	1	0	=	0	0	0
chr2	12347	44976309	44976312	3	1	0	1	0	0	1	0	=	0	0	0
chr2	12348	44976442	44976445	3	1	0	1	0	0	1	0	=	0	0	0
chr2	12349	44977002	44977028	26	2	0	2	0	0	6	0	=	0	0	0
chr2	12350	44977550	44977553	3	1	0	1	0	0	1	0	=	0	0	0
chr2	12351	44977692	44977695	3	1	0	1	0	0	1	0	=	0	0	0
chr2	12352	44977915	44977924	9	2	0	2	0	0	2	0	=	0	0	0
chr2	12353	44977992	44977995	3	1	0	1	0	0	1	0	=	0	0	0
chr2	12354	44978154	44978157	3	1	0	1	0	0	1	0	=	0	0	0
chr2	12355	44978202	44978205	3	1	0	1	0	0	1	0	=	0	0	0
chr2	12356	44978254	44978257	3	1	0	1	0	0	1	0	=	0	0	0
chr2	12357	44978458	44978461	3	1	0	1	0	0	1	0	=	0	0	0
chr2	12358	44978525	44978528	3	1	0	1	0	0	1	0	=	0	0	0
chr2	12359	44978564	44978589	25	2	0	2	1	2	17	0	=	0	0	0
chr2	12360	44979055	44979057	2	1	0	1	0	0	4	0	=	0	0	0
chr2	12361	44979097	44979100	3	1	0	1	0	0	1	0	=	0	0	0
chr2	12362	44979173	44979185	12	2	0	2	0	0	2	0	=	0	0	0
chr2	12363	44979199	44979206	7	2	0	2	0	0	4	0	=	0	0	0
chr2	12364	44979311	44979314	3	1	0	1	0	0	1	0	=	0	0	0
chr2	12365	44979372	44979376	4	1	0	1	0	0	2	0	=	0	0	0
chr2	12366	44979960	44979963	3	1	0	1	0	0	1	0	=	0	0	0
chr2	12367	44980090	44980122	32	0	0	1	0	30	30	0	?	0	0	0
chr2	12368	44980450	44980463	13	4	0	4	0	0	5	0	=	0	0	0
chr2	12369	44980478	44980491	13	2	0	2	0	0	2	0	=	0	0	0
chr2	12370	44980538	44980541	3	1	0	1	0	0	1	0	=	0	0	0
chr2	12371	44980683	44980686	3	1	0	1	0	0	1	0	=	0	0	0
chr2	12372	44980727	44980733	6	2	0	2	0	0	2	0	=	0	0	0
chr2	12373	44981067	44981069	2	1	0	1	0	0	1	0	=	0	0	0
chr2	12374	44981465	44981468	3	1	0	1	0	0	1	0	=	0	0	0
chr2	12375	44981551	44981554	3	1	0	1	0	0	1	0	=	0	0	0
chr2	12376	44981812	44981815	3	1	0	1	0	0	1	0	=	0	0	0
chr2	12377	44981997	44982000	3	1	0	1	0	0	1	0	=	0	0	0
chr2	12378	44982166	44982176	10	2	0	2	0	0	2	0	=	0	0	0
chr2	12379	44982277	44982280	3	1	0	1	0	0	1	0	=	0	0	0
chr2	12380	44982608	44982637	29	2	0	2	2	3	16	0	=	0	0	0
chr2	12381	44983028	44983031	3	1	0	1	0	0	1	0	=	0	0	0
chr2	12382	44983290	44983293	3	1	0	1	0	0	1	0	=	0	0	0
chr2	12383	44983445	44983448	3	1	0	1	0	0	1	0	=	0	0	0
chr2	12384	44983500	44983503	3	1	0	1	0	0	1	0	=	0	0	0
chr2	12385	44983664	44983667	3	1	0	1	0	0	1	0	=	0	0	0
chr2	12386	44983702	44983705	3	1	0	1	0	0	1	0	=	0	0	0
chr2	12387	44983758	44983761	3	1	0	1	0	0	1	0	=	0	0	0
chr2	12388	44983822	44983825	3	1	0	1	0	0	1	0	=	0	0	0
chr2	12389	44984047	44984050	3	1	0	1	0	0	1	0	=	0	0	0
chr2	12390	44984088	44984091	3	1	0	1	0	0	1	0	=	0	0	0
chr2	12391	44984143	44984146	3	1	0	1	0	0	1	0	=	0	0	0
chr2	12392	44984327	44984330	3	1	0	1	0	0	1	0	=	0	0	0
chr2	12393	44984479	44984482	3	1	0	1	0	0	1	0	=	0	0	0
chr2	12394	44984602	44984605	3	1	0	1	0	0	1	0	=	0	0	0
chr2	12395	44984762	44984776	14	2	0	2	0	0	2	0	=	0	0	0
chr2	12396	44984951	44984954	3	1	0	1	0	0	1	0	=	0	0	0
chr2	12397	44984975	44984978	3	1	0	1	0	0	1	0	=	0	0	0
chr2	12398	44985117	44985120	3	1	0	1	0	0	1	0	=	0	0	0
chr2	12399	44985147	44985150	3	1	0	1	0	0	1	0	=	0	0	0
chr2	12400	44985225	44985228	3	1	0	1	0	0	1	0	=	0	0	0
chr2	12401	44985380	44985383	3	1	0	1	0	0	1	0	=	0	0	0
chr2	12402	44985491	44985494	3	1	0	1	0	0	1	0	=	0	0	0
chr2	12403	44985884	44985886	2	1	0	1	0	0	5	0	=	0	0	0
chr2	12404	44985985	44985988	3	1	0	1	0	0	1	0	=	0	0	0
chr2	12405	44986147	44986150	3	1	0	1	0	0	1	0	=	0	0	0
chr2	12406	44986261	44986263	2	1	0	1	0	0	1	0	=	0	0	0
chr2	12407	44986336	44986339	3	1	0	1	0	0	1	0	=	0	0	0
chr2	12408	44986550	44986553	3	1	0	1	0	0	1	0	=	0	0	0
chr2	12409	44986882	44986885	3	1	0	1	0	0	1	0	=	0	0	0
chr2	12410	44987408	44987411	3	1	0	1	0	0	1	0	=	0	0	0
chr2	12411	44988729	44988742	13	2	0	2	0	0	2	0	=	0	0	0
chr2	12412	44988796	44988799	3	1	0	1	0	0	1	0	=	0	0	0
chr2	12413	44988816	44988819	3	1	0	1	0	0	1	0	=	0	0	0
chr2	12414	44988946	44988949	3	1	0	1	0	0	1	0	=	0	0	0
chr2	12415	44989005	44989008	3	1	0	1	0	0	1	0	=	0	0	0
chr2	12416	44989138	44989141	3	1	0	1	0	0	1	0	=	0	0	0
chr2	12417	44989565	44989568	3	1	0	1	0	0	1	0	=	0	0	0
chr2	12418	44989898	44989901	3	1	0	1	0	0	1	0	=	0	0	0
chr2	12419	44990139	44990142	3	1	0	1	0	0	1	0	=	0	0	0
chr2	12420	44990188	44990191	3	1	0	1	0	0	1	0	=	0	0	0
chr2	12421	44993128	44993131	3	1	0	1	0	0	1	0	=	0	0	0
chr2	12422	44993207	44993210	3	1	0	1	0	0	1	0	=	0	0	0
chr2	12423	44993384	44993386	2	1	0	1	0	0	6	0	=	0	0	0
chr2	12424	44993938	44993941	3	1	0	1	0	0	1	0	=	0	0	0
chr2	12425	44994075	44994078	3	1	0	1	0	0	1	0	=	0	0	0
chr2	12426	44994164	44994167	3	1	0	1	0	0	1	0	=	0	0	0
chr2	12427	44994402	44994404	2	1	0	1	0	0	1	0	=	0	0	0
chr2	12428	44994806	44994809	3	1	0	1	0	0	1	0	=	0	0	0
chr2	12429	44995771	44995774	3	1	0	1	0	0	1	0	=	0	0	0
chr2	12430	44996130	44996133	3	1	0	1	0	0	1	0	=	0	0	0
chr2	12431	44996368	44996371	3	1	0	1	0	0	1	0	=	0	0	0
chr2	12432	45001385	45001388	3	0	1	0	1	0	1	0	=	0	0	0
chr2	12433	45002284	45002287	3	1	0	1	0	0	1	0	=	0	0	0
chr2	12434	45002731	45002734	3	1	0	1	0	0	1	0	=	0	0	0
chr2	12435	45003040	45003043	3	1	1	1	1	0	0	0	?	0	0	0
chr2	12436	45004249	45004252	3	1	0	1	0	0	1	0	=	0	0	0
chr2	12437	45005545	45005548	3	1	1	1	1	0	0	0	?	0	0	0
chr2	12438	45006920	45006923	3	1	0	1	0	0	1	0	=	0	0	0
chr2	12439	45006972	45006975	3	1	0	1	0	0	1	0	=	0	0	0
chr2	12440	45007222	45007225	3	1	0	1	0	0	1	0	=	0	0	0
chr2	12441	45007869	45007872	3	1	1	1	1	0	0	0	?	0	0	0
chr2	12442	45009662	45009665	3	1	0	1	0	0	1	0	=	0	0	0
chr2	12443	45010855	45010858	3	1	0	1	0	0	1	0	=	0	0	0
chr2	12444	45011032	45011035	3	1	0	1	0	0	1	0	=	0	0	0
chr2	12445	45011070	45011073	3	1	0	1	0	0	1	0	=	0	0	0
chr2	12446	45011569	45011583	14	2	0	2	0	0	2	0	=	0	0	0
chr2	12447	45011880	45011883	3	1	0	1	0	0	1	0	=	0	0	0
chr2	12448	45011929	45011932	3	1	0	1	0	0	1	0	=	0	0	0
chr2	12449	45012033	45012036	3	1	0	1	0	0	1	0	=	0	0	0
chr2	12450	45012252	45012256	4	2	0	2	0	0	2	0	=	0	0	0
chr2	12451	45012497	45012500	3	1	0	1	0	0	1	0	=	0	0	0
chr2	12452	45012567	45012570	3	1	0	1	0	0	1	0	=	0	0	0
chr2	12453	45012852	45012855	3	1	0	1	0	0	1	0	=	0	0	0
chr2	12454	45013607	45013610	3	1	1	1	1	0	0	0	?	0	0	0
chr2	12455	45013663	45013666	3	1	0	1	0	0	1	0	=	0	0	0
chr2	12456	45014189	45014192	3	1	0	1	0	0	1	0	=	0	0	0
chr2	12457	45014475	45014478	3	1	0	1	0	0	1	0	=	0	0	0
chr2	12458	45014684	45014687	3	1	0	1	0	0	1	0	=	0	0	0
chr2	12459	45014867	45014870	3	1	0	1	0	0	1	0	=	0	0	0
chr2	12460	45015060	45015063	3	1	0	1	0	0	1	0	=	0	0	0
chr2	12461	45015080	45015082	2	1	0	1	0	0	2	0	=	0	0	0
chr2	12462	45015486	45015489	3	1	0	1	0	0	1	0	=	0	0	0
chr2	12463	45015550	45015553	3	1	0	1	0	0	1	0	=	0	0	0
chr2	12464	45015582	45015585	3	1	0	1	0	0	1	0	=	0	0	0
chr2	12465	45015644	45015647	3	1	0	1	0	0	1	0	=	0	0	0
chr2	12466	45016634	45016637	3	1	0	1	0	0	1	0	=	0	0	0
chr2	12467	45016713	45016718	5	2	0	1	0	0	1	0	=	0	0	0
chr2	12468	45017628	45017632	4	1	0	1	0	0	2	0	=	0	0	0
chr2	12469	45017657	45017659	2	1	0	1	0	0	1	0	=	0	0	0
chr2	12470	45017981	45017984	3	1	0	1	0	0	1	0	=	0	0	0
chr2	12471	45018024	45018027	3	1	0	1	0	0	1	0	=	0	0	0
chr2	12472	45018201	45018204	3	1	0	1	0	0	1	0	=	0	0	0
chr2	12473	45018393	45018396	3	1	0	1	0	0	1	0	=	0	0	0
chr2	12474	45019360	45019363	3	1	0	1	0	0	1	0	=	0	0	0
chr2	12475	45019628	45019631	3	1	0	1	0	0	1	0	=	0	0	0
chr2	12476	45019816	45019819	3	1	0	1	0	0	1	0	=	0	0	0
chr2	12477	45020629	45020632	3	1	0	1	0	0	1	0	=	0	0	0
chr2	12478	45021127	45021129	2	1	0	1	0	0	6	0	=	0	0	0
chr2	12479	45021437	45021440	3	1	0	1	0	0	1	0	=	0	0	0
chr2	12480	45021460	45021463	3	1	0	1	0	0	1	0	=	0	0	0
chr2	12481	45021631	45021646	15	3	0	3	0	0	3	0	=	0	0	0
chr2	12482	45021701	45021704	3	0	1	0	1	0	1	0	=	0	0	0
chr2	12483	45021877	45021880	3	1	0	1	0	0	1	0	=	0	0	0
chr2	12484	45022259	45022262	3	1	0	1	0	0	1	0	=	0	0	0
chr2	12485	45022285	45022288	3	1	0	1	0	0	1	0	=	0	0	0
chr2	12486	45022696	45022699	3	1	0	1	0	0	1	0	=	0	0	0
chr2	12487	45022756	45022759	3	1	1	1	1	0	0	0	?	0	0	0
chr2	12488	45023015	45023017	2	1	0	1	0	0	1	0	=	0	0	0
chr2	12489	45023669	45023672	3	1	0	1	0	0	1	0	=	0	0	0
chr2	12490	45023730	45023733	3	0	1	0	1	0	1	0	=	0	0	0
chr2	12491	45024727	45024730	3	1	1	1	1	0	0	0	?	0	0	0
chr2	12492	45025099	45025102	3	1	0	1	0	0	1	0	=	0	0	0
chr2	12493	45025227	45025230	3	1	1	1	1	0	0	0	?	0	0	0
chr2	12494	45025574	45025577	3	0	1	0	1	0	1	0	=	0	0	0
chr2	12495	45025987	45025990	3	1	1	1	1	0	0	0	?	0	0	0
chr2	12496	45026259	45026262	3	1	1	1	1	0	0	0	?	0	0	0
chr2	12497	45026437	45026440	3	0	1	0	1	0	1	0	=	0	0	0
chr2	12498	45027386	45027389	3	1	1	1	1	0	0	0	?	0	0	0
chr2	12499	45027633	45027636	3	1	1	1	1	0	0	0	?	0	0	0
chr2	12500	45028012	45028015	3	0	1	0	1	0	1	0	=	0	0	0
chr2	12501	45028046	45028049	3	0	1	0	1	0	1	0	=	0	0	0
chr2	12502	45028146	45028149	3	1	0	1	0	0	1	0	=	0	0	0
chr2	12503	45028657	45028660	3	1	0	1	0	0	1	0	=	0	0	0
chr2	12504	45028724	45028727	3	0	1	0	1	0	1	0	=	0	0	0
chr2	12505	45028980	45028983	3	0	1	0	1	0	1	0	=	0	0	0
chr2	12506	45029005	45029008	3	1	1	1	1	0	0	0	?	0	0	0
chr2	12507	45029035	45029039	4	1	1	1	1	0	2	0	=	0	0	0
chr2	12508	45029082	45029085	3	0	1	0	1	0	1	0	=	0	0	0
chr2	12509	45029267	45029270	3	1	0	1	0	0	1	0	=	0	0	0
chr2	12510	45030786	45030788	2	1	1	1	1	0	12	0	=	0	0	0
chr2	12511	45031011	45031014	3	1	1	1	1	0	0	0	?	0	0	0
chr2	12512	45031286	45031289	3	1	1	1	1	0	0	0	?	0	0	0
chr2	12513	45031668	45031671	3	1	1	1	1	0	0	0	?	0	0	0
chr2	12514	45031720	45031722	2	1	1	1	1	0	0	0	?	0	0	0
chr2	12515	45031744	45031747	3	1	1	1	1	0	0	0	?	0	0	0
chr2	12516	45033718	45033721	3	1	1	1	1	0	0	0	?	0	0	0
chr2	12517	45034059	45034062	3	1	0	1	0	0	1	0	=	0	0	0
chr2	12518	45034465	45034474	9	2	1	1	2	1	0	0	X	0	0	1
chr2	12519	45035143	45035146	3	1	1	1	1	0	0	0	?	0	0	0
chr2	12520	45035256	45035261	5	2	2	2	2	0	0	0	?	0	0	0
chr2	12521	45035323	45035326	3	0	1	0	1	0	1	0	=	0	0	0
chr2	12522	45035408	45035411	3	1	1	1	1	0	0	0	?	0	0	0
chr2	12523	45035767	45035770	3	0	1	0	1	0	1	0	=	0	0	0
chr2	12524	45035970	45035973	3	0	1	0	1	0	1	0	=	0	0	0
chr2	12525	45036108	45036111	3	1	1	1	1	0	0	0	?	0	0	0
chr2	12526	45036171	45036174	3	0	1	0	1	0	1	0	=	0	0	0
chr2	12527	45037114	45037117	3	1	1	1	1	0	0	0	?	0	0	0
chr2	12528	45037514	45037517	3	0	1	0	1	0	1	0	=	0	0	0
chr2	12529	45037521	45037524	3	1	0	1	0	0	1	0	=	0	0	0
chr2	12530	45037665	45037668	3	0	1	0	1	0	1	0	=	0	0	0
chr2	12531	45037881	45037886	5	0	2	0	2	0	2	0	=	0	0	0
chr2	12532	45038083	45038086	3	1	1	1	1	0	0	0	?	0	0	0
chr2	12533	45038172	45038175	3	0	1	0	1	0	1	0	=	0	0	0
chr2	12534	45038347	45038350	3	0	1	0	1	0	1	0	=	0	0	0
chr2	12535	45038736	45038739	3	0	1	0	1	0	1	0	=	0	0	0
chr2	12536	45039308	45039311	3	1	0	1	0	0	1	0	=	0	0	0
chr2	12537	45039840	45039843	3	0	1	0	1	0	1	0	=	0	0	0
chr2	12538	45039929	45039932	3	1	0	1	0	0	1	0	=	0	0	0
chr2	12539	45040715	45040717	2	1	1	1	1	0	10	0	=	0	0	0
chr2	12540	45041701	45041706	5	0	1	1	1	2	3	0	?	0	0	0
chr2	12541	45041945	45041953	8	3	3	3	3	0	0	0	?	0	0	0
chr2	12542	45042681	45042684	3	1	1	1	1	0	0	0	?	0	0	0
chr2	12543	45042893	45042896	3	1	1	1	1	0	0	0	?	0	0	0
chr2	12544	45043079	45043083	4	1	1	1	1	0	0	0	?	0	0	0
chr2	12545	45043485	45043492	7	0	0	2	2	14	14	0	?	0	0	0
chr2	12546	45043591	45043594	3	0	1	0	1	0	1	0	=	0	0	0
chr2	12547	45044174	45044177	3	0	1	0	1	0	1	0	=	0	0	0
chr2	12548	45044579	45044582	3	1	1	1	1	0	0	0	?	0	0	0
chr2	12549	45045056	45045059	3	0	1	0	1	0	1	0	=	0	0	0
chr2	12550	45045368	45045371	3	1	0	1	0	0	1	0	=	0	0	0
chr2	12551	45045437	45045440	3	0	1	0	1	0	1	0	=	0	0	0
chr2	12552	45045646	45045649	3	0	1	0	1	0	1	0	=	0	0	0
chr2	12553	45045671	45045674	3	1	1	1	1	0	0	0	?	0	0	0
chr2	12554	45045709	45045711	2	0	1	0	1	0	3	0	=	0	0	0
chr2	12555	45045900	45045903	3	1	1	1	1	0	0	0	?	0	0	0
chr2	12556	45046022	45046030	8	0	1	0	1	0	6	0	=	0	0	0
chr2	12557	45046046	45046049	3	1	0	1	0	0	1	0	=	0	0	0
chr2	12558	45046362	45046365	3	1	0	1	0	0	1	0	=	0	0	0
chr2	12559	45046916	45046919	3	1	0	1	0	0	1	0	=	0	0	0
chr2	12560	45047444	45047447	3	0	1	0	1	0	1	0	=	0	0	0
chr2	12561	45047450	45047453	3	1	0	1	0	0	1	0	=	0	0	0
chr2	12562	45047537	45047540	3	0	1	0	1	0	1	0	=	0	0	0
chr2	12563	45050459	45050462	3	1	1	1	1	0	0	0	?	0	0	0
chr2	12564	45050493	45050496	3	1	1	1	1	0	0	0	?	0	0	0
chr2	12565	45050567	45050570	3	1	1	1	1	0	0	0	?	0	0	0
chr2	12566	45050612	45050615	3	1	1	1	1	0	0	0	?	0	0	0
chr2	12567	45050901	45050904	3	1	1	1	1	0	0	0	?	0	0	0
chr2	12568	45051653	45051656	3	1	1	1	1	0	0	0	?	0	0	0
chr2	12569	45051816	45051819	3	1	0	1	0	0	1	0	=	0	0	0
chr2	12570	45051872	45051875	3	1	0	0	1	1	0	0	X	0	0	1
chr2	12571	45052046	45052049	3	1	1	1	1	0	0	0	?	0	0	0
chr2	12572	45052209	45052212	3	1	1	1	1	0	0	0	?	0	0	0
chr2	12573	45052617	45052635	18	1	0	2	1	32	33	0	?	0	0	0
chr2	12574	45053068	45053071	3	1	1	1	1	0	0	0	?	0	0	0
chr2	12575	45053494	45053496	2	1	0	1	0	0	3	0	=	0	0	0
chr2	12576	45053563	45053566	3	1	0	1	0	0	1	0	=	0	0	0
chr2	12577	45053891	45053894	3	1	0	1	0	0	1	0	=	0	0	0
chr2	12578	45054219	45054222	3	1	0	1	0	0	1	0	=	0	0	0
chr2	12579	45054883	45054886	3	1	0	1	0	0	1	0	=	0	0	0
chr2	12580	45055713	45055716	3	0	0	0	1	1	1	0	?	0	0	0
chr2	12581	45056029	45056032	3	0	1	0	1	0	1	0	=	0	0	0
chr2	12582	45056218	45056221	3	1	0	1	0	0	1	0	=	0	0	0
chr2	12583	45057024	45057027	3	1	1	1	1	0	0	0	?	0	0	0
chr2	12584	45057377	45057381	4	1	1	1	1	0	0	0	?	0	0	0
chr2	12585	45057979	45057982	3	0	1	0	1	0	1	0	=	0	0	0
chr2	12586	45058498	45058501	3	1	0	1	0	0	1	0	=	0	0	0
chr2	12587	45058501	45058504	3	0	1	0	1	0	1	0	=	0	0	0
chr2	12588	45058811	45058814	3	0	1	0	1	0	1	0	=	0	0	0
chr2	12589	45058972	45058974	2	1	0	1	0	0	1	0	=	0	0	0
chr2	12590	45059580	45059586	6	1	2	1	2	0	1	0	=	0	0	0
chr2	12591	45059766	45059769	3	0	0	0	1	1	1	0	?	0	0	0
chr2	12592	45060160	45060163	3	1	0	1	0	0	1	0	=	0	0	0
chr2	12593	45060330	45060333	3	0	1	0	1	0	1	0	=	0	0	0
chr2	12594	45060385	45060388	3	0	1	0	1	0	1	0	=	0	0	0
chr2	12595	45060441	45060444	3	1	0	1	0	0	1	0	=	0	0	0
chr2	12596	45060479	45060482	3	0	1	0	1	0	1	0	=	0	0	0
chr2	12597	45060865	45060868	3	1	1	1	1	0	0	0	?	0	0	0
chr2	12598	45060951	45060954	3	0	0	0	1	1	1	0	?	0	0	0
chr2	12599	45062301	45062304	3	0	0	0	1	1	1	0	?	0	0	0
chr2	12600	45062414	45062417	3	0	0	1	0	1	1	0	?	0	0	0
chr2	12601	45062479	45062482	3	0	0	0	1	1	1	0	?	0	0	0
chr2	12602	45062597	45062600	3	0	0	0	1	1	1	0	?	0	0	0
chr2	12603	45062783	45062786	3	0	0	0	1	1	1	0	?	0	0	0
chr2	12604	45062835	45062838	3	0	0	0	1	1	1	0	?	0	0	0
chr2	12605	45063150	45063153	3	0	0	0	1	1	1	0	?	0	0	0
chr2	12606	45063429	45063432	3	0	0	0	1	1	1	0	?	0	0	0
chr2	12607	45063457	45063460	3	0	0	0	1	1	1	0	?	0	0	0
chr2	12608	45063717	45063720	3	0	0	1	0	1	1	0	?	0	0	0
chr2	12609	45063740	45063742	2	0	0	0	1	1	1	0	?	0	0	0
chr2	12610	45063905	45063908	3	0	0	0	1	1	1	0	?	0	0	0
chr2	12611	45064492	45064495	3	0	0	1	1	2	2	0	?	0	0	0
chr2	12612	45065167	45065170	3	1	0	1	0	0	1	0	=	0	0	0
chr2	12613	45065379	45065383	4	0	2	2	0	2	0	0	X	0	0	1
chr2	12614	45065431	45065434	3	0	1	0	1	0	1	0	=	0	0	0
chr2	12615	45065524	45065527	3	1	1	1	1	0	0	0	?	0	0	0
chr2	12616	45065564	45065567	3	1	1	1	1	0	0	0	?	0	0	0
chr2	12617	45065939	45065942	3	1	0	1	0	0	1	0	=	0	0	0
chr2	12618	45066200	45066203	3	1	1	1	1	0	0	0	?	0	0	0
chr2	12619	45066568	45066571	3	1	1	1	1	0	0	0	?	0	0	0
chr2	12620	45066650	45066653	3	1	1	1	1	0	0	0	?	0	0	0
chr2	12621	45066884	45066887	3	1	0	1	0	0	1	0	=	0	0	0
chr2	12622	45067031	45067034	3	0	1	0	1	0	1	0	=	0	0	0
chr2	12623	45067186	45067189	3	1	0	1	0	0	1	0	=	0	0	0
chr2	12624	45067240	45067247	7	1	0	1	0	0	5	0	=	0	0	0
chr2	12625	45067345	45067348	3	0	1	0	1	0	1	0	=	0	0	0
chr2	12626	45067614	45067617	3	0	1	0	1	0	1	0	=	0	0	0
chr2	12627	45068206	45068209	3	1	0	1	0	0	1	0	=	0	0	0
chr2	12628	45068932	45068935	3	0	1	0	1	0	1	0	=	0	0	0
chr2	12629	45069018	45069021	3	0	1	0	1	0	1	0	=	0	0	0
chr2	12630	45069048	45069051	3	1	0	1	0	0	1	0	=	0	0	0
chr2	12631	45069152	45069156	4	2	1	2	1	0	1	0	=	0	0	0
chr2	12632	45069384	45069387	3	1	1	1	1	0	0	0	?	0	0	0
chr2	12633	45069824	45069827	3	0	1	0	1	0	1	0	=	0	0	0
chr2	12634	45070435	45070438	3	1	0	1	0	0	1	0	=	0	0	0
chr2	12635	45070944	45070947	3	0	1	0	1	0	1	0	=	0	0	0
chr2	12636	45071039	45071042	3	0	1	0	1	0	1	0	=	0	0	0
chr2	12637	45071203	45071206	3	0	1	0	1	0	1	0	=	0	0	0
chr2	12638	45071283	45071286	3	0	1	1	0	1	0	0	X	0	0	1
chr2	12639	45071527	45071530	3	0	1	0	1	0	1	0	=	0	0	0
chr2	12640	45071558	45071561	3	0	1	1	0	1	0	0	X	0	0	1
chr2	12641	45072240	45072243	3	1	0	1	0	0	1	0	=	0	0	0
chr2	12642	45072456	45072459	3	1	0	1	0	0	1	0	=	0	0	0
chr2	12643	45073054	45073057	3	1	0	1	0	0	1	0	=	0	0	0
chr2	12644	45073542	45073545	3	1	0	1	0	0	1	0	=	0	0	0
chr2	12645	45074386	45074419	33	1	0	1	0	0	31	0	=	0	0	0
chr2	12646	45074493	45074496	3	1	0	1	0	0	1	0	=	0	0	0
chr2	12647	45075273	45075276	3	1	0	1	0	0	1	0	=	0	0	0
chr2	12648	45075682	45075685	3	1	0	1	0	0	1	0	=	0	0	0
chr2	12649	45075938	45075941	3	0	0	1	0	1	1	0	?	0	0	0
chr2	12650	45076161	45076164	3	0	0	1	0	1	1	0	?	0	0	0
chr2	12651	45076311	45076317	6	0	1	0	1	0	4	0	=	0	0	0
chr2	12652	45076472	45076475	3	0	0	1	0	1	1	0	?	0	0	0
chr2	12653	45077041	45077044	3	0	0	1	1	2	2	0	?	0	0	0
chr2	12654	45077073	45077076	3	0	0	1	0	1	1	0	?	0	0	0
chr2	12655	45077227	45077230	3	0	0	0	1	1	1	0	?	0	0	0
chr2	12656	45077611	45077614	3	0	0	1	0	1	1	0	?	0	0	0
chr2	12657	45077834	45077837	3	1	0	1	0	0	1	0	=	0	0	0
chr2	12658	45077899	45077902	3	0	0	1	0	1	1	0	?	0	0	0
chr2	12659	45078323	45078336	13	0	0	2	0	2	2	0	?	0	0	0
chr2	12660	45078434	45078437	3	0	0	1	0	1	1	0	?	0	0	0
chr2	12661	45078493	45078496	3	0	0	1	0	1	1	0	?	0	0	0
chr2	12662	45078545	45078548	3	0	0	1	1	2	2	0	?	0	0	0
chr2	12663	45078801	45078804	3	0	0	1	0	1	1	0	?	0	0	0
chr2	12664	45079018	45079021	3	0	0	1	0	1	1	0	?	0	0	0
chr2	12665	45079150	45079153	3	0	0	1	0	1	1	0	?	0	0	0
chr2	12666	45079287	45079290	3	0	0	1	1	2	2	0	?	0	0	0
chr2	12667	45079682	45084505	4823	16	3	19	6	2409	2426	0	?	0	0	0
chr2	12668	45084622	45084625	3	0	1	0	1	0	1	0	=	0	0	0
chr2	12669	45084744	45084747	3	0	1	0	1	0	1	0	=	0	0	0
chr2	12670	45084768	45084771	3	1	1	1	1	0	0	0	?	0	0	0
chr2	12671	45085055	45085058	3	1	0	1	0	0	1	0	=	0	0	0
chr2	12672	45085221	45085224	3	1	0	1	0	0	1	0	=	0	0	0
chr2	12673	45085322	45085325	3	1	1	1	1	0	0	0	?	0	0	0
chr2	12674	45085441	45085444	3	1	0	1	0	0	1	0	=	0	0	0
chr2	12675	45085589	45085592	3	0	1	0	1	0	1	0	=	0	0	0
chr2	12676	45085678	45085681	3	0	1	0	1	0	1	0	=	0	0	0
chr2	12677	45085826	45085829	3	0	1	0	1	0	1	0	=	0	0	0
chr2	12678	45085852	45085855	3	1	0	1	0	0	1	0	=	0	0	0
chr2	12679	45086050	45086053	3	1	1	1	1	0	0	0	?	0	0	0
chr2	12680	45086126	45086129	3	0	1	0	1	0	1	0	=	0	0	0
chr2	12681	45086212	45086215	3	0	1	0	1	0	1	0	=	0	0	0
chr2	12682	45086281	45086284	3	0	1	0	1	0	1	0	=	0	0	0
chr2	12683	45086344	45086347	3	1	1	1	1	0	0	0	?	0	0	0
chr2	12684	45086411	45086414	3	1	1	1	1	0	0	0	?	0	0	0
chr2	12685	45087356	45087359	3	1	1	1	1	0	0	0	?	0	0	0
chr2	12686	45087388	45087390	2	1	1	1	1	0	0	0	?	0	0	0
chr2	12687	45087463	45087466	3	1	0	1	0	0	1	0	=	0	0	0
chr2	12688	45087639	45087642	3	0	1	0	1	0	1	0	=	0	0	0
chr2	12689	45087765	45087768	3	1	1	1	1	0	0	0	?	0	0	0
chr2	12690	45089591	45089594	3	1	1	1	1	0	0	0	?	0	0	0
chr2	12691	45089693	45089696	3	1	1	1	1	0	0	0	?	0	0	0
