CONTIG	SUPERCLUSTER	START	STOP	SIZE	QUERY1_VARS	QUERY2_VARS	TRUTH1_VARS	TRUTH2_VARS	ORIG_ED	SWAP_ED	PHASE_STATE	SC_PHASE	PHASE_SET	PHASE_BLOCK	FLIP_ERROR
chr22	0	32000535	32000538	3	1	1	1	1	0	0	0	?	0	0	0
chr22	1	32001194	32001197	3	1	1	1	1	0	0	0	?	0	0	0
chr22	2	32009688	32009690	2	1	1	1	1	0	0	0	?	0	0	0
chr22	3	32010079	32010082	3	1	0	1	0	0	1	0	=	0	0	0
chr22	4	32012800	32012802	2	1	1	1	1	0	0	0	?	0	0	0
chr22	5	32014221	32014223	2	0	0	1	1	40	40	0	?	0	0	0
chr22	6	32015411	32015414	3	0	0	0	1	1	1	0	?	0	0	0
chr22	7	32018140	32018143	3	1	1	1	1	0	0	0	?	0	0	0
chr22	8	32019481	32019484	3	1	1	1	1	2	2	0	?	0	0	0
chr22	9	32021258	32021261	3	1	1	1	1	0	0	0	?	0	0	0
chr22	10	32022563	32022566	3	1	1	1	1	0	0	0	?	0	0	0
chr22	11	32026140	32026143	3	1	0	1	0	0	1	0	=	0	0	0
chr22	12	32026758	32026761	3	1	1	1	1	0	0	0	?	0	0	0
chr22	13	32027478	32027480	2	1	1	1	1	0	0	0	?	0	0	0
chr22	14	32031234	32031236	2	0	1	0	1	0	2	0	=	0	0	0
chr22	15	32032291	32032294	3	1	1	1	1	0	0	0	?	0	0	0
chr22	16	32036657	32036660	3	1	1	1	1	0	0	0	?	0	0	0
chr22	17	32037280	32037283	3	1	1	1	1	0	0	0	?	0	0	0
chr22	18	32037835	32037961	126	2	2	2	2	0	0	0	?	0	0	0
chr22	19	32039420	32039423	3	1	1	1	1	0	0	0	?	0	0	0
chr22	20	32039943	32039967	24	1	1	1	1	0	4	0	=	0	0	0
chr22	21	32042952	32042955	3	0	0	1	1	2	2	0	?	0	0	0
chr22	22	32046368	32046370	2	1	1	1	1	0	0	0	?	0	0	0
chr22	23	32046787	32046790	3	1	1	1	1	0	0	0	?	0	0	0
chr22	24	32048228	32048231	3	1	1	1	1	0	0	0	?	0	0	0
chr22	25	32049072	32049416	344	4	4	4	4	2	2	0	?	0	0	0
chr22	26	32054373	32054376	3	1	1	1	1	0	0	0	?	0	0	0
chr22	27	32056436	32056438	2	1	1	1	1	0	0	0	?	0	0	0
chr22	28	32058368	32058371	3	1	1	1	1	0	0	0	?	0	0	0
chr22	29	32060013	32060161	148	4	3	4	4	10	10	0	?	0	0	0
chr22	30	32067355	32067365	10	3	3	3	3	0	0	0	?	0	0	0
chr22	31	32067621	32067624	3	1	1	1	1	0	0	0	?	0	0	0
chr22	32	32067886	32067889	3	1	1	1	1	0	0	0	?	0	0	0
chr22	33	32070023	32070026	3	1	1	1	1	0	0	0	?	0	0	0
chr22	34	32071662	32071665	3	1	1	1	1	0	0	0	?	0	0	0
chr22	35	32075139	32075142	3	1	1	1	1	0	0	0	?	0	0	0
chr22	36	32076470	32076473	3	1	1	1	1	0	0	0	?	0	0	0
chr22	37	32076941	32076944	3	1	1	1	1	0	0	0	?	0	0	0
chr22	38	32077188	32077191	3	1	1	1	1	0	0	0	?	0	0	0
chr22	39	32078953	32078969	16	1	1	1	1	0	0	0	?	0	0	0
chr22	40	32082984	32082986	2	1	0	1	0	0	1	0	=	0	0	0
chr22	41	32091297	32091301	4	1	0	1	0	0	2	0	=	0	0	0
chr22	42	32094011	32094013	2	0	0	1	1	4	4	0	?	0	0	0
chr22	43	32099083	32099108	25	1	0	2	1	2	3	0	?	0	0	0
chr22	44	32110625	32110628	3	0	0	1	0	1	1	0	?	0	0	0
chr22	45	32112468	32112471	3	1	0	1	0	0	1	0	=	0	0	0
chr22	46	32120901	32120904	3	1	0	1	0	0	1	0	=	0	0	0
chr22	47	32126829	32126832	3	1	0	1	0	0	1	0	=	0	0	0
chr22	48	32132154	32132157	3	1	1	1	1	0	0	0	?	0	0	0
chr22	49	32145100	32145103	3	1	1	1	1	0	0	0	?	0	0	0
chr22	50	32145682	32145689	7	0	0	1	0	5	5	0	?	0	0	0
chr22	51	32147900	32147903	3	0	0	1	0	1	1	0	?	0	0	0
chr22	52	32149648	32149651	3	0	0	1	0	1	1	0	?	0	0	0
chr22	53	32149861	32149863	2	1	1	1	1	0	0	0	?	0	0	0
chr22	54	32152463	32152466	3	1	0	1	0	0	1	0	=	0	0	0
chr22	55	32156421	32156424	3	0	0	1	1	2	2	0	?	0	0	0
chr22	56	32164864	32164866	2	1	0	1	0	0	2	0	=	0	0	0
chr22	57	32170207	32170210	3	0	1	0	0	0	0	0	?	0	0	0
chr22	58	32182237	32182240	3	1	0	1	0	0	1	0	=	0	0	0
chr22	59	32183050	32183304	254	3	0	3	0	0	3	0	=	0	0	0
chr22	60	32183561	32184149	588	12	0	12	0	0	16	0	=	0	0	0
chr22	61	32184291	32184944	653	7	0	8	0	1	8	0	=	0	0	0
chr22	62	32185566	32185633	67	2	0	2	0	0	2	0	=	0	0	0
chr22	63	32186121	32186361	240	3	0	3	0	0	3	0	=	0	0	0
chr22	64	32186665	32186829	164	2	0	2	0	0	2	0	=	0	0	0
chr22	65	32187449	32187452	3	1	0	1	0	0	1	0	=	0	0	0
chr22	66	32187884	32188143	259	4	0	4	0	0	8	0	=	0	0	0
chr22	67	32188512	32188840	328	8	0	8	0	0	8	0	=	0	0	0
chr22	68	32189358	32189361	3	1	0	1	0	0	1	0	=	0	0	0
chr22	69	32189704	32190306	602	7	0	7	0	0	7	0	=	0	0	0
chr22	70	32190643	32190646	3	1	0	1	0	0	1	0	=	0	0	0
chr22	71	32190865	32191041	176	6	0	6	0	0	6	0	=	0	0	0
chr22	72	32191489	32191492	3	1	0	1	0	0	1	0	=	0	0	0
chr22	73	32191850	32191920	70	2	0	2	0	0	2	0	=	0	0	0
chr22	74	32192363	32192366	3	1	0	1	0	0	1	0	=	0	0	0
chr22	75	32193034	32193104	70	3	0	3	0	0	3	0	=	0	0	0
chr22	76	32193861	32194147	286	4	0	4	1	1	7	0	=	0	0	0
chr22	77	32194460	32194536	76	2	0	2	0	0	2	0	=	0	0	0
chr22	78	32194863	32194866	3	1	0	1	0	0	1	0	=	0	0	0
chr22	79	32195463	32195465	2	0	1	0	1	0	1	0	=	0	0	0
chr22	80	32195881	32195884	3	1	0	1	0	0	1	0	=	0	0	0
chr22	81	32196131	32196134	3	1	0	1	0	0	1	0	=	0	0	0
chr22	82	32196401	32196404	3	1	0	1	0	0	1	0	=	0	0	0
chr22	83	32197140	32197143	3	1	0	1	0	0	1	0	=	0	0	0
chr22	84	32198367	32198370	3	1	0	1	0	0	1	0	=	0	0	0
chr22	85	32198977	32198980	3	1	0	1	0	0	1	0	=	0	0	0
chr22	86	32199910	32199914	4	2	0	2	0	0	2	0	=	0	0	0
chr22	87	32200606	32200609	3	1	0	1	0	0	1	0	=	0	0	0
chr22	88	32200949	32200952	3	1	0	1	0	0	1	0	=	0	0	0
chr22	89	32202198	32202201	3	1	0	1	0	0	1	0	=	0	0	0
chr22	90	32203728	32203825	97	2	0	2	0	0	2	0	=	0	0	0
chr22	91	32204926	32204929	3	1	0	1	0	0	1	0	=	0	0	0
chr22	92	32206729	32206732	3	1	0	1	0	0	1	0	=	0	0	0
chr22	93	32207025	32207028	3	1	0	1	0	0	1	0	=	0	0	0
chr22	94	32207352	32207355	3	1	0	1	0	0	1	0	=	0	0	0
chr22	95	32207807	32207810	3	1	0	1	0	0	1	0	=	0	0	0
chr22	96	32208022	32208044	22	2	0	2	0	0	2	0	=	0	0	0
chr22	97	32208396	32208513	117	2	1	2	1	0	1	0	=	0	0	0
chr22	98	32208728	32209003	275	6	0	6	0	0	6	0	=	0	0	0
chr22	99	32213471	32213587	116	2	0	3	1	92	94	0	?	0	0	0
chr22	100	32215247	32215250	3	1	0	1	0	0	1	0	=	0	0	0
chr22	101	32218405	32218416	11	0	0	1	0	9	9	0	?	0	0	0
chr22	102	32219558	32219632	74	1	1	2	1	3	5	0	?	0	0	0
chr22	103	32219952	32220035	83	1	1	1	1	0	3	0	=	0	0	0
chr22	104	32221073	32221076	3	1	0	1	0	0	1	0	=	0	0	0
chr22	105	32222772	32223057	285	3	0	3	0	0	3	0	=	0	0	0
chr22	106	32223919	32223922	3	1	0	1	0	0	1	0	=	0	0	0
chr22	107	32225222	32225633	411	4	0	4	0	0	4	0	=	0	0	0
chr22	108	32226550	32226753	203	2	0	2	0	0	2	0	=	0	0	0
chr22	109	32227636	32227639	3	1	0	1	0	0	1	0	=	0	0	0
chr22	110	32228150	32228563	413	4	0	4	0	0	4	0	=	0	0	0
chr22	111	32228879	32228882	3	1	0	1	0	0	1	0	=	0	0	0
chr22	112	32230863	32230866	3	1	0	1	0	0	1	0	=	0	0	0
chr22	113	32232236	32232239	3	1	0	1	0	0	1	0	=	0	0	0
chr22	114	32235975	32235978	3	1	0	1	0	0	1	0	=	0	0	0
chr22	115	32236554	32236557	3	1	0	1	0	0	1	0	=	0	0	0
chr22	116	32237796	32237799	3	1	0	1	0	0	1	0	=	0	0	0
chr22	117	32238195	32238198	3	1	0	1	0	0	1	0	=	0	0	0
chr22	118	32239517	32239599	82	0	0	2	1	32	32	0	?	0	0	0
chr22	119	32240021	32240025	4	1	1	1	1	1	1	0	?	0	0	0
chr22	120	32240449	32240452	3	1	1	1	1	0	0	0	?	0	0	0
chr22	121	32241159	32241301	142	3	1	3	1	0	2	0	=	0	0	0
chr22	122	32241800	32242341	541	6	0	7	0	6	14	0	?	0	0	0
chr22	123	32245665	32245668	3	1	0	1	0	0	1	0	=	0	0	0
chr22	124	32249908	32249911	3	0	1	0	1	0	1	0	=	0	0	0
chr22	125	32250757	32250770	13	2	0	2	0	0	2	0	=	0	0	0
chr22	126	32251148	32251346	198	2	0	2	1	1	5	0	=	0	0	0
chr22	127	32252084	32252403	319	2	2	2	2	0	4	0	=	0	0	0
chr22	128	32252622	32252625	3	0	1	0	1	0	1	0	=	0	0	0
chr22	129	32253442	32253445	3	1	0	1	0	0	1	0	=	0	0	0
chr22	130	32253784	32254214	430	4	0	4	0	0	4	0	=	0	0	0
chr22	131	32254585	32254588	3	1	0	1	0	0	1	0	=	0	0	0
chr22	132	32255273	32255320	47	1	1	1	1	0	2	0	=	0	0	0
chr22	133	32255574	32255577	3	1	0	1	0	0	1	0	=	0	0	0
chr22	134	32256005	32256043	38	3	0	3	0	0	3	0	=	0	0	0
chr22	135	32256262	32256598	336	3	1	3	1	0	4	0	=	0	0	0
chr22	136	32257428	32257673	245	5	0	5	0	0	11	0	=	0	0	0
chr22	137	32258188	32258191	3	1	0	1	0	0	1	0	=	0	0	0
chr22	138	32258855	32258989	134	4	0	4	0	0	4	0	=	0	0	0
chr22	139	32259295	32259298	3	1	0	1	0	0	1	0	=	0	0	0
chr22	140	32259978	32260267	289	4	0	4	0	0	4	0	=	0	0	0
chr22	141	32260507	32260522	15	2	0	2	0	0	3	0	=	0	0	0
chr22	142	32260799	32260802	3	1	0	1	0	0	1	0	=	0	0	0
chr22	143	32261058	32261191	133	2	1	2	1	0	3	0	=	0	0	0
chr22	144	32261408	32261507	99	2	0	2	0	0	2	0	=	0	0	0
chr22	145	32263071	32263074	3	1	1	1	1	0	0	0	?	0	0	0
chr22	146	32265842	32265845	3	0	1	0	1	0	1	0	=	0	0	0
chr22	147	32268252	32268277	25	1	1	1	1	0	2	0	=	0	0	0
chr22	148	32269767	32269803	36	0	2	0	2	0	2	0	=	0	0	0
chr22	149	32271202	32271205	3	0	1	0	1	0	1	0	=	0	0	0
chr22	150	32271518	32271587	69	1	2	1	2	0	1	0	=	0	0	0
chr22	151	32272019	32272022	3	0	1	0	1	0	1	0	=	0	0	0
chr22	152	32272382	32272541	159	0	2	0	2	0	2	0	=	0	0	0
chr22	153	32273830	32274104	274	0	4	0	4	0	4	0	=	0	0	0
chr22	154	32276848	32277061	213	1	2	1	2	0	1	0	=	0	0	0
chr22	155	32277470	32277543	73	0	2	0	2	0	2	0	=	0	0	0
chr22	156	32278010	32278012	2	0	1	0	1	0	4	0	=	0	0	0
chr22	157	32279142	32279145	3	0	1	0	1	0	1	0	=	0	0	0
chr22	158	32280454	32280457	3	0	1	0	1	0	1	0	=	0	0	0
chr22	159	32280852	32280855	3	0	1	0	1	0	1	0	=	0	0	0
chr22	160	32282891	32282894	3	1	0	1	0	0	1	0	=	0	0	0
chr22	161	32283392	32283395	3	0	1	0	1	0	1	0	=	0	0	0
chr22	162	32283815	32283818	3	0	1	0	1	0	1	0	=	0	0	0
chr22	163	32285160	32285163	3	0	1	0	1	0	1	0	=	0	0	0
chr22	164	32285711	32285718	7	0	1	0	1	0	5	0	=	0	0	0
chr22	165	32286030	32286416	386	0	7	0	7	0	7	0	=	0	0	0
chr22	166	32287014	32287510	496	0	6	0	6	0	11	0	=	0	0	0
chr22	167	32287723	32287739	16	0	2	0	2	0	2	0	=	0	0	0
chr22	168	32288004	32288010	6	0	1	0	1	0	4	0	=	0	0	0
chr22	169	32288666	32288873	207	0	2	0	2	0	2	0	=	0	0	0
chr22	170	32289234	32289237	3	0	1	0	1	0	1	0	=	0	0	0
chr22	171	32290068	32290224	156	5	0	0	5	12	0	1	X	0	0	0
chr22	172	32290477	32291207	730	12	0	0	12	19	0	1	X	0	0	0
chr22	173	32291418	32292046	628	16	0	0	16	21	0	1	X	0	0	0
chr22	174	32292134	32292593	459	9	0	0	7	73	0	1	X	0	0	0
chr22	175	32292932	32292935	3	1	0	0	1	1	0	1	X	0	0	0
chr22	176	32293192	32293225	33	3	0	0	3	3	0	1	X	0	0	0
chr22	177	32293629	32294254	625	9	0	0	9	9	0	1	X	0	0	0
chr22	178	32294537	32294912	375	4	0	0	8	18	4	1	X	0	0	0
chr22	179	32295112	32295979	867	0	0	0	14	20	20	1	?	0	0	0
chr22	180	32296244	32296895	651	2	0	0	10	13	11	1	?	0	0	0
chr22	181	32297202	32297205	3	1	0	0	1	1	0	1	X	0	0	0
chr22	182	32297520	32298086	566	1	1	1	9	8	8	1	?	0	0	0
chr22	183	32298248	32298563	315	2	0	0	5	5	3	1	?	0	0	0
chr22	184	32298781	32298818	37	0	0	0	2	2	2	1	?	0	0	0
chr22	185	32299124	32299423	299	1	0	0	4	4	3	1	?	0	0	0
chr22	186	32299662	32299672	10	0	0	0	2	2	2	1	?	0	0	0
chr22	187	32299889	32300435	546	7	0	0	13	16	9	1	?	0	0	0
chr22	188	32300520	32301032	512	13	0	0	13	13	0	1	X	0	0	0
chr22	189	32301176	32302032	856	12	1	1	11	12	0	1	X	0	0	0
chr22	190	32302258	32303003	745	11	0	0	11	11	0	1	X	0	0	0
chr22	191	32303466	32303936	470	6	0	0	7	8	2	1	X	0	0	0
chr22	192	32304181	32304851	670	11	0	0	11	17	0	1	X	0	0	0
chr22	193	32305163	32305291	128	0	1	0	2	1	2	1	?	0	0	0
chr22	194	32305664	32306531	867	0	16	0	17	1	19	0	=	0	0	0
chr22	195	32306827	32307306	479	0	11	0	11	0	15	0	=	0	0	0
chr22	196	32307826	32307937	111	0	2	0	2	0	3	0	=	0	0	0
chr22	197	32308242	32308499	257	1	5	1	5	0	4	0	=	0	0	0
chr22	198	32308762	32309175	413	0	5	0	5	0	8	0	=	0	0	0
chr22	199	32309474	32309485	11	0	2	0	2	0	2	0	=	0	0	0
chr22	200	32310232	32310235	3	0	1	0	1	0	1	0	=	0	0	0
chr22	201	32310510	32310525	15	0	2	0	2	0	11	0	=	0	0	0
chr22	202	32311419	32311422	3	0	1	0	1	0	1	0	=	0	0	0
chr22	203	32311787	32311790	3	0	1	0	1	0	1	0	=	0	0	0
chr22	204	32312363	32312477	114	0	3	0	3	0	6	0	=	0	0	0
chr22	205	32312702	32312705	3	0	1	0	1	0	1	0	=	0	0	0
chr22	206	32313104	32313107	3	0	1	0	1	0	1	0	=	0	0	0
chr22	207	32313615	32313823	208	0	3	0	3	0	3	0	=	0	0	0
chr22	208	32314828	32315285	457	0	7	0	7	0	8	0	=	0	0	0
chr22	209	32315528	32315531	3	0	1	0	1	0	1	0	=	0	0	0
chr22	210	32315813	32316287	474	0	4	0	4	0	5	0	=	0	0	0
chr22	211	32316527	32316935	408	0	5	0	6	12	17	0	?	0	0	0
chr22	212	32317745	32317776	31	0	2	0	2	0	2	0	=	0	0	0
chr22	213	32318225	32318353	128	2	1	2	1	0	1	0	=	0	0	0
chr22	214	32318923	32318926	3	1	1	1	1	0	0	0	?	0	0	0
chr22	215	32319165	32319168	3	1	1	1	1	0	0	0	?	0	0	0
chr22	216	32319570	32319573	3	1	1	1	1	0	0	0	?	0	0	0
chr22	217	32319996	32319999	3	1	1	1	1	0	0	0	?	0	0	0
chr22	218	32320270	32320311	41	1	1	1	1	0	2	0	=	0	0	0
chr22	219	32320735	32320737	2	1	1	1	1	0	0	0	?	0	0	0
chr22	220	32321014	32321287	273	3	4	3	4	0	1	0	=	0	0	0
chr22	221	32321693	32321752	59	1	2	1	2	0	3	0	=	0	0	0
chr22	222	32322053	32322056	3	1	1	1	1	0	0	0	?	0	0	0
chr22	223	32322447	32322586	139	2	2	2	2	0	0	0	?	0	0	0
chr22	224	32323060	32323218	158	2	2	2	2	0	0	0	?	0	0	0
chr22	225	32324581	32324584	3	0	1	0	1	0	1	0	=	0	0	0
chr22	226	32324796	32324799	3	0	1	0	1	0	1	0	=	0	0	0
chr22	227	32325102	32325105	3	0	1	0	1	0	1	0	=	0	0	0
chr22	228	32325635	32325638	3	0	1	0	1	0	1	0	=	0	0	0
chr22	229	32326269	32326456	187	1	2	1	2	0	3	0	=	0	0	0
chr22	230	32326667	32326670	3	0	1	0	1	0	1	0	=	0	0	0
chr22	231	32326974	32327034	60	0	2	0	2	0	2	0	=	0	0	0
chr22	232	32327751	32327754	3	0	1	0	1	0	1	0	=	0	0	0
chr22	233	32328087	32328097	10	1	0	1	0	0	8	0	=	0	0	0
chr22	234	32328366	32328625	259	3	3	3	3	0	0	0	?	0	0	0
chr22	235	32328836	32329040	204	2	2	2	2	0	0	0	?	0	0	0
chr22	236	32329701	32330620	919	2	2	13	15	61	61	0	?	0	0	0
chr22	237	32330858	32331035	177	1	0	5	5	381	381	0	?	0	0	0
chr22	238	32331808	32331811	3	0	1	0	1	0	1	0	=	0	0	0
chr22	239	32332546	32332549	3	1	0	1	0	0	1	0	=	0	0	0
chr22	240	32332977	32332980	3	1	0	1	0	0	1	0	=	0	0	0
chr22	241	32335361	32335364	3	0	1	0	1	0	1	0	=	0	0	0
chr22	242	32335816	32336167	351	0	2	1	3	2	4	0	?	0	0	0
chr22	243	32340140	32340145	5	0	1	0	1	0	3	0	=	0	0	0
chr22	244	32344047	32344455	408	4	0	4	0	0	4	0	=	0	0	0
chr22	245	32344846	32344849	3	1	0	1	0	0	1	0	=	0	0	0
chr22	246	32345134	32345137	3	1	0	1	0	0	1	0	=	0	0	0
chr22	247	32346555	32346614	59	2	0	2	0	0	2	0	=	0	0	0
chr22	248	32347597	32347600	3	1	0	1	0	0	1	0	=	0	0	0
chr22	249	32347980	32348059	79	2	0	2	0	0	2	0	=	0	0	0
chr22	250	32348555	32348558	3	1	0	1	0	0	1	0	=	0	0	0
chr22	251	32348827	32348830	3	1	0	1	0	0	1	0	=	0	0	0
chr22	252	32349110	32349113	3	1	0	1	0	0	1	0	=	0	0	0
chr22	253	32349429	32349432	3	1	0	1	0	0	1	0	=	0	0	0
chr22	254	32349964	32349967	3	1	0	1	0	0	1	0	=	0	0	0
chr22	255	32351073	32351267	194	2	0	2	0	0	2	0	=	0	0	0
chr22	256	32351498	32351501	3	1	0	1	0	0	1	0	=	0	0	0
chr22	257	32351732	32352604	872	5	1	9	1	30	34	0	?	0	0	0
chr22	258	32353040	32353043	3	0	1	0	1	0	1	0	=	0	0	0
chr22	259	32354126	32354129	3	1	0	1	0	0	1	0	=	0	0	0
chr22	260	32354686	32354689	3	1	0	1	0	0	1	0	=	0	0	0
chr22	261	32355084	32355087	3	1	0	1	0	0	1	0	=	0	0	0
chr22	262	32355466	32355469	3	1	0	1	0	0	1	0	=	0	0	0
chr22	263	32355796	32355929	133	2	0	2	0	0	2	0	=	0	0	0
chr22	264	32356504	32356507	3	1	0	1	0	0	1	0	=	0	0	0
chr22	265	32357725	32357728	3	1	1	1	1	0	0	0	?	0	0	0
chr22	266	32357972	32357975	3	0	1	0	1	0	1	0	=	0	0	0
chr22	267	32358297	32358300	3	0	1	0	1	0	1	0	=	0	0	0
chr22	268	32360755	32360758	3	1	0	1	0	0	1	0	=	0	0	0
chr22	269	32364573	32364576	3	1	0	1	0	0	1	0	=	0	0	0
chr22	270	32364829	32364832	3	1	0	1	0	0	1	0	=	0	0	0
chr22	271	32366372	32366751	379	4	0	4	0	0	4	0	=	0	0	0
chr22	272	32367534	32367537	3	0	1	0	1	0	1	0	=	0	0	0
chr22	273	32368399	32368402	3	1	0	1	0	0	1	0	=	0	0	0
chr22	274	32368892	32368895	3	1	0	1	0	0	1	0	=	0	0	0
chr22	275	32370938	32370941	3	0	1	0	1	0	1	0	=	0	0	0
chr22	276	32371437	32371508	71	3	0	4	0	4	11	0	=	0	0	0
chr22	277	32373109	32373284	175	2	0	2	0	0	3	0	=	0	0	0
chr22	278	32373804	32373867	63	2	0	2	0	0	3	0	=	0	0	0
chr22	279	32374429	32374432	3	1	0	1	0	0	1	0	=	0	0	0
chr22	280	32375028	32375111	83	2	0	2	0	0	5	0	=	0	0	0
chr22	281	32375461	32375467	6	1	0	1	0	0	4	0	=	0	0	0
chr22	282	32376123	32376126	3	1	0	1	0	0	1	0	=	0	0	0
chr22	283	32376723	32376925	202	2	0	2	0	0	2	0	=	0	0	0
chr22	284	32377180	32377195	15	2	0	2	0	0	2	0	=	0	0	0
chr22	285	32377925	32377930	5	1	0	1	0	0	3	0	=	0	0	0
chr22	286	32378140	32378143	3	1	0	1	0	0	1	0	=	0	0	0
chr22	287	32378483	32378486	3	0	1	0	1	0	1	0	=	0	0	0
chr22	288	32378955	32379150	195	3	0	3	0	0	3	0	=	0	0	0
chr22	289	32380653	32380656	3	1	0	1	0	0	1	0	=	0	0	0
chr22	290	32381375	32381378	3	1	0	1	0	0	1	0	=	0	0	0
chr22	291	32381943	32381946	3	1	1	1	1	0	0	0	?	0	0	0
chr22	292	32382265	32382452	187	2	0	2	0	0	3	0	=	0	0	0
chr22	293	32383255	32383258	3	1	0	1	0	0	1	0	=	0	0	0
chr22	294	32384481	32384484	3	1	0	1	0	0	1	0	=	0	0	0
chr22	295	32384992	32384994	2	0	0	0	1	1	1	0	?	0	0	0
chr22	296	32385208	32385211	3	1	1	1	1	0	0	0	?	0	0	0
chr22	297	32385433	32385514	81	1	2	1	2	0	1	0	=	0	0	0
chr22	298	32386607	32386610	3	1	0	1	0	0	1	0	=	0	0	0
chr22	299	32386997	32387355	358	3	2	3	2	0	3	0	=	0	0	0
chr22	300	32390265	32390268	3	1	0	1	0	0	1	0	=	0	0	0
chr22	301	32391394	32391397	3	1	0	1	0	0	1	0	=	0	0	0
chr22	302	32391949	32392090	141	2	0	2	0	0	2	0	=	0	0	0
chr22	303	32393531	32393534	3	1	0	1	0	0	1	0	=	0	0	0
chr22	304	32394821	32395017	196	1	1	1	1	0	2	0	=	0	0	0
chr22	305	32395506	32395522	16	2	0	2	0	0	2	0	=	0	0	0
chr22	306	32395941	32395944	3	1	0	1	0	0	1	0	=	0	0	0
chr22	307	32397545	32397548	3	1	0	1	0	0	1	0	=	0	0	0
chr22	308	32399652	32399655	3	1	0	1	0	0	1	0	=	0	0	0
chr22	309	32401089	32401091	2	0	1	0	1	0	1	0	=	0	0	0
chr22	310	32402181	32402184	3	1	0	1	0	0	1	0	=	0	0	0
chr22	311	32402576	32402845	269	2	0	3	0	1	3	0	=	0	0	0
chr22	312	32403088	32403091	3	1	0	1	0	0	1	0	=	0	0	0
chr22	313	32403384	32403387	3	1	0	1	0	0	1	0	=	0	0	0
chr22	314	32404111	32404114	3	1	0	1	0	0	1	0	=	0	0	0
chr22	315	32407602	32407605	3	1	0	1	0	0	1	0	=	0	0	0
chr22	316	32407964	32407967	3	0	1	0	1	0	1	0	=	0	0	0
chr22	317	32408324	32408327	3	1	1	1	1	0	0	0	?	0	0	0
chr22	318	32408636	32408679	43	3	2	3	2	0	1	0	=	0	0	0
chr22	319	32409200	32409202	2	1	1	1	1	0	0	0	?	0	0	0
chr22	320	32409418	32409421	3	0	1	0	1	0	1	0	=	0	0	0
chr22	321	32409819	32409824	5	1	0	1	1	3	3	0	?	0	0	0
chr22	322	32410342	32410345	3	1	1	1	1	0	0	0	?	0	0	0
chr22	323	32410606	32410725	119	1	1	1	2	1	3	0	=	0	0	0
chr22	324	32411386	32411389	3	0	1	0	1	0	1	0	=	0	0	0
chr22	325	32411780	32411783	3	0	1	0	1	0	1	0	=	0	0	0
chr22	326	32412089	32412092	3	1	0	1	0	0	1	0	=	0	0	0
chr22	327	32412366	32412552	186	2	2	2	2	0	0	0	?	0	0	0
chr22	328	32412837	32412840	3	1	0	1	0	0	1	0	=	0	0	0
chr22	329	32413843	32413846	3	0	1	0	1	0	1	0	=	0	0	0
chr22	330	32414389	32414392	3	1	0	1	0	0	1	0	=	0	0	0
chr22	331	32415963	32415966	3	1	0	1	0	0	1	0	=	0	0	0
chr22	332	32416323	32416326	3	1	0	1	0	0	1	0	=	0	0	0
chr22	333	32417188	32417191	3	1	1	1	1	0	0	0	?	0	0	0
chr22	334	32418177	32418180	3	1	0	1	0	0	1	0	=	0	0	0
chr22	335	32419409	32419412	3	1	0	1	0	0	1	0	=	0	0	0
chr22	336	32419802	32419806	4	1	1	1	1	0	3	0	=	0	0	0
chr22	337	32420333	32420472	139	2	0	2	0	0	3	0	=	0	0	0
chr22	338	32421158	32421161	3	1	0	1	0	0	1	0	=	0	0	0
chr22	339	32423576	32423582	6	0	0	1	0	4	4	0	?	0	0	0
chr22	340	32424573	32424754	181	0	0	6	1	23	23	0	?	0	0	0
chr22	341	32424968	32425153	185	3	0	3	0	0	3	0	=	0	0	0
chr22	342	32425412	32425415	3	1	0	1	0	0	1	0	=	0	0	0
chr22	343	32426296	32426299	3	1	0	1	0	0	1	0	=	0	0	0
chr22	344	32426628	32426631	3	1	0	1	0	0	1	0	=	0	0	0
chr22	345	32426890	32426905	15	1	0	1	1	1	2	0	?	0	0	0
chr22	346	32428268	32428277	9	0	0	2	0	5	5	0	?	0	0	0
chr22	347	32428919	32428922	3	1	0	1	0	0	1	0	=	0	0	0
chr22	348	32429199	32429201	2	1	0	1	0	0	6	0	=	0	0	0
chr22	349	32429425	32429613	188	3	0	4	1	3	6	0	?	0	0	0
chr22	350	32430288	32430291	3	1	0	1	0	0	1	0	=	0	0	0
chr22	351	32431069	32431072	3	1	0	1	0	0	1	0	=	0	0	0
chr22	352	32431597	32431600	3	1	0	1	0	0	1	0	=	0	0	0
chr22	353	32432083	32432357	274	2	2	2	2	0	2	0	=	0	0	0
chr22	354	32433105	32433108	3	1	1	1	1	0	0	0	?	0	0	0
chr22	355	32434081	32434236	155	2	2	2	2	0	5	0	=	0	0	0
chr22	356	32434969	32434993	24	1	2	1	2	0	1	0	=	0	0	0
chr22	357	32435421	32435554	133	1	1	1	1	0	2	0	=	0	0	0
chr22	358	32436081	32436395	314	4	4	4	3	36	37	0	?	0	0	0
chr22	359	32436885	32437183	298	1	4	1	4	0	3	0	=	0	0	0
chr22	360	32439470	32439708	238	3	2	3	2	0	3	0	=	0	0	0
chr22	361	32440302	32440368	66	1	2	1	2	0	5	0	=	0	0	0
chr22	362	32440695	32440723	28	1	1	1	1	0	2	0	=	0	0	0
chr22	363	32442266	32442539	273	2	2	2	2	0	4	0	=	0	0	0
chr22	364	32443407	32443508	101	0	2	0	2	0	2	0	=	0	0	0
chr22	365	32443773	32443776	3	1	1	1	1	0	0	0	?	0	0	0
chr22	366	32444237	32444240	3	1	0	1	0	0	1	0	=	0	0	0
chr22	367	32444706	32444755	49	2	0	2	0	0	2	0	=	0	0	0
chr22	368	32445366	32445714	348	0	2	1	3	4	6	0	?	0	0	0
chr22	369	32446083	32446086	3	1	0	1	0	0	1	0	=	0	0	0
chr22	370	32446325	32446362	37	2	2	2	2	0	0	0	?	0	0	0
chr22	371	32447447	32448076	629	6	5	6	5	0	3	0	=	0	0	0
chr22	372	32448725	32448867	142	2	1	2	1	0	1	0	=	0	0	0
chr22	373	32449478	32449481	3	1	0	1	0	0	1	0	=	0	0	0
chr22	374	32449738	32449747	9	2	1	2	1	0	1	0	=	0	0	0
chr22	375	32449968	32450164	196	3	4	4	4	10	30	0	=	0	0	0
chr22	376	32450630	32450905	275	1	3	1	3	0	2	0	=	0	0	0
chr22	377	32451127	32451130	3	1	1	1	1	0	0	0	?	0	0	0
chr22	378	32452479	32452751	272	4	4	4	4	0	2	0	=	0	0	0
chr22	379	32453140	32453206	66	2	2	2	2	0	0	0	?	0	0	0
chr22	380	32454811	32455024	213	1	2	1	2	0	3	0	=	0	0	0
chr22	381	32455499	32455502	3	1	0	1	0	0	1	0	=	0	0	0
chr22	382	32456127	32456134	7	0	0	0	1	5	5	0	?	0	0	0
chr22	383	32456423	32456472	49	1	2	2	2	1	7	0	=	0	0	0
chr22	384	32456835	32456938	103	2	1	2	1	0	3	0	=	0	0	0
chr22	385	32457671	32457674	3	1	1	1	1	0	0	0	?	0	0	0
chr22	386	32457959	32457962	3	0	1	0	1	0	1	0	=	0	0	0
chr22	387	32458868	32458871	3	1	0	1	0	0	1	0	=	0	0	0
chr22	388	32459457	32459460	3	1	1	1	1	0	0	0	?	0	0	0
chr22	389	32459849	32459851	2	0	1	0	1	0	5	0	=	0	0	0
chr22	390	32460255	32460258	3	0	1	0	1	0	1	0	=	0	0	0
chr22	391	32460605	32460608	3	0	1	0	1	0	1	0	=	0	0	0
chr22	392	32461010	32461013	3	1	1	1	1	0	0	0	?	0	0	0
chr22	393	32461296	32461299	3	1	1	1	1	0	0	0	?	0	0	0
chr22	394	32461835	32461838	3	1	0	1	0	0	1	0	=	0	0	0
chr22	395	32462117	32462169	52	2	1	2	1	0	1	0	=	0	0	0
chr22	396	32462495	32462695	200	2	1	2	1	0	1	0	=	0	0	0
chr22	397	32463713	32463716	3	1	0	1	0	0	1	0	=	0	0	0
chr22	398	32464261	32464264	3	1	0	1	0	0	1	0	=	0	0	0
chr22	399	32464803	32464806	3	1	0	1	0	0	1	0	=	0	0	0
chr22	400	32465094	32465097	3	1	0	1	0	0	1	0	=	0	0	0
chr22	401	32465473	32465476	3	1	0	1	0	0	1	0	=	0	0	0
chr22	402	32466393	32466396	3	1	0	1	0	0	1	0	=	0	0	0
chr22	403	32466865	32467012	147	1	1	1	1	0	2	0	=	0	0	0
chr22	404	32468890	32469103	213	2	0	2	0	0	3	0	=	0	0	0
chr22	405	32469544	32469689	145	3	0	3	0	0	3	0	=	0	0	0
chr22	406	32469929	32469932	3	1	0	1	0	0	1	0	=	0	0	0
chr22	407	32470945	32470948	3	1	0	1	0	0	1	0	=	0	0	0
chr22	408	32471171	32471174	3	1	0	1	0	0	1	0	=	0	0	0
chr22	409	32471539	32471542	3	1	0	1	0	0	1	0	=	0	0	0
chr22	410	32471887	32471890	3	1	0	1	0	0	1	0	=	0	0	0
chr22	411	32472868	32473025	157	2	1	2	1	0	1	0	=	0	0	0
chr22	412	32473506	32473509	3	1	0	1	0	0	1	0	=	0	0	0
chr22	413	32474317	32474319	2	0	0	1	0	5	5	0	?	0	0	0
chr22	414	32474672	32474783	111	2	0	2	0	0	2	0	=	0	0	0
chr22	415	32475376	32475379	3	1	0	1	0	0	1	0	=	0	0	0
chr22	416	32476269	32476272	3	1	0	1	0	0	1	0	=	0	0	0
chr22	417	32477138	32477141	3	1	0	1	0	0	1	0	=	0	0	0
chr22	418	32478460	32478565	105	2	0	2	0	0	2	0	=	0	0	0
chr22	419	32479201	32479604	403	4	0	4	0	0	4	0	=	0	0	0
chr22	420	32479882	32479885	3	1	0	1	0	0	1	0	=	0	0	0
chr22	421	32480658	32480661	3	1	0	1	0	0	1	0	=	0	0	0
chr22	422	32481020	32481023	3	1	0	1	0	0	1	0	=	0	0	0
chr22	423	32481881	32481883	2	1	1	1	1	0	0	0	?	0	0	0
chr22	424	32483328	32483331	3	1	0	1	0	0	1	0	=	0	0	0
chr22	425	32484596	32484599	3	1	0	1	0	0	1	0	=	0	0	0
chr22	426	32485757	32485760	3	1	0	1	0	0	1	0	=	0	0	0
chr22	427	32486132	32486454	322	4	0	4	0	0	4	0	=	0	0	0
chr22	428	32486819	32486822	3	1	0	1	0	0	1	0	=	0	0	0
chr22	429	32487114	32487358	244	4	0	4	0	0	4	0	=	0	0	0
chr22	430	32488047	32488050	3	1	0	1	0	0	1	0	=	0	0	0
chr22	431	32488392	32488395	3	1	0	1	0	0	1	0	=	0	0	0
chr22	432	32488832	32488978	146	2	0	2	0	0	2	0	=	0	0	0
chr22	433	32489560	32489563	3	1	0	1	0	0	1	0	=	0	0	0
chr22	434	32489791	32489794	3	1	0	1	0	0	1	0	=	0	0	0
chr22	435	32490188	32490191	3	1	0	1	0	0	1	0	=	0	0	0
chr22	436	32490488	32490491	3	1	0	1	0	0	1	0	=	0	0	0
chr22	437	32490731	32490799	68	2	0	2	0	0	2	0	=	0	0	0
chr22	438	32491009	32491164	155	2	0	2	0	0	2	0	=	0	0	0
chr22	439	32491509	32492098	589	9	0	9	0	0	36	0	=	0	0	0
chr22	440	32492633	32492636	3	1	0	1	0	0	1	0	=	0	0	0
chr22	441	32493569	32493572	3	1	0	1	0	0	1	0	=	0	0	0
chr22	442	32493807	32493829	22	2	0	2	0	0	2	0	=	0	0	0
chr22	443	32494106	32494109	3	1	1	1	1	1	2	0	?	0	0	0
chr22	444	32495380	32495382	2	1	0	1	0	0	2	0	=	0	0	0
chr22	445	32496783	32496785	2	1	0	1	0	0	5	0	=	0	0	0
chr22	446	32497916	32497919	3	1	0	1	0	0	1	0	=	0	0	0
chr22	447	32498963	32498970	7	1	0	1	0	0	5	0	=	0	0	0
chr22	448	32499742	32499906	164	2	0	2	0	0	2	0	=	0	0	0
chr22	449	32500124	32500127	3	1	0	1	0	0	1	0	=	0	0	0
chr22	450	32500542	32500811	269	3	0	4	0	12	15	0	?	0	0	0
chr22	451	32501242	32501245	3	1	0	1	0	0	1	0	=	0	0	0
chr22	452	32501481	32501484	3	1	0	1	0	0	1	0	=	0	0	0
chr22	453	32502302	32502305	3	1	0	1	0	0	1	0	=	0	0	0
chr22	454	32503056	32503175	119	4	0	4	0	0	4	0	=	0	0	0
chr22	455	32503823	32503893	70	3	0	3	0	0	44	0	=	0	0	0
chr22	456	32504227	32504230	3	1	0	1	0	0	1	0	=	0	0	0
chr22	457	32505469	32505706	237	2	1	2	1	0	3	0	=	0	0	0
chr22	458	32506369	32506372	3	0	0	0	1	1	1	0	?	0	0	0
chr22	459	32506896	32506899	3	0	1	0	1	0	1	0	=	0	0	0
chr22	460	32508295	32508298	3	0	1	0	1	0	1	0	=	0	0	0
chr22	461	32510983	32510985	2	0	0	0	1	2	2	0	?	0	0	0
chr22	462	32511373	32511376	3	1	1	1	1	0	0	0	?	0	0	0
chr22	463	32511732	32511783	51	0	2	0	2	0	2	0	=	0	0	0
chr22	464	32512302	32512305	3	0	1	0	1	0	1	0	=	0	0	0
chr22	465	32512749	32512752	3	0	1	0	1	0	1	0	=	0	0	0
chr22	466	32513262	32513430	168	0	2	0	2	0	2	0	=	0	0	0
chr22	467	32515922	32515925	3	1	1	1	1	0	0	0	?	0	0	0
chr22	468	32516217	32516375	158	9	9	5	5	0	0	0	?	0	0	0
chr22	469	32516807	32516810	3	0	1	0	1	0	1	0	=	0	0	0
chr22	470	32517136	32517139	3	1	0	1	0	0	1	0	=	0	0	0
chr22	471	32517789	32517792	3	1	0	1	0	0	1	0	=	0	0	0
chr22	472	32519333	32519336	3	1	0	1	0	0	1	0	=	0	0	0
chr22	473	32520924	32520927	3	1	1	1	1	0	0	0	?	0	0	0
chr22	474	32521441	32521443	2	1	1	1	1	0	2	0	=	0	0	0
chr22	475	32523314	32523317	3	0	1	0	1	0	1	0	=	0	0	0
chr22	476	32524110	32524113	3	1	1	1	1	0	0	0	?	0	0	0
chr22	477	32530424	32530457	33	2	1	2	1	0	1	0	=	0	0	0
chr22	478	32531682	32531906	224	6	6	4	5	0	0	0	?	0	0	0
chr22	479	32532446	32532449	3	1	0	0	0	0	0	0	?	0	0	0
chr22	480	32538286	32538729	443	4	0	4	0	0	5	0	=	0	0	0
chr22	481	32539083	32539792	709	9	1	9	1	0	8	0	=	0	0	0
chr22	482	32540061	32540064	3	0	1	0	1	0	1	0	=	0	0	0
chr22	483	32540310	32540313	3	1	0	1	0	0	1	0	=	0	0	0
chr22	484	32540543	32540828	285	1	2	1	2	0	3	0	=	0	0	0
chr22	485	32541049	32541052	3	1	0	1	0	0	1	0	=	0	0	0
chr22	486	32541413	32541416	3	0	1	0	1	0	1	0	=	0	0	0
chr22	487	32541752	32541755	3	1	1	1	1	0	0	0	?	0	0	0
chr22	488	32541971	32542103	132	2	0	2	0	0	2	0	=	0	0	0
chr22	489	32542428	32542431	3	1	1	1	1	0	0	0	?	0	0	0
chr22	490	32543025	32543028	3	0	1	0	1	0	1	0	=	0	0	0
chr22	491	32543488	32543491	3	1	0	1	0	0	1	0	=	0	0	0
chr22	492	32543800	32543829	29	2	1	2	1	0	1	0	=	0	0	0
chr22	493	32544672	32544675	3	1	1	1	1	0	0	0	?	0	0	0
chr22	494	32545128	32545131	3	0	1	0	1	0	1	0	=	0	0	0
chr22	495	32545979	32545982	3	1	1	1	1	0	0	0	?	0	0	0
chr22	496	32546364	32546367	3	1	0	1	0	0	1	0	=	0	0	0
chr22	497	32546942	32546944	2	1	1	1	1	0	0	0	?	0	0	0
chr22	498	32547209	32547212	3	1	1	1	1	0	0	0	?	0	0	0
chr22	499	32547753	32547756	3	0	1	0	1	0	1	0	=	0	0	0
chr22	500	32548039	32548042	3	1	0	1	0	0	1	0	=	0	0	0
chr22	501	32548495	32548498	3	1	0	1	0	0	1	0	=	0	0	0
chr22	502	32548790	32548793	3	0	1	0	1	0	1	0	=	0	0	0
chr22	503	32549818	32549889	71	2	2	2	2	0	4	0	=	0	0	0
chr22	504	32550125	32550367	242	3	2	3	2	0	3	0	=	0	0	0
chr22	505	32550699	32550701	2	1	1	1	1	0	2	0	=	0	0	0
chr22	506	32551526	32551529	3	1	1	1	1	0	2	0	=	0	0	0
chr22	507	32552104	32552107	3	0	1	0	1	0	1	0	=	0	0	0
chr22	508	32552418	32552441	23	3	0	3	0	0	3	0	=	0	0	0
chr22	509	32552991	32552994	3	1	1	1	1	0	0	0	?	0	0	0
chr22	510	32553324	32553397	73	1	2	1	2	0	1	0	=	0	0	0
chr22	511	32553617	32553620	3	0	1	0	1	0	1	0	=	0	0	0
chr22	512	32554065	32554068	3	1	1	1	1	0	0	0	?	0	0	0
chr22	513	32554657	32554664	7	2	2	2	2	0	0	0	?	0	0	0
chr22	514	32556794	32556835	41	1	1	4	4	30	30	0	?	0	0	0
chr22	515	32557270	32557474	204	1	2	1	2	0	3	0	=	0	0	0
chr22	516	32558070	32558073	3	0	1	0	1	0	1	0	=	0	0	0
chr22	517	32558455	32558458	3	0	1	0	1	0	1	0	=	0	0	0
chr22	518	32559555	32559833	278	0	3	0	3	0	3	0	=	0	0	0
chr22	519	32560593	32560596	3	0	1	0	1	0	1	0	=	0	0	0
chr22	520	32562653	32562656	3	0	1	0	1	0	1	0	=	0	0	0
chr22	521	32562903	32562906	3	0	1	0	1	0	1	0	=	0	0	0
chr22	522	32563485	32563488	3	0	1	0	1	0	1	0	=	0	0	0
chr22	523	32564124	32564127	3	0	1	0	1	0	1	0	=	0	0	0
chr22	524	32564850	32565076	226	1	1	1	2	24	26	0	?	0	0	0
chr22	525	32566100	32566103	3	0	1	0	1	0	1	0	=	0	0	0
chr22	526	32567307	32567359	52	0	3	0	3	0	6	0	=	0	0	0
chr22	527	32567995	32567998	3	0	1	0	1	0	1	0	=	0	0	0
chr22	528	32568779	32568782	3	0	1	0	1	0	1	0	=	0	0	0
chr22	529	32569002	32569322	320	1	5	1	5	2	12	0	=	0	0	0
chr22	530	32569532	32569737	205	1	3	2	4	4	15	0	=	0	0	0
chr22	531	32570119	32570639	520	0	9	0	9	0	9	0	=	0	0	0
chr22	532	32571146	32571432	286	0	4	0	4	0	4	0	=	0	0	0
chr22	533	32572105	32572687	582	0	3	1	7	295	297	0	?	0	0	0
chr22	534	32573763	32573900	137	0	2	0	2	0	2	0	=	0	0	0
chr22	535	32574181	32574203	22	0	2	0	2	0	2	0	=	0	0	0
chr22	536	32575912	32575915	3	0	1	0	1	0	1	0	=	0	0	0
chr22	537	32577082	32577283	201	0	2	0	2	0	2	0	=	0	0	0
chr22	538	32579671	32579674	3	0	1	0	1	0	1	0	=	0	0	0
chr22	539	32580353	32580366	13	1	2	1	2	0	1	0	=	0	0	0
chr22	540	32581228	32581299	71	2	0	2	0	0	2	0	=	0	0	0
chr22	541	32581764	32581853	89	3	2	2	2	3	5	0	?	0	0	0
chr22	542	32582239	32582382	143	2	3	2	3	0	6	0	=	0	0	0
chr22	543	32582691	32583002	311	2	3	2	3	0	3	0	=	0	0	0
chr22	544	32583804	32583807	3	0	1	0	1	0	1	0	=	0	0	0
chr22	545	32584053	32584212	159	0	3	0	3	0	3	0	=	0	0	0
chr22	546	32584467	32584622	155	0	3	0	3	0	3	0	=	0	0	0
chr22	547	32585344	32585347	3	0	1	0	1	0	1	0	=	0	0	0
chr22	548	32585737	32586090	353	1	5	1	6	52	60	0	?	0	0	0
chr22	549	32586595	32586598	3	0	1	0	1	0	1	0	=	0	0	0
chr22	550	32587175	32587243	68	0	3	0	3	0	3	0	=	0	0	0
chr22	551	32588120	32588122	2	0	1	0	1	0	3	0	=	0	0	0
chr22	552	32589093	32589096	3	0	1	0	1	0	1	0	=	0	0	0
chr22	553	32589699	32589702	3	0	1	0	1	0	1	0	=	0	0	0
chr22	554	32593336	32593338	2	0	1	0	1	0	3	0	=	0	0	0
chr22	555	32594547	32594550	3	0	1	0	1	0	1	0	=	0	0	0
chr22	556	32595939	32596050	111	0	3	0	3	0	3	0	=	0	0	0
chr22	557	32597044	32597240	196	0	3	1	4	5	8	0	?	0	0	0
chr22	558	32600471	32600474	3	0	1	0	1	0	1	0	=	0	0	0
chr22	559	32601778	32601781	3	0	1	0	1	0	1	0	=	0	0	0
chr22	560	32604406	32605008	602	3	4	3	5	420	422	0	?	0	0	0
chr22	561	32605219	32605222	3	0	1	0	1	0	1	0	=	0	0	0
chr22	562	32605470	32605473	3	1	1	1	1	0	0	0	?	0	0	0
chr22	563	32605720	32605723	3	1	1	1	1	0	0	0	?	0	0	0
chr22	564	32605962	32606166	204	0	3	0	3	0	3	0	=	0	0	0
chr22	565	32606811	32607037	226	1	2	1	2	0	3	0	=	0	0	0
chr22	566	32607319	32607322	3	1	0	1	0	0	1	0	=	0	0	0
chr22	567	32608213	32608216	3	1	0	1	0	0	1	0	=	0	0	0
chr22	568	32608593	32608596	3	1	0	1	0	0	1	0	=	0	0	0
chr22	569	32609118	32609121	3	1	0	1	0	0	1	0	=	0	0	0
chr22	570	32609643	32609652	9	2	1	2	1	0	2	0	=	0	0	0
chr22	571	32610375	32610647	272	4	2	4	2	0	2	0	=	0	0	0
chr22	572	32610979	32611558	579	4	2	5	2	2	12	0	=	0	0	0
chr22	573	32612252	32612521	269	1	3	1	3	0	4	0	=	0	0	0
chr22	574	32613224	32613551	327	1	6	1	6	0	5	0	=	0	0	0
chr22	575	32614159	32614162	3	0	1	0	1	0	1	0	=	0	0	0
chr22	576	32614560	32615433	873	3	4	4	5	14	20	0	?	0	0	0
chr22	577	32616306	32616632	326	0	4	0	4	0	4	0	=	0	0	0
chr22	578	32617074	32617314	240	0	3	0	3	0	3	0	=	0	0	0
chr22	579	32620864	32620868	4	1	1	1	1	0	2	0	=	0	0	0
chr22	580	32621296	32621298	2	0	1	0	1	0	1	0	=	0	0	0
chr22	581	32621881	32621884	3	0	1	0	1	0	1	0	=	0	0	0
chr22	582	32622299	32622302	3	0	1	0	1	0	1	0	=	0	0	0
chr22	583	32622724	32622726	2	0	1	0	1	0	1	0	=	0	0	0
chr22	584	32623801	32623804	3	1	1	1	1	0	0	0	?	0	0	0
chr22	585	32625659	32625662	3	0	1	0	1	0	1	0	=	0	0	0
chr22	586	32625973	32625976	3	1	0	1	0	0	1	0	=	0	0	0
chr22	587	32627810	32627941	131	2	0	2	0	0	2	0	=	0	0	0
chr22	588	32629105	32629256	151	3	1	3	1	0	4	0	=	0	0	0
chr22	589	32631089	32631092	3	1	0	1	0	0	1	0	=	0	0	0
chr22	590	32631308	32631311	3	1	1	1	1	0	0	0	?	0	0	0
chr22	591	32632433	32632435	2	1	1	1	1	0	0	0	?	0	0	0
chr22	592	32632903	32632906	3	1	0	1	0	0	1	0	=	0	0	0
chr22	593	32636238	32636473	235	1	3	1	3	0	6	0	=	0	0	0
chr22	594	32637629	32637640	11	1	0	1	1	2	11	0	=	0	0	0
chr22	595	32637926	32637929	3	1	0	1	0	0	1	0	=	0	0	0
chr22	596	32638218	32638221	3	0	1	0	1	0	1	0	=	0	0	0
chr22	597	32638494	32638497	3	0	1	0	1	0	1	0	=	0	0	0
chr22	598	32639054	32639145	91	2	0	2	0	0	2	0	=	0	0	0
chr22	599	32639653	32639655	2	1	1	1	1	0	0	0	?	0	0	0
chr22	600	32641047	32641050	3	0	1	0	1	0	1	0	=	0	0	0
chr22	601	32641385	32641388	3	0	1	0	1	0	1	0	=	0	0	0
chr22	602	32641606	32641609	3	1	0	1	1	5	6	0	?	0	0	0
chr22	603	32642007	32642010	3	1	1	1	1	0	0	0	?	0	0	0
chr22	604	32642407	32642448	41	1	3	1	3	0	2	0	=	0	0	0
chr22	605	32642672	32642675	3	1	0	1	0	0	1	0	=	0	0	0
chr22	606	32643301	32643304	3	1	0	1	0	0	1	0	=	0	0	0
chr22	607	32643555	32643558	3	0	0	0	1	1	1	0	?	0	0	0
chr22	608	32644072	32644074	2	0	0	0	1	1	1	0	?	0	0	0
chr22	609	32647355	32647358	3	0	1	0	1	0	1	0	=	0	0	0
chr22	610	32648752	32648755	3	1	0	1	0	0	1	0	=	0	0	0
chr22	611	32649407	32649410	3	0	1	0	1	0	1	0	=	0	0	0
chr22	612	32649631	32649634	3	0	1	0	1	0	1	0	=	0	0	0
chr22	613	32657354	32657357	3	1	1	1	1	0	0	0	?	0	0	0
chr22	614	32659054	32659230	176	1	1	2	2	2	2	0	?	0	0	0
chr22	615	32662805	32662808	3	0	1	0	1	0	1	0	=	0	0	0
chr22	616	32664583	32664585	2	0	0	0	1	2	2	0	?	0	0	0
chr22	617	32664990	32665032	42	1	1	3	2	3	3	0	?	0	0	0
chr22	618	32665307	32665359	52	0	0	3	3	6	6	0	?	0	0	0
chr22	619	32666364	32666454	90	0	0	3	3	6	6	0	?	0	0	0
chr22	620	32667878	32667880	2	0	0	1	1	2	2	0	?	0	0	0
chr22	621	32671450	32671454	4	0	0	1	0	2	2	0	?	0	0	0
chr22	622	32675444	32675447	3	1	0	1	0	0	1	0	=	0	0	0
chr22	623	32676258	32676260	2	0	0	1	1	2	2	0	?	0	0	0
chr22	624	32676527	32676654	127	0	0	2	2	4	4	0	?	0	0	0
chr22	625	32679334	32679336	2	0	0	1	1	2	2	0	?	0	0	0
chr22	626	32679838	32679840	2	0	0	1	0	6	6	0	?	0	0	0
chr22	627	32682762	32682764	2	0	0	1	1	2	2	0	?	0	0	0
chr22	628	32685298	32685301	3	0	0	1	1	2	2	0	?	0	0	0
chr22	629	32686680	32686684	4	0	0	2	1	3	3	0	?	0	0	0
chr22	630	32687208	32687210	2	0	0	1	1	2	2	0	?	0	0	0
chr22	631	32687447	32687449	2	1	1	1	1	0	0	0	?	0	0	0
chr22	632	32687751	32687955	204	0	0	2	2	4	4	0	?	0	0	0
chr22	633	32688727	32688729	2	0	0	1	1	2	2	0	?	0	0	0
chr22	634	32690180	32690183	3	0	0	1	1	2	2	0	?	0	0	0
chr22	635	32690563	32690566	3	1	0	1	0	0	1	0	=	0	0	0
chr22	636	32692175	32692208	33	0	0	3	3	6	6	0	?	0	0	0
chr22	637	32692771	32692773	2	0	0	1	1	2	2	0	?	0	0	0
chr22	638	32699600	32699602	2	0	0	1	1	2	2	0	?	0	0	0
chr22	639	32706425	32706428	3	1	0	1	0	0	1	0	=	0	0	0
chr22	640	32709999	32710078	79	2	1	2	1	0	2	0	=	0	0	0
chr22	641	32717163	32717166	3	0	1	0	1	0	1	0	=	0	0	0
chr22	642	32726150	32726351	201	3	3	3	3	0	2	0	=	0	0	0
chr22	643	32726970	32726973	3	1	1	1	1	0	0	0	?	0	0	0
chr22	644	32727456	32727459	3	1	1	1	1	0	0	0	?	0	0	0
chr22	645	32727838	32727841	3	1	1	1	1	0	0	0	?	0	0	0
chr22	646	32728645	32728648	3	1	1	1	1	0	0	0	?	0	0	0
chr22	647	32729100	32729103	3	1	1	1	1	0	0	0	?	0	0	0
chr22	648	32729860	32730091	231	3	3	3	3	0	0	0	?	0	0	0
chr22	649	32730740	32730943	203	2	2	2	2	0	0	0	?	0	0	0
chr22	650	32731428	32731672	244	5	5	5	5	0	0	0	?	0	0	0
chr22	651	32732609	32732776	167	2	2	2	2	0	0	0	?	0	0	0
chr22	652	32733034	32733037	3	1	1	1	1	0	0	0	?	0	0	0
chr22	653	32733944	32733973	29	1	1	2	2	2	2	0	?	0	0	0
chr22	654	32734512	32734514	2	1	1	1	1	0	0	0	?	0	0	0
chr22	655	32735058	32735501	443	4	4	4	4	0	0	0	?	0	0	0
chr22	656	32735741	32735744	3	1	1	1	1	0	0	0	?	0	0	0
chr22	657	32736001	32736078	77	2	2	2	2	0	0	0	?	0	0	0
chr22	658	32736591	32736594	3	1	1	1	1	0	0	0	?	0	0	0
chr22	659	32736902	32736905	3	1	1	1	1	0	0	0	?	0	0	0
chr22	660	32737213	32737216	3	1	1	1	1	0	0	0	?	0	0	0
chr22	661	32737492	32737960	468	6	6	6	6	0	0	0	?	0	0	0
chr22	662	32739173	32739378	205	2	2	2	2	0	0	0	?	0	0	0
chr22	663	32739722	32739937	215	3	3	3	3	0	0	0	?	0	0	0
chr22	664	32740949	32740952	3	1	0	1	0	0	1	0	=	0	0	0
chr22	665	32742272	32742278	6	0	1	0	1	0	4	0	=	0	0	0
chr22	666	32742596	32742697	101	2	0	2	0	0	2	0	=	0	0	0
chr22	667	32743242	32743245	3	1	0	1	0	0	1	0	=	0	0	0
chr22	668	32743504	32743507	3	1	0	1	0	0	1	0	=	0	0	0
chr22	669	32744423	32744426	3	1	0	1	0	0	1	0	=	0	0	0
chr22	670	32744666	32744669	3	1	0	1	0	0	1	0	=	0	0	0
chr22	671	32746165	32746169	4	0	2	0	2	0	2	0	=	0	0	0
chr22	672	32746920	32746923	3	0	1	0	1	0	1	0	=	0	0	0
chr22	673	32747304	32747306	2	0	1	0	1	0	15	0	=	0	0	0
chr22	674	32747540	32747677	137	0	2	0	2	0	2	0	=	0	0	0
chr22	675	32748098	32748101	3	0	1	0	1	0	1	0	=	0	0	0
chr22	676	32748310	32748461	151	0	2	0	2	0	2	0	=	0	0	0
chr22	677	32748886	32748889	3	0	1	0	1	0	1	0	=	0	0	0
chr22	678	32749302	32749304	2	0	0	0	1	1	1	0	?	0	0	0
chr22	679	32750295	32750378	83	0	2	0	2	0	2	0	=	0	0	0
chr22	680	32751495	32751541	46	0	2	0	2	0	2	0	=	0	0	0
chr22	681	32752114	32752117	3	0	1	0	1	0	1	0	=	0	0	0
chr22	682	32752403	32752406	3	0	1	0	1	0	1	0	=	0	0	0
chr22	683	32752931	32752934	3	0	1	0	1	0	1	0	=	0	0	0
chr22	684	32754497	32754551	54	0	2	0	2	0	2	0	=	0	0	0
chr22	685	32755552	32755725	173	0	3	0	3	0	3	0	=	0	0	0
chr22	686	32756057	32756060	3	0	1	0	1	0	1	0	=	0	0	0
chr22	687	32756292	32756388	96	0	2	0	2	0	2	0	=	0	0	0
chr22	688	32756987	32757060	73	0	3	0	3	0	3	0	=	0	0	0
chr22	689	32757293	32757466	173	0	3	1	3	1	5	0	=	0	0	0
chr22	690	32758407	32758410	3	1	0	1	0	0	1	0	=	0	0	0
chr22	691	32758680	32758682	2	0	0	1	0	44	44	0	?	0	0	0
chr22	692	32758986	32759037	51	3	0	3	0	0	3	0	=	0	0	0
chr22	693	32759567	32760057	490	1	0	10	0	138	155	0	?	0	0	0
chr22	694	32760226	32760717	491	3	1	3	1	0	4	0	=	0	0	0
chr22	695	32761179	32761354	175	4	0	4	0	0	4	0	=	0	0	0
chr22	696	32761980	32762038	58	2	0	2	0	0	2	0	=	0	0	0
chr22	697	32762373	32762376	3	1	0	1	0	0	1	0	=	0	0	0
chr22	698	32762628	32762630	2	1	0	1	0	0	1	0	=	0	0	0
chr22	699	32762929	32762932	3	1	0	1	0	0	1	0	=	0	0	0
chr22	700	32765559	32765562	3	1	0	1	0	0	1	0	=	0	0	0
chr22	701	32766035	32766038	3	1	0	1	0	0	1	0	=	0	0	0
chr22	702	32766684	32766687	3	1	0	1	0	0	1	0	=	0	0	0
chr22	703	32767561	32767564	3	1	0	1	0	0	1	0	=	0	0	0
chr22	704	32768334	32768337	3	1	0	1	0	0	1	0	=	0	0	0
chr22	705	32769264	32769267	3	1	0	1	0	0	1	0	=	0	0	0
chr22	706	32769476	32769479	3	1	0	1	0	0	1	0	=	0	0	0
chr22	707	32771680	32771683	3	1	0	1	0	0	1	0	=	0	0	0
chr22	708	32772574	32772577	3	1	0	1	0	0	1	0	=	0	0	0
chr22	709	32772825	32772827	2	0	0	1	1	2	2	0	?	0	0	0
chr22	710	32773127	32773230	103	1	0	2	1	2	3	0	?	0	0	0
chr22	711	32774113	32774154	41	2	0	2	0	0	2	0	=	0	0	0
chr22	712	32774695	32774698	3	1	0	1	0	0	1	0	=	0	0	0
chr22	713	32775193	32775196	3	1	0	1	0	0	1	0	=	0	0	0
chr22	714	32777067	32777070	3	1	0	1	0	0	1	0	=	0	0	0
chr22	715	32778512	32778515	3	1	0	1	0	0	1	0	=	0	0	0
chr22	716	32779033	32779183	150	2	0	2	0	0	2	0	=	0	0	0
chr22	717	32779483	32779486	3	1	0	1	0	0	1	0	=	0	0	0
chr22	718	32780067	32780098	31	1	1	2	1	14	14	0	?	0	0	0
chr22	719	32780338	32780465	127	2	0	2	0	0	2	0	=	0	0	0
chr22	720	32780884	32781064	180	2	0	4	1	28	40	0	?	0	0	0
chr22	721	32782159	32782317	158	2	0	2	0	0	2	0	=	0	0	0
chr22	722	32783463	32783555	92	2	0	2	0	0	2	0	=	0	0	0
chr22	723	32784216	32784219	3	1	0	1	0	0	1	0	=	0	0	0
chr22	724	32785100	32785102	2	1	0	1	0	0	1	0	=	0	0	0
chr22	725	32786229	32786232	3	1	0	1	0	0	1	0	=	0	0	0
chr22	726	32786603	32786606	3	1	0	1	0	0	1	0	=	0	0	0
chr22	727	32786949	32787161	212	3	0	3	0	0	3	0	=	0	0	0
chr22	728	32787595	32787842	247	3	0	3	0	0	3	0	=	0	0	0
chr22	729	32789609	32789612	3	1	0	1	0	0	1	0	=	0	0	0
chr22	730	32790110	32790195	85	2	0	2	0	0	2	0	=	0	0	0
chr22	731	32790405	32790407	2	1	1	1	1	0	0	0	?	0	0	0
chr22	732	32791653	32791656	3	1	0	1	0	0	1	0	=	0	0	0
chr22	733	32792548	32792551	3	1	0	1	0	0	1	0	=	0	0	0
chr22	734	32792988	32792991	3	1	0	1	0	0	1	0	=	0	0	0
chr22	735	32794236	32794239	3	1	0	1	0	0	1	0	=	0	0	0
chr22	736	32795385	32795506	121	2	0	2	0	0	2	0	=	0	0	0
chr22	737	32797062	32797065	3	0	1	0	1	0	1	0	=	0	0	0
chr22	738	32797917	32797920	3	1	1	1	1	0	0	0	?	0	0	0
chr22	739	32798677	32798687	10	1	0	2	0	1	2	0	?	0	0	0
chr22	740	32800705	32800708	3	1	0	1	0	0	1	0	=	0	0	0
chr22	741	32801086	32801089	3	1	0	1	0	0	1	0	=	0	0	0
chr22	742	32802463	32802512	49	0	1	0	2	1	2	0	?	0	0	0
chr22	743	32805025	32805029	4	1	1	1	1	0	0	0	?	0	0	0
chr22	744	32806490	32806493	3	1	0	1	0	0	1	0	=	0	0	0
chr22	745	32807200	32807617	417	5	1	5	1	0	6	0	=	0	0	0
chr22	746	32810875	32810878	3	1	0	1	0	0	1	0	=	0	0	0
chr22	747	32811320	32811323	3	1	0	1	0	0	1	0	=	0	0	0
chr22	748	32811709	32811712	3	1	0	1	0	0	1	0	=	0	0	0
chr22	749	32813485	32813493	8	0	0	1	1	8	8	0	?	0	0	0
chr22	750	32814017	32814325	308	4	1	5	1	64	77	0	?	0	0	0
chr22	751	32816781	32816784	3	1	0	1	0	0	1	0	=	0	0	0
chr22	752	32817061	32817063	2	1	0	1	0	0	1	0	=	0	0	0
chr22	753	32817331	32817334	3	1	0	1	0	0	1	0	=	0	0	0
chr22	754	32822154	32822156	2	1	0	1	0	0	1	0	=	0	0	0
chr22	755	32822571	32822574	3	1	0	1	0	0	1	0	=	0	0	0
chr22	756	32822925	32822931	6	1	0	1	0	0	4	0	=	0	0	0
chr22	757	32823465	32823468	3	1	0	1	0	0	1	0	=	0	0	0
chr22	758	32823899	32823953	54	3	0	3	0	0	3	0	=	0	0	0
chr22	759	32824276	32824360	84	2	1	2	1	0	3	0	=	0	0	0
chr22	760	32824705	32824708	3	1	0	1	0	0	1	0	=	0	0	0
chr22	761	32825042	32825131	89	2	0	2	0	0	2	0	=	0	0	0
chr22	762	32825656	32825664	8	0	0	1	1	7	7	0	?	0	0	0
chr22	763	32825951	32825954	3	1	0	1	0	0	1	0	=	0	0	0
chr22	764	32827607	32827609	2	1	1	1	1	0	0	0	?	0	0	0
chr22	765	32828521	32828524	3	1	1	1	1	0	0	0	?	0	0	0
chr22	766	32828791	32828794	3	1	1	1	1	0	0	0	?	0	0	0
chr22	767	32829035	32829038	3	1	1	1	1	0	0	0	?	0	0	0
chr22	768	32829963	32829966	3	1	1	1	1	0	0	0	?	0	0	0
chr22	769	32830999	32831002	3	1	1	1	1	0	0	0	?	0	0	0
chr22	770	32832082	32832085	3	1	1	1	1	0	0	0	?	0	0	0
chr22	771	32832704	32832707	3	1	0	1	0	0	1	0	=	0	0	0
chr22	772	32833697	32833845	148	2	0	2	0	0	2	0	=	0	0	0
chr22	773	32834322	32834327	5	1	1	1	1	0	3	0	=	0	0	0
chr22	774	32834916	32834919	3	1	0	1	0	0	1	0	=	0	0	0
chr22	775	32836168	32836173	5	2	2	2	2	0	0	0	?	0	0	0
chr22	776	32838210	32838242	32	2	2	2	2	0	0	0	?	0	0	0
chr22	777	32838942	32838945	3	0	1	0	1	0	1	0	=	0	0	0
chr22	778	32839528	32839531	3	1	0	1	0	0	1	0	=	0	0	0
chr22	779	32840555	32840586	31	0	2	0	2	0	2	0	=	0	0	0
chr22	780	32841202	32841205	3	1	0	1	0	0	1	0	=	0	0	0
chr22	781	32841694	32841733	39	1	1	2	2	2	2	0	?	0	0	0
chr22	782	32844301	32844304	3	1	1	1	1	0	0	0	?	0	0	0
chr22	783	32847011	32847014	3	0	1	0	1	0	1	0	=	0	0	0
chr22	784	32848325	32848435	110	2	0	2	0	0	2	0	=	0	0	0
chr22	785	32852736	32852738	2	1	0	1	0	0	4	0	=	0	0	0
chr22	786	32853884	32853887	3	1	0	1	0	0	1	0	=	0	0	0
chr22	787	32855044	32855047	3	1	0	1	0	0	1	0	=	0	0	0
chr22	788	32855419	32855422	3	1	0	1	0	0	1	0	=	0	0	0
chr22	789	32855919	32856280	361	4	0	4	0	0	5	0	=	0	0	0
chr22	790	32857291	32857294	3	1	0	1	0	0	1	0	=	0	0	0
chr22	791	32858294	32858297	3	1	1	1	1	0	0	0	?	0	0	0
chr22	792	32860912	32860916	4	0	1	1	1	2	2	0	?	0	0	0
chr22	793	32861175	32861392	217	3	0	3	0	0	5	0	=	0	0	0
chr22	794	32862061	32862064	3	1	0	1	0	0	1	0	=	0	0	0
chr22	795	32862299	32862302	3	1	0	1	0	0	1	0	=	0	0	0
chr22	796	32863075	32863118	43	2	0	2	0	0	2	0	=	0	0	0
chr22	797	32863636	32863639	3	1	0	1	0	0	1	0	=	0	0	0
chr22	798	32865819	32865822	3	1	0	1	0	0	1	0	=	0	0	0
chr22	799	32867005	32867008	3	1	0	1	0	0	1	0	=	0	0	0
chr22	800	32867442	32867644	202	4	0	4	0	0	4	0	=	0	0	0
chr22	801	32868993	32868996	3	0	1	0	1	0	1	0	=	0	0	0
chr22	802	32869329	32869347	18	0	0	1	1	26	26	0	?	0	0	0
chr22	803	32869688	32869693	5	1	1	1	1	0	3	0	=	0	0	0
chr22	804	32869933	32869936	3	1	0	1	0	0	1	0	=	0	0	0
chr22	805	32870202	32870492	290	5	0	5	0	0	8	0	=	0	0	0
chr22	806	32870876	32870879	3	0	1	0	1	0	1	0	=	0	0	0
chr22	807	32871686	32871853	167	2	0	2	0	0	2	0	=	0	0	0
chr22	808	32872424	32872531	107	2	0	2	0	0	2	0	=	0	0	0
chr22	809	32872935	32872938	3	1	1	1	1	0	4	0	=	0	0	0
chr22	810	32874359	32874475	116	2	0	2	0	0	2	0	=	0	0	0
chr22	811	32876594	32876713	119	2	0	2	0	0	2	0	=	0	0	0
chr22	812	32877649	32877652	3	0	0	1	1	2	2	0	?	0	0	0
chr22	813	32878186	32878189	3	1	0	1	0	0	1	0	=	0	0	0
chr22	814	32879151	32879154	3	1	1	1	1	0	0	0	?	0	0	0
chr22	815	32880114	32880116	2	1	1	1	1	0	0	0	?	0	0	0
chr22	816	32880351	32880354	3	1	1	1	1	0	0	0	?	0	0	0
chr22	817	32880750	32880753	3	1	1	1	1	0	0	0	?	0	0	0
chr22	818	32880967	32881031	64	1	2	1	2	0	1	0	=	0	0	0
chr22	819	32881274	32881277	3	0	1	0	1	0	1	0	=	0	0	0
chr22	820	32881562	32881565	3	1	1	1	1	0	0	0	?	0	0	0
chr22	821	32881944	32882216	272	2	3	2	3	0	1	0	=	0	0	0
chr22	822	32883248	32883251	3	1	1	1	1	0	0	0	?	0	0	0
chr22	823	32886024	32886027	3	1	1	1	1	0	0	0	?	0	0	0
chr22	824	32886954	32886985	31	2	2	2	2	0	0	0	?	0	0	0
chr22	825	32887268	32887271	3	1	1	1	1	0	0	0	?	0	0	0
chr22	826	32888056	32888349	293	3	3	3	3	0	0	0	?	0	0	0
chr22	827	32888805	32888860	55	2	2	2	2	0	0	0	?	0	0	0
chr22	828	32889417	32889420	3	1	1	1	1	0	0	0	?	0	0	0
chr22	829	32889651	32889654	3	1	1	1	1	0	0	0	?	0	0	0
chr22	830	32890688	32890813	125	3	2	3	2	0	1	0	=	0	0	0
chr22	831	32892645	32892648	3	1	1	1	1	0	0	0	?	0	0	0
chr22	832	32893159	32893218	59	2	1	2	1	0	1	0	=	0	0	0
chr22	833	32895446	32895449	3	1	1	1	1	0	0	0	?	0	0	0
chr22	834	32895754	32895757	3	1	1	1	1	0	0	0	?	0	0	0
chr22	835	32896458	32896461	3	1	1	1	1	0	0	0	?	0	0	0
chr22	836	32896925	32896928	3	1	1	1	1	0	0	0	?	0	0	0
chr22	837	32897920	32897923	3	1	1	1	1	0	0	0	?	0	0	0
chr22	838	32899100	32899102	2	0	0	1	1	70	70	0	?	0	0	0
chr22	839	32899771	32900154	383	4	4	3	3	636	636	0	?	0	0	0
chr22	840	32901676	32901679	3	1	1	1	1	0	0	0	?	0	0	0
chr22	841	32902621	32902777	156	3	2	3	2	0	1	0	=	0	0	0
chr22	842	32903032	32903035	3	1	1	1	1	0	0	0	?	0	0	0
chr22	843	32903540	32903543	3	1	1	1	1	0	0	0	?	0	0	0
chr22	844	32904114	32904117	3	1	1	1	1	0	0	0	?	0	0	0
chr22	845	32904360	32904488	128	3	3	3	3	0	0	0	?	0	0	0
chr22	846	32906595	32906598	3	1	1	1	1	0	0	0	?	0	0	0
chr22	847	32907513	32907722	209	2	2	2	2	0	0	0	?	0	0	0
chr22	848	32908113	32908116	3	1	1	1	1	0	0	0	?	0	0	0
chr22	849	32908384	32908387	3	1	1	1	1	0	0	0	?	0	0	0
chr22	850	32909380	32909383	3	1	1	1	1	0	0	0	?	0	0	0
chr22	851	32912720	32912891	171	2	2	2	2	0	0	0	?	0	0	0
chr22	852	32914437	32914743	306	2	1	3	2	2	3	0	?	0	0	0
chr22	853	32915468	32915471	3	1	1	1	1	0	0	0	?	0	0	0
chr22	854	32915724	32915727	3	1	1	1	1	0	0	0	?	0	0	0
chr22	855	32918608	32918611	3	1	1	1	1	0	0	0	?	0	0	0
chr22	856	32920155	32920158	3	1	0	1	0	0	1	0	=	0	0	0
chr22	857	32920652	32920655	3	1	1	1	1	0	0	0	?	0	0	0
chr22	858	32921209	32921212	3	1	1	1	1	0	0	0	?	0	0	0
chr22	859	32923921	32923974	53	1	1	2	2	2	2	0	?	0	0	0
chr22	860	32925865	32925867	2	1	1	1	1	1	1	0	?	0	0	0
chr22	861	32927262	32927411	149	3	3	3	4	1	1	0	?	0	0	0
chr22	862	32928405	32928606	201	2	2	2	2	0	0	0	?	0	0	0
chr22	863	32928884	32928887	3	1	1	1	1	0	0	0	?	0	0	0
chr22	864	32931179	32931182	3	1	1	1	1	0	0	0	?	0	0	0
chr22	865	32931817	32932185	368	0	0	2	2	539	539	0	?	0	0	0
chr22	866	32932909	32932912	3	1	1	1	1	0	0	0	?	0	0	0
chr22	867	32933403	32933406	3	1	1	1	1	0	0	0	?	0	0	0
chr22	868	32935121	32935124	3	1	1	1	1	0	0	0	?	0	0	0
chr22	869	32936725	32936728	3	1	1	1	1	0	0	0	?	0	0	0
chr22	870	32937839	32937841	2	1	1	1	1	0	0	0	?	0	0	0
chr22	871	32938505	32938508	3	1	1	1	1	0	0	0	?	0	0	0
chr22	872	32939939	32940388	449	4	4	4	4	0	0	0	?	0	0	0
chr22	873	32941477	32941480	3	1	1	1	1	0	0	0	?	0	0	0
chr22	874	32942431	32942434	3	1	1	1	1	0	0	0	?	0	0	0
chr22	875	32943749	32943752	3	1	1	1	1	0	0	0	?	0	0	0
chr22	876	32945088	32945091	3	0	1	0	1	0	1	0	=	0	0	0
chr22	877	32945861	32945897	36	2	2	2	2	0	0	0	?	0	0	0
chr22	878	32946482	32946485	3	1	1	1	1	0	0	0	?	0	0	0
chr22	879	32948457	32948460	3	1	1	1	1	0	0	0	?	0	0	0
chr22	880	32948735	32948737	2	1	1	1	1	0	0	0	?	0	0	0
chr22	881	32948988	32948991	3	1	1	1	1	0	0	0	?	0	0	0
chr22	882	32949683	32949686	3	1	1	1	1	0	0	0	?	0	0	0
chr22	883	32950246	32950249	3	1	1	1	1	0	0	0	?	0	0	0
chr22	884	32950628	32950631	3	1	1	1	1	0	0	0	?	0	0	0
chr22	885	32954098	32954105	7	1	1	1	1	0	0	0	?	0	0	0
chr22	886	32954953	32954956	3	1	1	1	1	0	0	0	?	0	0	0
chr22	887	32956040	32956050	10	0	0	1	1	16	16	0	?	0	0	0
chr22	888	32961140	32961143	3	1	1	1	1	0	0	0	?	0	0	0
chr22	889	32962800	32962996	196	3	3	3	3	0	0	0	?	0	0	0
chr22	890	32963554	32963557	3	1	1	1	1	0	0	0	?	0	0	0
chr22	891	32964418	32964422	4	1	1	1	1	1	1	0	?	0	0	0
chr22	892	32965542	32965548	6	1	1	1	1	0	0	0	?	0	0	0
chr22	893	32965882	32965885	3	1	0	1	0	0	1	0	=	0	0	0
chr22	894	32966640	32966643	3	1	1	1	1	0	0	0	?	0	0	0
chr22	895	32969291	32969294	3	1	1	1	1	0	0	0	?	0	0	0
chr22	896	32973332	32973335	3	1	1	1	1	0	0	0	?	0	0	0
chr22	897	32974749	32974752	3	1	1	1	1	0	0	0	?	0	0	0
chr22	898	32976995	32976998	3	1	1	1	1	0	0	0	?	0	0	0
chr22	899	32977499	32977502	3	1	1	1	1	0	0	0	?	0	0	0
chr22	900	32978140	32978143	3	1	1	1	1	0	0	0	?	0	0	0
chr22	901	32979186	32979189	3	0	0	1	0	1	1	0	?	0	0	0
chr22	902	32979717	32979976	259	3	3	3	3	0	0	0	?	0	0	0
chr22	903	32980853	32981000	147	2	2	2	2	0	0	0	?	0	0	0
chr22	904	32981515	32981572	57	2	2	2	2	0	0	0	?	0	0	0
chr22	905	32982847	32982850	3	1	1	1	1	0	0	0	?	0	0	0
chr22	906	32983775	32983811	36	2	2	2	2	0	0	0	?	0	0	0
chr22	907	32984160	32984219	59	2	2	2	2	0	0	0	?	0	0	0
chr22	908	32985235	32985238	3	1	1	1	1	0	0	0	?	0	0	0
chr22	909	32986768	32986989	221	4	4	4	4	0	0	0	?	0	0	0
chr22	910	32987432	32987579	147	3	3	3	3	0	0	0	?	0	0	0
chr22	911	32987812	32987815	3	1	1	1	1	0	0	0	?	0	0	0
chr22	912	32988113	32988326	213	3	2	2	2	12	12	0	?	0	0	0
chr22	913	32988848	32989257	409	4	4	4	4	0	0	0	?	0	0	0
chr22	914	32989670	32989857	187	3	3	3	3	0	0	0	?	0	0	0
chr22	915	32990266	32990408	142	2	2	2	3	12	12	0	?	0	0	0
chr22	916	32991337	32991339	2	0	0	1	1	30	30	0	?	0	0	0
chr22	917	32991783	32991811	28	2	2	2	2	0	0	0	?	0	0	0
chr22	918	32992105	32992107	2	1	1	1	1	0	0	0	?	0	0	0
chr22	919	32998775	32998777	2	1	0	1	1	1	1	0	?	0	0	0
chr22	920	33008960	33008963	3	1	0	1	0	1	1	0	?	0	0	0
chr22	921	33009748	33009756	8	1	0	1	1	1	5	0	=	0	0	0
chr22	922	33021861	33021864	3	1	0	1	0	0	1	0	=	0	0	0
chr22	923	33025432	33025435	3	0	0	1	0	1	1	0	?	0	0	0
chr22	924	33036677	33036680	3	0	0	1	0	1	1	0	?	0	0	0
chr22	925	33044903	33044906	3	1	0	1	0	0	1	0	=	0	0	0
chr22	926	33045458	33045461	3	0	0	1	0	1	1	0	?	0	0	0
chr22	927	33048078	33048081	3	1	0	1	0	0	1	0	=	0	0	0
chr22	928	33048290	33048293	3	1	0	1	0	0	1	0	=	0	0	0
chr22	929	33049973	33049976	3	1	0	1	0	0	1	0	=	0	0	0
chr22	930	33050218	33050221	3	1	0	1	0	0	1	0	=	0	0	0
chr22	931	33050478	33050482	4	1	0	1	0	0	2	0	=	0	0	0
chr22	932	33051340	33051343	3	1	0	1	0	0	1	0	=	0	0	0
chr22	933	33051683	33051686	3	2	0	2	0	0	1	0	=	0	0	0
chr22	934	33057434	33057437	3	1	0	1	0	0	1	0	=	0	0	0
chr22	935	33058515	33058518	3	1	0	1	0	0	1	0	=	0	0	0
chr22	936	33059164	33059166	2	1	0	1	0	0	10	0	=	0	0	0
chr22	937	33059811	33059814	3	1	0	1	0	0	1	0	=	0	0	0
chr22	938	33060547	33060550	3	1	0	1	0	0	1	0	=	0	0	0
chr22	939	33060852	33060927	75	2	0	2	0	0	2	0	=	0	0	0
chr22	940	33061896	33062043	147	2	0	2	0	0	2	0	=	0	0	0
chr22	941	33066129	33066132	3	1	0	1	0	0	1	0	=	0	0	0
chr22	942	33066653	33066656	3	1	0	1	0	0	1	0	=	0	0	0
chr22	943	33067048	33067237	189	2	0	2	0	0	2	0	=	0	0	0
chr22	944	33067562	33067565	3	1	0	1	0	0	1	0	=	0	0	0
chr22	945	33068414	33068417	3	1	0	1	0	0	1	0	=	0	0	0
chr22	946	33069580	33069606	26	2	0	2	0	0	2	0	=	0	0	0
chr22	947	33069815	33069817	2	1	0	1	0	0	1	0	=	0	0	0
chr22	948	33070500	33070503	3	1	0	1	0	0	1	0	=	0	0	0
chr22	949	33071020	33071072	52	2	0	2	0	0	2	0	=	0	0	0
chr22	950	33073043	33073046	3	1	0	1	0	0	1	0	=	0	0	0
chr22	951	33074646	33074649	3	1	0	1	0	0	1	0	=	0	0	0
chr22	952	33075610	33075613	3	1	0	1	0	0	1	0	=	0	0	0
chr22	953	33077320	33077323	3	1	0	1	0	0	1	0	=	0	0	0
chr22	954	33079220	33079385	165	1	0	2	0	1	2	0	?	0	0	0
chr22	955	33080950	33080952	2	1	0	1	0	0	4	0	=	0	0	0
chr22	956	33082278	33082281	3	1	0	1	0	0	1	0	=	0	0	0
chr22	957	33083942	33083945	3	1	0	1	0	0	1	0	=	0	0	0
chr22	958	33089320	33089322	2	0	0	1	0	9	9	0	?	0	0	0
chr22	959	33089938	33089941	3	0	1	0	1	0	1	0	=	0	0	0
chr22	960	33091558	33091560	2	0	0	1	0	4	4	0	?	0	0	0
chr22	961	33099266	33099276	10	0	0	2	2	4	4	0	?	0	0	0
chr22	962	33102162	33102165	3	1	1	1	1	0	0	0	?	0	0	0
chr22	963	33103431	33103433	2	0	0	1	1	4	4	0	?	0	0	0
chr22	964	33104323	33104326	3	1	1	1	1	0	0	0	?	0	0	0
chr22	965	33104888	33104890	2	0	0	1	1	12	12	0	?	0	0	0
chr22	966	33106179	33106182	3	1	1	1	1	0	0	0	?	0	0	0
chr22	967	33107287	33107290	3	1	1	1	1	0	0	0	?	0	0	0
chr22	968	33109066	33109069	3	1	1	1	1	0	0	0	?	0	0	0
chr22	969	33109833	33109836	3	1	1	1	1	0	0	0	?	0	0	0
chr22	970	33111577	33111848	271	3	0	3	0	0	3	0	=	0	0	0
chr22	971	33112330	33112333	3	1	1	1	1	0	0	0	?	0	0	0
chr22	972	33113008	33113208	200	1	2	1	2	0	2	0	=	0	0	0
chr22	973	33113578	33113581	3	0	1	0	1	0	1	0	=	0	0	0
chr22	974	33113872	33114252	380	1	3	1	3	0	14	0	=	0	0	0
chr22	975	33115206	33115209	3	0	1	0	1	0	1	0	=	0	0	0
chr22	976	33115814	33115816	2	0	0	1	1	2	2	0	?	0	0	0
chr22	977	33116118	33116121	3	1	1	1	1	0	0	0	?	0	0	0
chr22	978	33117434	33117438	4	1	1	1	1	0	0	0	?	0	0	0
chr22	979	33118145	33118148	3	1	1	1	1	0	0	0	?	0	0	0
chr22	980	33120016	33120020	4	0	1	0	1	0	2	0	=	0	0	0
chr22	981	33120357	33120359	2	0	0	1	1	16	16	0	?	0	0	0
chr22	982	33121666	33121777	111	0	2	0	2	0	2	0	=	0	0	0
chr22	983	33123216	33123469	253	0	3	0	3	0	3	0	=	0	0	0
chr22	984	33123764	33123938	174	0	2	0	2	0	2	0	=	0	0	0
chr22	985	33124355	33124357	2	0	0	0	1	80	80	0	?	0	0	0
chr22	986	33125351	33125448	97	0	2	0	2	0	2	0	=	0	0	0
chr22	987	33126042	33126045	3	0	1	0	1	0	1	0	=	0	0	0
chr22	988	33126508	33126544	36	0	2	0	2	0	2	0	=	0	0	0
chr22	989	33127022	33127124	102	0	2	0	2	0	2	0	=	0	0	0
chr22	990	33127336	33127446	110	1	1	1	1	0	3	0	=	0	0	0
chr22	991	33128500	33128771	271	1	8	1	8	0	13	0	=	0	0	0
chr22	992	33129253	33129256	3	0	1	0	1	0	1	0	=	0	0	0
chr22	993	33129603	33129675	72	0	3	0	3	0	3	0	=	0	0	0
chr22	994	33130079	33130323	244	0	8	0	9	9	17	0	?	0	0	0
chr22	995	33130839	33131420	581	0	6	0	8	9	15	0	?	0	0	0
chr22	996	33131776	33131888	112	0	2	0	2	0	2	0	=	0	0	0
chr22	997	33132511	33132819	308	0	4	0	5	318	321	0	?	0	0	0
chr22	998	33133325	33133328	3	0	1	0	1	0	1	0	=	0	0	0
chr22	999	33133627	33133832	205	0	4	0	4	0	7	0	=	0	0	0
chr22	1000	33134052	33134260	208	0	2	0	2	0	5	0	=	0	0	0
chr22	1001	33134485	33134488	3	0	1	0	1	0	1	0	=	0	0	0
chr22	1002	33135347	33135858	511	0	6	0	6	0	10	0	=	0	0	0
chr22	1003	33136933	33136935	2	0	1	0	1	0	3	0	=	0	0	0
chr22	1004	33137157	33137362	205	0	3	0	3	0	3	0	=	0	0	0
chr22	1005	33137731	33137912	181	0	3	0	3	0	3	0	=	0	0	0
chr22	1006	33138179	33139174	995	0	12	0	12	0	12	0	=	0	0	0
chr22	1007	33139388	33139391	3	0	1	0	1	0	1	0	=	0	0	0
chr22	1008	33139726	33139866	140	0	2	0	2	0	2	0	=	0	0	0
chr22	1009	33140298	33140336	38	0	3	0	3	0	3	0	=	0	0	0
chr22	1010	33140644	33140730	86	0	2	0	2	0	2	0	=	0	0	0
chr22	1011	33141002	33141518	516	1	7	1	7	0	9	0	=	0	0	0
chr22	1012	33141695	33142241	546	0	4	0	4	0	8	0	=	0	0	0
chr22	1013	33142661	33142664	3	0	1	0	1	0	1	0	=	0	0	0
chr22	1014	33143723	33143787	64	0	2	0	2	0	2	0	=	0	0	0
chr22	1015	33144381	33144471	90	1	3	1	3	0	2	0	=	0	0	0
chr22	1016	33145683	33145686	3	0	1	0	1	0	1	0	=	0	0	0
chr22	1017	33145950	33145953	3	0	1	0	1	0	1	0	=	0	0	0
chr22	1018	33146538	33146541	3	0	1	0	1	0	1	0	=	0	0	0
chr22	1019	33147515	33147518	3	1	0	1	0	0	1	0	=	0	0	0
chr22	1020	33148641	33148644	3	0	1	0	1	0	1	0	=	0	0	0
chr22	1021	33149085	33149215	130	0	2	0	2	0	2	0	=	0	0	0
chr22	1022	33149523	33149526	3	0	1	0	1	0	1	0	=	0	0	0
chr22	1023	33150076	33150079	3	0	1	0	1	0	1	0	=	0	0	0
chr22	1024	33151950	33152124	174	0	2	0	2	0	2	0	=	0	0	0
chr22	1025	33153081	33153084	3	0	1	0	1	0	1	0	=	0	0	0
chr22	1026	33153497	33153628	131	0	2	0	2	0	2	0	=	0	0	0
chr22	1027	33154064	33154067	3	0	1	0	1	0	1	0	=	0	0	0
chr22	1028	33154530	33154533	3	0	1	0	1	0	1	0	=	0	0	0
chr22	1029	33154979	33154982	3	0	1	0	1	0	1	0	=	0	0	0
chr22	1030	33155964	33155970	6	0	1	0	1	0	4	0	=	0	0	0
chr22	1031	33156319	33156322	3	0	1	0	1	0	1	0	=	0	0	0
chr22	1032	33156821	33156889	68	0	2	0	2	0	2	0	=	0	0	0
chr22	1033	33157195	33157207	12	0	2	0	2	0	4	0	=	0	0	0
chr22	1034	33157741	33157824	83	0	2	0	2	0	2	0	=	0	0	0
chr22	1035	33158071	33158074	3	0	1	0	1	0	1	0	=	0	0	0
chr22	1036	33158563	33158566	3	0	1	0	1	0	1	0	=	0	0	0
chr22	1037	33158866	33158869	3	0	1	0	1	0	1	0	=	0	0	0
chr22	1038	33159415	33159679	264	1	4	1	4	0	3	0	=	0	0	0
chr22	1039	33159934	33160119	185	1	3	1	3	0	2	0	=	0	0	0
chr22	1040	33160562	33160565	3	0	1	0	1	0	1	0	=	0	0	0
chr22	1041	33161089	33161092	3	0	1	0	1	0	1	0	=	0	0	0
chr22	1042	33161597	33161729	132	0	3	0	3	0	3	0	=	0	0	0
chr22	1043	33162779	33162782	3	0	1	0	1	0	1	0	=	0	0	0
chr22	1044	33163520	33163523	3	0	1	0	1	0	1	0	=	0	0	0
chr22	1045	33164498	33164501	3	0	1	0	1	0	1	0	=	0	0	0
chr22	1046	33164992	33164995	3	0	1	0	1	0	1	0	=	0	0	0
chr22	1047	33165758	33165761	3	0	1	0	1	0	1	0	=	0	0	0
chr22	1048	33166336	33166338	2	0	1	0	1	0	1	0	=	0	0	0
chr22	1049	33166899	33166902	3	0	1	0	1	0	1	0	=	0	0	0
chr22	1050	33167890	33168061	171	0	2	0	2	0	2	0	=	0	0	0
chr22	1051	33168455	33168592	137	0	2	0	2	0	2	0	=	0	0	0
chr22	1052	33169215	33169218	3	0	1	0	1	0	1	0	=	0	0	0
chr22	1053	33169452	33169581	129	0	2	0	2	0	2	0	=	0	0	0
chr22	1054	33170315	33170602	287	0	3	0	3	0	3	0	=	0	0	0
chr22	1055	33171475	33171542	67	0	2	0	2	0	2	0	=	0	0	0
chr22	1056	33172449	33172453	4	0	1	0	1	0	2	0	=	0	0	0
chr22	1057	33173674	33173677	3	0	1	0	1	0	1	0	=	0	0	0
chr22	1058	33173940	33174006	66	0	2	0	2	0	2	0	=	0	0	0
chr22	1059	33175150	33175153	3	0	1	0	1	0	1	0	=	0	0	0
chr22	1060	33175839	33175842	3	0	1	0	1	0	1	0	=	0	0	0
chr22	1061	33176672	33176675	3	0	1	0	1	0	1	0	=	0	0	0
chr22	1062	33177174	33177177	3	0	1	0	1	0	1	0	=	0	0	0
chr22	1063	33177541	33177544	3	0	1	0	1	0	1	0	=	0	0	0
chr22	1064	33178086	33178089	3	0	1	0	1	0	1	0	=	0	0	0
chr22	1065	33178336	33178339	3	0	1	0	1	0	1	0	=	0	0	0
chr22	1066	33178925	33179319	394	0	3	0	3	0	3	0	=	0	0	0
chr22	1067	33179655	33179835	180	0	3	0	3	0	3	0	=	0	0	0
chr22	1068	33180297	33180503	206	0	2	0	2	0	2	0	=	0	0	0
chr22	1069	33180717	33180720	3	0	1	0	1	0	1	0	=	0	0	0
chr22	1070	33181081	33181240	159	0	3	0	3	0	3	0	=	0	0	0
chr22	1071	33181533	33181833	300	0	7	1	8	2	14	0	=	0	0	0
chr22	1072	33182066	33182417	351	0	5	0	5	0	5	0	=	0	0	0
chr22	1073	33183151	33183154	3	0	1	0	1	0	1	0	=	0	0	0
chr22	1074	33183442	33183785	343	0	6	0	5	1	6	0	=	0	0	0
chr22	1075	33184011	33184089	78	0	1	0	2	32	33	0	?	0	0	0
chr22	1076	33184556	33184577	21	0	2	0	2	0	2	0	=	0	0	0
chr22	1077	33184932	33185065	133	0	2	0	2	0	2	0	=	0	0	0
chr22	1078	33185747	33185750	3	0	1	0	1	0	1	0	=	0	0	0
chr22	1079	33186080	33186552	472	0	6	0	6	0	6	0	=	0	0	0
chr22	1080	33186793	33186959	166	1	2	1	2	0	1	0	=	0	0	0
chr22	1081	33187664	33188010	346	0	6	1	8	7	13	0	?	0	0	0
chr22	1082	33188248	33188283	35	0	2	0	2	0	2	0	=	0	0	0
chr22	1083	33188685	33189185	500	0	6	0	6	0	6	0	=	0	0	0
chr22	1084	33191203	33191282	79	0	2	0	2	0	2	0	=	0	0	0
chr22	1085	33191543	33192239	696	0	9	0	9	0	10	0	=	0	0	0
chr22	1086	33192703	33193014	311	0	3	0	3	0	3	0	=	0	0	0
chr22	1087	33193816	33193974	158	0	4	0	4	0	5	0	=	0	0	0
chr22	1088	33195142	33195291	149	0	2	0	2	0	2	0	=	0	0	0
chr22	1089	33195581	33195757	176	0	3	0	3	0	3	0	=	0	0	0
chr22	1090	33196270	33196399	129	0	4	0	4	0	4	0	=	0	0	0
chr22	1091	33197206	33197208	2	0	0	1	1	2	2	0	?	0	0	0
chr22	1092	33197503	33197682	179	0	3	0	3	0	3	0	=	0	0	0
chr22	1093	33197916	33197920	4	0	1	0	1	0	2	0	=	0	0	0
chr22	1094	33198135	33198677	542	0	8	0	8	0	12	0	=	0	0	0
chr22	1095	33199213	33199236	23	0	2	0	2	0	2	0	=	0	0	0
chr22	1096	33199842	33200007	165	0	4	0	4	0	5	0	=	0	0	0
chr22	1097	33200543	33200594	51	0	3	0	3	0	3	0	=	0	0	0
chr22	1098	33201449	33201637	188	0	2	0	2	0	2	0	=	0	0	0
chr22	1099	33201932	33202106	174	0	3	0	3	0	3	0	=	0	0	0
chr22	1100	33203065	33203071	6	1	1	1	1	0	4	0	=	0	0	0
chr22	1101	33205947	33205949	2	0	0	0	1	5	5	0	?	0	0	0
chr22	1102	33214304	33214307	3	0	1	0	1	0	1	0	=	0	0	0
chr22	1103	33216606	33216609	3	0	1	0	1	0	1	0	=	0	0	0
chr22	1104	33220817	33220820	3	0	1	0	1	0	1	0	=	0	0	0
chr22	1105	33226679	33226795	116	0	3	0	3	0	3	0	=	0	0	0
chr22	1106	33228857	33228860	3	0	1	0	1	0	1	0	=	0	0	0
chr22	1107	33229459	33229462	3	0	1	0	1	0	1	0	=	0	0	0
chr22	1108	33230003	33230005	2	0	0	0	1	1	1	0	?	0	0	0
chr22	1109	33230703	33230706	3	0	1	0	1	0	1	0	=	0	0	0
chr22	1110	33232598	33232601	3	0	1	0	1	0	1	0	=	0	0	0
chr22	1111	33236124	33236127	3	0	1	0	1	0	1	0	=	0	0	0
chr22	1112	33239292	33239295	3	0	1	0	1	0	1	0	=	0	0	0
chr22	1113	33239534	33239536	2	0	1	0	1	0	1	0	=	0	0	0
chr22	1114	33239861	33240011	150	0	2	0	2	0	2	0	=	0	0	0
chr22	1115	33247046	33247052	6	1	1	1	1	0	0	0	?	0	0	0
chr22	1116	33249828	33249831	3	1	1	1	1	0	0	0	?	0	0	0
chr22	1117	33251920	33251923	3	1	1	1	1	0	0	0	?	0	0	0
chr22	1118	33252250	33252253	3	1	1	1	1	0	0	0	?	0	0	0
chr22	1119	33253834	33253909	75	2	2	2	2	1	1	0	?	0	0	0
chr22	1120	33254271	33254274	3	1	1	1	1	0	0	0	?	0	0	0
chr22	1121	33256466	33256469	3	1	1	1	1	0	0	0	?	0	0	0
chr22	1122	33256764	33256767	3	1	1	1	1	0	0	0	?	0	0	0
chr22	1123	33257422	33257481	59	2	2	2	2	0	0	0	?	0	0	0
chr22	1124	33258056	33258059	3	1	1	1	1	0	0	0	?	0	0	0
chr22	1125	33259068	33259071	3	1	1	1	1	0	0	0	?	0	0	0
chr22	1126	33259318	33259504	186	1	1	2	2	2	2	0	?	0	0	0
chr22	1127	33264357	33264360	3	0	1	0	1	0	1	0	=	0	0	0
chr22	1128	33265776	33265779	3	0	1	0	1	0	1	0	=	0	0	0
chr22	1129	33268364	33268367	3	0	1	0	1	0	1	0	=	0	0	0
chr22	1130	33278541	33278554	13	0	1	1	1	7	7	0	?	0	0	0
chr22	1131	33280314	33280316	2	1	0	1	0	0	1	0	=	0	0	0
chr22	1132	33281390	33281393	3	1	0	1	0	0	1	0	=	0	0	0
chr22	1133	33283017	33283020	3	1	0	1	0	0	1	0	=	0	0	0
chr22	1134	33285623	33285818	195	2	0	2	0	0	5	0	=	0	0	0
chr22	1135	33286109	33286288	179	2	0	2	0	0	2	0	=	0	0	0
chr22	1136	33287454	33287457	3	1	0	1	0	0	1	0	=	0	0	0
chr22	1137	33287747	33287750	3	1	0	1	0	0	1	0	=	0	0	0
chr22	1138	33288691	33288694	3	1	0	1	0	0	1	0	=	0	0	0
chr22	1139	33289226	33289229	3	1	0	1	0	0	1	0	=	0	0	0
chr22	1140	33291260	33291263	3	1	0	1	0	0	1	0	=	0	0	0
chr22	1141	33292198	33292201	3	1	0	1	0	0	1	0	=	0	0	0
chr22	1142	33294459	33294462	3	1	0	1	0	0	1	0	=	0	0	0
chr22	1143	33294679	33294682	3	1	0	1	0	0	1	0	=	0	0	0
chr22	1144	33295429	33295432	3	0	1	0	1	0	1	0	=	0	0	0
chr22	1145	33295759	33295762	3	1	0	1	0	0	1	0	=	0	0	0
chr22	1146	33296568	33296570	2	1	0	1	0	0	1	0	=	0	0	0
chr22	1147	33297978	33297980	2	1	0	1	0	0	1	0	=	0	0	0
chr22	1148	33298910	33298912	2	0	1	0	1	0	2	0	=	0	0	0
chr22	1149	33300187	33300190	3	0	1	0	1	0	1	0	=	0	0	0
chr22	1150	33304977	33305093	116	1	2	1	2	0	1	0	=	0	0	0
chr22	1151	33305843	33305845	2	1	1	1	1	0	0	0	?	0	0	0
chr22	1152	33314224	33314227	3	1	0	1	0	0	1	0	=	0	0	0
chr22	1153	33316463	33316466	3	0	1	0	1	0	1	0	=	0	0	0
chr22	1154	33318792	33318795	3	1	0	1	0	0	1	0	=	0	0	0
chr22	1155	33324260	33324262	2	0	0	1	1	2	2	0	?	0	0	0
chr22	1156	33333775	33333778	3	1	1	1	1	0	0	0	?	0	0	0
chr22	1157	33334416	33334424	8	1	1	1	1	0	0	0	?	0	0	0
chr22	1158	33334845	33334848	3	1	1	1	1	0	0	0	?	0	0	0
chr22	1159	33336841	33336844	3	1	1	1	1	0	0	0	?	0	0	0
chr22	1160	33338007	33338010	3	1	1	1	1	0	0	0	?	0	0	0
chr22	1161	33338408	33338411	3	1	1	1	1	0	0	0	?	0	0	0
chr22	1162	33342543	33342546	3	1	1	1	1	0	0	0	?	0	0	0
chr22	1163	33343238	33343550	312	4	3	4	3	0	1	0	=	0	0	0
chr22	1164	33344369	33344495	126	1	3	1	3	0	5	0	=	0	0	0
chr22	1165	33344713	33344875	162	1	1	2	2	158	158	0	?	0	0	0
chr22	1166	33346276	33346397	121	0	2	0	2	0	4	0	=	0	0	0
chr22	1167	33347353	33347356	3	0	1	0	1	0	1	0	=	0	0	0
chr22	1168	33348277	33348282	5	1	0	1	1	2	2	0	?	0	0	0
chr22	1169	33348848	33348879	31	1	1	1	1	0	2	0	=	0	0	0
chr22	1170	33349248	33349251	3	0	1	0	1	0	1	0	=	0	0	0
chr22	1171	33349864	33349867	3	0	1	0	1	0	1	0	=	0	0	0
chr22	1172	33350538	33350721	183	1	1	1	1	0	2	0	=	0	0	0
chr22	1173	33351754	33351757	3	1	0	1	0	0	1	0	=	0	0	0
chr22	1174	33352374	33352675	301	1	2	1	2	0	3	0	=	0	0	0
chr22	1175	33354933	33355082	149	2	3	2	3	0	1	0	=	0	0	0
chr22	1176	33355628	33355793	165	3	1	2	1	151	151	0	?	0	0	0
chr22	1177	33356045	33356047	2	1	1	1	1	0	0	0	?	0	0	0
chr22	1178	33357351	33357354	3	1	1	1	1	0	0	0	?	0	0	0
chr22	1179	33357590	33357593	3	1	1	1	1	0	0	0	?	0	0	0
chr22	1180	33358300	33358302	2	1	1	1	1	0	0	0	?	0	0	0
chr22	1181	33358843	33358999	156	1	2	1	2	0	1	0	=	0	0	0
chr22	1182	33359903	33359906	3	0	1	0	1	0	1	0	=	0	0	0
chr22	1183	33361723	33361725	2	1	0	1	0	0	16	0	=	0	0	0
chr22	1184	33362185	33362188	3	1	1	1	1	0	0	0	?	0	0	0
chr22	1185	33362748	33362751	3	0	1	0	1	0	1	0	=	0	0	0
chr22	1186	33364058	33364065	7	0	3	0	3	2	3	0	?	0	0	0
chr22	1187	33364616	33364619	3	0	1	0	1	0	1	0	=	0	0	0
chr22	1188	33367735	33367738	3	0	1	0	1	0	1	0	=	0	0	0
chr22	1189	33368532	33368534	2	1	0	1	0	0	1	0	=	0	0	0
chr22	1190	33369465	33369468	3	1	0	1	0	0	1	0	=	0	0	0
chr22	1191	33370367	33370370	3	0	1	0	1	0	1	0	=	0	0	0
chr22	1192	33370806	33370809	3	0	1	0	1	0	1	0	=	0	0	0
chr22	1193	33371257	33371260	3	1	0	1	0	0	1	0	=	0	0	0
chr22	1194	33372887	33372890	3	0	1	0	1	0	1	0	=	0	0	0
chr22	1195	33373167	33373170	3	0	1	0	1	0	1	0	=	0	0	0
chr22	1196	33373645	33373648	3	0	1	0	1	0	1	0	=	0	0	0
chr22	1197	33373971	33374027	56	0	2	0	2	0	5	0	=	0	0	0
chr22	1198	33374234	33374237	3	1	0	1	0	0	1	0	=	0	0	0
chr22	1199	33375490	33375687	197	0	3	0	3	0	3	0	=	0	0	0
chr22	1200	33376029	33376032	3	0	1	0	1	0	1	0	=	0	0	0
chr22	1201	33377514	33377605	91	0	2	0	2	0	2	0	=	0	0	0
chr22	1202	33378371	33378468	97	0	2	0	2	0	2	0	=	0	0	0
chr22	1203	33379053	33379277	224	0	4	0	4	0	5	0	=	0	0	0
chr22	1204	33380894	33380897	3	0	1	0	1	0	1	0	=	0	0	0
chr22	1205	33382731	33382734	3	0	1	0	1	0	1	0	=	0	0	0
chr22	1206	33385334	33385513	179	0	3	0	3	0	3	0	=	0	0	0
chr22	1207	33386227	33386230	3	0	1	0	1	0	1	0	=	0	0	0
chr22	1208	33386606	33386715	109	0	3	0	3	0	3	0	=	0	0	0
chr22	1209	33387266	33387269	3	0	1	0	1	0	1	0	=	0	0	0
chr22	1210	33388186	33388253	67	0	2	0	2	0	2	0	=	0	0	0
chr22	1211	33388466	33388469	3	0	1	0	1	0	1	0	=	0	0	0
chr22	1212	33389846	33389852	6	0	1	0	1	0	4	0	=	0	0	0
chr22	1213	33390182	33390446	264	0	3	0	3	0	3	0	=	0	0	0
chr22	1214	33390688	33390692	4	0	1	0	1	0	2	0	=	0	0	0
chr22	1215	33391196	33391199	3	1	0	1	0	0	1	0	=	0	0	0
chr22	1216	33394799	33394801	2	0	1	0	1	0	1	0	=	0	0	0
chr22	1217	33395143	33395389	246	0	2	0	3	7	9	0	?	0	0	0
chr22	1218	33396181	33396184	3	0	1	0	1	0	1	0	=	0	0	0
chr22	1219	33396462	33396464	2	0	1	0	1	0	2	0	=	0	0	0
chr22	1220	33397364	33397367	3	0	1	0	1	0	1	0	=	0	0	0
chr22	1221	33398981	33398984	3	0	1	0	1	0	1	0	=	0	0	0
chr22	1222	33399830	33399833	3	1	0	1	0	0	1	0	=	0	0	0
chr22	1223	33403056	33403058	2	0	1	0	1	0	3	0	=	0	0	0
chr22	1224	33403365	33403368	3	0	1	0	1	0	1	0	=	0	0	0
chr22	1225	33404131	33404134	3	0	1	0	1	0	1	0	=	0	0	0
chr22	1226	33405391	33405394	3	0	1	0	1	0	1	0	=	0	0	0
chr22	1227	33406008	33406035	27	0	2	0	2	0	2	0	=	0	0	0
chr22	1228	33407692	33407694	2	1	1	1	1	0	0	0	?	0	0	0
chr22	1229	33407980	33408200	220	0	3	0	3	0	3	0	=	0	0	0
chr22	1230	33408769	33408819	50	0	2	0	2	0	2	0	=	0	0	0
chr22	1231	33409588	33409590	2	1	0	1	0	0	3	0	=	0	0	0
chr22	1232	33409821	33409861	40	2	0	2	0	0	2	0	=	0	0	0
chr22	1233	33410552	33410555	3	1	0	1	0	0	1	0	=	0	0	0
chr22	1234	33411847	33411982	135	2	0	2	0	0	2	0	=	0	0	0
chr22	1235	33413441	33413444	3	0	0	1	0	1	1	0	?	0	0	0
chr22	1236	33413753	33413756	3	1	0	1	0	0	1	0	=	0	0	0
chr22	1237	33414217	33414220	3	1	0	1	0	0	1	0	=	0	0	0
chr22	1238	33415689	33415692	3	1	0	1	0	0	1	0	=	0	0	0
chr22	1239	33416529	33416532	3	1	0	1	0	0	1	0	=	0	0	0
chr22	1240	33416905	33416907	2	0	0	1	0	1	1	0	?	0	0	0
chr22	1241	33419183	33419186	3	1	0	1	0	0	1	0	=	0	0	0
chr22	1242	33419461	33419669	208	3	0	3	0	0	3	0	=	0	0	0
chr22	1243	33420234	33420237	3	1	0	1	0	0	1	0	=	0	0	0
chr22	1244	33421207	33421210	3	1	0	1	0	0	1	0	=	0	0	0
chr22	1245	33421541	33421544	3	1	0	1	0	0	1	0	=	0	0	0
chr22	1246	33423007	33423009	2	1	0	1	0	0	1	0	=	0	0	0
chr22	1247	33423450	33423453	3	1	0	1	0	0	1	0	=	0	0	0
chr22	1248	33423678	33423680	2	1	0	1	0	0	2	0	=	0	0	0
chr22	1249	33424268	33424365	97	2	0	2	0	0	2	0	=	0	0	0
chr22	1250	33424959	33425029	70	2	0	2	0	0	2	0	=	0	0	0
chr22	1251	33426347	33426350	3	1	0	1	0	0	1	0	=	0	0	0
chr22	1252	33428317	33428626	309	3	0	3	0	0	3	0	=	0	0	0
chr22	1253	33428924	33428963	39	4	0	4	0	0	6	0	=	0	0	0
chr22	1254	33430333	33430336	3	1	0	1	0	0	1	0	=	0	0	0
chr22	1255	33430578	33430581	3	1	0	1	0	0	1	0	=	0	0	0
chr22	1256	33431534	33431696	162	2	0	2	0	0	2	0	=	0	0	0
chr22	1257	33432593	33432596	3	1	0	1	0	0	1	0	=	0	0	0
chr22	1258	33433008	33433102	94	2	0	2	0	0	2	0	=	0	0	0
chr22	1259	33433606	33433609	3	0	0	1	1	2	2	0	?	0	0	0
chr22	1260	33434470	33434473	3	1	0	1	0	0	1	0	=	0	0	0
chr22	1261	33436160	33436332	172	2	0	2	0	0	2	0	=	0	0	0
chr22	1262	33436747	33436750	3	1	0	1	0	0	1	0	=	0	0	0
chr22	1263	33437097	33437100	3	1	0	1	0	0	1	0	=	0	0	0
chr22	1264	33437865	33437868	3	1	0	1	0	0	1	0	=	0	0	0
chr22	1265	33438752	33438755	3	1	0	1	0	0	1	0	=	0	0	0
chr22	1266	33439529	33439532	3	1	0	1	0	0	1	0	=	0	0	0
chr22	1267	33440245	33440248	3	1	0	1	0	0	1	0	=	0	0	0
chr22	1268	33440588	33440591	3	1	0	1	0	0	1	0	=	0	0	0
chr22	1269	33440803	33440806	3	1	0	1	0	0	1	0	=	0	0	0
chr22	1270	33441070	33441072	2	0	0	1	0	12	12	0	?	0	0	0
chr22	1271	33442984	33442987	3	1	0	1	0	0	1	0	=	0	0	0
chr22	1272	33447359	33447362	3	1	1	1	1	0	0	0	?	0	0	0
chr22	1273	33450602	33450608	6	1	0	1	0	0	4	0	=	0	0	0
chr22	1274	33454615	33454618	3	0	0	1	0	1	1	0	?	0	0	0
chr22	1275	33455517	33455520	3	1	0	1	0	0	1	0	=	0	0	0
chr22	1276	33455756	33455758	2	1	0	1	0	0	1	0	=	0	0	0
chr22	1277	33457292	33457294	2	0	0	1	1	2	2	0	?	0	0	0
chr22	1278	33461004	33461007	3	1	0	1	0	0	1	0	=	0	0	0
chr22	1279	33461556	33461559	3	1	0	1	0	0	1	0	=	0	0	0
chr22	1280	33464891	33464893	2	1	0	1	0	0	2	0	=	0	0	0
chr22	1281	33466369	33466371	2	1	0	1	0	0	2	0	=	0	0	0
chr22	1282	33466713	33466716	3	1	0	1	0	0	1	0	=	0	0	0
chr22	1283	33466921	33466924	3	0	1	0	1	0	1	0	=	0	0	0
chr22	1284	33468829	33468832	3	1	0	1	0	0	1	0	=	0	0	0
chr22	1285	33473333	33473336	3	1	1	1	1	0	0	0	?	0	0	0
chr22	1286	33475423	33475429	6	1	1	1	1	0	8	0	=	0	0	0
chr22	1287	33478181	33478184	3	1	1	1	1	0	0	0	?	0	0	0
chr22	1288	33480419	33480421	2	1	1	1	1	0	0	0	?	0	0	0
chr22	1289	33484910	33484912	2	0	1	0	1	0	1	0	=	0	0	0
chr22	1290	33486376	33486379	3	1	0	1	0	0	1	0	=	0	0	0
chr22	1291	33494641	33494644	3	0	1	0	1	0	1	0	=	0	0	0
chr22	1292	33495159	33495162	3	0	1	0	1	0	1	0	=	0	0	0
chr22	1293	33495578	33495625	47	0	2	0	2	0	2	0	=	0	0	0
chr22	1294	33496528	33496605	77	0	2	0	2	0	2	0	=	0	0	0
chr22	1295	33496891	33496897	6	0	1	0	1	0	4	0	=	0	0	0
chr22	1296	33498500	33498503	3	0	1	0	1	0	1	0	=	0	0	0
chr22	1297	33499048	33499051	3	0	1	0	1	0	1	0	=	0	0	0
chr22	1298	33499724	33499727	3	0	1	0	1	0	1	0	=	0	0	0
chr22	1299	33502126	33502904	778	6	8	6	8	0	6	0	=	0	0	0
chr22	1300	33503249	33503252	3	1	1	1	1	0	0	0	?	0	0	0
chr22	1301	33506071	33506074	3	1	0	1	0	0	1	0	=	0	0	0
chr22	1302	33506354	33506365	11	2	0	2	0	0	2	0	=	0	0	0
chr22	1303	33506974	33506977	3	1	0	1	0	0	1	0	=	0	0	0
chr22	1304	33508688	33508769	81	0	2	0	2	0	2	0	=	0	0	0
chr22	1305	33511976	33511979	3	1	1	1	1	0	0	0	?	0	0	0
chr22	1306	33513335	33513338	3	1	1	1	1	0	0	0	?	0	0	0
chr22	1307	33513811	33513910	99	1	1	2	2	14	14	0	?	0	0	0
chr22	1308	33514281	33514283	2	1	1	1	1	0	0	0	?	0	0	0
chr22	1309	33514748	33514751	3	1	1	1	1	0	0	0	?	0	0	0
chr22	1310	33516666	33516673	7	2	2	2	2	0	0	0	?	0	0	0
chr22	1311	33517588	33517699	111	1	1	2	2	2	4	0	?	0	0	0
chr22	1312	33519226	33519236	10	1	2	1	1	1	1	0	?	0	0	0
chr22	1313	33519515	33519518	3	1	1	1	1	0	0	0	?	0	0	0
chr22	1314	33520489	33520492	3	1	0	1	0	0	1	0	=	0	0	0
chr22	1315	33521356	33521359	3	1	0	1	0	0	1	0	=	0	0	0
chr22	1316	33521680	33521683	3	1	0	1	0	0	1	0	=	0	0	0
chr22	1317	33523678	33523681	3	0	1	0	1	0	1	0	=	0	0	0
chr22	1318	33523946	33524436	490	5	7	5	7	0	4	0	=	0	0	0
chr22	1319	33524835	33524963	128	2	0	2	0	0	2	0	=	0	0	0
chr22	1320	33525814	33525817	3	1	0	1	0	0	1	0	=	0	0	0
chr22	1321	33528059	33528062	3	1	0	1	0	0	1	0	=	0	0	0
chr22	1322	33528301	33528498	197	1	2	1	2	0	1	0	=	0	0	0
chr22	1323	33528931	33529025	94	2	2	2	2	0	0	0	?	0	0	0
chr22	1324	33529764	33529767	3	1	1	1	1	0	0	0	?	0	0	0
chr22	1325	33530460	33530463	3	1	1	1	1	0	0	0	?	0	0	0
chr22	1326	33531299	33531350	51	4	0	4	0	0	30	0	=	0	0	0
chr22	1327	33531893	33531896	3	1	1	1	1	0	0	0	?	0	0	0
chr22	1328	33532237	33532240	3	1	1	1	1	0	0	0	?	0	0	0
chr22	1329	33533364	33533367	3	1	1	1	1	0	0	0	?	0	0	0
chr22	1330	33533812	33533815	3	1	1	1	1	0	0	0	?	0	0	0
chr22	1331	33534027	33534030	3	1	1	1	1	0	0	0	?	0	0	0
chr22	1332	33534268	33534540	272	3	3	3	3	0	2	0	=	0	0	0
chr22	1333	33535139	33535142	3	1	0	1	0	0	1	0	=	0	0	0
chr22	1334	33535502	33535505	3	1	1	1	1	0	0	0	?	0	0	0
chr22	1335	33536368	33536529	161	3	3	3	3	0	0	0	?	0	0	0
chr22	1336	33537105	33537108	3	1	1	1	1	0	0	0	?	0	0	0
chr22	1337	33537532	33537985	453	4	5	4	5	0	1	0	=	0	0	0
chr22	1338	33538476	33538500	24	1	2	1	2	0	1	0	=	0	0	0
chr22	1339	33538757	33538760	3	1	1	1	1	0	0	0	?	0	0	0
chr22	1340	33539120	33539365	245	3	3	3	3	0	0	0	?	0	0	0
chr22	1341	33539590	33539912	322	5	4	5	4	0	1	0	=	0	0	0
chr22	1342	33540210	33540213	3	1	0	1	0	0	1	0	=	0	0	0
chr22	1343	33540487	33540680	193	2	1	2	1	0	1	0	=	0	0	0
chr22	1344	33541031	33541202	171	3	1	3	4	5	51	0	=	0	0	0
chr22	1345	33541701	33541748	47	1	1	1	1	0	2	0	=	0	0	0
chr22	1346	33542161	33542163	2	0	1	0	1	0	1	0	=	0	0	0
chr22	1347	33542459	33542462	3	0	1	0	1	0	1	0	=	0	0	0
chr22	1348	33542772	33542775	3	0	1	0	1	0	1	0	=	0	0	0
chr22	1349	33543214	33543217	3	1	1	1	1	0	0	0	?	0	0	0
chr22	1350	33543570	33543573	3	1	1	1	1	0	0	0	?	0	0	0
chr22	1351	33544044	33544047	3	0	1	0	1	0	1	0	=	0	0	0
chr22	1352	33544683	33544695	12	2	2	2	1	6	18	0	=	0	0	0
chr22	1353	33545175	33545641	466	6	6	7	7	24	24	0	?	0	0	0
chr22	1354	33545891	33545930	39	0	2	0	2	0	2	0	=	0	0	0
chr22	1355	33546586	33546633	47	0	2	0	2	0	2	0	=	0	0	0
chr22	1356	33546871	33547055	184	1	3	1	3	0	2	0	=	0	0	0
chr22	1357	33547296	33547561	265	0	3	0	3	0	5	0	=	0	0	0
chr22	1358	33547792	33547798	6	0	0	1	1	5	5	0	?	0	0	0
chr22	1359	33548211	33548662	451	5	5	5	5	0	2	0	=	0	0	0
chr22	1360	33548912	33548959	47	1	1	1	1	0	2	0	=	0	0	0
chr22	1361	33550175	33550181	6	2	1	1	2	6	8	0	?	0	0	0
chr22	1362	33550795	33550798	3	1	1	1	1	0	0	0	?	0	0	0
chr22	1363	33551164	33551167	3	0	1	0	1	0	1	0	=	0	0	0
chr22	1364	33551992	33551994	2	1	1	1	1	0	3	0	=	0	0	0
chr22	1365	33552422	33552468	46	3	1	2	1	1	8	0	=	0	0	0
chr22	1366	33552929	33553475	546	4	5	4	5	0	1	0	=	0	0	0
chr22	1367	33554295	33554298	3	1	1	1	1	0	0	0	?	0	0	0
chr22	1368	33554525	33554552	27	0	2	0	2	0	2	0	=	0	0	0
chr22	1369	33554897	33554900	3	0	1	0	1	0	1	0	=	0	0	0
chr22	1370	33555160	33555281	121	1	3	1	3	0	2	0	=	0	0	0
chr22	1371	33555565	33555568	3	0	1	0	1	0	1	0	=	0	0	0
chr22	1372	33555929	33555931	2	1	1	1	1	0	0	0	?	0	0	0
chr22	1373	33556536	33556713	177	0	0	2	5	34	34	0	?	0	0	0
chr22	1374	33557824	33557827	3	1	1	1	1	0	0	0	?	0	0	0
chr22	1375	33558333	33558336	3	1	0	1	0	0	1	0	=	0	0	0
chr22	1376	33558712	33558715	3	0	1	0	1	0	1	0	=	0	0	0
chr22	1377	33559186	33559212	26	1	2	1	2	0	1	0	=	0	0	0
chr22	1378	33560092	33560095	3	0	1	0	1	0	1	0	=	0	0	0
chr22	1379	33560816	33560819	3	0	1	0	1	0	1	0	=	0	0	0
chr22	1380	33562701	33562704	3	0	1	0	1	0	1	0	=	0	0	0
chr22	1381	33563650	33563653	3	0	1	0	1	0	1	0	=	0	0	0
chr22	1382	33564688	33564691	3	0	1	0	1	0	1	0	=	0	0	0
chr22	1383	33565529	33565651	122	0	0	0	2	111	111	0	?	0	0	0
chr22	1384	33565930	33566093	163	1	2	1	2	0	1	0	=	0	0	0
chr22	1385	33566466	33566624	158	1	2	1	2	0	3	0	=	0	0	0
chr22	1386	33566961	33566964	3	0	1	0	1	0	1	0	=	0	0	0
chr22	1387	33567203	33567206	3	0	1	0	1	0	1	0	=	0	0	0
chr22	1388	33567769	33567953	184	1	2	1	2	0	3	0	=	0	0	0
chr22	1389	33568588	33568768	180	1	2	1	2	0	9	0	=	0	0	0
chr22	1390	33569018	33569021	3	0	1	0	1	0	1	0	=	0	0	0
chr22	1391	33569651	33569654	3	0	1	0	1	0	1	0	=	0	0	0
chr22	1392	33569924	33569928	4	1	1	1	1	0	2	0	=	0	0	0
chr22	1393	33570603	33570740	137	1	2	1	2	0	4	0	=	0	0	0
chr22	1394	33571301	33571304	3	1	1	1	1	0	0	0	?	0	0	0
chr22	1395	33574360	33574699	339	2	0	3	1	18	20	0	?	0	0	0
chr22	1396	33576450	33576453	3	0	1	0	1	0	1	0	=	0	0	0
chr22	1397	33576729	33576746	17	0	0	3	3	6	6	0	?	0	0	0
chr22	1398	33577100	33577133	33	0	2	0	2	0	2	0	=	0	0	0
chr22	1399	33577427	33577559	132	0	3	0	3	0	3	0	=	0	0	0
chr22	1400	33578266	33578269	3	0	1	0	1	0	1	0	=	0	0	0
chr22	1401	33579316	33579319	3	0	1	0	1	0	1	0	=	0	0	0
chr22	1402	33579851	33579854	3	0	1	0	1	0	1	0	=	0	0	0
chr22	1403	33581810	33581813	3	0	1	0	1	0	1	0	=	0	0	0
chr22	1404	33582088	33582473	385	0	4	0	4	0	4	0	=	0	0	0
chr22	1405	33583949	33584123	174	0	2	0	2	0	2	0	=	0	0	0
chr22	1406	33584674	33584734	60	0	3	0	3	0	3	0	=	0	0	0
chr22	1407	33585611	33585614	3	0	1	0	1	0	1	0	=	0	0	0
chr22	1408	33586455	33586458	3	0	1	0	1	0	1	0	=	0	0	0
chr22	1409	33587392	33587737	345	0	4	0	4	0	4	0	=	0	0	0
chr22	1410	33588406	33588515	109	0	2	0	2	0	5	0	=	0	0	0
chr22	1411	33588769	33588772	3	0	1	0	1	0	1	0	=	0	0	0
chr22	1412	33589022	33589025	3	0	1	0	1	0	1	0	=	0	0	0
chr22	1413	33589372	33589375	3	0	1	0	1	0	1	0	=	0	0	0
chr22	1414	33589641	33589644	3	0	1	0	1	0	1	0	=	0	0	0
chr22	1415	33590505	33590558	53	0	2	0	2	0	2	0	=	0	0	0
chr22	1416	33591020	33591023	3	0	1	0	1	0	1	0	=	0	0	0
chr22	1417	33592482	33592485	3	0	1	0	1	0	1	0	=	0	0	0
chr22	1418	33592866	33592868	2	0	0	1	1	2	2	0	?	0	0	0
chr22	1419	33593151	33593189	38	0	2	0	2	0	2	0	=	0	0	0
chr22	1420	33593870	33593873	3	0	1	0	1	0	1	0	=	0	0	0
chr22	1421	33595583	33595586	3	0	1	0	1	0	1	0	=	0	0	0
chr22	1422	33597093	33597281	188	0	2	0	2	0	3	0	=	0	0	0
chr22	1423	33598562	33598565	3	1	1	1	1	0	0	0	?	0	0	0
chr22	1424	33598849	33598852	3	0	1	0	1	0	1	0	=	0	0	0
chr22	1425	33602038	33602041	3	0	1	0	1	0	1	0	=	0	0	0
chr22	1426	33602553	33602556	3	0	1	0	1	0	1	0	=	0	0	0
chr22	1427	33603073	33603091	18	1	1	2	2	2	2	0	?	0	0	0
chr22	1428	33603337	33603340	3	0	1	0	1	0	1	0	=	0	0	0
chr22	1429	33604187	33604297	110	0	3	0	3	0	3	0	=	0	0	0
chr22	1430	33604940	33604943	3	0	1	0	1	0	1	0	=	0	0	0
chr22	1431	33606427	33606429	2	1	0	1	1	5	15	0	=	0	0	0
chr22	1432	33606743	33606746	3	0	1	0	1	0	1	0	=	0	0	0
chr22	1433	33607460	33607462	2	0	1	0	1	1	4	0	=	0	0	0
chr22	1434	33608083	33608086	3	0	1	0	1	0	1	0	=	0	0	0
chr22	1435	33608573	33608576	3	0	1	0	1	0	1	0	=	0	0	0
chr22	1436	33609519	33609570	51	1	1	1	1	0	2	0	=	0	0	0
chr22	1437	33610215	33610218	3	0	1	0	1	0	1	0	=	0	0	0
chr22	1438	33611247	33611250	3	1	1	1	1	0	0	0	?	0	0	0
chr22	1439	33612442	33612445	3	1	0	1	0	0	1	0	=	0	0	0
chr22	1440	33613984	33613987	3	1	0	1	0	0	1	0	=	0	0	0
chr22	1441	33614325	33614328	3	1	0	1	0	0	1	0	=	0	0	0
chr22	1442	33614722	33614853	131	2	0	2	0	0	3	0	=	0	0	0
chr22	1443	33615347	33615674	327	3	0	3	0	0	4	0	=	0	0	0
chr22	1444	33615948	33615951	3	1	0	1	0	0	1	0	=	0	0	0
chr22	1445	33616359	33616362	3	1	0	1	0	0	1	0	=	0	0	0
chr22	1446	33617821	33617824	3	1	0	1	0	0	1	0	=	0	0	0
chr22	1447	33618791	33618890	99	2	0	2	0	0	2	0	=	0	0	0
chr22	1448	33619700	33619703	3	1	0	1	0	0	1	0	=	0	0	0
chr22	1449	33620005	33620008	3	1	0	1	0	0	1	0	=	0	0	0
chr22	1450	33620926	33620974	48	3	0	3	0	0	3	0	=	0	0	0
chr22	1451	33621321	33621453	132	2	0	2	0	0	4	0	=	0	0	0
chr22	1452	33622265	33622268	3	1	0	1	0	0	1	0	=	0	0	0
chr22	1453	33622764	33622767	3	1	0	1	0	0	1	0	=	0	0	0
chr22	1454	33623579	33623707	128	2	0	2	0	0	2	0	=	0	0	0
chr22	1455	33624199	33624202	3	1	0	1	0	0	1	0	=	0	0	0
chr22	1456	33624443	33624560	117	2	0	2	0	0	2	0	=	0	0	0
chr22	1457	33625475	33625478	3	1	0	1	0	0	1	0	=	0	0	0
chr22	1458	33628800	33628802	2	0	0	1	1	2	2	0	?	0	0	0
chr22	1459	33631153	33631163	10	1	2	1	2	0	2	0	=	0	0	0
chr22	1460	33631484	33631487	3	1	1	1	1	0	0	0	?	0	0	0
chr22	1461	33632208	33632211	3	1	1	1	1	0	0	0	?	0	0	0
chr22	1462	33632557	33632608	51	1	0	2	1	2	3	0	?	0	0	0
chr22	1463	33632989	33632992	3	1	1	1	1	0	0	0	?	0	0	0
chr22	1464	33633600	33633603	3	1	1	1	1	0	0	0	?	0	0	0
chr22	1465	33634617	33634894	277	3	2	4	3	2	5	0	=	0	0	0
chr22	1466	33635345	33635348	3	1	1	1	1	0	0	0	?	0	0	0
chr22	1467	33636017	33636020	3	1	1	1	1	0	0	0	?	0	0	0
chr22	1468	33636451	33636454	3	1	0	1	0	0	1	0	=	0	0	0
chr22	1469	33636726	33636729	3	1	1	1	1	0	0	0	?	0	0	0
chr22	1470	33637604	33637606	2	1	1	1	1	0	0	0	?	0	0	0
chr22	1471	33638267	33638270	3	1	1	1	1	0	0	0	?	0	0	0
chr22	1472	33641114	33641117	3	0	1	0	1	0	1	0	=	0	0	0
chr22	1473	33641478	33641481	3	1	1	1	1	0	0	0	?	0	0	0
chr22	1474	33642709	33642771	62	1	1	2	2	4	4	0	?	0	0	0
chr22	1475	33643727	33643730	3	1	1	1	1	0	0	0	?	0	0	0
chr22	1476	33644874	33644877	3	1	1	1	1	0	0	0	?	0	0	0
chr22	1477	33645223	33645226	3	1	1	1	1	0	0	0	?	0	0	0
chr22	1478	33646526	33646890	364	3	3	4	4	2	2	0	?	0	0	0
chr22	1479	33649270	33649273	3	1	1	1	1	0	0	0	?	0	0	0
chr22	1480	33649513	33649516	3	0	1	0	1	0	1	0	=	0	0	0
chr22	1481	33651106	33651390	284	1	1	4	4	48	48	0	?	0	0	0
chr22	1482	33651942	33651945	3	1	1	1	1	0	0	0	?	0	0	0
chr22	1483	33652529	33652531	2	1	1	1	1	0	0	0	?	0	0	0
chr22	1484	33652935	33653111	176	3	3	3	3	0	0	0	?	0	0	0
chr22	1485	33654017	33654020	3	1	1	1	1	0	0	0	?	0	0	0
chr22	1486	33654297	33654300	3	1	1	1	1	0	0	0	?	0	0	0
chr22	1487	33654573	33654576	3	0	1	0	1	0	1	0	=	0	0	0
chr22	1488	33654992	33654995	3	1	1	1	1	0	0	0	?	0	0	0
chr22	1489	33655857	33656061	204	1	2	1	2	0	2	0	=	0	0	0
chr22	1490	33656365	33656368	3	1	0	1	0	0	1	0	=	0	0	0
chr22	1491	33657455	33657635	180	2	2	2	2	0	0	0	?	0	0	0
chr22	1492	33659743	33659745	2	1	1	1	1	0	0	0	?	0	0	0
chr22	1493	33660089	33660094	5	1	0	1	1	2	4	0	?	0	0	0
chr22	1494	33660557	33660560	3	1	1	1	1	0	0	0	?	0	0	0
chr22	1495	33660832	33660836	4	0	1	0	1	0	2	0	=	0	0	0
chr22	1496	33662075	33662251	176	2	2	1	2	0	0	0	?	0	0	0
chr22	1497	33662824	33663056	232	3	3	3	3	0	0	0	?	0	0	0
chr22	1498	33663499	33663502	3	1	1	1	1	0	0	0	?	0	0	0
chr22	1499	33663715	33663734	19	2	2	2	2	0	0	0	?	0	0	0
chr22	1500	33664315	33664318	3	1	1	1	1	0	0	0	?	0	0	0
chr22	1501	33664814	33664817	3	1	1	1	1	0	0	0	?	0	0	0
chr22	1502	33665065	33665403	338	3	5	3	5	0	2	0	=	0	0	0
chr22	1503	33665675	33665903	228	3	3	3	3	0	0	0	?	0	0	0
chr22	1504	33670396	33670399	3	1	1	1	1	0	0	0	?	0	0	0
chr22	1505	33670858	33670861	3	1	1	1	1	0	0	0	?	0	0	0
chr22	1506	33672579	33672591	12	2	0	2	0	0	2	0	=	0	0	0
chr22	1507	33673159	33673162	3	0	0	1	1	2	2	0	?	0	0	0
chr22	1508	33673687	33674007	320	2	0	3	0	121	122	0	?	0	0	0
chr22	1509	33674278	33674836	558	6	0	6	0	0	6	0	=	0	0	0
chr22	1510	33675193	33675293	100	1	0	2	1	6	7	0	?	0	0	0
chr22	1511	33675620	33675623	3	1	0	1	0	0	1	0	=	0	0	0
chr22	1512	33676003	33676024	21	2	0	2	0	0	2	0	=	0	0	0
chr22	1513	33676371	33676374	3	0	0	1	1	2	2	0	?	0	0	0
chr22	1514	33677287	33677289	2	0	0	1	0	1	1	0	?	0	0	0
chr22	1515	33677756	33677848	92	5	0	5	0	0	5	0	=	0	0	0
chr22	1516	33678473	33678476	3	1	0	1	0	0	1	0	=	0	0	0
chr22	1517	33679261	33679264	3	1	0	1	0	0	1	0	=	0	0	0
chr22	1518	33683635	33683638	3	1	0	1	0	0	1	0	=	0	0	0
chr22	1519	33683893	33683896	3	0	1	0	1	0	1	0	=	0	0	0
chr22	1520	33686558	33686595	37	0	0	3	3	6	6	0	?	0	0	0
chr22	1521	33687999	33688002	3	1	1	1	1	0	0	0	?	0	0	0
chr22	1522	33688858	33688861	3	1	1	1	1	0	0	0	?	0	0	0
chr22	1523	33689144	33689146	2	1	1	1	1	0	0	0	?	0	0	0
chr22	1524	33689767	33689770	3	1	1	1	1	0	0	0	?	0	0	0
chr22	1525	33690428	33690431	3	1	1	1	1	0	0	0	?	0	0	0
chr22	1526	33690669	33690672	3	1	1	1	1	0	0	0	?	0	0	0
chr22	1527	33693194	33693363	169	3	3	3	3	0	0	0	?	0	0	0
chr22	1528	33694885	33694888	3	1	1	1	1	0	0	0	?	0	0	0
chr22	1529	33695760	33695763	3	1	1	1	1	0	0	0	?	0	0	0
chr22	1530	33696234	33696240	6	1	1	1	1	0	0	0	?	0	0	0
chr22	1531	33696503	33696506	3	1	1	1	1	0	0	0	?	0	0	0
chr22	1532	33697548	33697550	2	0	0	1	1	14	14	0	?	0	0	0
chr22	1533	33702429	33702432	3	1	1	1	1	0	0	0	?	0	0	0
chr22	1534	33703370	33703373	3	1	1	1	1	0	0	0	?	0	0	0
chr22	1535	33704536	33704539	3	1	1	1	1	0	0	0	?	0	0	0
chr22	1536	33712636	33712648	12	0	0	1	1	12	12	0	?	0	0	0
chr22	1537	33713017	33713020	3	0	1	0	1	0	1	0	=	0	0	0
chr22	1538	33713227	33713230	3	1	0	1	0	0	1	0	=	0	0	0
chr22	1539	33713980	33713983	3	1	1	1	1	0	6	0	=	0	0	0
chr22	1540	33714296	33714299	3	0	1	0	1	0	1	0	=	0	0	0
chr22	1541	33715653	33715656	3	0	1	0	1	0	1	0	=	0	0	0
chr22	1542	33717601	33717604	3	0	1	0	1	0	1	0	=	0	0	0
chr22	1543	33719496	33719498	2	0	1	0	1	0	4	0	=	0	0	0
chr22	1544	33722250	33722252	2	0	0	1	1	90	90	0	?	0	0	0
chr22	1545	33724174	33724177	3	1	1	1	1	0	0	0	?	0	0	0
chr22	1546	33730977	33730980	3	0	0	1	1	2	2	0	?	0	0	0
chr22	1547	33736195	33736198	3	0	1	0	1	0	1	0	=	0	0	0
chr22	1548	33748019	33748022	3	0	0	0	1	1	1	0	?	0	0	0
chr22	1549	33753901	33753917	16	0	0	2	2	4	4	0	?	0	0	0
chr22	1550	33755960	33755963	3	1	0	1	0	0	1	0	=	0	0	0
chr22	1551	33756664	33756675	11	2	2	2	2	0	0	0	?	0	0	0
chr22	1552	33756910	33757061	151	3	3	3	3	0	0	0	?	0	0	0
chr22	1553	33757406	33757459	53	3	2	3	2	0	1	0	=	0	0	0
chr22	1554	33757790	33758243	453	5	6	5	6	0	1	0	=	0	0	0
chr22	1555	33760555	33760621	66	2	1	2	1	0	1	0	=	0	0	0
chr22	1556	33761537	33761540	3	0	1	0	1	0	1	0	=	0	0	0
chr22	1557	33761825	33761828	3	1	1	1	1	0	0	0	?	0	0	0
chr22	1558	33762071	33762216	145	1	0	2	1	5	6	0	?	0	0	0
chr22	1559	33762451	33762494	43	2	1	2	1	0	1	0	=	0	0	0
chr22	1560	33763837	33763843	6	0	0	1	0	4	4	0	?	0	0	0
chr22	1561	33764143	33764146	3	1	1	1	1	0	0	0	?	0	0	0
chr22	1562	33764413	33764440	27	1	1	1	1	0	2	0	=	0	0	0
chr22	1563	33765039	33765122	83	2	2	2	2	0	0	0	?	0	0	0
chr22	1564	33765500	33765732	232	2	2	3	3	2	2	0	?	0	0	0
chr22	1565	33766579	33766582	3	1	0	1	0	0	1	0	=	0	0	0
chr22	1566	33766912	33766948	36	0	0	1	1	38	38	0	?	0	0	0
chr22	1567	33767772	33767775	3	1	1	1	1	0	0	0	?	0	0	0
chr22	1568	33768435	33768439	4	0	1	0	1	0	2	0	=	0	0	0
chr22	1569	33768779	33768782	3	1	1	1	1	0	0	0	?	0	0	0
chr22	1570	33770092	33770153	61	1	2	1	2	0	1	0	=	0	0	0
chr22	1571	33770677	33770680	3	0	1	0	1	0	1	0	=	0	0	0
chr22	1572	33772020	33772023	3	1	0	1	0	0	1	0	=	0	0	0
chr22	1573	33772331	33772854	523	3	3	3	3	0	2	0	=	0	0	0
chr22	1574	33773303	33773486	183	2	1	2	1	0	1	0	=	0	0	0
chr22	1575	33773836	33773841	5	1	0	1	0	0	3	0	=	0	0	0
chr22	1576	33774087	33774260	173	1	1	2	1	1	6	0	=	0	0	0
chr22	1577	33774543	33774546	3	0	1	0	1	0	1	0	=	0	0	0
chr22	1578	33775390	33775514	124	1	0	2	1	2	3	0	?	0	0	0
chr22	1579	33775850	33776063	213	1	3	1	3	0	3	0	=	0	0	0
chr22	1580	33776426	33776602	176	6	6	6	6	0	0	0	?	0	0	0
chr22	1581	33776812	33776956	144	1	3	1	3	0	2	0	=	0	0	0
chr22	1582	33777663	33777719	56	0	1	0	3	4	4	0	?	0	0	0
chr22	1583	33778805	33778931	126	2	0	2	0	0	2	0	=	0	0	0
chr22	1584	33779182	33779799	617	6	5	6	5	0	15	0	=	0	0	0
chr22	1585	33780483	33780500	17	1	2	1	2	0	1	0	=	0	0	0
chr22	1586	33781956	33781959	3	1	0	1	0	0	1	0	=	0	0	0
chr22	1587	33782329	33782332	3	1	1	1	1	0	0	0	?	0	0	0
chr22	1588	33782548	33782551	3	1	0	1	0	0	1	0	=	0	0	0
chr22	1589	33782883	33782901	18	2	2	2	2	0	0	0	?	0	0	0
chr22	1590	33784768	33784771	3	1	0	1	0	0	1	0	=	0	0	0
chr22	1591	33784990	33785424	434	2	3	2	7	67	73	0	?	0	0	0
chr22	1592	33786888	33787019	131	4	2	4	2	0	2	0	=	0	0	0
chr22	1593	33787699	33787702	3	1	0	1	0	0	1	0	=	0	0	0
chr22	1594	33789713	33789716	3	0	1	0	1	0	1	0	=	0	0	0
chr22	1595	33790644	33790647	3	1	0	1	0	0	1	0	=	0	0	0
chr22	1596	33790925	33790928	3	1	0	1	0	0	1	0	=	0	0	0
chr22	1597	33791874	33791877	3	0	1	0	1	0	1	0	=	0	0	0
chr22	1598	33792775	33792778	3	0	1	0	1	0	1	0	=	0	0	0
chr22	1599	33793264	33793267	3	1	1	1	1	0	0	0	?	0	0	0
chr22	1600	33793787	33793789	2	1	0	1	0	0	1	0	=	0	0	0
chr22	1601	33794681	33794918	237	0	3	1	4	2	12	0	=	0	0	0
chr22	1602	33795868	33795997	129	2	3	2	3	0	3	0	=	0	0	0
chr22	1603	33796436	33796439	3	1	1	1	1	0	0	0	?	0	0	0
chr22	1604	33796766	33796769	3	1	0	1	0	0	1	0	=	0	0	0
chr22	1605	33797076	33797136	60	1	2	1	2	0	1	0	=	0	0	0
chr22	1606	33797845	33797848	3	1	1	1	1	0	0	0	?	0	0	0
chr22	1607	33798756	33798759	3	1	0	1	0	0	1	0	=	0	0	0
chr22	1608	33799183	33799493	310	3	2	3	2	0	1	0	=	0	0	0
chr22	1609	33800078	33800082	4	1	0	1	0	0	2	0	=	0	0	0
chr22	1610	33800519	33800640	121	2	1	2	1	0	1	0	=	0	0	0
chr22	1611	33801378	33801395	17	1	2	1	2	0	1	0	=	0	0	0
chr22	1612	33802034	33802036	2	0	1	0	1	0	1	0	=	0	0	0
chr22	1613	33802639	33802642	3	1	0	1	0	0	1	0	=	0	0	0
chr22	1614	33805204	33805207	3	1	0	1	0	0	1	0	=	0	0	0
chr22	1615	33805590	33805814	224	4	1	4	1	0	19	0	=	0	0	0
chr22	1616	33806065	33806068	3	1	0	1	0	0	1	0	=	0	0	0
chr22	1617	33806295	33806507	212	2	1	2	1	0	1	0	=	0	0	0
chr22	1618	33806781	33807510	729	9	5	9	5	0	8	0	=	0	0	0
chr22	1619	33807728	33807731	3	1	0	1	0	0	1	0	=	0	0	0
chr22	1620	33808214	33808265	51	3	2	3	2	0	1	0	=	0	0	0
chr22	1621	33808505	33808508	3	1	0	1	0	0	1	0	=	0	0	0
chr22	1622	33808941	33808944	3	0	1	0	1	0	1	0	=	0	0	0
chr22	1623	33809269	33809343	74	1	2	1	2	0	3	0	=	0	0	0
chr22	1624	33810050	33810355	305	3	3	3	3	0	2	0	=	0	0	0
chr22	1625	33810722	33810894	172	2	1	2	1	0	3	0	=	0	0	0
chr22	1626	33812295	33812298	3	0	1	0	1	0	1	0	=	0	0	0
chr22	1627	33812857	33812861	4	2	1	2	1	0	1	0	=	0	0	0
chr22	1628	33813253	33813333	80	1	1	1	1	0	2	0	=	0	0	0
chr22	1629	33813610	33813613	3	1	0	1	0	0	1	0	=	0	0	0
chr22	1630	33814723	33814729	6	1	1	1	1	0	0	0	?	0	0	0
chr22	1631	33815009	33815012	3	1	0	1	0	0	1	0	=	0	0	0
chr22	1632	33815567	33815606	39	1	2	1	2	0	1	0	=	0	0	0
chr22	1633	33816664	33816734	70	2	3	3	4	9	12	0	?	0	0	0
chr22	1634	33817367	33817370	3	1	1	1	1	0	0	0	?	0	0	0
chr22	1635	33817729	33817732	3	0	1	0	1	0	1	0	=	0	0	0
chr22	1636	33818619	33818623	4	2	2	2	2	0	0	0	?	0	0	0
chr22	1637	33819263	33819444	181	2	1	2	1	0	4	0	=	0	0	0
chr22	1638	33819793	33819948	155	2	1	2	1	0	1	0	=	0	0	0
chr22	1639	33820498	33820501	3	1	1	1	1	0	0	0	?	0	0	0
chr22	1640	33821235	33821238	3	1	1	1	1	0	0	0	?	0	0	0
chr22	1641	33821698	33821953	255	6	1	6	1	0	6	0	=	0	0	0
chr22	1642	33822182	33822369	187	1	1	1	1	0	2	0	=	0	0	0
chr22	1643	33822809	33822812	3	1	0	1	0	0	1	0	=	0	0	0
chr22	1644	33823024	33823233	209	3	0	3	0	0	3	0	=	0	0	0
chr22	1645	33823517	33823520	3	1	0	1	0	0	1	0	=	0	0	0
chr22	1646	33823950	33823953	3	1	0	1	0	0	1	0	=	0	0	0
chr22	1647	33824200	33824203	3	1	1	1	1	0	0	0	?	0	0	0
chr22	1648	33824494	33824497	3	1	0	1	0	0	1	0	=	0	0	0
chr22	1649	33824954	33824981	27	2	0	2	0	0	2	0	=	0	0	0
chr22	1650	33825480	33825483	3	1	1	1	1	0	0	0	?	0	0	0
chr22	1651	33825970	33825973	3	1	1	1	1	0	0	0	?	0	0	0
chr22	1652	33826343	33826577	234	2	3	2	3	0	1	0	=	0	0	0
chr22	1653	33826920	33827024	104	2	1	2	1	0	1	0	=	0	0	0
chr22	1654	33827882	33828075	193	1	2	1	2	0	1	0	=	0	0	0
chr22	1655	33828306	33828328	22	1	2	1	2	0	1	0	=	0	0	0
chr22	1656	33828878	33829007	129	2	1	3	1	2	4	0	?	0	0	0
chr22	1657	33829492	33829495	3	0	1	0	1	0	1	0	=	0	0	0
chr22	1658	33829937	33829940	3	0	1	0	1	0	1	0	=	0	0	0
chr22	1659	33830153	33830198	45	2	0	2	0	0	2	0	=	0	0	0
chr22	1660	33830422	33830453	31	1	1	1	1	0	2	0	=	0	0	0
chr22	1661	33830670	33830798	128	3	0	3	0	0	3	0	=	0	0	0
chr22	1662	33831099	33831284	185	3	1	3	1	0	2	0	=	0	0	0
chr22	1663	33831748	33831752	4	1	0	1	0	0	2	0	=	0	0	0
chr22	1664	33832597	33832600	3	1	1	1	1	0	0	0	?	0	0	0
chr22	1665	33833115	33833118	3	1	0	1	0	0	1	0	=	0	0	0
chr22	1666	33833962	33833965	3	1	1	1	1	0	0	0	?	0	0	0
chr22	1667	33834264	33834267	3	0	1	0	1	0	1	0	=	0	0	0
chr22	1668	33835018	33835021	3	1	1	1	1	0	0	0	?	0	0	0
chr22	1669	33836961	33837018	57	1	2	1	2	0	1	0	=	0	0	0
chr22	1670	33837256	33837373	117	2	1	2	1	0	1	0	=	0	0	0
chr22	1671	33837577	33837580	3	0	1	0	1	0	1	0	=	0	0	0
chr22	1672	33838473	33838476	3	0	1	0	1	0	1	0	=	0	0	0
chr22	1673	33839687	33839690	3	1	0	1	0	0	1	0	=	0	0	0
chr22	1674	33840405	33840449	44	1	1	1	1	0	2	0	=	0	0	0
chr22	1675	33840674	33840782	108	1	2	1	2	0	1	0	=	0	0	0
chr22	1676	33841421	33841424	3	0	1	0	1	0	1	0	=	0	0	0
chr22	1677	33841837	33841840	3	1	0	1	0	0	1	0	=	0	0	0
chr22	1678	33842141	33842157	16	2	1	2	1	0	1	0	=	0	0	0
chr22	1679	33842417	33842478	61	2	0	2	0	0	3	0	=	0	0	0
chr22	1680	33842841	33843070	229	2	2	2	2	0	2	0	=	0	0	0
chr22	1681	33843569	33843572	3	1	0	1	0	0	1	0	=	0	0	0
chr22	1682	33843862	33843865	3	1	0	1	0	0	1	0	=	0	0	0
chr22	1683	33844077	33844081	4	2	1	2	1	0	2	0	=	0	0	0
chr22	1684	33845280	33845319	39	0	2	0	2	0	2	0	=	0	0	0
chr22	1685	33845821	33845875	54	1	2	1	2	0	1	0	=	0	0	0
chr22	1686	33846580	33846918	338	1	2	1	2	0	3	0	=	0	0	0
chr22	1687	33847644	33847647	3	0	1	0	1	0	1	0	=	0	0	0
chr22	1688	33848278	33848864	586	2	5	2	5	0	5	0	=	0	0	0
chr22	1689	33849102	33849767	665	2	5	2	5	0	10	0	=	0	0	0
chr22	1690	33850241	33850244	3	1	0	1	0	0	1	0	=	0	0	0
chr22	1691	33851804	33851807	3	1	0	1	0	0	1	0	=	0	0	0
chr22	1692	33852324	33852327	3	1	0	1	0	0	1	0	=	0	0	0
chr22	1693	33852870	33852885	15	0	1	2	1	2	15	0	=	0	0	0
chr22	1694	33853444	33853447	3	0	1	0	1	0	1	0	=	0	0	0
chr22	1695	33854211	33854379	168	1	0	1	1	1	2	0	?	0	0	0
chr22	1696	33854644	33854678	34	2	1	2	1	0	1	0	=	0	0	0
chr22	1697	33855520	33855523	3	0	1	0	1	0	1	0	=	0	0	0
chr22	1698	33856269	33856558	289	2	5	2	5	0	3	0	=	0	0	0
chr22	1699	33857041	33857044	3	1	1	1	1	0	0	0	?	0	0	0
chr22	1700	33857403	33857505	102	2	2	2	2	0	0	0	?	0	0	0
chr22	1701	33857767	33857770	3	0	1	0	1	0	1	0	=	0	0	0
chr22	1702	33858572	33858575	3	0	1	0	1	0	1	0	=	0	0	0
chr22	1703	33859153	33859156	3	0	1	0	1	0	1	0	=	0	0	0
chr22	1704	33859638	33859667	29	1	2	1	2	0	1	0	=	0	0	0
chr22	1705	33860118	33860121	3	1	0	1	0	0	1	0	=	0	0	0
chr22	1706	33860379	33860382	3	1	0	1	0	0	1	0	=	0	0	0
chr22	1707	33860863	33861234	371	7	1	7	1	0	6	0	=	0	0	0
chr22	1708	33861859	33861864	5	1	0	1	1	2	5	0	=	0	0	0
chr22	1709	33862464	33862467	3	1	0	1	0	0	1	0	=	0	0	0
chr22	1710	33863408	33863439	31	2	2	2	2	0	0	0	?	0	0	0
chr22	1711	33863768	33864130	362	1	3	1	3	0	4	0	=	0	0	0
chr22	1712	33865831	33865840	9	0	0	1	1	12	12	0	?	0	0	0
chr22	1713	33866107	33866110	3	0	1	0	1	0	1	0	=	0	0	0
chr22	1714	33866965	33866968	3	1	0	1	0	0	1	0	=	0	0	0
chr22	1715	33867335	33867375	40	2	2	2	2	0	0	0	?	0	0	0
chr22	1716	33868848	33868851	3	0	1	0	1	0	1	0	=	0	0	0
chr22	1717	33869397	33869415	18	2	1	2	1	0	1	0	=	0	0	0
chr22	1718	33869806	33869993	187	3	3	3	3	0	0	0	?	0	0	0
chr22	1719	33870275	33870278	3	1	1	1	1	0	0	0	?	0	0	0
chr22	1720	33870555	33870730	175	1	2	1	2	0	1	0	=	0	0	0
chr22	1721	33871288	33871291	3	1	0	1	0	0	1	0	=	0	0	0
chr22	1722	33872358	33872436	78	1	1	1	1	0	7	0	=	0	0	0
chr22	1723	33872999	33873001	2	0	1	0	1	0	1	0	=	0	0	0
chr22	1724	33873282	33873607	325	4	3	4	3	0	3	0	=	0	0	0
chr22	1725	33873869	33873964	95	2	2	4	4	4	4	0	?	0	0	0
chr22	1726	33874173	33874176	3	1	0	1	0	0	1	0	=	0	0	0
chr22	1727	33874578	33874706	128	1	2	1	2	0	1	0	=	0	0	0
chr22	1728	33875792	33875795	3	1	1	1	1	0	0	0	?	0	0	0
chr22	1729	33876518	33876927	409	4	4	5	5	2	2	0	?	0	0	0
chr22	1730	33877646	33877650	4	2	2	2	2	0	0	0	?	0	0	0
chr22	1731	33877875	33877878	3	1	1	1	1	0	0	0	?	0	0	0
chr22	1732	33878128	33878264	136	1	1	2	2	38	38	0	?	0	0	0
chr22	1733	33878566	33878569	3	1	1	1	1	0	0	0	?	0	0	0
chr22	1734	33878964	33878969	5	1	1	1	1	0	0	0	?	0	0	0
chr22	1735	33880105	33880108	3	0	1	0	1	0	1	0	=	0	0	0
chr22	1736	33880708	33880711	3	1	1	1	1	0	0	0	?	0	0	0
chr22	1737	33881055	33881058	3	0	1	0	1	0	1	0	=	0	0	0
chr22	1738	33881444	33881447	3	1	0	1	0	0	1	0	=	0	0	0
chr22	1739	33882039	33882042	3	1	0	1	0	0	1	0	=	0	0	0
chr22	1740	33882500	33882503	3	1	0	1	0	0	1	0	=	0	0	0
chr22	1741	33884259	33884262	3	1	1	1	1	0	0	0	?	0	0	0
chr22	1742	33885057	33885220	163	2	1	2	1	0	1	0	=	0	0	0
chr22	1743	33885755	33885953	198	2	0	2	0	0	2	0	=	0	0	0
chr22	1744	33886655	33886676	21	0	0	1	2	4	4	0	?	0	0	0
chr22	1745	33887007	33887157	150	2	1	2	1	0	1	0	=	0	0	0
chr22	1746	33887546	33887723	177	2	2	2	2	0	2	0	=	0	0	0
chr22	1747	33888183	33888339	156	2	1	2	1	0	1	0	=	0	0	0
chr22	1748	33888619	33888677	58	1	1	1	1	0	2	0	=	0	0	0
chr22	1749	33889194	33889197	3	1	0	1	0	0	1	0	=	0	0	0
chr22	1750	33890691	33890694	3	1	1	1	1	0	0	0	?	0	0	0
chr22	1751	33891012	33891042	30	1	1	1	1	0	0	0	?	0	0	0
chr22	1752	33891360	33891440	80	1	2	1	2	0	3	0	=	0	0	0
chr22	1753	33891829	33891832	3	1	1	1	1	0	0	0	?	0	0	0
chr22	1754	33892522	33892703	181	1	1	1	1	0	2	0	=	0	0	0
chr22	1755	33892987	33893128	141	3	1	3	1	0	2	0	=	0	0	0
chr22	1756	33893867	33893870	3	0	1	0	1	0	1	0	=	0	0	0
chr22	1757	33894245	33894248	3	1	0	1	0	0	1	0	=	0	0	0
chr22	1758	33894726	33894729	3	0	1	0	1	0	1	0	=	0	0	0
chr22	1759	33895475	33895763	288	3	0	3	0	0	3	0	=	0	0	0
chr22	1760	33897058	33897061	3	0	1	0	1	0	1	0	=	0	0	0
chr22	1761	33897526	33897529	3	1	0	1	0	0	1	0	=	0	0	0
chr22	1762	33899420	33899478	58	1	1	1	1	0	2	0	=	0	0	0
chr22	1763	33899787	33899887	100	2	1	2	1	0	1	0	=	0	0	0
chr22	1764	33900103	33900106	3	1	0	1	0	0	1	0	=	0	0	0
chr22	1765	33900755	33900764	9	1	2	1	2	0	1	0	=	0	0	0
chr22	1766	33901561	33901564	3	0	1	0	1	0	1	0	=	0	0	0
chr22	1767	33902955	33902958	3	0	1	0	1	0	1	0	=	0	0	0
chr22	1768	33903446	33903449	3	0	1	0	1	0	1	0	=	0	0	0
chr22	1769	33904368	33904747	379	2	2	2	2	0	4	0	=	0	0	0
chr22	1770	33905043	33905065	22	0	2	0	2	0	3	0	=	0	0	0
chr22	1771	33907387	33907570	183	0	2	0	2	0	2	0	=	0	0	0
chr22	1772	33908083	33908086	3	0	1	0	1	0	1	0	=	0	0	0
chr22	1773	33908701	33908704	3	0	1	0	1	0	1	0	=	0	0	0
chr22	1774	33909521	33909632	111	0	2	0	2	0	2	0	=	0	0	0
chr22	1775	33910365	33910368	3	1	1	1	1	0	0	0	?	0	0	0
chr22	1776	33910802	33910805	3	0	1	0	1	0	1	0	=	0	0	0
chr22	1777	33911885	33911888	3	1	0	1	0	0	1	0	=	0	0	0
chr22	1778	33912775	33912838	63	2	2	2	2	0	0	0	?	0	0	0
chr22	1779	33913074	33913077	3	1	1	1	1	0	0	0	?	0	0	0
chr22	1780	33915040	33915047	7	0	1	1	2	11	13	0	?	0	0	0
chr22	1781	33916964	33916967	3	0	1	0	1	0	1	0	=	0	0	0
chr22	1782	33918130	33918157	27	3	1	3	1	0	2	0	=	0	0	0
chr22	1783	33918655	33918658	3	1	1	1	1	0	0	0	?	0	0	0
chr22	1784	33918921	33919104	183	2	1	2	1	0	1	0	=	0	0	0
chr22	1785	33919433	33919491	58	2	0	2	0	0	2	0	=	0	0	0
chr22	1786	33920087	33920090	3	1	0	1	0	0	1	0	=	0	0	0
chr22	1787	33920493	33920594	101	6	6	6	6	0	0	0	?	0	0	0
chr22	1788	33921090	33921093	3	1	1	1	1	0	0	0	?	0	0	0
chr22	1789	33922076	33922273	197	0	2	0	3	14	16	0	?	0	0	0
chr22	1790	33923296	33923299	3	1	0	1	0	0	1	0	=	0	0	0
chr22	1791	33923519	33923749	230	1	2	1	2	0	3	0	=	0	0	0
chr22	1792	33924467	33924470	3	1	0	1	0	0	1	0	=	0	0	0
chr22	1793	33926328	33926331	3	0	1	0	1	0	1	0	=	0	0	0
chr22	1794	33927509	33927512	3	0	1	0	1	0	1	0	=	0	0	0
chr22	1795	33929145	33929312	167	1	0	3	2	4	5	0	?	0	0	0
chr22	1796	33930964	33930967	3	1	1	1	1	0	0	0	?	0	0	0
chr22	1797	33931285	33931288	3	0	1	0	1	0	1	0	=	0	0	0
chr22	1798	33931676	33931721	45	1	2	1	2	0	1	0	=	0	0	0
chr22	1799	33932153	33932344	191	2	2	2	2	0	2	0	=	0	0	0
chr22	1800	33932750	33932753	3	1	0	1	0	0	1	0	=	0	0	0
chr22	1801	33933743	33933927	184	2	0	2	0	0	2	0	=	0	0	0
chr22	1802	33935046	33935049	3	1	0	1	0	0	1	0	=	0	0	0
chr22	1803	33936368	33936498	130	0	0	3	2	6	6	0	?	0	0	0
chr22	1804	33938080	33938083	3	1	1	1	1	0	0	0	?	0	0	0
chr22	1805	33938819	33938976	157	2	2	2	2	0	0	0	?	0	0	0
chr22	1806	33940237	33940240	3	1	0	1	0	0	1	0	=	0	0	0
chr22	1807	33940616	33940798	182	2	2	2	2	0	13	0	=	0	0	0
chr22	1808	33941360	33941362	2	1	1	1	1	0	0	0	?	0	0	0
chr22	1809	33941633	33941636	3	0	1	0	1	0	1	0	=	0	0	0
chr22	1810	33942675	33942837	162	2	2	2	2	0	0	0	?	0	0	0
chr22	1811	33943624	33943627	3	1	0	1	0	0	1	0	=	0	0	0
chr22	1812	33943879	33943899	20	1	1	1	1	0	3	0	=	0	0	0
chr22	1813	33944456	33944459	3	1	0	1	0	0	1	0	=	0	0	0
chr22	1814	33944871	33944874	3	0	1	0	1	0	1	0	=	0	0	0
chr22	1815	33945515	33945518	3	1	0	1	0	0	1	0	=	0	0	0
chr22	1816	33946950	33947162	212	2	1	2	1	0	3	0	=	0	0	0
chr22	1817	33948991	33948994	3	0	1	0	1	0	1	0	=	0	0	0
chr22	1818	33949516	33949531	15	0	0	1	0	13	13	0	?	0	0	0
chr22	1819	33950753	33950881	128	0	2	0	2	0	10	0	=	0	0	0
chr22	1820	33951568	33951571	3	1	1	1	1	0	0	0	?	0	0	0
chr22	1821	33953905	33953960	55	1	2	1	2	0	2	0	=	0	0	0
chr22	1822	33954474	33954637	163	0	2	0	2	0	2	0	=	0	0	0
chr22	1823	33956714	33956716	2	0	1	0	1	0	2	0	=	0	0	0
chr22	1824	33957263	33957266	3	0	1	0	1	0	1	0	=	0	0	0
chr22	1825	33957556	33957559	3	1	0	1	0	0	1	0	=	0	0	0
chr22	1826	33958963	33958966	3	0	1	0	1	0	1	0	=	0	0	0
chr22	1827	33959351	33959483	132	2	2	6	6	8	8	0	?	0	0	0
chr22	1828	33960106	33960109	3	1	1	1	1	0	0	0	?	0	0	0
chr22	1829	33961246	33961249	3	0	1	0	1	0	1	0	=	0	0	0
chr22	1830	33961499	33961502	3	1	0	1	0	0	1	0	=	0	0	0
chr22	1831	33961919	33961925	6	1	0	1	0	0	4	0	=	0	0	0
chr22	1832	33962649	33962652	3	1	0	1	0	0	1	0	=	0	0	0
chr22	1833	33962916	33962919	3	1	0	1	0	0	1	0	=	0	0	0
chr22	1834	33964782	33964785	3	1	0	1	0	0	1	0	=	0	0	0
chr22	1835	33967529	33967539	10	0	0	1	0	8	8	0	?	0	0	0
chr22	1836	33967864	33967867	3	1	0	1	0	0	1	0	=	0	0	0
chr22	1837	33969350	33969353	3	0	0	1	1	2	2	0	?	0	0	0
chr22	1838	33972547	33972562	15	2	1	2	1	0	1	0	=	0	0	0
chr22	1839	33973705	33973708	3	1	0	1	0	0	1	0	=	0	0	0
chr22	1840	33975117	33975120	3	1	0	1	0	0	1	0	=	0	0	0
chr22	1841	33978248	33978254	6	0	0	1	1	4	4	0	?	0	0	0
chr22	1842	33979716	33979719	3	1	0	1	0	0	1	0	=	0	0	0
chr22	1843	33982021	33982024	3	1	0	1	0	0	1	0	=	0	0	0
chr22	1844	33983632	33983635	3	1	0	1	0	0	1	0	=	0	0	0
chr22	1845	33990092	33990095	3	0	1	0	1	0	1	0	=	0	0	0
chr22	1846	33990881	33990907	26	0	2	0	2	0	7	0	=	0	0	0
chr22	1847	33991519	33991522	3	0	1	0	1	0	1	0	=	0	0	0
chr22	1848	33994351	33994354	3	0	1	0	1	0	1	0	=	0	0	0
chr22	1849	33996022	33996088	66	0	1	1	2	13	14	0	?	0	0	0
chr22	1850	33999180	33999183	3	0	1	0	1	0	1	0	=	0	0	0
chr22	1851	34000804	34000993	189	0	2	0	2	0	2	0	=	0	0	0
chr22	1852	34001462	34001465	3	0	1	0	1	0	1	0	=	0	0	0
chr22	1853	34002092	34002095	3	0	1	0	1	0	1	0	=	0	0	0
chr22	1854	34002531	34002541	10	0	1	0	1	0	8	0	=	0	0	0
chr22	1855	34003083	34003180	97	0	1	0	2	1	2	0	?	0	0	0
chr22	1856	34004262	34004342	80	0	2	0	2	0	2	0	=	0	0	0
chr22	1857	34005227	34005387	160	0	2	0	2	0	2	0	=	0	0	0
chr22	1858	34005738	34005741	3	0	1	0	1	0	1	0	=	0	0	0
chr22	1859	34006053	34006056	3	0	1	0	1	0	1	0	=	0	0	0
chr22	1860	34006266	34006381	115	0	2	0	2	0	2	0	=	0	0	0
chr22	1861	34007181	34007499	318	0	5	0	5	0	5	0	=	0	0	0
chr22	1862	34008853	34008855	2	0	0	1	1	2	2	0	?	0	0	0
chr22	1863	34011038	34011041	3	0	1	0	1	0	1	0	=	0	0	0
chr22	1864	34013908	34013911	3	1	1	1	1	0	0	0	?	0	0	0
chr22	1865	34015422	34015424	2	0	0	1	1	2	2	0	?	0	0	0
chr22	1866	34024005	34024008	3	0	1	0	1	0	1	0	=	0	0	0
chr22	1867	34025929	34025932	3	1	1	1	1	0	0	0	?	0	0	0
chr22	1868	34026671	34026674	3	1	1	1	1	0	0	0	?	0	0	0
chr22	1869	34028843	34028846	3	1	1	1	1	0	0	0	?	0	0	0
chr22	1870	34029843	34029989	146	2	2	2	2	0	0	0	?	0	0	0
chr22	1871	34031845	34031848	3	1	1	1	1	0	0	0	?	0	0	0
chr22	1872	34032833	34032836	3	1	1	1	1	0	0	0	?	0	0	0
chr22	1873	34033747	34033750	3	1	1	1	1	0	0	0	?	0	0	0
chr22	1874	34034093	34034096	3	1	0	1	0	0	1	0	=	0	0	0
chr22	1875	34034607	34034610	3	2	2	1	1	655	655	0	?	0	0	0
chr22	1876	34035051	34035053	2	1	1	1	1	0	0	0	?	0	0	0
chr22	1877	34035817	34035821	4	1	1	1	1	0	0	0	?	0	0	0
chr22	1878	34036816	34036819	3	1	1	1	1	0	0	0	?	0	0	0
chr22	1879	34061136	34061139	3	1	1	1	1	0	0	0	?	0	0	0
chr22	1880	34065211	34065214	3	1	1	1	1	0	0	0	?	0	0	0
chr22	1881	34065949	34065972	23	1	1	1	1	2	2	0	?	0	0	0
chr22	1882	34068058	34068061	3	1	1	1	1	0	0	0	?	0	0	0
chr22	1883	34068719	34068722	3	1	1	1	1	0	0	0	?	0	0	0
chr22	1884	34069274	34069320	46	1	1	2	2	2	2	0	?	0	0	0
chr22	1885	34069578	34069765	187	2	2	2	2	0	0	0	?	0	0	0
chr22	1886	34070039	34070042	3	1	1	1	1	0	0	0	?	0	0	0
chr22	1887	34070267	34070270	3	1	1	1	1	0	0	0	?	0	0	0
chr22	1888	34070891	34070898	7	2	2	2	2	0	0	0	?	0	0	0
chr22	1889	34073165	34073283	118	3	3	4	4	2	2	0	?	0	0	0
chr22	1890	34073522	34073524	2	0	0	1	1	8	8	0	?	0	0	0
chr22	1891	34073762	34073824	62	2	2	2	2	0	0	0	?	0	0	0
chr22	1892	34076277	34076307	30	2	2	2	2	0	0	0	?	0	0	0
chr22	1893	34077154	34077157	3	1	1	1	1	0	0	0	?	0	0	0
chr22	1894	34077756	34077759	3	0	1	0	1	0	1	0	=	0	0	0
chr22	1895	34078708	34078711	3	1	1	1	1	0	0	0	?	0	0	0
chr22	1896	34080096	34080099	3	1	1	1	1	0	0	0	?	0	0	0
chr22	1897	34080768	34081180	412	4	4	5	5	2	2	0	?	0	0	0
chr22	1898	34081463	34081538	75	2	2	2	2	1	1	0	?	0	0	0
chr22	1899	34082455	34082458	3	1	1	1	1	0	0	0	?	0	0	0
chr22	1900	34085617	34085787	170	2	2	2	2	0	0	0	?	0	0	0
chr22	1901	34086960	34087142	182	2	2	2	2	0	0	0	?	0	0	0
chr22	1902	34089149	34089152	3	1	1	1	1	0	0	0	?	0	0	0
chr22	1903	34089393	34089396	3	1	1	1	1	0	0	0	?	0	0	0
chr22	1904	34089710	34089728	18	2	2	2	2	0	0	0	?	0	0	0
chr22	1905	34092146	34092148	2	0	0	1	1	2	2	0	?	0	0	0
chr22	1906	34093487	34093646	159	0	0	2	2	6	6	0	?	0	0	0
chr22	1907	34096015	34096018	3	1	1	1	1	0	0	0	?	0	0	0
chr22	1908	34096551	34096882	331	3	3	3	3	0	0	0	?	0	0	0
chr22	1909	34097245	34097248	3	1	1	1	1	0	0	0	?	0	0	0
chr22	1910	34097470	34097473	3	1	1	1	1	0	0	0	?	0	0	0
chr22	1911	34097711	34097713	2	1	1	1	1	0	0	0	?	0	0	0
chr22	1912	34098438	34098440	2	1	1	1	1	0	0	0	?	0	0	0
chr22	1913	34098782	34098798	16	1	1	1	1	0	0	0	?	0	0	0
chr22	1914	34099459	34099563	104	3	3	3	3	0	0	0	?	0	0	0
chr22	1915	34100044	34100047	3	1	1	1	1	0	0	0	?	0	0	0
chr22	1916	34100700	34100834	134	3	3	3	3	0	0	0	?	0	0	0
chr22	1917	34101234	34101416	182	3	3	3	3	0	0	0	?	0	0	0
chr22	1918	34101992	34102225	233	4	4	4	4	0	0	0	?	0	0	0
chr22	1919	34103034	34103037	3	1	1	1	1	0	0	0	?	0	0	0
chr22	1920	34103298	34103300	2	0	0	1	1	6	6	0	?	0	0	0
chr22	1921	34103567	34103570	3	1	1	1	1	0	0	0	?	0	0	0
chr22	1922	34104710	34104713	3	1	1	1	1	0	0	0	?	0	0	0
chr22	1923	34104969	34104971	2	1	1	1	1	0	0	0	?	0	0	0
chr22	1924	34105550	34105553	3	1	1	1	1	0	0	0	?	0	0	0
chr22	1925	34106316	34106318	2	1	1	1	1	0	0	0	?	0	0	0
chr22	1926	34108873	34108876	3	1	1	1	1	0	0	0	?	0	0	0
chr22	1927	34112500	34112503	3	1	1	1	1	0	0	0	?	0	0	0
chr22	1928	34114642	34114645	3	1	1	1	1	0	0	0	?	0	0	0
chr22	1929	34116354	34116357	3	1	0	1	0	0	1	0	=	0	0	0
chr22	1930	34117017	34117020	3	1	1	1	1	0	0	0	?	0	0	0
chr22	1931	34117786	34117789	3	1	1	1	1	0	0	0	?	0	0	0
chr22	1932	34118525	34118528	3	1	1	1	1	0	0	0	?	0	0	0
chr22	1933	34119695	34119698	3	1	1	1	1	0	0	0	?	0	0	0
chr22	1934	34120560	34120563	3	1	1	1	1	0	0	0	?	0	0	0
chr22	1935	34123464	34123467	3	1	1	1	1	0	0	0	?	0	0	0
chr22	1936	34125342	34125345	3	1	1	1	1	0	0	0	?	0	0	0
chr22	1937	34125559	34125562	3	1	1	1	1	0	0	0	?	0	0	0
chr22	1938	34127497	34127500	3	1	1	1	1	0	0	0	?	0	0	0
chr22	1939	34127886	34127889	3	1	1	1	1	0	0	0	?	0	0	0
chr22	1940	34128700	34128702	2	1	1	1	1	0	0	0	?	0	0	0
chr22	1941	34128997	34129000	3	1	1	1	1	0	0	0	?	0	0	0
chr22	1942	34129296	34129299	3	1	0	1	0	0	1	0	=	0	0	0
chr22	1943	34129549	34129552	3	1	1	1	1	0	0	0	?	0	0	0
chr22	1944	34130437	34130440	3	1	1	1	1	0	0	0	?	0	0	0
chr22	1945	34131068	34131071	3	1	1	1	1	0	0	0	?	0	0	0
chr22	1946	34131758	34131761	3	1	1	1	1	0	0	0	?	0	0	0
chr22	1947	34132380	34132457	77	2	2	2	2	0	0	0	?	0	0	0
chr22	1948	34137110	34137130	20	1	1	2	2	12	14	0	?	0	0	0
chr22	1949	34137460	34137754	294	3	3	3	3	0	0	0	?	0	0	0
chr22	1950	34138013	34138210	197	2	4	2	4	0	6	0	=	0	0	0
chr22	1951	34139329	34139336	7	1	0	1	0	0	5	0	=	0	0	0
chr22	1952	34139923	34139926	3	1	1	1	1	0	0	0	?	0	0	0
chr22	1953	34140334	34140336	2	0	1	0	1	0	1	0	=	0	0	0
chr22	1954	34140977	34141025	48	1	2	1	2	0	1	0	=	0	0	0
chr22	1955	34142664	34142667	3	1	1	1	1	0	0	0	?	0	0	0
chr22	1956	34143374	34143398	24	1	2	1	2	0	1	0	=	0	0	0
chr22	1957	34143887	34143890	3	0	1	0	1	0	1	0	=	0	0	0
chr22	1958	34144290	34144293	3	0	1	0	1	0	1	0	=	0	0	0
chr22	1959	34144665	34144679	14	2	1	2	1	0	1	0	=	0	0	0
chr22	1960	34144910	34144913	3	0	1	0	1	0	1	0	=	0	0	0
chr22	1961	34145813	34145816	3	1	1	1	1	0	0	0	?	0	0	0
chr22	1962	34147483	34147522	39	1	1	1	1	0	2	0	=	0	0	0
chr22	1963	34147774	34147777	3	0	0	0	1	1	1	0	?	0	0	0
chr22	1964	34148219	34148221	2	1	0	1	0	0	1	0	=	0	0	0
chr22	1965	34149061	34149155	94	1	2	1	2	0	1	0	=	0	0	0
chr22	1966	34149407	34149561	154	1	1	1	1	0	2	0	=	0	0	0
chr22	1967	34149791	34149893	102	1	2	1	2	0	3	0	=	0	0	0
chr22	1968	34150512	34150515	3	0	1	0	1	0	1	0	=	0	0	0
chr22	1969	34151044	34151047	3	0	1	0	1	0	1	0	=	0	0	0
chr22	1970	34151418	34151476	58	2	2	2	2	0	6	0	=	0	0	0
chr22	1971	34151760	34151780	20	0	2	0	1	0	9	0	=	0	0	0
chr22	1972	34152191	34152194	3	0	1	0	1	0	1	0	=	0	0	0
chr22	1973	34152451	34152658	207	2	3	2	3	0	7	0	=	0	0	0
chr22	1974	34152891	34152979	88	0	2	0	2	0	2	0	=	0	0	0
chr22	1975	34153449	34154021	572	3	6	4	7	32	41	0	?	0	0	0
chr22	1976	34154349	34154602	253	0	6	0	5	1	5	0	=	0	0	0
chr22	1977	34154914	34155116	202	0	2	0	2	0	2	0	=	0	0	0
chr22	1978	34155470	34155487	17	1	1	1	1	0	3	0	=	0	0	0
chr22	1979	34155831	34156116	285	0	4	1	5	40	46	0	?	0	0	0
chr22	1980	34156414	34156493	79	0	4	0	4	0	4	0	=	0	0	0
chr22	1981	34156710	34156713	3	0	1	0	1	0	1	0	=	0	0	0
chr22	1982	34157282	34157285	3	0	1	0	1	0	1	0	=	0	0	0
chr22	1983	34157612	34157941	329	1	5	1	5	0	4	0	=	0	0	0
chr22	1984	34158247	34158375	128	1	2	1	2	0	1	0	=	0	0	0
chr22	1985	34159525	34159528	3	0	1	0	1	0	1	0	=	0	0	0
chr22	1986	34162749	34162752	3	1	1	1	1	0	0	0	?	0	0	0
chr22	1987	34164385	34164388	3	0	1	0	1	0	1	0	=	0	0	0
chr22	1988	34165848	34165851	3	0	1	0	1	0	1	0	=	0	0	0
chr22	1989	34167328	34167331	3	0	1	0	1	0	1	0	=	0	0	0
chr22	1990	34170579	34170665	86	1	2	1	2	0	1	0	=	0	0	0
chr22	1991	34171772	34171775	3	0	1	0	1	0	1	0	=	0	0	0
chr22	1992	34176091	34176094	3	1	0	1	0	0	1	0	=	0	0	0
chr22	1993	34177140	34177143	3	1	0	1	0	0	1	0	=	0	0	0
chr22	1994	34178219	34178221	2	0	0	1	0	4	4	0	?	0	0	0
chr22	1995	34178642	34178646	4	0	0	0	1	2	2	0	?	0	0	0
chr22	1996	34180025	34180203	178	1	2	1	2	0	1	0	=	0	0	0
chr22	1997	34181553	34181557	4	0	1	0	1	0	2	0	=	0	0	0
chr22	1998	34183380	34183494	114	0	2	0	2	0	2	0	=	0	0	0
chr22	1999	34186206	34186209	3	1	1	1	1	0	0	0	?	0	0	0
chr22	2000	34186703	34186706	3	1	0	1	0	0	1	0	=	0	0	0
chr22	2001	34187642	34187747	105	1	0	2	1	2	3	0	?	0	0	0
chr22	2002	34187965	34188026	61	1	2	1	2	0	1	0	=	0	0	0
chr22	2003	34189306	34189309	3	0	1	0	1	0	1	0	=	0	0	0
chr22	2004	34189664	34189864	200	1	2	1	2	0	1	0	=	0	0	0
chr22	2005	34190211	34190214	3	0	1	0	1	0	1	0	=	0	0	0
chr22	2006	34190490	34190493	3	0	1	0	1	0	1	0	=	0	0	0
chr22	2007	34190791	34190794	3	0	1	0	1	0	1	0	=	0	0	0
chr22	2008	34191165	34191571	406	0	8	0	8	0	11	0	=	0	0	0
chr22	2009	34191995	34192021	26	0	2	0	2	0	6	0	=	0	0	0
chr22	2010	34192336	34192380	44	0	3	0	3	0	3	0	=	0	0	0
chr22	2011	34193132	34193144	12	0	2	0	2	0	2	0	=	0	0	0
chr22	2012	34193423	34193426	3	0	1	0	1	0	1	0	=	0	0	0
chr22	2013	34193879	34193900	21	0	2	0	2	0	2	0	=	0	0	0
chr22	2014	34194168	34194171	3	0	1	0	1	0	1	0	=	0	0	0
chr22	2015	34194686	34194689	3	0	1	0	1	0	1	0	=	0	0	0
chr22	2016	34195337	34195340	3	0	1	0	1	0	1	0	=	0	0	0
chr22	2017	34195628	34195631	3	0	1	0	1	0	1	0	=	0	0	0
chr22	2018	34196165	34196168	3	0	1	0	1	0	1	0	=	0	0	0
chr22	2019	34197021	34197024	3	0	1	0	1	0	1	0	=	0	0	0
chr22	2020	34198072	34198314	242	1	4	1	4	0	27	0	=	0	0	0
chr22	2021	34199249	34199252	3	0	1	0	1	0	1	0	=	0	0	0
chr22	2022	34199462	34199465	3	0	1	0	1	0	1	0	=	0	0	0
chr22	2023	34199679	34199765	86	0	2	0	2	0	9	0	=	0	0	0
chr22	2024	34200488	34200568	80	0	2	0	2	0	2	0	=	0	0	0
chr22	2025	34200899	34200902	3	0	1	0	1	0	1	0	=	0	0	0
chr22	2026	34201425	34201428	3	0	1	0	1	0	1	0	=	0	0	0
chr22	2027	34202005	34202008	3	0	1	0	1	0	1	0	=	0	0	0
chr22	2028	34202289	34202321	32	0	2	0	2	0	5	0	=	0	0	0
chr22	2029	34202577	34202875	298	0	3	0	3	0	3	0	=	0	0	0
chr22	2030	34203298	34203301	3	0	1	0	1	0	1	0	=	0	0	0
chr22	2031	34203626	34203629	3	0	1	0	1	0	1	0	=	0	0	0
chr22	2032	34204022	34204025	3	0	1	0	1	0	1	0	=	0	0	0
chr22	2033	34204474	34204478	4	0	2	0	2	0	2	0	=	0	0	0
chr22	2034	34204693	34205126	433	0	6	2	8	16	23	0	?	0	0	0
chr22	2035	34205558	34205561	3	0	1	0	1	0	1	0	=	0	0	0
chr22	2036	34205919	34205922	3	0	1	0	1	0	1	0	=	0	0	0
chr22	2037	34206401	34206404	3	0	1	0	1	0	1	0	=	0	0	0
chr22	2038	34207242	34207245	3	0	1	0	1	0	1	0	=	0	0	0
chr22	2039	34207662	34207667	5	0	0	0	1	3	3	0	?	0	0	0
chr22	2040	34207997	34208000	3	0	1	0	1	0	1	0	=	0	0	0
chr22	2041	34208262	34208273	11	0	2	0	2	0	2	0	=	0	0	0
chr22	2042	34209118	34209175	57	0	2	0	3	2	4	0	?	0	0	0
chr22	2043	34209966	34209969	3	0	1	0	1	0	1	0	=	0	0	0
chr22	2044	34210308	34210311	3	0	1	0	1	0	1	0	=	0	0	0
chr22	2045	34210848	34210851	3	0	1	0	1	0	1	0	=	0	0	0
chr22	2046	34211722	34211725	3	0	1	0	1	0	1	0	=	0	0	0
chr22	2047	34212426	34212524	98	0	2	0	2	0	2	0	=	0	0	0
chr22	2048	34214103	34214106	3	0	1	0	1	0	1	0	=	0	0	0
chr22	2049	34214914	34214917	3	0	1	0	1	0	1	0	=	0	0	0
chr22	2050	34215253	34215256	3	0	1	0	1	0	1	0	=	0	0	0
chr22	2051	34215628	34215631	3	0	1	0	1	0	1	0	=	0	0	0
chr22	2052	34215941	34215944	3	0	1	0	1	0	1	0	=	0	0	0
chr22	2053	34216158	34216161	3	1	1	1	1	0	0	0	?	0	0	0
chr22	2054	34216640	34216643	3	0	1	0	1	0	1	0	=	0	0	0
chr22	2055	34216944	34216947	3	0	1	0	1	0	1	0	=	0	0	0
chr22	2056	34217678	34218265	587	0	6	0	6	0	6	0	=	0	0	0
chr22	2057	34218600	34218603	3	0	1	0	1	0	1	0	=	0	0	0
chr22	2058	34218929	34218932	3	0	1	0	1	0	1	0	=	0	0	0
chr22	2059	34219205	34219208	3	0	1	0	1	0	1	0	=	0	0	0
chr22	2060	34219818	34219821	3	0	1	0	1	0	1	0	=	0	0	0
chr22	2061	34220561	34220875	314	0	3	0	3	0	3	0	=	0	0	0
chr22	2062	34221312	34221319	7	0	1	0	1	0	5	0	=	0	0	0
chr22	2063	34222198	34222297	99	0	2	0	2	0	2	0	=	0	0	0
chr22	2064	34222697	34223017	320	0	4	0	4	0	4	0	=	0	0	0
chr22	2065	34223454	34223457	3	0	1	0	1	0	1	0	=	0	0	0
chr22	2066	34223946	34223949	3	0	1	0	1	0	1	0	=	0	0	0
chr22	2067	34224562	34224565	3	0	1	0	1	0	1	0	=	0	0	0
chr22	2068	34225257	34225334	77	1	1	1	1	0	2	0	=	0	0	0
chr22	2069	34227869	34227872	3	0	1	0	1	0	1	0	=	0	0	0
chr22	2070	34228133	34228136	3	0	1	0	1	0	1	0	=	0	0	0
chr22	2071	34228420	34228424	4	0	1	0	1	0	2	0	=	0	0	0
chr22	2072	34228848	34229374	526	0	6	0	6	0	12	0	=	0	0	0
chr22	2073	34229720	34229796	76	0	2	0	2	0	2	0	=	0	0	0
chr22	2074	34230146	34230189	43	1	1	1	1	0	2	0	=	0	0	0
chr22	2075	34230462	34230660	198	0	2	0	2	0	2	0	=	0	0	0
chr22	2076	34230977	34231153	176	0	2	0	2	0	2	0	=	0	0	0
chr22	2077	34231741	34231744	3	0	1	0	1	0	1	0	=	0	0	0
chr22	2078	34232915	34233134	219	0	3	0	3	0	3	0	=	0	0	0
chr22	2079	34234075	34234078	3	0	1	0	1	0	1	0	=	0	0	0
chr22	2080	34235335	34235439	104	0	2	0	2	0	2	0	=	0	0	0
chr22	2081	34237400	34237403	3	0	1	0	1	0	1	0	=	0	0	0
chr22	2082	34237747	34238123	376	1	4	1	4	0	5	0	=	0	0	0
chr22	2083	34238908	34238911	3	0	1	0	1	0	1	0	=	0	0	0
chr22	2084	34239202	34239346	144	0	2	0	2	0	2	0	=	0	0	0
chr22	2085	34240081	34240210	129	0	2	0	2	0	2	0	=	0	0	0
chr22	2086	34241247	34241253	6	0	1	0	1	0	4	0	=	0	0	0
chr22	2087	34242293	34242436	143	0	3	0	3	0	6	0	=	0	0	0
chr22	2088	34243749	34243752	3	0	1	0	1	0	1	0	=	0	0	0
chr22	2089	34244055	34244058	3	0	1	0	1	0	1	0	=	0	0	0
chr22	2090	34244627	34244630	3	0	1	0	1	0	1	0	=	0	0	0
chr22	2091	34246432	34246733	301	0	3	0	3	0	3	0	=	0	0	0
chr22	2092	34246979	34246982	3	0	1	0	1	0	1	0	=	0	0	0
chr22	2093	34247312	34247315	3	0	1	0	1	0	1	0	=	0	0	0
chr22	2094	34247766	34247769	3	0	1	0	1	0	1	0	=	0	0	0
chr22	2095	34249955	34249958	3	1	1	1	1	0	0	0	?	0	0	0
chr22	2096	34250227	34250230	3	1	1	1	1	0	0	0	?	0	0	0
chr22	2097	34250542	34250545	3	1	1	1	1	0	0	0	?	0	0	0
chr22	2098	34251519	34251522	3	1	1	1	1	0	0	0	?	0	0	0
chr22	2099	34252434	34252437	3	1	1	1	1	0	0	0	?	0	0	0
chr22	2100	34252921	34252924	3	1	1	1	1	0	0	0	?	0	0	0
chr22	2101	34254683	34254794	111	1	2	1	2	0	1	0	=	0	0	0
chr22	2102	34255551	34255554	3	1	1	1	1	0	0	0	?	0	0	0
chr22	2103	34256497	34256560	63	0	1	2	3	4	5	0	?	0	0	0
chr22	2104	34259656	34259828	172	1	1	2	2	2	2	0	?	0	0	0
chr22	2105	34260601	34260604	3	1	1	1	1	0	0	0	?	0	0	0
chr22	2106	34261801	34261804	3	1	1	1	1	0	0	0	?	0	0	0
chr22	2107	34264245	34264247	2	1	1	1	1	0	0	0	?	0	0	0
chr22	2108	34264925	34264928	3	1	1	1	1	0	0	0	?	0	0	0
chr22	2109	34265827	34265830	3	1	1	1	1	0	0	0	?	0	0	0
chr22	2110	34266138	34266433	295	2	3	2	4	1	2	0	?	0	0	0
chr22	2111	34267076	34267079	3	1	1	1	1	0	0	0	?	0	0	0
chr22	2112	34270492	34270494	2	0	0	1	1	2	2	0	?	0	0	0
chr22	2113	34272339	34272342	3	1	1	1	1	0	0	0	?	0	0	0
chr22	2114	34273178	34273181	3	1	1	1	1	0	0	0	?	0	0	0
chr22	2115	34278818	34279401	583	5	5	16	13	72	72	0	?	0	0	0
chr22	2116	34280929	34280932	3	1	1	1	1	0	0	0	?	0	0	0
chr22	2117	34281899	34281902	3	1	1	1	1	0	0	0	?	0	0	0
chr22	2118	34282225	34282232	7	0	0	1	1	7	7	0	?	0	0	0
chr22	2119	34282562	34282565	3	0	1	0	1	0	1	0	=	0	0	0
chr22	2120	34285171	34285351	180	2	2	2	2	0	0	0	?	0	0	0
chr22	2121	34287447	34287762	315	3	3	3	3	0	0	0	?	0	0	0
chr22	2122	34288897	34288900	3	1	1	1	1	0	0	0	?	0	0	0
chr22	2123	34290638	34290641	3	1	1	1	1	0	0	0	?	0	0	0
chr22	2124	34290906	34291041	135	3	3	3	3	0	0	0	?	0	0	0
chr22	2125	34293341	34293344	3	1	1	1	1	0	0	0	?	0	0	0
chr22	2126	34295043	34295046	3	1	1	1	1	0	0	0	?	0	0	0
chr22	2127	34295567	34295643	76	2	2	2	2	0	0	0	?	0	0	0
chr22	2128	34297291	34297352	61	2	2	2	2	0	0	0	?	0	0	0
chr22	2129	34298020	34298122	102	2	1	2	1	0	1	0	=	0	0	0
chr22	2130	34298580	34298583	3	1	1	1	1	0	0	0	?	0	0	0
chr22	2131	34300434	34300469	35	4	4	5	5	10	10	0	?	0	0	0
chr22	2132	34301027	34301153	126	2	2	2	2	0	0	0	?	0	0	0
chr22	2133	34302387	34302390	3	1	1	1	1	0	0	0	?	0	0	0
chr22	2134	34302877	34303016	139	2	3	2	3	0	1	0	=	0	0	0
chr22	2135	34304644	34304646	2	1	1	1	1	0	0	0	?	0	0	0
chr22	2136	34305167	34305257	90	2	2	2	2	0	0	0	?	0	0	0
chr22	2137	34306057	34306060	3	1	1	1	1	0	0	0	?	0	0	0
chr22	2138	34306498	34306501	3	1	1	1	1	0	0	0	?	0	0	0
chr22	2139	34307436	34307439	3	1	1	1	1	0	0	0	?	0	0	0
chr22	2140	34307673	34307680	7	1	1	1	1	0	0	0	?	0	0	0
chr22	2141	34308577	34308582	5	1	1	1	1	0	0	0	?	0	0	0
chr22	2142	34308830	34308832	2	0	0	1	1	80	80	0	?	0	0	0
chr22	2143	34309074	34309077	3	1	1	1	1	0	0	0	?	0	0	0
chr22	2144	34310362	34310514	152	3	2	3	2	0	1	0	=	0	0	0
chr22	2145	34311823	34311826	3	1	1	1	1	0	0	0	?	0	0	0
chr22	2146	34313125	34313147	22	2	2	2	2	0	0	0	?	0	0	0
chr22	2147	34316661	34316664	3	1	1	1	1	0	0	0	?	0	0	0
chr22	2148	34322779	34322782	3	1	1	1	1	0	0	0	?	0	0	0
chr22	2149	34326223	34326226	3	1	1	1	1	0	0	0	?	0	0	0
chr22	2150	34327577	34327580	3	1	1	1	1	0	0	0	?	0	0	0
chr22	2151	34328442	34328481	39	3	3	3	3	0	0	0	?	0	0	0
chr22	2152	34328853	34329094	241	12	12	28	28	47	47	0	?	0	0	0
chr22	2153	34331704	34331810	106	2	2	2	2	0	0	0	?	0	0	0
chr22	2154	34332672	34332675	3	1	1	1	1	0	0	0	?	0	0	0
chr22	2155	34333268	34333270	2	1	1	1	1	0	0	0	?	0	0	0
chr22	2156	34334293	34334296	3	1	1	1	1	0	0	0	?	0	0	0
chr22	2157	34334643	34334646	3	1	1	1	1	0	0	0	?	0	0	0
chr22	2158	34334889	34334892	3	1	1	1	1	0	0	0	?	0	0	0
chr22	2159	34335972	34335975	3	1	1	1	1	0	0	0	?	0	0	0
chr22	2160	34336563	34336566	3	1	1	1	1	0	0	0	?	0	0	0
chr22	2161	34336797	34336800	3	1	1	1	1	0	0	0	?	0	0	0
chr22	2162	34337354	34337357	3	1	1	1	1	0	0	0	?	0	0	0
chr22	2163	34339217	34339220	3	1	1	1	1	0	0	0	?	0	0	0
chr22	2164	34339735	34339957	222	3	3	4	4	2	2	0	?	0	0	0
chr22	2165	34340490	34340727	237	3	3	3	3	0	0	0	?	0	0	0
chr22	2166	34341244	34341776	532	5	5	5	5	0	0	0	?	0	0	0
chr22	2167	34342031	34342220	189	3	3	3	3	0	0	0	?	0	0	0
chr22	2168	34342455	34342569	114	2	2	2	2	0	0	0	?	0	0	0
chr22	2169	34343127	34343130	3	1	1	1	1	0	0	0	?	0	0	0
chr22	2170	34343778	34343781	3	1	1	1	1	0	0	0	?	0	0	0
chr22	2171	34344008	34344011	3	1	1	1	1	0	0	0	?	0	0	0
chr22	2172	34344289	34344292	3	1	1	1	1	0	0	0	?	0	0	0
chr22	2173	34344711	34344714	3	1	1	1	1	0	0	0	?	0	0	0
chr22	2174	34345090	34345093	3	1	1	1	1	0	0	0	?	0	0	0
chr22	2175	34345412	34345595	183	3	2	3	3	10	10	0	?	0	0	0
chr22	2176	34346074	34346097	23	2	2	2	2	0	0	0	?	0	0	0
chr22	2177	34347955	34348080	125	1	1	2	2	4	4	0	?	0	0	0
chr22	2178	34348904	34348952	48	2	2	2	2	0	0	0	?	0	0	0
chr22	2179	34349635	34349687	52	2	2	2	2	0	0	0	?	0	0	0
chr22	2180	34350551	34350717	166	5	5	4	4	2	2	0	?	0	0	0
chr22	2181	34350982	34350985	3	1	1	1	1	0	0	0	?	0	0	0
chr22	2182	34352172	34352175	3	1	1	1	1	0	0	0	?	0	0	0
chr22	2183	34353030	34353033	3	1	1	1	1	0	0	0	?	0	0	0
chr22	2184	34353572	34353691	119	3	3	3	3	0	0	0	?	0	0	0
chr22	2185	34354183	34354186	3	1	1	1	1	0	0	0	?	0	0	0
chr22	2186	34354706	34354709	3	1	1	1	1	0	0	0	?	0	0	0
chr22	2187	34355018	34355021	3	1	1	1	1	0	0	0	?	0	0	0
chr22	2188	34355663	34355703	40	2	2	2	2	0	0	0	?	0	0	0
chr22	2189	34356231	34356234	3	1	1	1	1	0	0	0	?	0	0	0
chr22	2190	34356514	34356517	3	1	1	1	1	0	0	0	?	0	0	0
chr22	2191	34356989	34357063	74	2	2	2	2	0	0	0	?	0	0	0
chr22	2192	34357344	34357682	338	3	3	3	3	0	0	0	?	0	0	0
chr22	2193	34358485	34358488	3	1	1	1	1	0	0	0	?	0	0	0
chr22	2194	34358756	34358759	3	1	1	1	1	0	0	0	?	0	0	0
chr22	2195	34359055	34359059	4	1	1	1	1	0	0	0	?	0	0	0
chr22	2196	34359435	34359438	3	1	1	1	1	0	0	0	?	0	0	0
chr22	2197	34362823	34362825	2	1	1	1	1	0	0	0	?	0	0	0
chr22	2198	34363249	34363252	3	1	1	1	1	0	0	0	?	0	0	0
chr22	2199	34366332	34366335	3	1	1	1	1	0	0	0	?	0	0	0
chr22	2200	34366674	34366677	3	1	1	1	1	0	0	0	?	0	0	0
chr22	2201	34367072	34367074	2	0	0	1	1	2	2	0	?	0	0	0
chr22	2202	34367655	34367658	3	1	1	1	1	0	0	0	?	0	0	0
chr22	2203	34367916	34367920	4	2	2	2	2	0	0	0	?	0	0	0
chr22	2204	34368620	34368731	111	2	2	2	2	0	0	0	?	0	0	0
chr22	2205	34370085	34370088	3	1	1	1	1	0	0	0	?	0	0	0
chr22	2206	34370513	34370516	3	1	1	1	1	0	0	0	?	0	0	0
chr22	2207	34371164	34371167	3	1	1	1	1	0	0	0	?	0	0	0
chr22	2208	34372488	34372491	3	1	1	1	1	0	0	0	?	0	0	0
chr22	2209	34376448	34376451	3	1	1	1	1	0	0	0	?	0	0	0
chr22	2210	34377735	34377738	3	1	1	1	1	0	0	0	?	0	0	0
chr22	2211	34377973	34377978	5	1	1	1	1	0	0	0	?	0	0	0
chr22	2212	34379375	34379378	3	1	1	1	1	0	0	0	?	0	0	0
chr22	2213	34379723	34379726	3	1	1	1	1	0	0	0	?	0	0	0
chr22	2214	34380257	34380334	77	3	3	3	3	0	0	0	?	0	0	0
chr22	2215	34380599	34381406	807	9	9	9	9	0	0	0	?	0	0	0
chr22	2216	34381618	34382382	764	9	9	9	9	0	0	0	?	0	0	0
chr22	2217	34382627	34382827	200	5	5	5	5	0	0	0	?	0	0	0
chr22	2218	34383116	34383119	3	1	1	1	1	0	0	0	?	0	0	0
chr22	2219	34383441	34383444	3	1	1	1	1	0	0	0	?	0	0	0
chr22	2220	34383994	34383997	3	1	1	1	1	0	0	0	?	0	0	0
chr22	2221	34384238	34384260	22	2	2	2	2	0	0	0	?	0	0	0
chr22	2222	34384829	34384832	3	1	1	1	1	0	0	0	?	0	0	0
chr22	2223	34385140	34385674	534	6	6	6	6	0	0	0	?	0	0	0
chr22	2224	34386235	34386881	646	8	8	7	7	2	2	0	?	0	0	0
chr22	2225	34387181	34387220	39	2	2	2	2	0	0	0	?	0	0	0
chr22	2226	34387438	34387997	559	7	7	7	7	0	0	0	?	0	0	0
chr22	2227	34388212	34388302	90	3	3	3	3	0	0	0	?	0	0	0
chr22	2228	34388548	34388781	233	3	3	3	3	0	0	0	?	0	0	0
chr22	2229	34389051	34389054	3	1	1	1	1	0	0	0	?	0	0	0
chr22	2230	34389284	34389779	495	10	10	10	10	0	0	0	?	0	0	0
chr22	2231	34390009	34390244	235	3	3	3	3	0	0	0	?	0	0	0
chr22	2232	34390482	34390511	29	2	2	2	2	0	0	0	?	0	0	0
chr22	2233	34390900	34391065	165	4	4	4	4	0	0	0	?	0	0	0
chr22	2234	34391379	34391742	363	4	4	4	4	0	0	0	?	0	0	0
chr22	2235	34392211	34392214	3	1	1	1	1	0	0	0	?	0	0	0
chr22	2236	34392487	34392490	3	1	1	1	1	0	0	0	?	0	0	0
chr22	2237	34392842	34392845	3	1	1	1	1	0	0	0	?	0	0	0
chr22	2238	34393119	34393500	381	4	4	4	4	0	0	0	?	0	0	0
chr22	2239	34393733	34394169	436	9	9	9	9	0	0	0	?	0	0	0
chr22	2240	34394475	34394650	175	2	2	2	2	0	0	0	?	0	0	0
chr22	2241	34394942	34394945	3	1	1	1	1	0	0	0	?	0	0	0
chr22	2242	34395238	34395277	39	2	2	2	2	0	0	0	?	0	0	0
chr22	2243	34395492	34395534	42	2	2	2	2	0	0	0	?	0	0	0
chr22	2244	34395744	34396136	392	6	6	7	7	8	8	0	?	0	0	0
chr22	2245	34396314	34396771	457	1	1	30	24	802	802	0	?	0	0	0
chr22	2246	34397236	34397994	758	11	11	11	11	0	0	0	?	0	0	0
chr22	2247	34398188	34398702	514	7	7	7	7	0	0	0	?	0	0	0
chr22	2248	34398795	34399389	594	11	11	11	11	0	0	0	?	0	0	0
chr22	2249	34399653	34400092	439	6	6	6	6	0	0	0	?	0	0	0
chr22	2250	34400322	34400342	20	2	2	2	2	0	0	0	?	0	0	0
chr22	2251	34400716	34400719	3	1	1	1	1	0	0	0	?	0	0	0
chr22	2252	34401167	34401170	3	1	1	1	1	0	0	0	?	0	0	0
chr22	2253	34401440	34401674	234	6	6	6	6	0	0	0	?	0	0	0
chr22	2254	34402036	34402489	453	8	8	8	8	0	0	0	?	0	0	0
chr22	2255	34402711	34403195	484	7	7	7	7	0	0	0	?	0	0	0
chr22	2256	34404760	34404800	40	2	0	2	0	0	2	0	=	0	0	0
chr22	2257	34405305	34405308	3	1	0	1	0	0	1	0	=	0	0	0
chr22	2258	34406079	34406082	3	0	0	0	1	1	1	0	?	0	0	0
chr22	2259	34407558	34407561	3	1	0	1	0	0	1	0	=	0	0	0
chr22	2260	34408140	34408144	4	1	0	1	0	0	2	0	=	0	0	0
chr22	2261	34408532	34408585	53	2	0	2	0	0	2	0	=	0	0	0
chr22	2262	34409196	34409199	3	1	1	1	1	0	0	0	?	0	0	0
chr22	2263	34409817	34409941	124	2	1	2	1	0	3	0	=	0	0	0
chr22	2264	34412801	34412808	7	1	0	1	0	0	5	0	=	0	0	0
chr22	2265	34413227	34413230	3	1	0	1	0	0	1	0	=	0	0	0
chr22	2266	34413461	34413579	118	2	0	3	0	4	9	0	?	0	0	0
chr22	2267	34414323	34414326	3	1	0	1	0	0	1	0	=	0	0	0
chr22	2268	34418870	34419383	513	9	1	9	1	0	8	0	=	0	0	0
chr22	2269	34420007	34420213	206	1	0	3	0	4	5	0	?	0	0	0
chr22	2270	34421033	34421264	231	4	0	4	0	0	4	0	=	0	0	0
chr22	2271	34421555	34421558	3	1	0	1	0	0	1	0	=	0	0	0
chr22	2272	34421899	34422228	329	4	0	4	0	0	5	0	=	0	0	0
chr22	2273	34422474	34422672	198	6	0	6	0	0	6	0	=	0	0	0
chr22	2274	34423099	34423182	83	1	1	2	1	4	12	0	=	0	0	0
chr22	2275	34424124	34424127	3	1	0	1	0	0	1	0	=	0	0	0
chr22	2276	34424419	34424621	202	2	0	2	0	0	2	0	=	0	0	0
chr22	2277	34426544	34426547	3	1	0	1	0	0	1	0	=	0	0	0
chr22	2278	34426981	34427198	217	4	0	4	0	0	5	0	=	0	0	0
chr22	2279	34427835	34427838	3	1	0	1	0	0	1	0	=	0	0	0
chr22	2280	34428115	34428118	3	0	1	0	1	0	1	0	=	0	0	0
chr22	2281	34429430	34429433	3	1	0	1	0	0	1	0	=	0	0	0
chr22	2282	34429795	34429798	3	1	0	1	0	0	1	0	=	0	0	0
chr22	2283	34430148	34430211	63	2	0	2	0	0	2	0	=	0	0	0
chr22	2284	34430595	34430598	3	1	0	1	0	0	1	0	=	0	0	0
chr22	2285	34431017	34431020	3	1	0	1	0	0	1	0	=	0	0	0
chr22	2286	34431306	34431309	3	1	0	1	0	0	1	0	=	0	0	0
chr22	2287	34431918	34431921	3	0	0	1	0	1	1	0	?	0	0	0
chr22	2288	34432394	34432466	72	5	1	5	1	0	4	0	=	0	0	0
chr22	2289	34433534	34433537	3	1	0	1	0	0	1	0	=	0	0	0
chr22	2290	34435645	34435789	144	1	1	1	1	0	2	0	=	0	0	0
chr22	2291	34436038	34436040	2	1	1	1	1	0	0	0	?	0	0	0
chr22	2292	34436530	34436774	244	2	1	3	2	22	25	0	?	0	0	0
chr22	2293	34437032	34437035	3	1	0	1	0	0	1	0	=	0	0	0
chr22	2294	34437246	34437331	85	2	0	2	0	0	2	0	=	0	0	0
chr22	2295	34438250	34438253	3	1	0	1	0	0	1	0	=	0	0	0
chr22	2296	34438629	34438634	5	0	0	1	0	3	3	0	?	0	0	0
chr22	2297	34441217	34441220	3	1	0	1	0	0	1	0	=	0	0	0
chr22	2298	34441531	34441534	3	1	0	1	0	0	1	0	=	0	0	0
chr22	2299	34442252	34442255	3	1	0	1	0	0	1	0	=	0	0	0
chr22	2300	34446421	34446424	3	1	0	1	0	0	1	0	=	0	0	0
chr22	2301	34446684	34446687	3	1	0	1	0	0	1	0	=	0	0	0
chr22	2302	34447863	34447901	38	2	0	2	0	0	2	0	=	0	0	0
chr22	2303	34448553	34448557	4	1	0	1	0	0	2	0	=	0	0	0
chr22	2304	34452329	34452335	6	1	0	1	1	1	5	0	=	0	0	0
chr22	2305	34452557	34452560	3	1	0	1	0	0	1	0	=	0	0	0
chr22	2306	34453754	34453792	38	1	1	4	4	6	6	0	?	0	0	0
chr22	2307	34455139	34455142	3	0	1	0	1	0	1	0	=	0	0	0
chr22	2308	34455383	34455386	3	0	1	0	1	0	1	0	=	0	0	0
chr22	2309	34455671	34455674	3	0	1	0	1	0	1	0	=	0	0	0
chr22	2310	34456025	34456028	3	0	1	0	1	0	1	0	=	0	0	0
chr22	2311	34456645	34456648	3	1	1	1	1	0	0	0	?	0	0	0
chr22	2312	34461360	34461451	91	2	2	2	2	0	2	0	=	0	0	0
chr22	2313	34462180	34462183	3	1	0	1	0	0	1	0	=	0	0	0
chr22	2314	34463367	34463370	3	1	0	1	0	0	1	0	=	0	0	0
chr22	2315	34463799	34464002	203	2	0	2	0	0	2	0	=	0	0	0
chr22	2316	34464590	34464593	3	1	0	1	0	0	1	0	=	0	0	0
chr22	2317	34467381	34467384	3	1	0	1	0	0	1	0	=	0	0	0
chr22	2318	34467770	34467773	3	1	0	1	0	0	1	0	=	0	0	0
chr22	2319	34467996	34468289	293	2	1	2	1	0	29	0	=	0	0	0
chr22	2320	34468530	34468701	171	0	0	0	3	66	66	0	?	0	0	0
chr22	2321	34468963	34469183	220	0	2	1	2	33	65	0	?	0	0	0
chr22	2322	34469402	34469437	35	0	0	2	0	2	2	0	?	0	0	0
chr22	2323	34469827	34469832	5	1	0	1	0	0	3	0	=	0	0	0
chr22	2324	34470308	34470311	3	1	0	1	0	0	1	0	=	0	0	0
chr22	2325	34471188	34471191	3	1	0	1	0	0	1	0	=	0	0	0
chr22	2326	34472407	34472410	3	1	0	1	0	0	1	0	=	0	0	0
chr22	2327	34472892	34472894	2	1	0	1	0	0	2	0	=	0	0	0
chr22	2328	34473202	34473205	3	1	0	1	0	0	1	0	=	0	0	0
chr22	2329	34473577	34473580	3	1	0	1	0	0	1	0	=	0	0	0
chr22	2330	34473955	34473958	3	1	0	1	0	0	1	0	=	0	0	0
chr22	2331	34474996	34475017	21	2	0	2	0	0	2	0	=	0	0	0
chr22	2332	34475748	34475789	41	1	0	2	1	2	3	0	?	0	0	0
chr22	2333	34476212	34476215	3	1	0	1	0	0	1	0	=	0	0	0
chr22	2334	34476812	34476901	89	2	0	2	0	0	4	0	=	0	0	0
chr22	2335	34477602	34477672	70	2	0	2	0	0	2	0	=	0	0	0
chr22	2336	34478107	34478110	3	1	0	1	0	0	1	0	=	0	0	0
chr22	2337	34479237	34479240	3	1	0	1	0	0	1	0	=	0	0	0
chr22	2338	34479723	34479952	229	3	0	4	0	12	15	0	?	0	0	0
chr22	2339	34480814	34480817	3	1	0	1	0	0	1	0	=	0	0	0
chr22	2340	34481091	34481093	2	1	0	1	0	0	4	0	=	0	0	0
chr22	2341	34483067	34483070	3	1	0	1	0	0	1	0	=	0	0	0
chr22	2342	34483986	34483989	3	1	0	1	0	0	1	0	=	0	0	0
chr22	2343	34484228	34484230	2	1	0	1	0	0	1	0	=	0	0	0
chr22	2344	34485162	34485165	3	1	0	1	0	0	1	0	=	0	0	0
chr22	2345	34485423	34485426	3	1	0	1	0	0	1	0	=	0	0	0
chr22	2346	34486030	34486073	43	2	0	2	0	0	2	0	=	0	0	0
chr22	2347	34486585	34486588	3	1	0	1	0	0	1	0	=	0	0	0
chr22	2348	34488274	34488276	2	1	0	1	0	0	4	0	=	0	0	0
chr22	2349	34488883	34488886	3	1	0	1	0	0	1	0	=	0	0	0
chr22	2350	34490895	34490998	103	2	0	2	0	0	2	0	=	0	0	0
chr22	2351	34491276	34491279	3	1	0	1	0	0	1	0	=	0	0	0
chr22	2352	34491660	34491663	3	1	1	1	1	0	0	0	?	0	0	0
chr22	2353	34493466	34493525	59	2	0	2	0	0	2	0	=	0	0	0
chr22	2354	34493760	34493776	16	2	0	2	0	0	2	0	=	0	0	0
chr22	2355	34494004	34494007	3	1	0	1	0	0	1	0	=	0	0	0
chr22	2356	34494368	34494371	3	1	0	1	0	0	1	0	=	0	0	0
chr22	2357	34494905	34494908	3	1	0	1	0	0	1	0	=	0	0	0
chr22	2358	34496606	34496609	3	1	0	1	0	0	1	0	=	0	0	0
chr22	2359	34497058	34497061	3	1	0	1	0	0	1	0	=	0	0	0
chr22	2360	34497705	34497708	3	1	0	1	0	0	1	0	=	0	0	0
chr22	2361	34498289	34498292	3	1	0	1	0	0	1	0	=	0	0	0
chr22	2362	34498864	34499222	358	4	0	4	0	0	4	0	=	0	0	0
chr22	2363	34499564	34499567	3	1	0	1	0	0	1	0	=	0	0	0
chr22	2364	34499911	34500618	707	12	1	26	1	38	83	0	?	0	0	0
chr22	2365	34500974	34501004	30	2	0	2	0	0	2	0	=	0	0	0
chr22	2366	34501617	34501620	3	1	0	1	0	0	1	0	=	0	0	0
chr22	2367	34502040	34502043	3	1	0	1	0	0	1	0	=	0	0	0
chr22	2368	34502391	34502958	567	7	0	7	0	0	7	0	=	0	0	0
chr22	2369	34503178	34503668	490	4	0	4	1	2	6	0	=	0	0	0
chr22	2370	34504238	34504241	3	1	0	1	0	0	1	0	=	0	0	0
chr22	2371	34505531	34505534	3	1	0	1	0	0	1	0	=	0	0	0
chr22	2372	34505834	34505837	3	1	0	1	0	0	1	0	=	0	0	0
chr22	2373	34506213	34506216	3	1	0	1	0	0	1	0	=	0	0	0
chr22	2374	34507312	34507315	3	1	0	1	0	0	1	0	=	0	0	0
chr22	2375	34507715	34507887	172	3	0	3	0	0	3	0	=	0	0	0
chr22	2376	34508113	34508328	215	3	0	3	0	0	3	0	=	0	0	0
chr22	2377	34508607	34508771	164	2	0	2	0	0	2	0	=	0	0	0
chr22	2378	34509695	34509785	90	2	0	2	0	0	2	0	=	0	0	0
chr22	2379	34510187	34510250	63	2	0	2	0	0	2	0	=	0	0	0
chr22	2380	34510822	34510982	160	2	0	2	0	0	2	0	=	0	0	0
chr22	2381	34511702	34511705	3	1	0	1	0	0	1	0	=	0	0	0
chr22	2382	34512059	34512062	3	1	0	1	0	0	1	0	=	0	0	0
chr22	2383	34513150	34513153	3	1	0	1	0	0	1	0	=	0	0	0
chr22	2384	34513619	34513622	3	1	0	1	0	0	1	0	=	0	0	0
chr22	2385	34513969	34513972	3	1	0	1	0	0	1	0	=	0	0	0
chr22	2386	34514853	34514856	3	1	0	1	0	0	1	0	=	0	0	0
chr22	2387	34515435	34515438	3	1	0	1	0	0	1	0	=	0	0	0
chr22	2388	34517687	34517690	3	0	1	0	1	0	1	0	=	0	0	0
chr22	2389	34518358	34518361	3	0	1	0	1	0	1	0	=	0	0	0
chr22	2390	34518975	34518978	3	0	1	0	1	0	1	0	=	0	0	0
chr22	2391	34519298	34519301	3	0	1	0	1	0	1	0	=	0	0	0
chr22	2392	34519553	34519556	3	0	1	0	1	0	1	0	=	0	0	0
chr22	2393	34520671	34520674	3	0	1	0	1	0	1	0	=	0	0	0
chr22	2394	34520998	34521001	3	0	1	0	1	0	1	0	=	0	0	0
chr22	2395	34521529	34521753	224	0	3	0	3	0	3	0	=	0	0	0
chr22	2396	34522339	34522342	3	0	1	0	1	0	1	0	=	0	0	0
chr22	2397	34523606	34523609	3	0	1	0	1	0	1	0	=	0	0	0
chr22	2398	34524394	34524397	3	0	1	0	1	0	1	0	=	0	0	0
chr22	2399	34524704	34524783	79	0	2	0	2	0	2	0	=	0	0	0
chr22	2400	34525189	34525192	3	0	1	0	1	0	1	0	=	0	0	0
chr22	2401	34525501	34525504	3	0	1	0	1	0	1	0	=	0	0	0
chr22	2402	34527181	34527201	20	0	2	0	2	0	2	0	=	0	0	0
chr22	2403	34527415	34527968	553	0	6	0	6	0	6	0	=	0	0	0
chr22	2404	34530059	34530061	2	0	1	0	1	0	1	0	=	0	0	0
chr22	2405	34530463	34530549	86	0	2	0	2	0	2	0	=	0	0	0
chr22	2406	34531445	34531461	16	0	1	1	1	6	20	0	=	0	0	0
chr22	2407	34532200	34532203	3	0	1	0	1	0	1	0	=	0	0	0
chr22	2408	34532541	34532557	16	0	2	0	2	0	2	0	=	0	0	0
chr22	2409	34532789	34532839	50	0	2	0	2	1	2	0	?	0	0	0
chr22	2410	34533366	34533369	3	0	1	0	1	0	1	0	=	0	0	0
chr22	2411	34534222	34534225	3	0	1	0	1	0	1	0	=	0	0	0
chr22	2412	34534483	34534486	3	0	1	0	1	0	1	0	=	0	0	0
chr22	2413	34534800	34534803	3	0	1	0	1	0	1	0	=	0	0	0
chr22	2414	34535270	34535273	3	0	1	0	1	0	1	0	=	0	0	0
chr22	2415	34535842	34535845	3	0	1	0	1	0	1	0	=	0	0	0
chr22	2416	34536384	34536387	3	0	1	0	1	0	1	0	=	0	0	0
chr22	2417	34538354	34538357	3	0	1	0	1	0	1	0	=	0	0	0
chr22	2418	34538839	34538841	2	0	1	0	1	0	1	0	=	0	0	0
chr22	2419	34539154	34539157	3	0	1	0	1	0	1	0	=	0	0	0
chr22	2420	34540239	34540429	190	0	3	0	4	15	18	0	?	0	0	0
chr22	2421	34540893	34540896	3	0	1	0	1	0	1	0	=	0	0	0
chr22	2422	34541282	34541285	3	0	1	0	1	0	1	0	=	0	0	0
chr22	2423	34541728	34541731	3	0	1	0	1	0	1	0	=	0	0	0
chr22	2424	34542051	34542120	69	0	2	0	2	0	2	0	=	0	0	0
chr22	2425	34542975	34543072	97	0	2	0	2	0	5	0	=	0	0	0
chr22	2426	34544088	34544091	3	0	1	0	1	0	1	0	=	0	0	0
chr22	2427	34544948	34544951	3	0	1	0	1	0	1	0	=	0	0	0
chr22	2428	34545257	34545263	6	0	0	0	1	4	4	0	?	0	0	0
chr22	2429	34545582	34545585	3	1	1	1	1	0	0	0	?	0	0	0
chr22	2430	34546096	34546277	181	1	1	1	1	0	2	0	=	0	0	0
chr22	2431	34546523	34546526	3	0	1	0	1	0	1	0	=	0	0	0
chr22	2432	34547078	34547081	3	1	0	1	0	0	1	0	=	0	0	0
chr22	2433	34547329	34547332	3	0	1	0	1	0	1	0	=	0	0	0
chr22	2434	34547680	34547683	3	1	1	1	1	0	0	0	?	0	0	0
chr22	2435	34548162	34548429	267	0	3	0	3	0	3	0	=	0	0	0
chr22	2436	34548647	34548650	3	0	1	0	1	0	1	0	=	0	0	0
chr22	2437	34549301	34549809	508	0	5	0	5	0	5	0	=	0	0	0
chr22	2438	34550687	34550690	3	0	0	0	1	1	1	0	?	0	0	0
chr22	2439	34551016	34551239	223	0	0	0	3	3	3	0	?	0	0	0
chr22	2440	34551561	34551590	29	0	0	0	3	3	3	0	?	0	0	0
chr22	2441	34552075	34552094	19	0	0	0	2	2	2	0	?	0	0	0
chr22	2442	34552596	34552859	263	0	1	0	3	2	3	0	?	0	0	0
chr22	2443	34553592	34553595	3	0	1	0	1	0	1	0	=	0	0	0
chr22	2444	34553824	34554212	388	0	3	0	6	3	6	0	?	0	0	0
chr22	2445	34555134	34555554	420	0	5	0	5	0	24	0	=	0	0	0
chr22	2446	34556744	34556747	3	1	0	1	0	0	1	0	=	0	0	0
chr22	2447	34557308	34557311	3	0	1	0	1	0	1	0	=	0	0	0
chr22	2448	34557810	34557813	3	0	1	0	1	0	1	0	=	0	0	0
chr22	2449	34558083	34558242	159	0	2	0	2	0	2	0	=	0	0	0
chr22	2450	34558487	34558490	3	0	1	0	1	0	1	0	=	0	0	0
chr22	2451	34558951	34559385	434	1	4	1	5	1	4	0	=	0	0	0
chr22	2452	34559706	34559886	180	0	2	0	2	0	2	0	=	0	0	0
chr22	2453	34560165	34560347	182	0	3	0	3	0	3	0	=	0	0	0
chr22	2454	34560853	34561151	298	2	3	3	3	1	9	0	=	0	0	0
chr22	2455	34561973	34561976	3	0	1	0	1	0	1	0	=	0	0	0
chr22	2456	34562775	34562777	2	0	1	0	1	0	2	0	=	0	0	0
chr22	2457	34563252	34563255	3	0	1	0	1	0	1	0	=	0	0	0
chr22	2458	34563841	34564033	192	0	2	0	2	0	2	0	=	0	0	0
chr22	2459	34564682	34564772	90	0	1	1	2	8	9	0	?	0	0	0
chr22	2460	34564994	34565104	110	0	2	0	2	0	4	0	=	0	0	0
chr22	2461	34565460	34565462	2	0	1	0	1	0	5	0	=	0	0	0
chr22	2462	34565856	34566359	503	0	4	0	4	0	5	0	=	0	0	0
chr22	2463	34567110	34567114	4	0	1	0	1	0	2	0	=	0	0	0
chr22	2464	34567470	34567472	2	0	0	0	1	9	9	0	?	0	0	0
chr22	2465	34568103	34568257	154	0	2	0	2	0	2	0	=	0	0	0
chr22	2466	34568643	34568646	3	0	1	0	1	0	1	0	=	0	0	0
chr22	2467	34568961	34568964	3	0	1	0	1	0	1	0	=	0	0	0
chr22	2468	34569199	34569270	71	0	3	0	3	0	3	0	=	0	0	0
chr22	2469	34569492	34569495	3	0	1	0	1	0	1	0	=	0	0	0
chr22	2470	34569900	34570021	121	1	3	1	3	0	2	0	=	0	0	0
chr22	2471	34570725	34570728	3	0	1	0	1	0	1	0	=	0	0	0
chr22	2472	34571288	34571291	3	0	1	0	1	0	1	0	=	0	0	0
chr22	2473	34571591	34571594	3	0	1	0	1	0	1	0	=	0	0	0
chr22	2474	34571975	34572175	200	0	2	0	2	0	2	0	=	0	0	0
chr22	2475	34572620	34572623	3	0	1	0	1	0	1	0	=	0	0	0
chr22	2476	34572881	34572884	3	0	1	0	1	0	1	0	=	0	0	0
chr22	2477	34573275	34573278	3	0	1	0	1	0	1	0	=	0	0	0
chr22	2478	34573608	34573611	3	0	1	0	1	0	1	0	=	0	0	0
chr22	2479	34573823	34573825	2	0	1	0	1	0	6	0	=	0	0	0
chr22	2480	34574363	34574366	3	0	1	0	1	0	1	0	=	0	0	0
chr22	2481	34574846	34574849	3	0	1	0	1	0	1	0	=	0	0	0
chr22	2482	34575964	34575967	3	0	1	0	1	0	1	0	=	0	0	0
chr22	2483	34577070	34577227	157	2	2	2	2	0	0	0	?	0	0	0
chr22	2484	34577442	34577445	3	0	1	0	1	0	1	0	=	0	0	0
chr22	2485	34577868	34577871	3	0	1	0	1	0	1	0	=	0	0	0
chr22	2486	34578304	34578969	665	2	3	5	14	1043	1046	0	?	0	0	0
chr22	2487	34579798	34579971	173	0	6	1	6	15	18	0	?	0	0	0
chr22	2488	34580856	34580859	3	0	1	0	1	0	1	0	=	0	0	0
chr22	2489	34581382	34581469	87	0	2	0	2	0	2	0	=	0	0	0
chr22	2490	34581913	34581916	3	0	1	0	1	0	1	0	=	0	0	0
chr22	2491	34582585	34582587	2	0	0	0	1	5	5	0	?	0	0	0
chr22	2492	34583468	34583471	3	1	0	1	0	0	1	0	=	0	0	0
chr22	2493	34584020	34584143	123	0	2	0	2	0	2	0	=	0	0	0
chr22	2494	34584440	34584443	3	0	1	0	1	0	1	0	=	0	0	0
chr22	2495	34585276	34585279	3	0	1	0	1	0	1	0	=	0	0	0
chr22	2496	34585635	34585638	3	0	1	0	1	0	1	0	=	0	0	0
chr22	2497	34586463	34586660	197	0	2	0	2	0	2	0	=	0	0	0
chr22	2498	34587281	34587284	3	0	1	0	1	0	1	0	=	0	0	0
chr22	2499	34587585	34587588	3	1	1	1	1	0	0	0	?	0	0	0
chr22	2500	34588070	34588102	32	1	2	1	2	0	1	0	=	0	0	0
chr22	2501	34588427	34588447	20	0	2	0	2	0	14	0	=	0	0	0
chr22	2502	34589078	34589081	3	1	1	1	1	0	0	0	?	0	0	0
chr22	2503	34590406	34590409	3	1	1	1	1	0	0	0	?	0	0	0
chr22	2504	34591544	34591637	93	2	2	2	2	0	0	0	?	0	0	0
chr22	2505	34591914	34591917	3	1	1	1	1	0	0	0	?	0	0	0
chr22	2506	34592566	34592603	37	3	3	3	3	0	0	0	?	0	0	0
chr22	2507	34592989	34592992	3	1	1	1	1	0	0	0	?	0	0	0
chr22	2508	34594158	34594161	3	0	1	0	1	0	1	0	=	0	0	0
chr22	2509	34594438	34594441	3	1	1	1	1	0	0	0	?	0	0	0
chr22	2510	34595698	34595701	3	1	1	1	1	0	0	0	?	0	0	0
chr22	2511	34597402	34597405	3	1	1	1	1	0	0	0	?	0	0	0
chr22	2512	34600452	34600455	3	1	1	1	1	0	0	0	?	0	0	0
chr22	2513	34601085	34601118	33	2	2	2	2	0	0	0	?	0	0	0
chr22	2514	34601416	34601418	2	1	1	1	1	0	0	0	?	0	0	0
chr22	2515	34602208	34602211	3	1	1	1	1	0	0	0	?	0	0	0
chr22	2516	34602452	34602520	68	2	2	2	2	0	0	0	?	0	0	0
chr22	2517	34604662	34604664	2	1	1	1	1	0	0	0	?	0	0	0
chr22	2518	34606432	34606435	3	1	1	1	1	0	0	0	?	0	0	0
chr22	2519	34607953	34608102	149	2	2	2	2	0	0	0	?	0	0	0
chr22	2520	34608465	34608468	3	1	1	1	1	0	0	0	?	0	0	0
chr22	2521	34612069	34612072	3	1	1	1	1	0	0	0	?	0	0	0
chr22	2522	34612577	34612744	167	3	3	3	3	0	0	0	?	0	0	0
chr22	2523	34613025	34613036	11	2	2	2	2	0	0	0	?	0	0	0
chr22	2524	34613360	34613363	3	1	1	1	1	0	0	0	?	0	0	0
chr22	2525	34613727	34613763	36	3	1	3	1	0	2	0	=	0	0	0
chr22	2526	34615073	34615076	3	1	1	1	1	0	0	0	?	0	0	0
chr22	2527	34615413	34615461	48	3	3	3	3	4	4	0	?	0	0	0
chr22	2528	34617706	34617709	3	0	1	0	1	0	1	0	=	0	0	0
chr22	2529	34618046	34618048	2	1	1	1	1	0	0	0	?	0	0	0
chr22	2530	34618746	34618749	3	1	1	1	1	0	0	0	?	0	0	0
chr22	2531	34619112	34619115	3	1	1	1	1	0	0	0	?	0	0	0
chr22	2532	34619832	34619858	26	2	2	2	2	0	0	0	?	0	0	0
chr22	2533	34620094	34620097	3	1	1	1	1	0	0	0	?	0	0	0
chr22	2534	34620569	34620572	3	1	1	1	1	0	0	0	?	0	0	0
chr22	2535	34620824	34620827	3	1	1	1	1	0	0	0	?	0	0	0
chr22	2536	34621854	34621947	93	2	2	2	2	0	0	0	?	0	0	0
chr22	2537	34622214	34622216	2	0	0	1	1	2	2	0	?	0	0	0
chr22	2538	34623157	34623160	3	1	1	1	1	0	0	0	?	0	0	0
chr22	2539	34623629	34623632	3	1	1	1	1	0	0	0	?	0	0	0
chr22	2540	34625140	34625201	61	2	2	2	2	0	0	0	?	0	0	0
chr22	2541	34625893	34625896	3	1	1	1	1	0	0	0	?	0	0	0
chr22	2542	34626315	34626318	3	1	1	1	1	0	0	0	?	0	0	0
chr22	2543	34626596	34626951	355	5	4	5	5	1	1	0	?	0	0	0
chr22	2544	34628105	34628347	242	7	7	7	7	0	0	0	?	0	0	0
chr22	2545	34628829	34628831	2	1	1	1	1	0	0	0	?	0	0	0
chr22	2546	34629251	34629254	3	1	1	1	1	0	0	0	?	0	0	0
chr22	2547	34629892	34629894	2	0	0	1	1	2	2	0	?	0	0	0
chr22	2548	34630194	34630198	4	0	0	1	1	4	4	0	?	0	0	0
chr22	2549	34631609	34631612	3	1	1	1	1	0	0	0	?	0	0	0
chr22	2550	34631969	34632134	165	2	2	2	2	0	0	0	?	0	0	0
chr22	2551	34632369	34632371	2	1	1	1	1	0	0	0	?	0	0	0
chr22	2552	34632997	34633000	3	1	1	1	1	0	0	0	?	0	0	0
chr22	2553	34634213	34634256	43	2	2	2	2	0	0	0	?	0	0	0
chr22	2554	34634624	34634627	3	1	1	1	1	0	0	0	?	0	0	0
chr22	2555	34635309	34635312	3	1	1	1	1	0	0	0	?	0	0	0
chr22	2556	34635870	34635873	3	1	1	1	1	0	0	0	?	0	0	0
chr22	2557	34636332	34636335	3	1	1	1	1	0	0	0	?	0	0	0
chr22	2558	34636581	34636583	2	1	1	1	1	0	0	0	?	0	0	0
chr22	2559	34637255	34637272	17	2	2	2	2	0	0	0	?	0	0	0
chr22	2560	34637845	34637848	3	1	1	1	1	0	0	0	?	0	0	0
chr22	2561	34638780	34638783	3	1	1	1	1	0	0	0	?	0	0	0
chr22	2562	34639032	34639035	3	1	1	1	1	0	0	0	?	0	0	0
chr22	2563	34641168	34641171	3	1	0	1	1	1	1	0	?	0	0	0
chr22	2564	34641812	34641883	71	2	2	2	2	0	0	0	?	0	0	0
chr22	2565	34642450	34642453	3	1	1	1	1	0	0	0	?	0	0	0
chr22	2566	34643816	34643819	3	1	1	1	1	0	0	0	?	0	0	0
chr22	2567	34645882	34645920	38	2	2	2	2	0	0	0	?	0	0	0
chr22	2568	34646755	34646758	3	1	1	1	1	0	0	0	?	0	0	0
chr22	2569	34648113	34648115	2	1	1	1	1	0	0	0	?	0	0	0
chr22	2570	34649329	34649532	203	2	2	2	2	0	0	0	?	0	0	0
chr22	2571	34650026	34650029	3	1	1	1	1	0	0	0	?	0	0	0
chr22	2572	34651361	34651364	3	1	1	1	1	0	0	0	?	0	0	0
chr22	2573	34651701	34651705	4	2	2	2	2	0	0	0	?	0	0	0
chr22	2574	34652251	34652254	3	1	1	1	1	0	0	0	?	0	0	0
chr22	2575	34653089	34653150	61	2	2	2	2	0	0	0	?	0	0	0
chr22	2576	34653620	34653623	3	1	1	1	1	0	0	0	?	0	0	0
chr22	2577	34654046	34654049	3	1	1	1	1	0	0	0	?	0	0	0
chr22	2578	34654509	34654512	3	1	1	1	1	0	0	0	?	0	0	0
chr22	2579	34655141	34655144	3	1	1	1	1	0	0	0	?	0	0	0
chr22	2580	34656052	34656055	3	1	1	1	1	0	0	0	?	0	0	0
chr22	2581	34656521	34656791	270	5	5	5	5	0	0	0	?	0	0	0
chr22	2582	34657045	34657048	3	1	1	1	1	0	0	0	?	0	0	0
chr22	2583	34657340	34657351	11	2	2	2	2	0	0	0	?	0	0	0
chr22	2584	34657742	34657745	3	1	1	1	1	0	0	0	?	0	0	0
chr22	2585	34658340	34658599	259	4	4	4	4	0	0	0	?	0	0	0
chr22	2586	34659015	34659217	202	2	2	2	2	0	0	0	?	0	0	0
chr22	2587	34659981	34660189	208	2	2	2	2	0	0	0	?	0	0	0
chr22	2588	34660398	34660555	157	2	2	2	2	0	0	0	?	0	0	0
chr22	2589	34662125	34662261	136	2	2	2	2	0	0	0	?	0	0	0
chr22	2590	34662863	34662866	3	1	1	1	1	0	0	0	?	0	0	0
chr22	2591	34663115	34663513	398	4	4	4	4	0	0	0	?	0	0	0
chr22	2592	34664853	34664855	2	1	1	1	1	0	2	0	=	0	0	0
chr22	2593	34665569	34665781	212	2	2	2	2	0	0	0	?	0	0	0
chr22	2594	34665992	34666076	84	3	3	3	3	0	0	0	?	0	0	0
chr22	2595	34666288	34666739	451	4	4	4	4	0	0	0	?	0	0	0
chr22	2596	34667017	34667020	3	1	1	1	1	0	0	0	?	0	0	0
chr22	2597	34667322	34667924	602	7	6	7	6	0	1	0	=	0	0	0
chr22	2598	34668780	34668930	150	2	2	2	2	0	0	0	?	0	0	0
chr22	2599	34669526	34669542	16	2	2	1	1	2	2	0	?	0	0	0
chr22	2600	34669785	34669788	3	1	1	1	1	0	0	0	?	0	0	0
chr22	2601	34671883	34671886	3	1	1	1	1	0	0	0	?	0	0	0
chr22	2602	34672582	34672585	3	1	1	1	1	0	0	0	?	0	0	0
chr22	2603	34674050	34674053	3	1	1	1	1	0	0	0	?	0	0	0
chr22	2604	34674999	34675194	195	3	3	3	3	0	0	0	?	0	0	0
chr22	2605	34675617	34675619	2	0	0	1	1	8	8	0	?	0	0	0
chr22	2606	34676421	34676424	3	1	1	1	1	0	0	0	?	0	0	0
chr22	2607	34677112	34677115	3	1	1	1	1	0	0	0	?	0	0	0
chr22	2608	34677621	34677634	13	0	0	2	2	4	4	0	?	0	0	0
chr22	2609	34677990	34677993	3	0	0	1	1	2	2	0	?	0	0	0
chr22	2610	34678286	34678398	112	0	0	2	2	4	4	0	?	0	0	0
chr22	2611	34678679	34678898	219	3	3	4	4	2	2	0	?	0	0	0
chr22	2612	34679219	34679222	3	1	1	1	1	0	0	0	?	0	0	0
chr22	2613	34679797	34679822	25	2	2	2	2	0	0	0	?	0	0	0
chr22	2614	34680158	34680559	401	2	3	7	8	10	11	0	?	0	0	0
chr22	2615	34680792	34681069	277	1	1	5	5	10	10	0	?	0	0	0
chr22	2616	34681423	34681668	245	1	1	3	3	4	4	0	?	0	0	0
chr22	2617	34682006	34682009	3	0	0	1	1	2	2	0	?	0	0	0
chr22	2618	34682320	34682688	368	1	1	3	3	4	4	0	?	0	0	0
chr22	2619	34683030	34683380	350	4	4	4	4	0	0	0	?	0	0	0
chr22	2620	34684155	34684749	594	8	9	8	9	0	1	0	=	0	0	0
chr22	2621	34684957	34685462	505	6	6	7	7	2	2	0	?	0	0	0
chr22	2622	34685913	34685916	3	1	1	1	1	0	0	0	?	0	0	0
chr22	2623	34686416	34686694	278	3	3	3	3	0	10	0	=	0	0	0
chr22	2624	34687070	34687073	3	1	1	1	1	0	0	0	?	0	0	0
chr22	2625	34687502	34687505	3	1	1	1	1	0	0	0	?	0	0	0
chr22	2626	34688062	34688642	580	6	6	6	6	0	0	0	?	0	0	0
chr22	2627	34689074	34689077	3	1	1	1	1	0	0	0	?	0	0	0
chr22	2628	34689359	34689502	143	2	2	2	2	0	0	0	?	0	0	0
chr22	2629	34690126	34690128	2	1	1	1	1	0	0	0	?	0	0	0
chr22	2630	34690585	34690587	2	1	1	1	1	0	0	0	?	0	0	0
chr22	2631	34691189	34691474	285	4	4	4	4	0	0	0	?	0	0	0
chr22	2632	34692313	34692316	3	1	1	1	1	0	0	0	?	0	0	0
chr22	2633	34692537	34692540	3	1	1	1	1	0	0	0	?	0	0	0
chr22	2634	34693300	34693679	379	3	3	3	3	0	0	0	?	0	0	0
chr22	2635	34694363	34694403	40	2	2	2	2	0	0	0	?	0	0	0
chr22	2636	34694627	34694630	3	1	1	1	1	0	0	0	?	0	0	0
chr22	2637	34695078	34695210	132	2	2	2	2	0	0	0	?	0	0	0
chr22	2638	34695534	34695537	3	1	1	1	1	0	0	0	?	0	0	0
chr22	2639	34696280	34696282	2	1	1	1	1	0	0	0	?	0	0	0
chr22	2640	34696716	34696719	3	1	1	1	1	0	0	0	?	0	0	0
chr22	2641	34697406	34697409	3	1	1	1	1	0	0	0	?	0	0	0
chr22	2642	34698136	34698139	3	1	1	1	1	0	0	0	?	0	0	0
chr22	2643	34698798	34698801	3	1	1	1	1	0	0	0	?	0	0	0
chr22	2644	34700666	34700669	3	1	1	1	1	0	0	0	?	0	0	0
chr22	2645	34701069	34701072	3	1	1	1	1	0	0	0	?	0	0	0
chr22	2646	34701560	34702049	489	3	3	5	5	22	22	0	?	0	0	0
chr22	2647	34703141	34703487	346	3	3	3	3	0	0	0	?	0	0	0
chr22	2648	34703970	34703973	3	1	1	1	1	0	0	0	?	0	0	0
chr22	2649	34704465	34704468	3	1	1	1	1	0	0	0	?	0	0	0
chr22	2650	34704704	34704707	3	1	1	1	1	0	0	0	?	0	0	0
chr22	2651	34704941	34704944	3	1	1	1	1	0	0	0	?	0	0	0
chr22	2652	34706664	34706667	3	1	1	1	1	0	0	0	?	0	0	0
chr22	2653	34708062	34708065	3	1	1	1	1	0	0	0	?	0	0	0
chr22	2654	34708615	34708618	3	1	1	1	1	0	0	0	?	0	0	0
chr22	2655	34709935	34709938	3	1	1	1	1	0	0	0	?	0	0	0
chr22	2656	34713833	34713836	3	1	1	1	1	0	0	0	?	0	0	0
chr22	2657	34714330	34714515	185	2	2	2	2	0	0	0	?	0	0	0
chr22	2658	34715015	34715018	3	1	1	1	1	0	0	0	?	0	0	0
chr22	2659	34715689	34715706	17	1	1	1	1	0	0	0	?	0	0	0
chr22	2660	34717702	34717705	3	0	1	0	1	0	1	0	=	0	0	0
chr22	2661	34718212	34718214	2	1	1	1	1	0	0	0	?	0	0	0
chr22	2662	34719920	34719923	3	1	1	1	1	0	0	0	?	0	0	0
chr22	2663	34720248	34720251	3	1	1	1	1	0	0	0	?	0	0	0
chr22	2664	34720608	34720612	4	1	1	1	1	0	0	0	?	0	0	0
chr22	2665	34721276	34721279	3	1	1	1	1	0	0	0	?	0	0	0
chr22	2666	34722519	34722522	3	1	1	1	1	0	0	0	?	0	0	0
chr22	2667	34722748	34722751	3	1	1	1	1	0	0	0	?	0	0	0
chr22	2668	34723186	34723394	208	2	2	2	2	0	0	0	?	0	0	0
chr22	2669	34723661	34723663	2	1	1	1	1	0	0	0	?	0	0	0
chr22	2670	34724341	34724344	3	1	1	1	1	0	0	0	?	0	0	0
chr22	2671	34725926	34725953	27	2	2	2	1	0	0	0	?	0	0	0
chr22	2672	34726166	34726169	3	1	1	1	1	0	0	0	?	0	0	0
chr22	2673	34726781	34726784	3	1	1	1	1	0	0	0	?	0	0	0
chr22	2674	34727478	34727495	17	2	2	2	2	0	0	0	?	0	0	0
chr22	2675	34728073	34728076	3	1	1	1	1	0	0	0	?	0	0	0
chr22	2676	34728705	34728903	198	2	2	2	2	0	0	0	?	0	0	0
chr22	2677	34729468	34729471	3	1	1	1	1	0	0	0	?	0	0	0
chr22	2678	34729838	34729841	3	1	1	1	1	0	0	0	?	0	0	0
chr22	2679	34730797	34730800	3	1	1	1	1	0	0	0	?	0	0	0
chr22	2680	34731986	34731989	3	1	1	1	1	0	0	0	?	0	0	0
chr22	2681	34732496	34732499	3	1	1	1	1	0	0	0	?	0	0	0
chr22	2682	34734106	34734109	3	1	1	1	1	0	0	0	?	0	0	0
chr22	2683	34735494	34735603	109	2	2	2	2	0	0	0	?	0	0	0
chr22	2684	34736999	34737153	154	3	3	3	3	0	0	0	?	0	0	0
chr22	2685	34739033	34739036	3	1	1	1	1	0	0	0	?	0	0	0
chr22	2686	34740021	34740024	3	1	1	1	1	0	0	0	?	0	0	0
chr22	2687	34740595	34740628	33	2	2	2	2	0	0	0	?	0	0	0
chr22	2688	34741100	34741103	3	1	1	1	1	0	0	0	?	0	0	0
chr22	2689	34742128	34742131	3	1	1	1	1	0	0	0	?	0	0	0
chr22	2690	34742547	34742550	3	1	1	1	1	0	0	0	?	0	0	0
chr22	2691	34743180	34743186	6	1	1	1	1	0	0	0	?	0	0	0
chr22	2692	34744042	34744044	2	1	1	1	1	0	0	0	?	0	0	0
chr22	2693	34744954	34744956	2	1	1	1	1	0	0	0	?	0	0	0
chr22	2694	34745812	34745815	3	1	1	1	1	0	0	0	?	0	0	0
chr22	2695	34758986	34758989	3	1	0	1	0	0	1	0	=	0	0	0
chr22	2696	34766941	34766949	8	1	1	1	1	4	4	0	?	0	0	0
chr22	2697	34779077	34779079	2	1	1	1	1	0	0	0	?	0	0	0
chr22	2698	34779973	34779976	3	0	1	0	1	0	1	0	=	0	0	0
chr22	2699	34782282	34782286	4	0	0	1	1	3	3	0	?	0	0	0
chr22	2700	34785646	34785648	2	0	0	0	1	1	1	0	?	0	0	0
chr22	2701	34786202	34786205	3	1	1	1	1	0	0	0	?	0	0	0
chr22	2702	34786559	34786562	3	1	1	1	1	0	0	0	?	0	0	0
chr22	2703	34786802	34786834	32	0	0	9	8	44	44	0	?	0	0	0
chr22	2704	34787284	34787374	90	2	2	2	2	0	0	0	?	0	0	0
chr22	2705	34787610	34787613	3	1	1	1	1	0	0	0	?	0	0	0
chr22	2706	34787822	34787825	3	1	1	1	1	0	0	0	?	0	0	0
chr22	2707	34788961	34789580	619	7	8	7	8	0	1	0	=	0	0	0
chr22	2708	34789851	34790360	509	6	6	6	6	0	0	0	?	0	0	0
chr22	2709	34790659	34790962	303	3	3	3	3	0	0	0	?	0	0	0
chr22	2710	34791334	34791337	3	1	1	1	1	0	0	0	?	0	0	0
chr22	2711	34791702	34792533	831	9	8	9	8	0	1	0	=	0	0	0
chr22	2712	34792790	34792908	118	5	5	5	5	0	0	0	?	0	0	0
chr22	2713	34793407	34793410	3	1	1	1	1	0	0	0	?	0	0	0
chr22	2714	34794137	34794799	662	7	7	7	7	0	0	0	?	0	0	0
chr22	2715	34795112	34795206	94	2	2	2	2	0	0	0	?	0	0	0
chr22	2716	34795930	34796016	86	2	2	2	2	0	0	0	?	0	0	0
chr22	2717	34797001	34797239	238	4	4	4	4	0	0	0	?	0	0	0
chr22	2718	34797541	34797544	3	1	1	1	1	0	0	0	?	0	0	0
chr22	2719	34797780	34797915	135	2	2	2	2	0	0	0	?	0	0	0
chr22	2720	34798423	34798566	143	2	2	2	2	0	0	0	?	0	0	0
chr22	2721	34799095	34799180	85	2	2	2	2	0	0	0	?	0	0	0
chr22	2722	34799781	34799903	122	3	3	3	3	0	0	0	?	0	0	0
chr22	2723	34800686	34800751	65	2	2	2	2	0	0	0	?	0	0	0
chr22	2724	34801073	34801210	137	2	2	2	2	0	0	0	?	0	0	0
chr22	2725	34801491	34801664	173	3	3	3	3	0	0	0	?	0	0	0
chr22	2726	34809499	34809695	196	2	2	2	2	0	0	0	?	0	0	0
chr22	2727	34811287	34811293	6	0	0	1	1	12	12	0	?	0	0	0
chr22	2728	34820861	34820864	3	1	1	1	1	0	0	0	?	0	0	0
chr22	2729	34830319	34830321	2	0	0	1	1	3	3	0	?	0	0	0
chr22	2730	34831216	34831289	73	0	0	1	1	24	24	0	?	0	0	0
chr22	2731	34832637	34832642	5	0	0	1	1	6	6	0	?	0	0	0
chr22	2732	34834219	34834222	3	0	1	0	1	0	1	0	=	0	0	0
chr22	2733	34835560	34835772	212	2	2	2	2	0	0	0	?	0	0	0
chr22	2734	34836216	34836481	265	4	4	4	4	0	0	0	?	0	0	0
chr22	2735	34836953	34836956	3	1	1	1	1	0	0	0	?	0	0	0
chr22	2736	34837489	34837503	14	3	3	3	3	0	0	0	?	0	0	0
chr22	2737	34837722	34837725	3	1	1	1	1	0	0	0	?	0	0	0
chr22	2738	34838199	34838202	3	1	1	1	1	0	0	0	?	0	0	0
chr22	2739	34839680	34839703	23	2	2	2	2	0	0	0	?	0	0	0
chr22	2740	34839913	34840537	624	6	6	6	6	0	0	0	?	0	0	0
chr22	2741	34841022	34841025	3	0	1	0	1	0	1	0	=	0	0	0
chr22	2742	34841373	34841376	3	1	1	1	1	0	0	0	?	0	0	0
chr22	2743	34841775	34841778	3	0	1	0	1	0	1	0	=	0	0	0
chr22	2744	34842493	34842496	3	1	1	1	1	0	0	0	?	0	0	0
chr22	2745	34842775	34842890	115	2	2	2	2	0	0	0	?	0	0	0
chr22	2746	34843617	34844127	510	5	5	5	5	0	0	0	?	0	0	0
chr22	2747	34844427	34844654	227	4	4	4	4	0	0	0	?	0	0	0
chr22	2748	34844872	34845453	581	7	6	7	7	22	22	0	?	0	0	0
chr22	2749	34845713	34845840	127	2	2	2	2	0	0	0	?	0	0	0
chr22	2750	34846062	34846094	32	1	1	2	2	8	8	0	?	0	0	0
chr22	2751	34846357	34846428	71	2	2	2	2	0	0	0	?	0	0	0
chr22	2752	34848754	34849003	249	5	5	5	5	0	0	0	?	0	0	0
chr22	2753	34849265	34849350	85	1	1	2	2	16	16	0	?	0	0	0
chr22	2754	34849591	34849594	3	1	1	1	1	0	0	0	?	0	0	0
chr22	2755	34849953	34849956	3	1	1	1	1	0	0	0	?	0	0	0
chr22	2756	34850898	34850901	3	1	1	1	1	0	0	0	?	0	0	0
chr22	2757	34851178	34851652	474	3	3	4	4	2	2	0	?	0	0	0
chr22	2758	34851908	34851911	3	1	1	1	1	0	0	0	?	0	0	0
chr22	2759	34854080	34854082	2	1	1	1	1	0	0	0	?	0	0	0
chr22	2760	34854497	34854500	3	1	1	1	1	0	0	0	?	0	0	0
chr22	2761	34855005	34855008	3	2	2	2	2	0	0	0	?	0	0	0
chr22	2762	34855930	34855933	3	1	1	1	1	0	0	0	?	0	0	0
chr22	2763	34856527	34856731	204	2	2	2	2	0	0	0	?	0	0	0
chr22	2764	34857086	34857089	3	1	1	1	1	0	0	0	?	0	0	0
chr22	2765	34857987	34857990	3	1	1	1	1	0	0	0	?	0	0	0
chr22	2766	34858250	34858253	3	1	1	1	1	0	0	0	?	0	0	0
chr22	2767	34859939	34859942	3	1	1	1	1	0	0	0	?	0	0	0
chr22	2768	34860633	34860636	3	1	1	1	1	0	0	0	?	0	0	0
chr22	2769	34862368	34862371	3	1	1	1	1	0	0	0	?	0	0	0
chr22	2770	34862969	34863188	219	4	4	4	4	0	0	0	?	0	0	0
chr22	2771	34863403	34863440	37	3	3	3	3	0	0	0	?	0	0	0
chr22	2772	34863887	34864131	244	3	3	3	3	0	0	0	?	0	0	0
chr22	2773	34864883	34864999	116	3	3	3	3	0	0	0	?	0	0	0
chr22	2774	34865368	34865408	40	3	3	3	3	0	0	0	?	0	0	0
chr22	2775	34865637	34865724	87	3	3	3	3	0	0	0	?	0	0	0
chr22	2776	34866047	34866050	3	1	1	1	1	0	0	0	?	0	0	0
chr22	2777	34866883	34866886	3	1	1	1	1	0	0	0	?	0	0	0
chr22	2778	34869263	34869266	3	1	1	1	1	0	0	0	?	0	0	0
chr22	2779	34869544	34869547	3	1	1	1	1	0	0	0	?	0	0	0
chr22	2780	34872148	34872151	3	1	1	1	1	0	0	0	?	0	0	0
chr22	2781	34875608	34875611	3	1	1	1	1	0	0	0	?	0	0	0
chr22	2782	34877301	34877315	14	3	3	1	1	6	6	0	?	0	0	0
chr22	2783	34877919	34878009	90	2	2	2	2	0	0	0	?	0	0	0
chr22	2784	34878306	34878309	3	1	1	1	1	0	0	0	?	0	0	0
chr22	2785	34879530	34879533	3	1	1	1	1	0	0	0	?	0	0	0
chr22	2786	34880791	34880794	3	1	1	1	1	0	0	0	?	0	0	0
chr22	2787	34881045	34881048	3	1	1	1	1	0	0	0	?	0	0	0
chr22	2788	34881261	34881264	3	1	1	1	1	0	0	0	?	0	0	0
chr22	2789	34881643	34881757	114	2	2	2	2	0	0	0	?	0	0	0
chr22	2790	34882046	34882113	67	2	2	2	2	0	0	0	?	0	0	0
chr22	2791	34882663	34882669	6	1	1	1	1	0	0	0	?	0	0	0
chr22	2792	34883076	34883079	3	1	1	1	1	0	0	0	?	0	0	0
chr22	2793	34883748	34883751	3	1	1	1	1	0	0	0	?	0	0	0
chr22	2794	34884335	34884454	119	3	3	3	3	0	0	0	?	0	0	0
chr22	2795	34885715	34885923	208	2	2	2	2	0	0	0	?	0	0	0
chr22	2796	34886140	34886143	3	1	1	1	1	0	0	0	?	0	0	0
chr22	2797	34887484	34887487	3	1	1	1	1	0	0	0	?	0	0	0
chr22	2798	34887709	34887712	3	1	1	1	1	0	0	0	?	0	0	0
chr22	2799	34888377	34888517	140	2	2	2	2	0	0	0	?	0	0	0
chr22	2800	34888770	34888773	3	1	1	1	1	0	0	0	?	0	0	0
chr22	2801	34889472	34889475	3	1	1	1	1	0	0	0	?	0	0	0
chr22	2802	34891526	34891637	111	2	2	2	2	0	0	0	?	0	0	0
chr22	2803	34898800	34898802	2	0	0	1	1	8	8	0	?	0	0	0
chr22	2804	34899663	34899666	3	0	0	1	1	2	2	0	?	0	0	0
chr22	2805	34907620	34907622	2	1	1	1	1	0	0	0	?	0	0	0
chr22	2806	34912063	34912066	3	1	1	1	1	0	0	0	?	0	0	0
chr22	2807	34914116	34914119	3	0	1	0	1	0	1	0	=	0	0	0
chr22	2808	34919892	34919895	3	1	1	1	1	0	0	0	?	0	0	0
chr22	2809	34922077	34922080	3	1	1	1	1	0	0	0	?	0	0	0
chr22	2810	34926081	34926084	3	1	1	1	1	0	0	0	?	0	0	0
chr22	2811	34927249	34927252	3	1	1	1	1	0	0	0	?	0	0	0
chr22	2812	34929352	34929355	3	1	1	1	1	0	0	0	?	0	0	0
chr22	2813	34931257	34931260	3	1	1	1	1	0	0	0	?	0	0	0
chr22	2814	34931781	34931784	3	1	1	1	1	0	0	0	?	0	0	0
chr22	2815	34933117	34933121	4	1	1	1	1	0	0	0	?	0	0	0
chr22	2816	34933796	34933799	3	1	1	1	1	0	0	0	?	0	0	0
chr22	2817	34934161	34934164	3	1	1	1	1	0	0	0	?	0	0	0
chr22	2818	34934890	34935136	246	4	4	4	4	0	0	0	?	0	0	0
chr22	2819	34935416	34935419	3	1	1	1	1	0	0	0	?	0	0	0
chr22	2820	34935814	34935817	3	1	1	1	1	0	0	0	?	0	0	0
chr22	2821	34936166	34936169	3	1	1	1	1	0	0	0	?	0	0	0
chr22	2822	34936432	34936435	3	1	1	1	1	0	0	0	?	0	0	0
chr22	2823	34937483	34937597	114	2	2	2	2	0	0	0	?	0	0	0
chr22	2824	34938375	34938378	3	1	1	1	1	0	0	0	?	0	0	0
chr22	2825	34938635	34938645	10	1	1	1	1	0	0	0	?	0	0	0
chr22	2826	34939065	34939068	3	1	1	1	1	0	0	0	?	0	0	0
chr22	2827	34940727	34940730	3	1	1	1	1	0	0	0	?	0	0	0
chr22	2828	34941965	34941968	3	1	1	1	1	0	0	0	?	0	0	0
chr22	2829	34943004	34943007	3	1	1	1	1	0	0	0	?	0	0	0
chr22	2830	34943422	34943425	3	1	1	1	1	0	0	0	?	0	0	0
chr22	2831	34944045	34944048	3	1	1	1	1	0	0	0	?	0	0	0
chr22	2832	34944593	34944596	3	1	1	1	1	0	0	0	?	0	0	0
chr22	2833	34945325	34945328	3	1	1	1	1	0	0	0	?	0	0	0
chr22	2834	34946000	34946221	221	5	5	6	6	2	2	0	?	0	0	0
chr22	2835	34946663	34946729	66	2	2	2	2	0	0	0	?	0	0	0
chr22	2836	34947038	34947048	10	2	2	2	2	0	0	0	?	0	0	0
chr22	2837	34947304	34947407	103	0	0	5	5	10	10	0	?	0	0	0
chr22	2838	34948326	34948329	3	1	1	1	1	0	0	0	?	0	0	0
chr22	2839	34948678	34948681	3	1	1	1	1	0	0	0	?	0	0	0
chr22	2840	34950634	34950637	3	1	0	1	0	0	1	0	=	0	0	0
chr22	2841	34951141	34951144	3	1	1	1	1	0	0	0	?	0	0	0
chr22	2842	34951369	34951372	3	1	1	1	1	0	0	0	?	0	0	0
chr22	2843	34951671	34951746	75	2	2	2	2	0	0	0	?	0	0	0
chr22	2844	34952094	34952097	3	0	1	0	1	0	1	0	=	0	0	0
chr22	2845	34952413	34952416	3	1	1	1	1	0	0	0	?	0	0	0
chr22	2846	34952750	34952753	3	1	0	1	0	0	1	0	=	0	0	0
chr22	2847	34953377	34953380	3	1	1	1	1	0	0	0	?	0	0	0
chr22	2848	34954151	34954537	386	2	2	8	8	12	12	0	?	0	0	0
chr22	2849	34955536	34955734	198	1	0	2	2	5	23	0	=	0	0	0
chr22	2850	34956551	34956661	110	3	4	3	4	0	1	0	=	0	0	0
chr22	2851	34957040	34957043	3	1	0	1	0	0	1	0	=	0	0	0
chr22	2852	34957749	34957752	3	1	0	1	0	0	1	0	=	0	0	0
chr22	2853	34958085	34958088	3	1	0	1	0	0	1	0	=	0	0	0
chr22	2854	34958651	34958659	8	0	0	1	1	12	12	0	?	0	0	0
chr22	2855	34959334	34959337	3	1	0	1	0	0	1	0	=	0	0	0
chr22	2856	34960331	34960493	162	2	0	2	0	0	2	0	=	0	0	0
chr22	2857	34961312	34961315	3	1	1	1	1	0	0	0	?	0	0	0
chr22	2858	34961900	34961995	95	2	0	2	0	0	2	0	=	0	0	0
chr22	2859	34962352	34962381	29	2	0	2	0	0	4	0	=	0	0	0
chr22	2860	34962883	34963077	194	2	0	2	0	0	2	0	=	0	0	0
chr22	2861	34963463	34964107	644	7	0	7	0	0	7	0	=	0	0	0
chr22	2862	34964983	34964986	3	1	0	1	0	0	1	0	=	0	0	0
chr22	2863	34966290	34966295	5	2	0	2	0	0	2	0	=	0	0	0
chr22	2864	34967065	34967263	198	2	0	2	0	0	2	0	=	0	0	0
chr22	2865	34967568	34967571	3	1	0	1	0	0	1	0	=	0	0	0
chr22	2866	34969100	34969103	3	1	0	1	0	0	1	0	=	0	0	0
chr22	2867	34970064	34970242	178	2	0	2	0	0	2	0	=	0	0	0
chr22	2868	34970642	34970649	7	0	0	1	0	5	5	0	?	0	0	0
chr22	2869	34972946	34972949	3	0	0	2	2	2	2	0	?	0	0	0
chr22	2870	34973748	34973751	3	1	0	1	0	0	1	0	=	0	0	0
chr22	2871	34974112	34974115	3	1	0	1	0	0	1	0	=	0	0	0
chr22	2872	34974742	34974744	2	1	1	1	1	0	0	0	?	0	0	0
chr22	2873	34974966	34974969	3	1	0	1	0	0	1	0	=	0	0	0
chr22	2874	34975257	34975456	199	1	1	1	1	0	2	0	=	0	0	0
chr22	2875	34975716	34975719	3	1	1	1	1	0	0	0	?	0	0	0
chr22	2876	34977816	34977819	3	1	0	1	0	0	1	0	=	0	0	0
chr22	2877	34979344	34979346	2	1	0	1	0	0	1	0	=	0	0	0
chr22	2878	34979674	34979677	3	1	1	1	1	0	0	0	?	0	0	0
chr22	2879	34980070	34980096	26	0	2	0	2	0	2	0	=	0	0	0
chr22	2880	34980840	34980843	3	1	1	1	1	0	0	0	?	0	0	0
chr22	2881	34981095	34981097	2	1	0	1	0	0	1	0	=	0	0	0
chr22	2882	34981876	34981950	74	1	0	2	1	6	7	0	?	0	0	0
chr22	2883	34982204	34982207	3	1	1	1	1	0	0	0	?	0	0	0
chr22	2884	34982447	34982450	3	1	1	1	1	0	0	0	?	0	0	0
chr22	2885	34983535	34983538	3	1	0	1	0	0	1	0	=	0	0	0
chr22	2886	34985130	34985514	384	5	2	5	2	0	7	0	=	0	0	0
chr22	2887	34985745	34985909	164	3	0	3	0	0	3	0	=	0	0	0
chr22	2888	34986277	34986280	3	1	0	1	0	0	1	0	=	0	0	0
chr22	2889	34987789	34987837	48	2	0	2	0	0	2	0	=	0	0	0
chr22	2890	34989037	34989134	97	2	0	2	0	0	2	0	=	0	0	0
chr22	2891	34989597	34989600	3	1	0	1	0	0	1	0	=	0	0	0
chr22	2892	34991114	34991117	3	1	0	1	0	0	1	0	=	0	0	0
chr22	2893	34993965	34993967	2	0	0	0	1	24	24	0	?	0	0	0
chr22	2894	34994404	34994407	3	0	1	0	1	0	1	0	=	0	0	0
chr22	2895	34995243	34995246	3	0	1	0	1	0	1	0	=	0	0	0
chr22	2896	34995846	34995849	3	0	1	0	1	0	1	0	=	0	0	0
chr22	2897	34996998	34997187	189	0	1	2	2	4	12	0	=	0	0	0
chr22	2898	34998711	34998788	77	0	2	0	2	0	2	0	=	0	0	0
chr22	2899	34999135	34999138	3	1	0	1	0	0	1	0	=	0	0	0
chr22	2900	35000350	35000493	143	0	2	0	2	0	3	0	=	0	0	0
chr22	2901	35000785	35000788	3	0	1	0	1	0	1	0	=	0	0	0
chr22	2902	35001301	35001304	3	0	1	0	1	0	1	0	=	0	0	0
chr22	2903	35001632	35001753	121	1	0	2	1	2	3	0	?	0	0	0
chr22	2904	35002014	35002017	3	0	1	0	1	0	1	0	=	0	0	0
chr22	2905	35002312	35002315	3	0	0	1	1	2	2	0	?	0	0	0
chr22	2906	35002571	35002575	4	1	1	1	1	0	2	0	=	0	0	0
chr22	2907	35002847	35002850	3	1	0	1	0	0	1	0	=	0	0	0
chr22	2908	35003849	35003852	3	1	0	1	0	0	1	0	=	0	0	0
chr22	2909	35005154	35005219	65	3	6	4	4	26	26	0	?	0	0	0
chr22	2910	35005421	35005424	3	1	0	1	0	0	1	0	=	0	0	0
chr22	2911	35006526	35006529	3	1	1	1	1	0	0	0	?	0	0	0
chr22	2912	35008041	35008044	3	1	0	1	0	0	1	0	=	0	0	0
chr22	2913	35012007	35012118	111	2	2	2	2	0	0	0	?	0	0	0
chr22	2914	35012544	35012547	3	0	1	0	1	0	1	0	=	0	0	0
chr22	2915	35013179	35013181	2	0	0	0	1	1	1	0	?	0	0	0
chr22	2916	35014698	35014804	106	2	2	2	2	0	0	0	?	0	0	0
chr22	2917	35015570	35015715	145	2	2	2	2	0	0	0	?	0	0	0
chr22	2918	35016532	35016535	3	1	1	1	1	0	0	0	?	0	0	0
chr22	2919	35016776	35016844	68	2	2	2	2	0	0	0	?	0	0	0
chr22	2920	35017944	35018028	84	2	2	2	2	0	0	0	?	0	0	0
chr22	2921	35018383	35018551	168	1	2	1	2	0	1	0	=	0	0	0
chr22	2922	35019003	35019006	3	0	1	0	1	0	1	0	=	0	0	0
chr22	2923	35019302	35019305	3	1	1	1	1	0	0	0	?	0	0	0
chr22	2924	35022242	35022244	2	1	1	1	1	0	0	0	?	0	0	0
chr22	2925	35023306	35023508	202	1	2	1	2	0	1	0	=	0	0	0
chr22	2926	35023795	35023798	3	1	0	1	0	0	1	0	=	0	0	0
chr22	2927	35024380	35024568	188	2	2	2	2	0	0	0	?	0	0	0
chr22	2928	35024906	35024909	3	1	1	1	1	0	0	0	?	0	0	0
chr22	2929	35025247	35025374	127	2	2	2	2	0	0	0	?	0	0	0
chr22	2930	35025818	35025966	148	2	2	2	2	0	2	0	=	0	0	0
chr22	2931	35026878	35026881	3	0	1	0	1	0	1	0	=	0	0	0
chr22	2932	35027234	35027502	268	1	2	2	3	2	3	0	?	0	0	0
chr22	2933	35028746	35028749	3	1	0	1	0	0	1	0	=	0	0	0
chr22	2934	35030768	35030913	145	2	2	2	2	0	3	0	=	0	0	0
chr22	2935	35031148	35031151	3	1	1	1	1	0	0	0	?	0	0	0
chr22	2936	35031433	35031436	3	1	0	1	0	0	1	0	=	0	0	0
chr22	2937	35032190	35032193	3	1	0	1	0	0	1	0	=	0	0	0
chr22	2938	35033027	35033030	3	0	1	0	1	0	1	0	=	0	0	0
chr22	2939	35034173	35034176	3	0	1	0	1	0	1	0	=	0	0	0
chr22	2940	35035016	35035019	3	1	1	1	1	0	0	0	?	0	0	0
chr22	2941	35035287	35035290	3	1	1	1	1	0	0	0	?	0	0	0
chr22	2942	35036295	35036495	200	1	1	1	2	2	2	0	?	0	0	0
chr22	2943	35036906	35036909	3	0	1	0	1	0	1	0	=	0	0	0
chr22	2944	35037528	35037531	3	0	1	0	1	0	1	0	=	0	0	0
chr22	2945	35037827	35037830	3	1	1	1	1	0	0	0	?	0	0	0
chr22	2946	35038527	35038539	12	2	1	2	1	0	1	0	=	0	0	0
chr22	2947	35039028	35039318	290	6	3	6	3	1	9	0	=	0	0	0
chr22	2948	35039756	35039759	3	1	0	1	0	0	1	0	=	0	0	0
chr22	2949	35039986	35039989	3	0	1	0	1	0	1	0	=	0	0	0
chr22	2950	35040821	35040824	3	1	0	1	0	0	1	0	=	0	0	0
chr22	2951	35041205	35041208	3	1	0	1	0	0	1	0	=	0	0	0
chr22	2952	35041409	35041415	6	0	1	0	1	0	4	0	=	0	0	0
chr22	2953	35041690	35041833	143	1	3	1	3	0	4	0	=	0	0	0
chr22	2954	35042437	35042705	268	3	0	3	0	0	4	0	=	0	0	0
chr22	2955	35043424	35043459	35	2	0	2	0	0	2	0	=	0	0	0
chr22	2956	35043800	35043803	3	1	0	1	0	0	1	0	=	0	0	0
chr22	2957	35044043	35044298	255	3	2	3	2	0	1	0	=	0	0	0
chr22	2958	35044714	35044905	191	2	1	2	1	0	3	0	=	0	0	0
chr22	2959	35045510	35045513	3	1	1	1	1	0	0	0	?	0	0	0
chr22	2960	35046274	35046277	3	1	0	1	0	0	1	0	=	0	0	0
chr22	2961	35047005	35047037	32	2	1	2	1	0	1	0	=	0	0	0
chr22	2962	35047300	35047647	347	3	5	3	5	0	4	0	=	0	0	0
chr22	2963	35049239	35049386	147	1	1	1	1	0	25	0	=	0	0	0
chr22	2964	35050304	35050441	137	2	2	2	2	0	0	0	?	0	0	0
chr22	2965	35050998	35051145	147	3	0	3	0	0	3	0	=	0	0	0
chr22	2966	35052234	35052405	171	1	0	4	2	11	12	0	?	0	0	0
chr22	2967	35052789	35052792	3	0	1	0	1	0	1	0	=	0	0	0
chr22	2968	35053312	35053315	3	0	1	0	1	0	1	0	=	0	0	0
chr22	2969	35053818	35053821	3	0	1	0	1	0	1	0	=	0	0	0
chr22	2970	35054309	35054521	212	0	2	0	2	0	2	0	=	0	0	0
chr22	2971	35055844	35055960	116	0	2	0	2	0	2	0	=	0	0	0
chr22	2972	35057268	35057271	3	0	1	0	1	0	1	0	=	0	0	0
chr22	2973	35057832	35057835	3	0	1	0	1	0	1	0	=	0	0	0
chr22	2974	35058753	35058830	77	0	5	0	5	0	5	0	=	0	0	0
chr22	2975	35059115	35059118	3	0	1	0	1	0	1	0	=	0	0	0
chr22	2976	35059387	35059516	129	0	2	0	2	0	2	0	=	0	0	0
chr22	2977	35059994	35060094	100	0	2	0	2	0	2	0	=	0	0	0
chr22	2978	35060308	35060311	3	0	1	0	1	0	1	0	=	0	0	0
chr22	2979	35060884	35060993	109	0	5	1	6	2	7	0	=	0	0	0
chr22	2980	35061540	35061543	3	0	1	0	1	0	1	0	=	0	0	0
chr22	2981	35061933	35061946	13	0	4	0	4	0	4	0	=	0	0	0
chr22	2982	35062227	35062230	3	0	1	0	1	0	1	0	=	0	0	0
chr22	2983	35062690	35063428	738	0	6	0	9	411	413	0	?	0	0	0
chr22	2984	35064372	35064658	286	0	4	0	4	0	4	0	=	0	0	0
chr22	2985	35064926	35065628	702	0	9	0	9	0	9	0	=	0	0	0
chr22	2986	35065958	35065961	3	0	1	0	1	0	1	0	=	0	0	0
chr22	2987	35066254	35066257	3	0	1	0	1	0	1	0	=	0	0	0
chr22	2988	35066654	35066657	3	0	1	0	1	0	1	0	=	0	0	0
chr22	2989	35067167	35067257	90	0	3	0	3	0	3	0	=	0	0	0
chr22	2990	35067999	35068002	3	1	1	1	1	0	0	0	?	0	0	0
chr22	2991	35068978	35069163	185	0	3	0	3	0	3	0	=	0	0	0
chr22	2992	35069732	35069959	227	0	3	0	3	0	3	0	=	0	0	0
chr22	2993	35070269	35070772	503	1	5	1	5	0	6	0	=	0	0	0
chr22	2994	35071098	35071207	109	0	2	0	2	0	2	0	=	0	0	0
chr22	2995	35071856	35072738	882	0	10	0	10	0	10	0	=	0	0	0
chr22	2996	35073762	35074548	786	11	0	11	0	0	11	0	=	0	0	0
chr22	2997	35074869	35075110	241	5	1	5	1	0	9	0	=	0	0	0
chr22	2998	35075339	35075629	290	3	0	3	0	0	3	0	=	0	0	0
chr22	2999	35075865	35076281	416	8	0	8	0	0	9	0	=	0	0	0
chr22	3000	35076598	35076744	146	2	0	2	0	0	2	0	=	0	0	0
chr22	3001	35077183	35077186	3	1	0	1	0	0	1	0	=	0	0	0
chr22	3002	35077608	35078169	561	4	2	4	2	0	12	0	=	0	0	0
chr22	3003	35078459	35078798	339	6	1	6	1	0	7	0	=	0	0	0
chr22	3004	35079640	35079643	3	1	0	1	0	0	1	0	=	0	0	0
chr22	3005	35080634	35080740	106	4	4	4	4	0	0	0	?	0	0	0
chr22	3006	35081270	35081273	3	1	0	1	0	0	1	0	=	0	0	0
chr22	3007	35082491	35082866	375	3	2	3	2	0	1	0	=	0	0	0
chr22	3008	35083099	35083605	506	5	3	5	3	0	4	0	=	0	0	0
chr22	3009	35085781	35085784	3	1	1	1	1	0	0	0	?	0	0	0
chr22	3010	35087747	35087750	3	1	0	1	0	0	1	0	=	0	0	0
chr22	3011	35088460	35088463	3	1	0	1	0	0	1	0	=	0	0	0
chr22	3012	35089616	35089618	2	1	1	1	1	0	0	0	?	0	0	0
chr22	3013	35089877	35090022	145	2	0	2	0	0	5	0	=	0	0	0
chr22	3014	35090761	35090764	3	1	0	1	0	0	1	0	=	0	0	0
chr22	3015	35093006	35093009	3	1	0	1	0	0	1	0	=	0	0	0
chr22	3016	35093404	35093407	3	1	0	1	0	0	1	0	=	0	0	0
chr22	3017	35093717	35093720	3	0	1	0	1	0	1	0	=	0	0	0
chr22	3018	35093921	35093924	3	1	0	1	0	0	1	0	=	0	0	0
chr22	3019	35094219	35094225	6	1	0	1	0	0	4	0	=	0	0	0
chr22	3020	35095974	35096029	55	2	1	2	1	0	1	0	=	0	0	0
chr22	3021	35096974	35096977	3	1	0	1	0	0	1	0	=	0	0	0
chr22	3022	35099313	35099413	100	2	0	2	1	2	9	0	=	0	0	0
chr22	3023	35099817	35099820	3	1	0	1	0	0	1	0	=	0	0	0
chr22	3024	35101563	35101566	3	1	0	1	0	0	1	0	=	0	0	0
chr22	3025	35102367	35102369	2	1	0	1	0	0	4	0	=	0	0	0
chr22	3026	35102870	35102873	3	1	0	1	0	0	1	0	=	0	0	0
chr22	3027	35103115	35103264	149	2	0	2	0	0	2	0	=	0	0	0
chr22	3028	35105780	35105783	3	1	0	1	0	0	1	0	=	0	0	0
chr22	3029	35106075	35106078	3	1	0	1	0	0	1	0	=	0	0	0
chr22	3030	35106556	35106648	92	2	0	2	0	0	2	0	=	0	0	0
chr22	3031	35107132	35107135	3	1	0	1	0	0	1	0	=	0	0	0
chr22	3032	35107359	35107362	3	1	0	1	0	0	1	0	=	0	0	0
chr22	3033	35108954	35108957	3	1	0	1	0	0	1	0	=	0	0	0
chr22	3034	35109652	35109695	43	2	0	2	0	0	2	0	=	0	0	0
chr22	3035	35110066	35110069	3	1	1	1	1	0	0	0	?	0	0	0
chr22	3036	35110289	35110434	145	2	0	2	0	0	2	0	=	0	0	0
chr22	3037	35112393	35112396	3	1	0	1	0	0	1	0	=	0	0	0
chr22	3038	35112770	35112773	3	1	0	1	0	0	1	0	=	0	0	0
chr22	3039	35113685	35113688	3	1	0	1	0	0	1	0	=	0	0	0
chr22	3040	35116638	35116641	3	1	0	1	0	0	1	0	=	0	0	0
chr22	3041	35117956	35117959	3	1	0	1	0	0	1	0	=	0	0	0
chr22	3042	35118830	35118898	68	2	0	2	0	0	2	0	=	0	0	0
chr22	3043	35120002	35120005	3	1	0	1	0	0	1	0	=	0	0	0
chr22	3044	35120962	35120965	3	1	1	1	1	0	0	0	?	0	0	0
chr22	3045	35121818	35121821	3	1	0	1	0	0	1	0	=	0	0	0
chr22	3046	35123027	35123093	66	1	0	2	0	1	2	0	?	0	0	0
chr22	3047	35123365	35123370	5	1	0	1	0	0	3	0	=	0	0	0
chr22	3048	35124132	35124135	3	1	0	1	0	0	1	0	=	0	0	0
chr22	3049	35126847	35126850	3	1	0	1	0	0	1	0	=	0	0	0
chr22	3050	35129909	35130801	892	10	0	10	0	0	10	0	=	0	0	0
chr22	3051	35131079	35131082	3	1	0	1	0	0	1	0	=	0	0	0
chr22	3052	35131431	35131434	3	1	0	1	0	0	1	0	=	0	0	0
chr22	3053	35132116	35132214	98	2	0	2	0	0	2	0	=	0	0	0
chr22	3054	35134153	35134156	3	1	0	1	0	0	1	0	=	0	0	0
chr22	3055	35135399	35135402	3	0	1	0	1	0	1	0	=	0	0	0
chr22	3056	35136152	35136353	201	1	2	1	2	0	1	0	=	0	0	0
chr22	3057	35136624	35136742	118	2	2	2	2	0	0	0	?	0	0	0
chr22	3058	35137413	35137416	3	1	1	1	1	0	0	0	?	0	0	0
chr22	3059	35137625	35137628	3	1	1	1	1	0	0	0	?	0	0	0
chr22	3060	35138938	35138941	3	1	1	1	1	0	0	0	?	0	0	0
chr22	3061	35140291	35140388	97	2	2	2	2	0	0	0	?	0	0	0
chr22	3062	35140811	35140813	2	1	1	1	1	0	0	0	?	0	0	0
chr22	3063	35141477	35141480	3	1	1	1	1	0	0	0	?	0	0	0
chr22	3064	35141691	35141694	3	1	1	1	1	0	0	0	?	0	0	0
chr22	3065	35142703	35142706	3	1	1	1	1	0	0	0	?	0	0	0
chr22	3066	35143722	35143725	3	1	1	1	1	0	0	0	?	0	0	0
chr22	3067	35144223	35144658	435	8	1	8	1	0	7	0	=	0	0	0
chr22	3068	35145222	35145228	6	1	1	1	1	0	4	0	=	0	0	0
chr22	3069	35145438	35145441	3	0	1	0	1	0	1	0	=	0	0	0
chr22	3070	35145673	35145935	262	0	4	0	4	0	11	0	=	0	0	0
chr22	3071	35146533	35146823	290	1	5	1	5	0	4	0	=	0	0	0
chr22	3072	35147396	35147415	19	0	3	0	3	0	3	0	=	0	0	0
chr22	3073	35147736	35148148	412	0	9	0	9	0	12	0	=	0	0	0
chr22	3074	35148422	35148454	32	0	2	0	2	0	3	0	=	0	0	0
chr22	3075	35148690	35148810	120	1	3	1	3	0	4	0	=	0	0	0
chr22	3076	35149097	35149309	212	0	2	0	2	0	2	0	=	0	0	0
chr22	3077	35149555	35149923	368	0	4	0	4	0	4	0	=	0	0	0
chr22	3078	35151628	35151631	3	0	1	0	1	0	1	0	=	0	0	0
chr22	3079	35151990	35152089	99	1	2	1	2	0	1	0	=	0	0	0
chr22	3080	35152307	35152309	2	0	1	0	1	0	1	0	=	0	0	0
chr22	3081	35152620	35152938	318	10	1	10	1	0	12	0	=	0	0	0
chr22	3082	35154085	35154239	154	0	2	0	2	0	4	0	=	0	0	0
chr22	3083	35156290	35156541	251	0	1	2	6	39	40	0	?	0	0	0
chr22	3084	35157952	35157955	3	0	1	0	1	0	1	0	=	0	0	0
chr22	3085	35158190	35158590	400	0	5	0	5	0	5	0	=	0	0	0
chr22	3086	35159023	35159025	2	0	1	0	1	0	2	0	=	0	0	0
chr22	3087	35159529	35159532	3	0	1	0	1	0	1	0	=	0	0	0
chr22	3088	35159836	35159843	7	2	1	2	1	0	3	0	=	0	0	0
chr22	3089	35160132	35160134	2	1	1	1	1	0	0	0	?	0	0	0
chr22	3090	35160604	35160992	388	3	4	3	4	0	1	0	=	0	0	0
chr22	3091	35161307	35161852	545	5	7	5	7	0	2	0	=	0	0	0
chr22	3092	35162023	35162422	399	11	11	11	11	0	0	0	?	0	0	0
chr22	3093	35162667	35163086	419	10	10	10	10	0	0	0	?	0	0	0
chr22	3094	35163584	35164080	496	8	7	8	7	0	1	0	=	0	0	0
chr22	3095	35164161	35164795	634	15	11	15	11	0	18	0	=	0	0	0
chr22	3096	35165022	35165029	7	2	2	2	2	0	0	0	?	0	0	0
chr22	3097	35165401	35165404	3	0	1	0	1	0	1	0	=	0	0	0
chr22	3098	35165675	35165928	253	4	5	4	5	0	3	0	=	0	0	0
chr22	3099	35166152	35166243	91	3	3	3	3	0	0	0	?	0	0	0
chr22	3100	35166562	35167085	523	8	8	8	8	0	0	0	?	0	0	0
chr22	3101	35167320	35167323	3	1	1	1	1	0	0	0	?	0	0	0
chr22	3102	35167571	35168061	490	7	6	7	6	0	1	0	=	0	0	0
chr22	3103	35168385	35168643	258	4	3	4	3	0	1	0	=	0	0	0
chr22	3104	35169072	35169499	427	7	8	7	8	0	1	0	=	0	0	0
chr22	3105	35169737	35169779	42	1	2	1	2	0	1	0	=	0	0	0
chr22	3106	35170228	35170612	384	2	2	6	8	100	100	0	?	0	0	0
chr22	3107	35170843	35170846	3	0	1	0	1	0	1	0	=	0	0	0
chr22	3108	35171360	35171723	363	7	5	7	5	0	2	0	=	0	0	0
chr22	3109	35172080	35172407	327	2	3	2	3	0	4	0	=	0	0	0
chr22	3110	35172851	35172856	5	1	0	1	0	0	3	0	=	0	0	0
chr22	3111	35173427	35173698	271	3	2	3	2	0	1	0	=	0	0	0
chr22	3112	35174436	35174439	3	1	1	1	1	0	0	0	?	0	0	0
chr22	3113	35174821	35174824	3	1	1	1	1	0	0	0	?	0	0	0
chr22	3114	35175272	35175274	2	1	1	1	1	0	0	0	?	0	0	0
chr22	3115	35175502	35175660	158	1	2	1	2	0	1	0	=	0	0	0
chr22	3116	35176603	35176700	97	1	2	1	2	0	1	0	=	0	0	0
chr22	3117	35177339	35177378	39	2	2	2	2	0	0	0	?	0	0	0
chr22	3118	35177861	35178382	521	3	5	3	5	0	4	0	=	0	0	0
chr22	3119	35178700	35178703	3	0	1	0	1	0	1	0	=	0	0	0
chr22	3120	35179425	35180049	624	9	9	9	9	0	0	0	?	0	0	0
chr22	3121	35180329	35180332	3	1	1	1	1	0	0	0	?	0	0	0
chr22	3122	35180736	35180739	3	1	1	1	1	0	0	0	?	0	0	0
chr22	3123	35181122	35181125	3	1	1	1	1	0	0	0	?	0	0	0
chr22	3124	35181384	35181438	54	3	3	3	3	0	2	0	=	0	0	0
chr22	3125	35181855	35181887	32	1	1	1	1	0	2	0	=	0	0	0
chr22	3126	35182109	35182464	355	6	4	6	5	1	17	0	=	0	0	0
chr22	3127	35183031	35183034	3	1	0	1	0	0	1	0	=	0	0	0
chr22	3128	35183351	35183469	118	2	1	2	1	0	1	0	=	0	0	0
chr22	3129	35183683	35183686	3	1	0	1	0	0	1	0	=	0	0	0
chr22	3130	35184080	35184297	217	2	3	2	3	0	1	0	=	0	0	0
chr22	3131	35184602	35184605	3	1	1	1	1	0	0	0	?	0	0	0
chr22	3132	35185045	35185189	144	1	3	1	3	0	2	0	=	0	0	0
chr22	3133	35185491	35185494	3	1	0	1	0	0	1	0	=	0	0	0
chr22	3134	35186084	35186087	3	1	1	1	1	0	0	0	?	0	0	0
chr22	3135	35186541	35186544	3	1	0	1	0	0	1	0	=	0	0	0
chr22	3136	35187302	35187305	3	1	1	1	1	0	0	0	?	0	0	0
chr22	3137	35187899	35188120	221	1	3	1	3	0	2	0	=	0	0	0
chr22	3138	35188343	35188346	3	1	1	1	1	0	0	0	?	0	0	0
chr22	3139	35188585	35188868	283	4	3	4	3	0	1	0	=	0	0	0
chr22	3140	35189232	35189235	3	1	0	1	0	0	1	0	=	0	0	0
chr22	3141	35189463	35189465	2	1	1	1	1	0	0	0	?	0	0	0
chr22	3142	35189995	35189998	3	1	1	1	1	0	0	0	?	0	0	0
chr22	3143	35190974	35191161	187	2	2	2	2	0	0	0	?	0	0	0
chr22	3144	35191432	35191501	69	3	2	3	2	0	4	0	=	0	0	0
chr22	3145	35191791	35191794	3	1	0	1	0	0	1	0	=	0	0	0
chr22	3146	35192058	35192061	3	1	0	1	0	0	1	0	=	0	0	0
chr22	3147	35192605	35192997	392	4	2	4	2	0	2	0	=	0	0	0
chr22	3148	35193498	35193724	226	1	0	2	2	16	48	0	=	0	0	0
chr22	3149	35194379	35194444	65	1	1	2	2	3	7	0	?	0	0	0
chr22	3150	35194711	35194822	111	1	1	1	1	0	2	0	=	0	0	0
chr22	3151	35195040	35195043	3	1	0	1	0	0	1	0	=	0	0	0
chr22	3152	35195283	35195413	130	0	2	0	2	0	2	0	=	0	0	0
chr22	3153	35195813	35195818	5	1	1	1	1	0	3	0	=	0	0	0
chr22	3154	35196141	35196288	147	2	1	2	1	0	1	0	=	0	0	0
chr22	3155	35196539	35197043	504	6	4	8	6	4	13	0	=	0	0	0
chr22	3156	35197519	35197855	336	4	2	4	2	0	2	0	=	0	0	0
chr22	3157	35198388	35198391	3	1	0	1	0	0	1	0	=	0	0	0
chr22	3158	35198608	35198610	2	1	0	1	0	0	2	0	=	0	0	0
chr22	3159	35199336	35199728	392	2	1	2	1	0	3	0	=	0	0	0
chr22	3160	35200101	35200319	218	3	2	3	2	0	3	0	=	0	0	0
chr22	3161	35201031	35201034	3	0	1	0	1	0	1	0	=	0	0	0
chr22	3162	35201743	35201746	3	0	1	0	1	0	1	0	=	0	0	0
chr22	3163	35202998	35203200	202	0	2	0	2	0	2	0	=	0	0	0
chr22	3164	35203539	35203542	3	0	1	0	1	0	1	0	=	0	0	0
chr22	3165	35203787	35203790	3	0	1	0	1	0	1	0	=	0	0	0
chr22	3166	35204110	35204113	3	0	1	0	1	0	1	0	=	0	0	0
chr22	3167	35204499	35204502	3	0	1	0	1	0	1	0	=	0	0	0
chr22	3168	35205821	35205859	38	0	4	0	4	0	4	0	=	0	0	0
chr22	3169	35206587	35206590	3	0	1	0	1	0	1	0	=	0	0	0
chr22	3170	35207027	35207030	3	0	1	0	1	0	1	0	=	0	0	0
chr22	3171	35207841	35207844	3	0	1	0	1	0	1	0	=	0	0	0
chr22	3172	35208427	35208510	83	0	2	0	2	0	2	0	=	0	0	0
chr22	3173	35209168	35209173	5	0	1	0	1	0	3	0	=	0	0	0
chr22	3174	35210116	35210119	3	0	1	0	1	0	1	0	=	0	0	0
chr22	3175	35212222	35212225	3	0	1	0	1	0	1	0	=	0	0	0
chr22	3176	35219067	35219070	3	0	1	0	1	0	1	0	=	0	0	0
chr22	3177	35219422	35219424	2	0	1	0	1	0	5	0	=	0	0	0
chr22	3178	35219965	35219968	3	0	1	0	1	0	1	0	=	0	0	0
chr22	3179	35220252	35220255	3	0	1	0	1	0	1	0	=	0	0	0
chr22	3180	35221559	35221601	42	0	2	0	2	0	2	0	=	0	0	0
chr22	3181	35222329	35222332	3	1	0	1	0	0	1	0	=	0	0	0
chr22	3182	35222604	35222607	3	1	0	1	0	0	1	0	=	0	0	0
chr22	3183	35223010	35223013	3	0	1	0	1	0	1	0	=	0	0	0
chr22	3184	35223424	35223453	29	0	2	0	2	0	2	0	=	0	0	0
chr22	3185	35226621	35226624	3	0	1	0	1	0	1	0	=	0	0	0
chr22	3186	35227926	35227929	3	0	1	0	1	0	1	0	=	0	0	0
chr22	3187	35228306	35228309	3	0	1	0	1	0	1	0	=	0	0	0
chr22	3188	35228922	35228925	3	0	1	0	1	0	1	0	=	0	0	0
chr22	3189	35229185	35229188	3	0	1	0	1	0	1	0	=	0	0	0
chr22	3190	35229567	35229570	3	0	1	0	1	0	1	0	=	0	0	0
chr22	3191	35229850	35229853	3	0	1	0	1	0	1	0	=	0	0	0
chr22	3192	35230227	35230230	3	0	1	0	1	0	1	0	=	0	0	0
chr22	3193	35231924	35232104	180	3	0	3	0	0	5	0	=	0	0	0
chr22	3194	35233136	35233139	3	1	0	1	0	0	1	0	=	0	0	0
chr22	3195	35233787	35233790	3	1	0	1	0	0	1	0	=	0	0	0
chr22	3196	35234691	35234694	3	1	0	1	0	0	1	0	=	0	0	0
chr22	3197	35235262	35235598	336	4	0	4	0	0	4	0	=	0	0	0
chr22	3198	35237246	35237249	3	1	0	1	0	0	1	0	=	0	0	0
chr22	3199	35237969	35237972	3	1	0	1	0	0	1	0	=	0	0	0
chr22	3200	35238360	35238363	3	1	0	1	0	0	1	0	=	0	0	0
chr22	3201	35238808	35238811	3	1	0	1	0	0	1	0	=	0	0	0
chr22	3202	35239912	35239915	3	1	0	1	0	0	1	0	=	0	0	0
chr22	3203	35240466	35240469	3	1	0	1	0	0	1	0	=	0	0	0
chr22	3204	35241038	35241041	3	1	0	1	0	0	1	0	=	0	0	0
chr22	3205	35241708	35241898	190	3	0	3	0	0	3	0	=	0	0	0
chr22	3206	35242120	35242309	189	3	0	3	0	0	3	0	=	0	0	0
chr22	3207	35243197	35243200	3	1	0	1	0	0	1	0	=	0	0	0
chr22	3208	35243502	35243505	3	1	0	1	0	0	1	0	=	0	0	0
chr22	3209	35244296	35244299	3	1	1	1	1	0	0	0	?	0	0	0
chr22	3210	35244948	35244951	3	1	0	1	0	0	1	0	=	0	0	0
chr22	3211	35245328	35245345	17	2	0	2	0	0	2	0	=	0	0	0
chr22	3212	35245697	35245700	3	1	0	1	0	0	1	0	=	0	0	0
chr22	3213	35246342	35246574	232	3	1	3	1	0	2	0	=	0	0	0
chr22	3214	35248748	35248802	54	2	0	2	0	0	2	0	=	0	0	0
chr22	3215	35249171	35249174	3	2	0	0	0	0	0	0	?	0	0	0
chr22	3216	35250483	35251081	598	4	0	4	0	0	6	0	=	0	0	0
chr22	3217	35251727	35251730	3	1	0	1	0	0	1	0	=	0	0	0
chr22	3218	35252174	35252177	3	1	0	1	0	0	1	0	=	0	0	0
chr22	3219	35252829	35252832	3	1	0	1	0	0	1	0	=	0	0	0
chr22	3220	35253143	35253145	2	0	0	1	0	8	8	0	?	0	0	0
chr22	3221	35253599	35253617	18	2	0	1	1	2	4	0	?	0	0	0
chr22	3222	35255436	35255439	3	1	0	1	0	0	1	0	=	0	0	0
chr22	3223	35256246	35256249	3	1	0	1	0	0	1	0	=	0	0	0
chr22	3224	35256700	35256703	3	1	0	1	0	0	1	0	=	0	0	0
chr22	3225	35257478	35257481	3	1	0	1	0	0	1	0	=	0	0	0
chr22	3226	35258138	35258141	3	1	0	1	0	0	1	0	=	0	0	0
chr22	3227	35258640	35258643	3	1	0	1	0	0	1	0	=	0	0	0
chr22	3228	35259556	35259559	3	1	0	1	0	0	1	0	=	0	0	0
chr22	3229	35261291	35261437	146	4	0	4	1	1	5	0	=	0	0	0
chr22	3230	35261947	35262233	286	3	1	3	1	0	2	0	=	0	0	0
chr22	3231	35264880	35264883	3	1	0	1	0	0	1	0	=	0	0	0
chr22	3232	35267084	35267155	71	2	0	2	1	8	25	0	=	0	0	0
chr22	3233	35267528	35267531	3	1	0	1	0	0	1	0	=	0	0	0
chr22	3234	35268332	35268335	3	1	0	1	0	0	1	0	=	0	0	0
chr22	3235	35268946	35268949	3	1	0	1	0	0	1	0	=	0	0	0
chr22	3236	35270520	35270523	3	1	0	1	0	0	1	0	=	0	0	0
chr22	3237	35271466	35271494	28	2	0	2	0	0	2	0	=	0	0	0
chr22	3238	35271980	35272060	80	2	0	2	0	0	2	0	=	0	0	0
chr22	3239	35272364	35272370	6	1	0	1	0	0	4	0	=	0	0	0
chr22	3240	35272784	35272787	3	1	0	1	0	0	1	0	=	0	0	0
chr22	3241	35273446	35273521	75	2	0	2	0	0	2	0	=	0	0	0
chr22	3242	35273800	35273817	17	2	0	2	0	0	2	0	=	0	0	0
chr22	3243	35274742	35274745	3	1	0	1	0	0	1	0	=	0	0	0
chr22	3244	35275109	35275119	10	1	0	1	0	0	8	0	=	0	0	0
chr22	3245	35276188	35276191	3	1	0	1	0	0	1	0	=	0	0	0
chr22	3246	35276517	35276520	3	1	0	1	0	0	1	0	=	0	0	0
chr22	3247	35276848	35276851	3	1	0	1	0	0	1	0	=	0	0	0
chr22	3248	35277106	35277109	3	1	0	1	0	0	1	0	=	0	0	0
chr22	3249	35277848	35277851	3	1	0	1	0	0	1	0	=	0	0	0
chr22	3250	35278656	35278919	263	4	0	4	0	0	7	0	=	0	0	0
chr22	3251	35279131	35279137	6	0	0	1	1	5	5	0	?	0	0	0
chr22	3252	35279400	35279700	300	4	0	4	0	0	6	0	=	0	0	0
chr22	3253	35280144	35280159	15	2	0	2	0	0	2	0	=	0	0	0
chr22	3254	35281576	35281709	133	3	0	3	0	0	3	0	=	0	0	0
chr22	3255	35282261	35282264	3	1	0	1	0	0	1	0	=	0	0	0
chr22	3256	35283416	35283419	3	1	0	1	0	0	1	0	=	0	0	0
chr22	3257	35283663	35284103	440	4	0	4	0	0	5	0	=	0	0	0
chr22	3258	35285371	35285374	3	1	0	1	0	0	1	0	=	0	0	0
chr22	3259	35285898	35285901	3	1	0	1	0	0	1	0	=	0	0	0
chr22	3260	35286449	35286452	3	1	0	1	0	0	1	0	=	0	0	0
chr22	3261	35286850	35287246	396	4	0	4	1	2	10	0	=	0	0	0
chr22	3262	35287807	35287810	3	1	0	1	0	0	1	0	=	0	0	0
chr22	3263	35288064	35288067	3	1	0	1	0	0	1	0	=	0	0	0
chr22	3264	35288538	35288541	3	1	1	1	1	0	0	0	?	0	0	0
chr22	3265	35288858	35289226	368	6	0	6	0	0	9	0	=	0	0	0
chr22	3266	35290188	35290401	213	2	0	2	0	0	2	0	=	0	0	0
chr22	3267	35290673	35290676	3	1	0	1	0	0	1	0	=	0	0	0
chr22	3268	35292503	35292506	3	1	0	1	0	0	1	0	=	0	0	0
chr22	3269	35293420	35293423	3	1	0	1	0	0	1	0	=	0	0	0
chr22	3270	35294184	35294191	7	2	0	2	0	0	2	0	=	0	0	0
chr22	3271	35294537	35294540	3	1	0	1	0	0	1	0	=	0	0	0
chr22	3272	35295123	35295126	3	1	0	1	0	0	1	0	=	0	0	0
chr22	3273	35295840	35295843	3	1	0	1	0	0	1	0	=	0	0	0
chr22	3274	35296548	35296551	3	1	0	1	0	0	1	0	=	0	0	0
chr22	3275	35297378	35297384	6	1	0	1	0	0	4	0	=	0	0	0
chr22	3276	35297596	35297854	258	6	1	6	1	0	19	0	=	0	0	0
chr22	3277	35298214	35298303	89	2	0	2	0	0	2	0	=	0	0	0
chr22	3278	35298898	35298901	3	1	0	1	0	0	1	0	=	0	0	0
chr22	3279	35299679	35299810	131	2	0	2	0	0	2	0	=	0	0	0
chr22	3280	35300082	35300085	3	1	0	1	0	0	1	0	=	0	0	0
chr22	3281	35300904	35301054	150	3	0	3	0	0	7	0	=	0	0	0
chr22	3282	35301313	35301400	87	2	0	2	0	0	6	0	=	0	0	0
chr22	3283	35301617	35301812	195	2	0	2	0	0	2	0	=	0	0	0
chr22	3284	35302329	35302499	170	4	0	5	1	2	6	0	=	0	0	0
chr22	3285	35303050	35303132	82	2	0	2	0	0	11	0	=	0	0	0
chr22	3286	35303458	35303891	433	6	0	6	0	0	6	0	=	0	0	0
chr22	3287	35304260	35304263	3	1	0	1	0	0	1	0	=	0	0	0
chr22	3288	35304472	35304812	340	7	0	7	0	0	7	0	=	0	0	0
chr22	3289	35305228	35306182	954	12	1	12	1	0	16	0	=	0	0	0
chr22	3290	35306747	35306749	2	1	0	1	0	0	1	0	=	0	0	0
chr22	3291	35307133	35307559	426	5	1	5	1	0	4	0	=	0	0	0
chr22	3292	35308085	35308277	192	3	0	3	0	0	3	0	=	0	0	0
chr22	3293	35308617	35308620	3	0	1	0	1	0	1	0	=	0	0	0
chr22	3294	35309364	35309367	3	1	0	1	0	0	1	0	=	0	0	0
chr22	3295	35309642	35309644	2	1	0	1	0	0	1	0	=	0	0	0
chr22	3296	35309947	35309950	3	1	0	1	0	0	1	0	=	0	0	0
chr22	3297	35311241	35311244	3	0	1	0	1	0	1	0	=	0	0	0
chr22	3298	35312242	35312370	128	0	2	0	2	0	3	0	=	0	0	0
chr22	3299	35312795	35312807	12	2	0	2	0	0	2	0	=	0	0	0
chr22	3300	35313070	35313073	3	1	0	1	0	0	1	0	=	0	0	0
chr22	3301	35314216	35314218	2	1	0	1	0	0	2	0	=	0	0	0
chr22	3302	35315103	35315106	3	1	0	1	0	0	1	0	=	0	0	0
chr22	3303	35316137	35316185	48	2	0	2	0	0	2	0	=	0	0	0
chr22	3304	35316558	35316622	64	2	0	2	0	0	2	0	=	0	0	0
chr22	3305	35319390	35319393	3	1	0	1	0	0	1	0	=	0	0	0
chr22	3306	35320599	35320602	3	1	0	1	0	0	1	0	=	0	0	0
chr22	3307	35320986	35320988	2	0	0	1	0	14	14	0	?	0	0	0
chr22	3308	35321251	35321254	3	1	0	1	0	0	1	0	=	0	0	0
chr22	3309	35323306	35323386	80	1	1	1	1	0	2	0	=	0	0	0
chr22	3310	35324411	35324413	2	1	0	1	0	0	2	0	=	0	0	0
chr22	3311	35326016	35326134	118	2	0	2	0	0	2	0	=	0	0	0
chr22	3312	35327836	35327839	3	1	1	1	1	0	0	0	?	0	0	0
chr22	3313	35328291	35328294	3	1	0	1	0	0	1	0	=	0	0	0
chr22	3314	35329543	35329546	3	1	0	1	0	0	1	0	=	0	0	0
chr22	3315	35331092	35331094	2	1	0	1	0	0	1	0	=	0	0	0
chr22	3316	35332471	35332608	137	2	0	2	0	0	3	0	=	0	0	0
chr22	3317	35334090	35334093	3	1	0	1	0	0	1	0	=	0	0	0
chr22	3318	35335250	35335253	3	1	1	1	1	0	0	0	?	0	0	0
chr22	3319	35336941	35336944	3	0	1	0	1	0	1	0	=	0	0	0
chr22	3320	35339765	35339768	3	0	1	0	1	0	1	0	=	0	0	0
chr22	3321	35342493	35342496	3	0	1	0	1	0	1	0	=	0	0	0
chr22	3322	35342927	35343023	96	1	2	2	3	7	8	0	?	0	0	0
chr22	3323	35343304	35343306	2	0	0	1	1	242	242	0	?	0	0	0
chr22	3324	35343735	35344136	401	2	2	2	2	0	30	0	=	0	0	0
chr22	3325	35345176	35345179	3	1	1	1	1	0	0	0	?	0	0	0
chr22	3326	35345825	35345871	46	2	1	2	1	0	1	0	=	0	0	0
chr22	3327	35346529	35346532	3	1	1	1	1	0	0	0	?	0	0	0
chr22	3328	35346930	35347132	202	0	2	0	2	0	2	0	=	0	0	0
chr22	3329	35348477	35348480	3	1	0	1	0	0	1	0	=	0	0	0
chr22	3330	35348770	35348773	3	1	0	1	0	0	1	0	=	0	0	0
chr22	3331	35349041	35349204	163	2	3	2	3	0	1	0	=	0	0	0
chr22	3332	35349529	35349532	3	0	1	0	1	0	1	0	=	0	0	0
chr22	3333	35349850	35350160	310	2	2	3	3	4	6	0	?	0	0	0
chr22	3334	35350747	35350750	3	1	1	1	1	0	0	0	?	0	0	0
chr22	3335	35351505	35351508	3	1	0	1	0	0	1	0	=	0	0	0
chr22	3336	35351921	35351924	3	0	1	0	1	0	1	0	=	0	0	0
chr22	3337	35352213	35352216	3	0	1	0	1	0	1	0	=	0	0	0
chr22	3338	35353143	35353408	265	3	2	3	2	0	3	0	=	0	0	0
chr22	3339	35353708	35353711	3	1	1	1	1	0	0	0	?	0	0	0
chr22	3340	35353977	35353979	2	1	1	1	1	0	0	0	?	0	0	0
chr22	3341	35354683	35354687	4	0	1	0	1	0	2	0	=	0	0	0
chr22	3342	35355441	35355444	3	0	1	1	1	1	1	0	?	0	0	0
chr22	3343	35356303	35356306	3	0	1	0	1	0	1	0	=	0	0	0
chr22	3344	35356576	35356783	207	1	2	1	2	0	1	0	=	0	0	0
chr22	3345	35357192	35357195	3	0	1	0	1	0	1	0	=	0	0	0
chr22	3346	35357502	35357505	3	0	1	0	1	0	1	0	=	0	0	0
chr22	3347	35357926	35358120	194	0	2	0	2	0	2	0	=	0	0	0
chr22	3348	35358418	35358421	3	0	1	0	1	0	1	0	=	0	0	0
chr22	3349	35358885	35358888	3	0	1	0	1	0	1	0	=	0	0	0
chr22	3350	35359775	35360017	242	0	3	0	3	0	3	0	=	0	0	0
chr22	3351	35360288	35360561	273	1	4	1	4	0	5	0	=	0	0	0
chr22	3352	35360782	35360922	140	0	2	0	2	0	2	0	=	0	0	0
chr22	3353	35361314	35361605	291	0	4	0	4	0	4	0	=	0	0	0
chr22	3354	35362472	35362475	3	0	1	0	1	0	1	0	=	0	0	0
chr22	3355	35363348	35363350	2	0	0	0	1	2	2	0	?	0	0	0
chr22	3356	35364767	35364771	4	0	0	1	2	7	7	0	?	0	0	0
chr22	3357	35365184	35365188	4	0	1	0	1	0	2	0	=	0	0	0
chr22	3358	35365655	35365658	3	0	1	0	1	0	1	0	=	0	0	0
chr22	3359	35366295	35366298	3	0	1	0	1	0	1	0	=	0	0	0
chr22	3360	35366527	35366659	132	0	2	0	3	1	3	0	=	0	0	0
chr22	3361	35367319	35367322	3	0	1	0	1	0	1	0	=	0	0	0
chr22	3362	35367621	35367624	3	0	1	0	1	0	1	0	=	0	0	0
chr22	3363	35368055	35368058	3	0	1	0	1	0	1	0	=	0	0	0
chr22	3364	35368442	35368445	3	0	1	0	1	0	1	0	=	0	0	0
chr22	3365	35368772	35368927	155	0	1	0	2	2	3	0	?	0	0	0
chr22	3366	35369313	35369315	2	1	0	1	0	0	1	0	=	0	0	0
chr22	3367	35369834	35369837	3	1	0	1	0	0	1	0	=	0	0	0
chr22	3368	35370699	35370938	239	3	0	3	0	0	3	0	=	0	0	0
chr22	3369	35371252	35371320	68	2	0	2	0	0	5	0	=	0	0	0
chr22	3370	35371615	35371620	5	1	0	1	0	0	3	0	=	0	0	0
chr22	3371	35371886	35372071	185	2	0	3	0	3	5	0	?	0	0	0
chr22	3372	35372373	35372376	3	1	0	1	0	0	1	0	=	0	0	0
chr22	3373	35373033	35373036	3	1	0	1	0	0	1	0	=	0	0	0
chr22	3374	35374473	35374476	3	1	0	1	0	0	1	0	=	0	0	0
chr22	3375	35374932	35374935	3	0	1	0	1	0	1	0	=	0	0	0
chr22	3376	35375694	35375700	6	2	0	2	0	0	2	0	=	0	0	0
chr22	3377	35376350	35376352	2	1	0	1	0	0	1	0	=	0	0	0
chr22	3378	35378036	35378039	3	1	0	1	0	0	1	0	=	0	0	0
chr22	3379	35379694	35379897	203	4	1	4	1	1	3	0	=	0	0	0
chr22	3380	35380677	35380866	189	2	0	2	0	0	15	0	=	0	0	0
chr22	3381	35381623	35381626	3	1	0	1	0	0	1	0	=	0	0	0
chr22	3382	35381989	35381992	3	1	0	1	0	0	1	0	=	0	0	0
chr22	3383	35382510	35382664	154	2	0	2	0	0	2	0	=	0	0	0
chr22	3384	35383979	35383982	3	0	1	0	1	0	1	0	=	0	0	0
chr22	3385	35384190	35384193	3	1	0	1	0	0	1	0	=	0	0	0
chr22	3386	35385212	35385215	3	1	0	1	0	0	1	0	=	0	0	0
chr22	3387	35385608	35385612	4	1	0	1	0	0	2	0	=	0	0	0
chr22	3388	35387418	35387421	3	1	0	1	0	0	1	0	=	0	0	0
chr22	3389	35388322	35388325	3	1	0	1	0	0	1	0	=	0	0	0
chr22	3390	35389213	35389431	218	0	0	12	1	26	26	0	?	0	0	0
chr22	3391	35389674	35389676	2	1	0	1	0	0	1	0	=	0	0	0
chr22	3392	35390187	35390234	47	2	0	2	0	0	2	0	=	0	0	0
chr22	3393	35390711	35390881	170	5	0	5	0	0	5	0	=	0	0	0
chr22	3394	35391172	35391357	185	6	0	6	0	0	23	0	=	0	0	0
chr22	3395	35391584	35391759	175	4	0	4	0	0	5	0	=	0	0	0
chr22	3396	35392220	35392222	2	1	0	1	0	0	1	0	=	0	0	0
chr22	3397	35392716	35392917	201	1	0	1	1	1	2	0	?	0	0	0
chr22	3398	35393268	35393271	3	1	0	1	0	0	1	0	=	0	0	0
chr22	3399	35395238	35395240	2	0	0	1	0	7	7	0	?	0	0	0
chr22	3400	35395808	35395811	3	1	0	1	0	0	1	0	=	0	0	0
chr22	3401	35396106	35396110	4	1	0	1	0	1	2	0	?	0	0	0
chr22	3402	35396979	35396982	3	1	0	1	0	0	1	0	=	0	0	0
chr22	3403	35397271	35397274	3	1	0	1	0	0	1	0	=	0	0	0
chr22	3404	35397952	35397954	2	1	0	1	0	0	1	0	=	0	0	0
chr22	3405	35398414	35398417	3	1	0	1	0	0	1	0	=	0	0	0
chr22	3406	35399130	35399421	291	3	0	3	0	0	3	0	=	0	0	0
chr22	3407	35399816	35399819	3	1	0	1	0	0	1	0	=	0	0	0
chr22	3408	35400657	35400787	130	0	2	0	2	0	2	0	=	0	0	0
chr22	3409	35401338	35401341	3	0	1	0	1	0	1	0	=	0	0	0
chr22	3410	35403547	35403619	72	0	2	0	2	0	2	0	=	0	0	0
chr22	3411	35403940	35403942	2	0	1	0	1	0	1	0	=	0	0	0
chr22	3412	35404529	35404691	162	0	2	0	2	0	3	0	=	0	0	0
chr22	3413	35405019	35405023	4	0	1	0	1	1	2	0	?	0	0	0
chr22	3414	35405347	35405350	3	0	1	0	1	0	1	0	=	0	0	0
chr22	3415	35405811	35406311	500	0	5	0	7	5	10	0	?	0	0	0
chr22	3416	35406898	35406901	3	0	1	0	1	0	1	0	=	0	0	0
chr22	3417	35407725	35407728	3	0	1	0	1	0	1	0	=	0	0	0
chr22	3418	35408968	35408971	3	0	1	0	1	0	1	0	=	0	0	0
chr22	3419	35409229	35409232	3	0	1	0	1	0	1	0	=	0	0	0
chr22	3420	35410381	35410384	3	0	1	0	1	0	1	0	=	0	0	0
chr22	3421	35411477	35411480	3	0	1	0	1	0	1	0	=	0	0	0
chr22	3422	35414057	35414060	3	0	1	0	1	0	1	0	=	0	0	0
chr22	3423	35415581	35415584	3	0	1	0	1	0	1	0	=	0	0	0
chr22	3424	35416510	35416520	10	0	0	1	1	12	12	0	?	0	0	0
chr22	3425	35417429	35417432	3	0	1	0	1	0	1	0	=	0	0	0
chr22	3426	35426099	35426102	3	0	1	0	1	0	1	0	=	0	0	0
chr22	3427	35426769	35426772	3	0	1	0	1	0	1	0	=	0	0	0
chr22	3428	35428021	35428024	3	0	0	0	1	1	1	0	?	0	0	0
chr22	3429	35428829	35429038	209	0	2	0	3	1	3	0	=	0	0	0
chr22	3430	35429291	35429293	2	0	1	0	1	0	3	0	=	0	0	0
chr22	3431	35430501	35430504	3	1	1	1	1	0	3	0	=	0	0	0
chr22	3432	35430808	35430868	60	0	2	0	2	0	2	0	=	0	0	0
chr22	3433	35431432	35431487	55	1	1	1	1	0	2	0	=	0	0	0
chr22	3434	35432305	35432308	3	0	1	0	1	0	1	0	=	0	0	0
chr22	3435	35432881	35432884	3	1	0	1	0	0	1	0	=	0	0	0
chr22	3436	35433457	35433460	3	0	1	0	1	0	1	0	=	0	0	0
chr22	3437	35433809	35433812	3	0	1	0	1	0	1	0	=	0	0	0
chr22	3438	35434810	35434813	3	0	1	0	1	0	1	0	=	0	0	0
chr22	3439	35435210	35435240	30	0	2	0	2	0	2	0	=	0	0	0
chr22	3440	35436005	35436180	175	0	2	0	2	0	2	0	=	0	0	0
chr22	3441	35436653	35436656	3	0	1	0	1	0	1	0	=	0	0	0
chr22	3442	35436893	35436912	19	0	9	0	9	1	14	0	=	0	0	0
chr22	3443	35437147	35437231	84	0	2	0	2	0	2	0	=	0	0	0
chr22	3444	35438022	35438684	662	0	5	0	11	32	51	0	?	0	0	0
chr22	3445	35438810	35439468	658	0	3	0	9	16	54	0	=	0	0	0
chr22	3446	35439722	35439732	10	0	2	0	2	0	2	0	=	0	0	0
chr22	3447	35440168	35440171	3	0	1	0	1	0	1	0	=	0	0	0
chr22	3448	35441023	35441026	3	0	1	0	1	0	1	0	=	0	0	0
chr22	3449	35441655	35441658	3	0	1	0	1	0	1	0	=	0	0	0
chr22	3450	35442931	35442934	3	0	1	0	1	0	1	0	=	0	0	0
chr22	3451	35443425	35443428	3	0	1	0	1	0	1	0	=	0	0	0
chr22	3452	35443794	35443857	63	0	2	0	2	0	2	0	=	0	0	0
chr22	3453	35444165	35444404	239	0	3	0	3	0	4	0	=	0	0	0
chr22	3454	35444635	35444786	151	0	4	0	4	0	4	0	=	0	0	0
chr22	3455	35445013	35445516	503	0	4	0	5	4	17	0	=	0	0	0
chr22	3456	35445875	35445878	3	0	1	0	1	0	1	0	=	0	0	0
chr22	3457	35446743	35446837	94	0	4	0	4	0	4	0	=	0	0	0
chr22	3458	35447108	35447494	386	0	8	0	8	0	15	0	=	0	0	0
chr22	3459	35447760	35447763	3	0	1	0	1	0	1	0	=	0	0	0
chr22	3460	35448756	35448759	3	0	1	0	1	0	1	0	=	0	0	0
chr22	3461	35449352	35449591	239	0	3	0	3	0	22	0	=	0	0	0
chr22	3462	35450173	35450331	158	0	3	0	3	0	3	0	=	0	0	0
chr22	3463	35451039	35451042	3	0	1	0	1	0	1	0	=	0	0	0
chr22	3464	35451281	35451296	15	0	2	0	2	0	3	0	=	0	0	0
chr22	3465	35453037	35453040	3	0	1	0	1	0	1	0	=	0	0	0
chr22	3466	35453565	35453828	263	0	3	0	6	8	11	0	?	0	0	0
chr22	3467	35454494	35454497	3	0	1	0	1	0	1	0	=	0	0	0
chr22	3468	35455398	35455407	9	0	0	1	1	8	8	0	?	0	0	0
chr22	3469	35457337	35457340	3	0	1	0	1	0	1	0	=	0	0	0
chr22	3470	35459833	35459836	3	0	1	0	1	0	1	0	=	0	0	0
chr22	3471	35461426	35461429	3	0	1	0	1	0	1	0	=	0	0	0
chr22	3472	35462062	35462065	3	0	1	0	1	0	1	0	=	0	0	0
chr22	3473	35463616	35463619	3	0	0	1	1	2	2	0	?	0	0	0
chr22	3474	35464568	35464571	3	0	1	0	1	0	1	0	=	0	0	0
chr22	3475	35464812	35464815	3	0	1	0	1	0	1	0	=	0	0	0
chr22	3476	35466252	35466255	3	0	1	0	1	0	1	0	=	0	0	0
chr22	3477	35468180	35468183	3	0	1	0	1	0	1	0	=	0	0	0
chr22	3478	35468624	35468626	2	0	1	0	1	0	4	0	=	0	0	0
chr22	3479	35469849	35470011	162	0	2	0	2	0	12	0	=	0	0	0
chr22	3480	35470392	35470395	3	0	1	0	1	0	1	0	=	0	0	0
chr22	3481	35471877	35471879	2	0	1	0	1	0	2	0	=	0	0	0
chr22	3482	35472840	35472843	3	0	1	0	1	0	1	0	=	0	0	0
chr22	3483	35473265	35473327	62	0	1	0	2	22	23	0	?	0	0	0
chr22	3484	35473807	35473810	3	0	1	0	1	0	1	0	=	0	0	0
chr22	3485	35474663	35474677	14	0	5	0	5	0	7	0	=	0	0	0
chr22	3486	35475658	35475661	3	0	1	0	1	0	1	0	=	0	0	0
chr22	3487	35475907	35475910	3	0	1	0	1	0	1	0	=	0	0	0
chr22	3488	35476356	35476547	191	0	2	0	2	0	3	0	=	0	0	0
chr22	3489	35477552	35477555	3	0	1	0	1	0	1	0	=	0	0	0
chr22	3490	35478000	35478003	3	0	1	0	1	0	1	0	=	0	0	0
chr22	3491	35478294	35478297	3	0	1	0	1	0	1	0	=	0	0	0
chr22	3492	35479088	35479090	2	0	1	0	1	0	1	0	=	0	0	0
chr22	3493	35479532	35479643	111	0	3	0	3	0	3	0	=	0	0	0
chr22	3494	35480590	35480896	306	0	4	0	4	0	6	0	=	0	0	0
chr22	3495	35481616	35481734	118	0	2	0	2	0	2	0	=	0	0	0
chr22	3496	35482772	35482818	46	0	2	0	2	0	2	0	=	0	0	0
chr22	3497	35483263	35483266	3	0	1	0	1	0	1	0	=	0	0	0
chr22	3498	35483543	35483700	157	0	3	0	3	0	11	0	=	0	0	0
chr22	3499	35484614	35484617	3	0	1	0	1	0	1	0	=	0	0	0
chr22	3500	35484836	35484839	3	0	1	0	1	0	1	0	=	0	0	0
chr22	3501	35485150	35486050	900	0	10	0	10	0	13	0	=	0	0	0
chr22	3502	35486545	35486733	188	0	2	0	2	0	2	0	=	0	0	0
chr22	3503	35487264	35487405	141	0	4	0	4	0	5	0	=	0	0	0
chr22	3504	35487743	35487746	3	0	1	0	1	0	1	0	=	0	0	0
chr22	3505	35488037	35488040	3	0	1	0	1	0	1	0	=	0	0	0
chr22	3506	35490131	35490199	68	0	2	0	2	0	2	0	=	0	0	0
chr22	3507	35490885	35491127	242	0	3	0	3	0	7	0	=	0	0	0
chr22	3508	35491872	35491874	2	0	0	0	1	18	18	0	?	0	0	0
chr22	3509	35492165	35492167	2	0	0	0	1	36	36	0	?	0	0	0
chr22	3510	35492609	35492612	3	0	1	0	1	0	1	0	=	0	0	0
chr22	3511	35493575	35493625	50	0	1	1	2	2	3	0	?	0	0	0
chr22	3512	35494063	35494066	3	0	1	0	1	0	1	0	=	0	0	0
chr22	3513	35495146	35495149	3	0	1	0	1	0	1	0	=	0	0	0
chr22	3514	35495983	35495986	3	0	1	0	1	0	1	0	=	0	0	0
chr22	3515	35496195	35496205	10	0	2	0	2	0	2	0	=	0	0	0
chr22	3516	35497249	35497251	2	0	1	0	1	0	1	0	=	0	0	0
chr22	3517	35498298	35498496	198	0	2	0	2	0	2	0	=	0	0	0
chr22	3518	35499288	35499291	3	0	1	0	1	0	1	0	=	0	0	0
chr22	3519	35500848	35501187	339	0	4	0	4	0	10	0	=	0	0	0
chr22	3520	35501554	35501645	91	0	3	0	3	0	4	0	=	0	0	0
chr22	3521	35502031	35502034	3	0	1	0	1	0	1	0	=	0	0	0
chr22	3522	35502269	35502757	488	0	5	1	7	31	36	0	?	0	0	0
chr22	3523	35503335	35503430	95	0	2	0	2	0	2	0	=	0	0	0
chr22	3524	35503888	35503891	3	0	1	0	1	0	1	0	=	0	0	0
chr22	3525	35504144	35504147	3	0	1	0	1	0	1	0	=	0	0	0
chr22	3526	35504419	35504422	3	0	1	0	1	0	1	0	=	0	0	0
chr22	3527	35504706	35504709	3	0	1	0	1	0	1	0	=	0	0	0
chr22	3528	35504944	35504947	3	0	1	0	1	0	1	0	=	0	0	0
chr22	3529	35505851	35505854	3	1	1	1	1	0	0	0	?	0	0	0
chr22	3530	35511203	35511206	3	0	1	0	1	0	1	0	=	0	0	0
chr22	3531	35511831	35511988	157	0	2	0	2	0	15	0	=	0	0	0
chr22	3532	35512879	35512882	3	0	1	0	1	0	1	0	=	0	0	0
chr22	3533	35513428	35513456	28	0	1	0	2	2	6	0	=	0	0	0
chr22	3534	35516038	35516065	27	0	0	0	1	25	25	0	?	0	0	0
chr22	3535	35516420	35516501	81	0	2	0	2	0	2	0	=	0	0	0
chr22	3536	35517557	35517560	3	0	1	0	1	0	1	0	=	0	0	0
chr22	3537	35519339	35519342	3	0	1	0	1	0	1	0	=	0	0	0
chr22	3538	35519725	35519728	3	0	1	0	1	0	1	0	=	0	0	0
chr22	3539	35520134	35520252	118	0	2	0	2	0	2	0	=	0	0	0
chr22	3540	35527639	35527641	2	0	0	0	1	2	2	0	?	0	0	0
chr22	3541	35528066	35528210	144	2	3	2	3	0	1	0	=	0	0	0
chr22	3542	35528814	35528845	31	2	1	2	1	0	6	0	=	0	0	0
chr22	3543	35529381	35529554	173	0	2	0	2	0	2	0	=	0	0	0
chr22	3544	35529866	35529950	84	0	2	0	2	0	2	0	=	0	0	0
chr22	3545	35530338	35530421	83	0	2	0	2	0	2	0	=	0	0	0
chr22	3546	35531092	35531262	170	1	4	1	4	0	3	0	=	0	0	0
chr22	3547	35532319	35532371	52	0	2	0	2	0	2	0	=	0	0	0
chr22	3548	35532828	35532831	3	0	1	0	1	0	1	0	=	0	0	0
chr22	3549	35533474	35533713	239	1	0	2	1	304	305	0	?	0	0	0
chr22	3550	35535403	35535405	2	1	0	1	0	0	2	0	=	0	0	0
chr22	3551	35536424	35536427	3	1	0	1	0	0	1	0	=	0	0	0
chr22	3552	35536823	35536825	2	1	1	1	1	0	0	0	?	0	0	0
chr22	3553	35537082	35537084	2	1	0	1	0	0	1	0	=	0	0	0
chr22	3554	35537529	35537532	3	1	0	1	0	0	1	0	=	0	0	0
chr22	3555	35537754	35538025	271	2	4	2	4	0	2	0	=	0	0	0
chr22	3556	35538264	35538544	280	3	1	3	1	0	2	0	=	0	0	0
chr22	3557	35540136	35540139	3	1	0	1	0	0	1	0	=	0	0	0
chr22	3558	35541302	35541522	220	1	2	1	2	0	3	0	=	0	0	0
chr22	3559	35542508	35542511	3	1	1	1	1	0	0	0	?	0	0	0
chr22	3560	35543320	35543323	3	1	1	1	1	0	0	0	?	0	0	0
chr22	3561	35545556	35545559	3	1	1	1	1	0	0	0	?	0	0	0
chr22	3562	35545895	35546003	108	2	2	2	2	0	2	0	=	0	0	0
chr22	3563	35547759	35547968	209	2	3	2	3	0	1	0	=	0	0	0
chr22	3564	35548725	35548728	3	1	0	1	0	0	1	0	=	0	0	0
chr22	3565	35549093	35549096	3	1	0	1	0	0	1	0	=	0	0	0
chr22	3566	35549654	35549657	3	1	0	1	0	0	1	0	=	0	0	0
chr22	3567	35549996	35549999	3	1	0	1	0	0	1	0	=	0	0	0
chr22	3568	35550439	35550443	4	1	0	1	1	1	3	0	=	0	0	0
chr22	3569	35550701	35550704	3	0	1	0	1	0	1	0	=	0	0	0
chr22	3570	35552216	35552509	293	4	0	4	0	0	4	0	=	0	0	0
chr22	3571	35553285	35553288	3	1	0	1	0	0	1	0	=	0	0	0
chr22	3572	35554099	35554102	3	0	1	0	1	0	1	0	=	0	0	0
chr22	3573	35554599	35554602	3	0	1	0	1	0	1	0	=	0	0	0
chr22	3574	35555017	35555227	210	1	2	1	2	0	1	0	=	0	0	0
chr22	3575	35556273	35556276	3	1	1	1	1	0	0	0	?	0	0	0
chr22	3576	35557786	35557978	192	1	0	2	1	2	3	0	?	0	0	0
chr22	3577	35558776	35558779	3	0	1	0	1	0	1	0	=	0	0	0
chr22	3578	35559254	35559336	82	2	2	2	2	0	2	0	=	0	0	0
chr22	3579	35559613	35559623	10	2	2	2	2	0	0	0	?	0	0	0
chr22	3580	35559849	35560058	209	2	2	2	2	0	0	0	?	0	0	0
chr22	3581	35561393	35561396	3	1	1	1	1	0	0	0	?	0	0	0
chr22	3582	35562784	35562786	2	1	1	1	1	0	0	0	?	0	0	0
chr22	3583	35563021	35563196	175	3	3	3	3	0	0	0	?	0	0	0
chr22	3584	35564236	35564239	3	1	1	1	1	0	0	0	?	0	0	0
chr22	3585	35566011	35566014	3	1	1	1	1	0	0	0	?	0	0	0
chr22	3586	35566457	35566460	3	1	1	1	1	0	0	0	?	0	0	0
chr22	3587	35568003	35568112	109	2	2	2	2	0	0	0	?	0	0	0
chr22	3588	35568673	35568676	3	1	1	1	1	0	0	0	?	0	0	0
chr22	3589	35569028	35569031	3	1	1	1	1	0	0	0	?	0	0	0
chr22	3590	35569642	35569662	20	1	1	1	1	0	0	0	?	0	0	0
chr22	3591	35569904	35569914	10	2	2	2	2	0	0	0	?	0	0	0
chr22	3592	35571413	35571416	3	1	1	1	1	0	0	0	?	0	0	0
chr22	3593	35572171	35572593	422	5	5	5	5	0	0	0	?	0	0	0
chr22	3594	35574778	35574781	3	1	1	1	1	0	0	0	?	0	0	0
chr22	3595	35575729	35575810	81	2	2	2	2	0	0	0	?	0	0	0
chr22	3596	35576255	35576442	187	1	2	1	2	0	2	0	=	0	0	0
chr22	3597	35577534	35577537	3	1	1	1	1	0	0	0	?	0	0	0
chr22	3598	35578408	35578410	2	0	0	1	1	248	248	0	?	0	0	0
chr22	3599	35578654	35578657	3	1	1	1	1	0	0	0	?	0	0	0
chr22	3600	35579167	35579170	3	1	1	1	1	0	0	0	?	0	0	0
chr22	3601	35580122	35580145	23	2	2	2	2	0	0	0	?	0	0	0
chr22	3602	35580523	35580526	3	1	1	1	1	0	0	0	?	0	0	0
chr22	3603	35587970	35587973	3	0	1	0	1	0	1	0	=	0	0	0
chr22	3604	35589025	35589028	3	0	1	0	1	0	1	0	=	0	0	0
chr22	3605	35590588	35590591	3	1	1	1	1	0	0	0	?	0	0	0
chr22	3606	35596858	35596861	3	1	1	1	1	0	0	0	?	0	0	0
chr22	3607	35603445	35603448	3	0	0	1	1	2	2	0	?	0	0	0
chr22	3608	35604017	35604019	2	0	0	1	1	2	2	0	?	0	0	0
chr22	3609	35610875	35610877	2	0	0	1	1	2	2	0	?	0	0	0
chr22	3610	35630342	35630345	3	0	0	1	1	2	2	0	?	0	0	0
chr22	3611	35636922	35636925	3	0	1	0	1	0	1	0	=	0	0	0
chr22	3612	35644628	35644631	3	0	1	0	1	0	1	0	=	0	0	0
chr22	3613	35646223	35646227	4	0	1	0	1	0	2	0	=	0	0	0
chr22	3614	35647586	35647589	3	0	1	0	1	0	1	0	=	0	0	0
chr22	3615	35650943	35650946	3	1	1	1	1	0	0	0	?	0	0	0
chr22	3616	35652277	35652279	2	0	0	1	1	2	2	0	?	0	0	0
chr22	3617	35653101	35653104	3	1	1	1	1	0	0	0	?	0	0	0
chr22	3618	35654540	35654543	3	1	0	1	0	0	1	0	=	0	0	0
chr22	3619	35656024	35656027	3	0	1	0	1	0	1	0	=	0	0	0
chr22	3620	35658098	35658101	3	1	1	1	1	0	0	0	?	0	0	0
chr22	3621	35661356	35661359	3	0	0	1	0	1	1	0	?	0	0	0
chr22	3622	35662027	35662030	3	1	1	1	1	0	0	0	?	0	0	0
chr22	3623	35669836	35669839	3	1	1	1	1	0	0	0	?	0	0	0
chr22	3624	35670825	35670828	3	1	1	1	1	0	0	0	?	0	0	0
chr22	3625	35675488	35675491	3	1	1	1	1	0	0	0	?	0	0	0
chr22	3626	35676103	35676216	113	2	2	2	2	0	0	0	?	0	0	0
chr22	3627	35678762	35678794	32	2	1	2	1	0	1	0	=	0	0	0
chr22	3628	35680610	35680613	3	1	0	1	0	0	1	0	=	0	0	0
chr22	3629	35680849	35681066	217	3	0	3	0	0	9	0	=	0	0	0
chr22	3630	35681412	35681673	261	4	0	4	0	0	4	0	=	0	0	0
chr22	3631	35681916	35681918	2	1	0	1	0	0	13	0	=	0	0	0
chr22	3632	35682344	35682347	3	1	0	1	0	0	1	0	=	0	0	0
chr22	3633	35682759	35682762	3	1	0	1	0	0	1	0	=	0	0	0
chr22	3634	35682993	35682996	3	1	0	1	0	0	1	0	=	0	0	0
chr22	3635	35683440	35683444	4	1	0	1	0	0	2	0	=	0	0	0
chr22	3636	35684008	35684011	3	1	0	1	0	0	1	0	=	0	0	0
chr22	3637	35684313	35684460	147	2	0	2	0	0	5	0	=	0	0	0
chr22	3638	35684764	35684767	3	1	0	1	0	0	1	0	=	0	0	0
chr22	3639	35685239	35685242	3	0	1	0	1	0	1	0	=	0	0	0
chr22	3640	35685921	35685969	48	0	2	0	2	0	2	0	=	0	0	0
chr22	3641	35686368	35686371	3	0	1	0	1	0	1	0	=	0	0	0
chr22	3642	35687197	35687200	3	0	1	0	1	0	1	0	=	0	0	0
chr22	3643	35687556	35687559	3	0	1	0	1	0	1	0	=	0	0	0
chr22	3644	35688116	35688118	2	0	1	0	1	0	1	0	=	0	0	0
chr22	3645	35688425	35688460	35	0	2	0	2	0	2	0	=	0	0	0
chr22	3646	35688742	35688745	3	0	1	0	1	0	1	0	=	0	0	0
chr22	3647	35689252	35689301	49	0	2	0	2	0	2	0	=	0	0	0
chr22	3648	35689690	35690008	318	0	3	1	7	15	18	0	?	0	0	0
chr22	3649	35690297	35690481	184	0	2	0	2	0	2	0	=	0	0	0
chr22	3650	35691143	35691240	97	0	3	0	3	0	3	0	=	0	0	0
chr22	3651	35691515	35691685	170	0	2	0	4	2	4	0	?	0	0	0
chr22	3652	35692097	35692774	677	0	8	0	23	15	31	0	?	0	0	0
chr22	3653	35693087	35693915	828	6	0	0	3	362	357	0	?	0	0	0
chr22	3654	35693940	35694902	962	4	0	0	16	30	26	0	?	0	0	0
chr22	3655	35695109	35695180	71	0	1	2	0	2	1	0	?	0	0	0
chr22	3656	35695952	35696365	413	4	0	0	0	0	0	0	?	0	0	0
chr22	3657	35696557	35697130	573	9	0	0	0	0	0	0	?	0	0	0
chr22	3658	35697352	35697857	505	8	1	1	0	0	0	0	?	0	0	0
chr22	3659	35698347	35698740	393	8	0	0	0	0	0	0	?	0	0	0
chr22	3660	35699089	35699289	200	6	1	1	0	1	0	1	X	0	0	0
chr22	3661	35699522	35699886	364	5	0	1	0	1	1	1	?	0	0	0
chr22	3662	35700011	35700531	520	9	1	1	0	1	0	1	X	0	0	0
chr22	3663	35700872	35701067	195	3	2	0	2	0	2	0	=	0	0	0
chr22	3664	35701595	35701753	158	0	3	0	3	0	3	0	=	0	0	0
chr22	3665	35702382	35702590	208	0	2	0	2	0	2	0	=	0	0	0
chr22	3666	35703169	35703172	3	0	1	0	1	0	1	0	=	0	0	0
chr22	3667	35703664	35703836	172	0	3	0	3	0	3	0	=	0	0	0
chr22	3668	35704361	35704364	3	0	1	0	1	0	1	0	=	0	0	0
chr22	3669	35704842	35704850	8	0	2	0	2	0	2	0	=	0	0	0
chr22	3670	35705518	35705521	3	0	1	0	1	0	1	0	=	0	0	0
chr22	3671	35705812	35706083	271	1	3	1	3	0	6	0	=	0	0	0
chr22	3672	35706619	35706941	322	0	4	0	4	0	8	0	=	0	0	0
chr22	3673	35707221	35707224	3	0	1	0	1	0	1	0	=	0	0	0
chr22	3674	35707660	35708034	374	1	4	1	4	0	5	0	=	0	0	0
chr22	3675	35708598	35708684	86	0	2	0	2	0	2	0	=	0	0	0
chr22	3676	35709187	35709372	185	0	4	0	4	0	7	0	=	0	0	0
chr22	3677	35709606	35709786	180	0	2	0	2	0	2	0	=	0	0	0
chr22	3678	35710112	35710115	3	0	0	0	1	1	1	0	?	0	0	0
chr22	3679	35711598	35711600	2	0	0	1	1	16	16	0	?	0	0	0
chr22	3680	35711963	35711966	3	0	1	0	1	0	1	0	=	0	0	0
chr22	3681	35714287	35714474	187	0	2	0	2	0	2	0	=	0	0	0
chr22	3682	35715771	35715782	11	0	2	0	2	0	2	0	=	0	0	0
chr22	3683	35716749	35717479	730	0	11	1	12	35	54	0	?	0	0	0
chr22	3684	35717752	35717769	17	0	1	0	3	8	9	0	?	0	0	0
chr22	3685	35717998	35718228	230	0	4	0	4	0	4	0	=	0	0	0
chr22	3686	35718502	35718600	98	0	4	0	4	0	9	0	=	0	0	0
chr22	3687	35718945	35719082	137	0	6	0	6	0	6	0	=	0	0	0
chr22	3688	35719300	35720051	751	0	7	0	7	0	10	0	=	0	0	0
chr22	3689	35720445	35720489	44	0	2	0	2	2	5	0	=	0	0	0
chr22	3690	35721254	35721257	3	0	1	0	1	0	1	0	=	0	0	0
chr22	3691	35721543	35721545	2	0	1	0	1	0	1	0	=	0	0	0
chr22	3692	35721805	35721846	41	0	2	0	2	0	2	0	=	0	0	0
chr22	3693	35722253	35722256	3	0	1	0	1	0	1	0	=	0	0	0
chr22	3694	35722680	35722890	210	0	2	0	2	0	2	0	=	0	0	0
chr22	3695	35724274	35724381	107	0	2	0	2	0	2	0	=	0	0	0
chr22	3696	35726881	35726884	3	0	1	0	1	0	1	0	=	0	0	0
chr22	3697	35727264	35727267	3	0	1	0	1	0	1	0	=	0	0	0
chr22	3698	35728811	35728814	3	0	1	0	1	0	1	0	=	0	0	0
chr22	3699	35729215	35729218	3	0	1	0	1	0	1	0	=	0	0	0
chr22	3700	35729537	35729540	3	0	1	0	1	0	1	0	=	0	0	0
chr22	3701	35729827	35730021	194	0	2	0	2	0	2	0	=	0	0	0
chr22	3702	35730399	35730402	3	0	1	0	1	0	1	0	=	0	0	0
chr22	3703	35730619	35730786	167	0	3	0	3	0	3	0	=	0	0	0
chr22	3704	35731490	35731527	37	0	2	0	2	0	2	0	=	0	0	0
chr22	3705	35732036	35732039	3	0	1	0	1	0	1	0	=	0	0	0
chr22	3706	35732401	35732404	3	0	1	0	1	0	1	0	=	0	0	0
chr22	3707	35732736	35732849	113	0	3	0	3	0	3	0	=	0	0	0
chr22	3708	35733759	35733805	46	0	2	0	2	0	6	0	=	0	0	0
chr22	3709	35734478	35734531	53	0	2	0	2	0	2	0	=	0	0	0
chr22	3710	35735121	35735155	34	0	0	0	2	306	306	0	?	0	0	0
chr22	3711	35736214	35736217	3	0	1	0	1	0	1	0	=	0	0	0
chr22	3712	35736509	35736512	3	0	1	0	1	0	1	0	=	0	0	0
chr22	3713	35736783	35736928	145	0	2	0	2	0	2	0	=	0	0	0
chr22	3714	35737348	35737693	345	2	2	2	3	6	7	0	?	0	0	0
chr22	3715	35738377	35738380	3	0	1	0	1	0	1	0	=	0	0	0
chr22	3716	35738641	35738645	4	2	0	2	0	0	2	0	=	0	0	0
chr22	3717	35743929	35743932	3	0	0	1	0	1	1	0	?	0	0	0
chr22	3718	35753770	35753773	3	0	0	1	1	2	2	0	?	0	0	0
chr22	3719	35769056	35769059	3	1	0	1	0	0	1	0	=	0	0	0
chr22	3720	35775284	35775287	3	1	0	1	0	0	1	0	=	0	0	0
chr22	3721	35794524	35794529	5	2	0	2	0	0	2	0	=	0	0	0
chr22	3722	35795627	35795630	3	1	0	1	0	0	1	0	=	0	0	0
chr22	3723	35806092	35806095	3	1	0	1	0	0	1	0	=	0	0	0
chr22	3724	35806310	35806313	3	1	0	1	0	0	1	0	=	0	0	0
chr22	3725	35810187	35810191	4	1	1	1	1	0	0	0	?	0	0	0
chr22	3726	35813043	35813050	7	0	0	2	2	4	4	0	?	0	0	0
chr22	3727	35815188	35815190	2	1	0	1	0	0	1	0	=	0	0	0
chr22	3728	35817476	35817482	6	0	1	0	1	0	4	0	=	0	0	0
chr22	3729	35817948	35817952	4	1	1	1	1	0	0	0	?	0	0	0
chr22	3730	35821601	35821603	2	0	0	1	1	2	2	0	?	0	0	0
chr22	3731	35835308	35835311	3	1	0	1	0	0	1	0	=	0	0	0
chr22	3732	35841881	35841884	3	1	1	1	1	0	0	0	?	0	0	0
chr22	3733	35843446	35843448	2	1	1	1	1	0	0	0	?	0	0	0
chr22	3734	35844008	35844011	3	0	1	0	1	0	1	0	=	0	0	0
chr22	3735	35845996	35845999	3	1	0	1	0	0	1	0	=	0	0	0
chr22	3736	35846329	35846333	4	1	1	1	1	0	0	0	?	0	0	0
chr22	3737	35849297	35849299	2	0	1	0	1	0	6	0	=	0	0	0
chr22	3738	35850192	35850194	2	1	1	1	1	0	4	0	=	0	0	0
chr22	3739	35853965	35853968	3	0	1	0	1	0	1	0	=	0	0	0
chr22	3740	35865643	35865646	3	0	0	1	1	2	2	0	?	0	0	0
chr22	3741	35869468	35869470	2	0	0	1	0	3	3	0	?	0	0	0
chr22	3742	35875606	35875614	8	0	0	1	1	12	12	0	?	0	0	0
chr22	3743	35876143	35876146	3	0	1	0	1	0	1	0	=	0	0	0
chr22	3744	35878038	35878042	4	0	1	1	1	2	6	0	=	0	0	0
chr22	3745	35883188	35883191	3	1	0	1	0	0	1	0	=	0	0	0
chr22	3746	35883999	35884002	3	0	0	1	1	2	2	0	?	0	0	0
chr22	3747	35886257	35886260	3	0	1	0	1	0	1	0	=	0	0	0
chr22	3748	35887456	35887459	3	0	1	0	1	0	1	0	=	0	0	0
chr22	3749	35892271	35892274	3	1	1	1	1	0	0	0	?	0	0	0
chr22	3750	35894977	35894979	2	0	1	0	0	0	0	0	?	0	0	0
chr22	3751	35899121	35899123	2	1	1	1	1	0	20	0	=	0	0	0
chr22	3752	35900059	35900062	3	1	1	1	1	0	0	0	?	0	0	0
chr22	3753	35908842	35908845	3	0	1	0	1	0	1	0	=	0	0	0
chr22	3754	35912905	35912908	3	0	1	0	1	0	1	0	=	0	0	0
chr22	3755	35913125	35913128	3	0	0	1	1	2	2	0	?	0	0	0
chr22	3756	35914278	35914281	3	0	1	0	1	0	1	0	=	0	0	0
chr22	3757	35920612	35920615	3	1	1	1	1	0	0	0	?	0	0	0
chr22	3758	35927194	35927197	3	0	1	0	1	0	1	0	=	0	0	0
chr22	3759	35927603	35927605	2	0	1	0	1	0	1	0	=	0	0	0
chr22	3760	35931315	35931318	3	1	0	1	0	0	1	0	=	0	0	0
chr22	3761	35934888	35934891	3	1	0	1	0	0	1	0	=	0	0	0
chr22	3762	35936236	35936238	2	1	0	1	0	0	1	0	=	0	0	0
chr22	3763	35942288	35942291	3	1	0	1	0	0	1	0	=	0	0	0
chr22	3764	35946340	35946343	3	1	0	1	0	0	1	0	=	0	0	0
chr22	3765	35956361	35956363	2	0	1	0	0	0	0	0	?	0	0	0
chr22	3766	35968500	35968502	2	1	0	1	0	0	1	0	=	0	0	0
chr22	3767	35975329	35975332	3	1	0	1	1	1	1	0	?	0	0	0
chr22	3768	35977721	35977735	14	0	0	1	1	14	14	0	?	0	0	0
chr22	3769	35982326	35982329	3	1	0	1	0	0	1	0	=	0	0	0
chr22	3770	35983283	35983611	328	0	0	0	117	184	184	0	?	0	0	0
chr22	3771	35985901	35985907	6	1	1	1	1	0	0	0	?	0	0	0
chr22	3772	35986956	35986959	3	0	0	0	1	1	1	0	?	0	0	0
chr22	3773	35988424	35988427	3	1	0	1	0	0	1	0	=	0	0	0
chr22	3774	35993118	35993121	3	1	0	1	0	0	1	0	=	0	0	0
chr22	3775	35999380	35999382	2	1	0	0	0	0	0	0	?	0	0	0
chr22	3776	36001183	36001189	6	1	0	1	0	0	4	0	=	0	0	0
chr22	3777	36010731	36010737	6	1	0	1	0	0	4	0	=	0	0	0
chr22	3778	36016231	36016234	3	1	1	1	1	0	0	0	?	0	0	0
chr22	3779	36017241	36017244	3	1	1	1	1	0	0	0	?	0	0	0
chr22	3780	36018864	36018867	3	1	1	1	1	0	0	0	?	0	0	0
chr22	3781	36022230	36022233	3	0	1	0	1	0	1	0	=	0	0	0
chr22	3782	36028120	36028123	3	0	1	0	1	0	1	0	=	0	0	0
chr22	3783	36028400	36028403	3	0	0	1	1	2	2	0	?	0	0	0
chr22	3784	36029030	36029186	156	1	1	1	1	0	2	0	=	0	0	0
chr22	3785	36029675	36029678	3	0	1	0	1	0	1	0	=	0	0	0
chr22	3786	36030041	36030058	17	0	1	1	1	1	16	0	=	0	0	0
chr22	3787	36030497	36030500	3	0	1	0	1	0	1	0	=	0	0	0
chr22	3788	36031434	36031437	3	1	0	1	0	0	1	0	=	0	0	0
chr22	3789	36031779	36031788	9	1	1	1	1	0	0	0	?	0	0	0
chr22	3790	36033326	36033329	3	0	1	0	1	0	1	0	=	0	0	0
chr22	3791	36036146	36036149	3	0	0	1	0	1	1	0	?	0	0	0
chr22	3792	36040402	36040405	3	1	0	1	0	0	1	0	=	0	0	0
chr22	3793	36050983	36050985	2	0	0	1	1	2	2	0	?	0	0	0
chr22	3794	36056050	36056053	3	0	1	0	1	0	1	0	=	0	0	0
chr22	3795	36057558	36057561	3	0	1	0	1	0	1	0	=	0	0	0
chr22	3796	36058088	36058091	3	0	1	0	1	0	1	0	=	0	0	0
chr22	3797	36058541	36058544	3	0	0	0	1	1	1	0	?	0	0	0
chr22	3798	36060215	36060415	200	2	2	2	2	0	4	0	=	0	0	0
chr22	3799	36061563	36061566	3	1	1	1	1	0	0	0	?	0	0	0
chr22	3800	36061959	36061962	3	1	0	1	0	0	1	0	=	0	0	0
chr22	3801	36070037	36070039	2	1	0	1	0	0	2	0	=	0	0	0
chr22	3802	36070501	36070504	3	0	1	0	1	0	1	0	=	0	0	0
chr22	3803	36072338	36072341	3	0	0	0	1	1	1	0	?	0	0	0
chr22	3804	36074135	36074138	3	0	1	0	1	0	1	0	=	0	0	0
chr22	3805	36076293	36076296	3	0	1	0	1	0	1	0	=	0	0	0
chr22	3806	36076777	36077027	250	0	3	0	3	0	6	0	=	0	0	0
chr22	3807	36077303	36077498	195	0	2	0	2	0	2	0	=	0	0	0
chr22	3808	36077946	36078090	144	0	2	0	2	0	2	0	=	0	0	0
chr22	3809	36079172	36079175	3	0	1	0	1	0	1	0	=	0	0	0
chr22	3810	36079561	36079581	20	1	1	1	1	0	2	0	=	0	0	0
chr22	3811	36079873	36080092	219	0	4	0	4	0	4	0	=	0	0	0
chr22	3812	36080615	36080618	3	0	1	0	1	0	1	0	=	0	0	0
chr22	3813	36081451	36081671	220	0	4	0	4	0	8	0	=	0	0	0
chr22	3814	36081977	36082093	116	1	2	1	2	0	1	0	=	0	0	0
chr22	3815	36082417	36082420	3	0	1	0	1	0	1	0	=	0	0	0
chr22	3816	36082939	36082942	3	0	1	0	1	0	1	0	=	0	0	0
chr22	3817	36083203	36083725	522	0	6	0	6	0	6	0	=	0	0	0
chr22	3818	36084445	36084448	3	0	1	0	1	0	1	0	=	0	0	0
chr22	3819	36085314	36085341	27	0	2	0	2	0	2	0	=	0	0	0
chr22	3820	36088233	36088236	3	0	1	0	1	0	1	0	=	0	0	0
chr22	3821	36088875	36088877	2	1	0	1	0	0	4	0	=	0	0	0
chr22	3822	36091329	36091465	136	0	1	1	2	3	4	0	?	0	0	0
chr22	3823	36094232	36094438	206	2	2	2	2	0	0	0	?	0	0	0
chr22	3824	36094658	36094680	22	3	3	3	3	0	0	0	?	0	0	0
chr22	3825	36096006	36096132	126	2	2	2	2	0	0	0	?	0	0	0
chr22	3826	36096532	36096535	3	1	1	1	1	0	0	0	?	0	0	0
chr22	3827	36096986	36096988	2	0	0	1	1	8	8	0	?	0	0	0
chr22	3828	36098527	36098646	119	1	2	1	2	2	3	0	?	0	0	0
chr22	3829	36098979	36098982	3	1	1	1	1	0	0	0	?	0	0	0
chr22	3830	36101108	36101239	131	3	2	3	2	0	1	0	=	0	0	0
chr22	3831	36101683	36101686	3	1	1	1	1	0	0	0	?	0	0	0
chr22	3832	36102173	36102176	3	0	1	0	1	0	1	0	=	0	0	0
chr22	3833	36102548	36102551	3	0	1	0	1	0	1	0	=	0	0	0
chr22	3834	36102930	36102933	3	1	1	1	1	0	0	0	?	0	0	0
chr22	3835	36103376	36103383	7	1	1	1	1	0	0	0	?	0	0	0
chr22	3836	36103976	36104240	264	5	5	5	5	0	0	0	?	0	0	0
chr22	3837	36104572	36104575	3	1	1	1	1	0	0	0	?	0	0	0
chr22	3838	36104849	36104852	3	1	1	1	1	0	0	0	?	0	0	0
chr22	3839	36105132	36105135	3	1	1	1	1	0	0	0	?	0	0	0
chr22	3840	36105554	36106093	539	6	6	6	6	0	0	0	?	0	0	0
chr22	3841	36106434	36106776	342	2	2	3	3	4	4	0	?	0	0	0
chr22	3842	36107200	36107577	377	5	5	5	5	0	0	0	?	0	0	0
chr22	3843	36107880	36107882	2	1	1	1	1	0	0	0	?	0	0	0
chr22	3844	36108214	36108229	15	2	2	2	2	0	0	0	?	0	0	0
chr22	3845	36108629	36108632	3	1	1	1	1	0	0	0	?	0	0	0
chr22	3846	36109067	36109247	180	1	0	2	1	2	3	0	?	0	0	0
chr22	3847	36109720	36109723	3	1	1	1	1	0	0	0	?	0	0	0
chr22	3848	36111467	36111470	3	1	1	1	1	0	0	0	?	0	0	0
chr22	3849	36113493	36113495	2	1	1	1	1	0	0	0	?	0	0	0
chr22	3850	36114582	36114585	3	1	1	1	1	0	0	0	?	0	0	0
chr22	3851	36115229	36115248	19	2	2	2	2	0	0	0	?	0	0	0
chr22	3852	36115590	36115593	3	1	1	1	1	0	0	0	?	0	0	0
chr22	3853	36115844	36115847	3	1	1	1	1	0	0	0	?	0	0	0
chr22	3854	36116249	36116252	3	1	1	1	1	0	0	0	?	0	0	0
chr22	3855	36116933	36116936	3	1	1	1	1	0	0	0	?	0	0	0
chr22	3856	36117331	36117334	3	1	1	1	1	0	0	0	?	0	0	0
chr22	3857	36117708	36117931	223	2	1	2	2	14	32	0	?	0	0	0
chr22	3858	36118802	36118805	3	1	1	1	1	0	0	0	?	0	0	0
chr22	3859	36119219	36119222	3	1	1	1	1	0	0	0	?	0	0	0
chr22	3860	36120894	36121007	113	2	2	2	2	0	0	0	?	0	0	0
chr22	3861	36121422	36121425	3	1	1	1	1	0	0	0	?	0	0	0
chr22	3862	36121726	36122233	507	5	6	5	6	0	1	0	=	0	0	0
chr22	3863	36122502	36122505	3	1	1	1	1	0	0	0	?	0	0	0
chr22	3864	36122911	36122993	82	2	2	2	2	0	0	0	?	0	0	0
chr22	3865	36123546	36123557	11	2	2	2	2	0	0	0	?	0	0	0
chr22	3866	36123791	36123794	3	1	1	1	1	0	0	0	?	0	0	0
chr22	3867	36124822	36124825	3	1	1	1	1	0	0	0	?	0	0	0
chr22	3868	36125239	36125242	3	1	1	1	1	0	0	0	?	0	0	0
chr22	3869	36126475	36127044	569	1	1	4	4	816	816	0	?	0	0	0
chr22	3870	36127814	36127869	55	2	2	2	2	0	0	0	?	0	0	0
chr22	3871	36128145	36128147	2	1	1	1	1	0	0	0	?	0	0	0
chr22	3872	36128472	36128475	3	1	1	1	1	0	0	0	?	0	0	0
chr22	3873	36128823	36128837	14	2	2	2	2	0	0	0	?	0	0	0
chr22	3874	36129356	36129358	2	1	1	1	1	0	0	0	?	0	0	0
chr22	3875	36130205	36130208	3	1	1	1	1	0	0	0	?	0	0	0
chr22	3876	36130785	36130787	2	1	1	1	1	0	0	0	?	0	0	0
chr22	3877	36131262	36131265	3	1	1	1	1	0	0	0	?	0	0	0
chr22	3878	36131917	36131920	3	0	1	0	1	0	1	0	=	0	0	0
chr22	3879	36132604	36132606	2	1	0	1	0	0	1	0	=	0	0	0
chr22	3880	36132845	36132848	3	1	0	1	0	0	1	0	=	0	0	0
chr22	3881	36134156	36134159	3	1	0	1	0	0	1	0	=	0	0	0
chr22	3882	36134378	36134381	3	1	0	1	0	0	1	0	=	0	0	0
chr22	3883	36136272	36136275	3	1	0	1	0	0	1	0	=	0	0	0
chr22	3884	36137735	36137738	3	1	0	1	0	0	1	0	=	0	0	0
chr22	3885	36141450	36141453	3	1	0	1	0	0	1	0	=	0	0	0
chr22	3886	36143135	36143137	2	1	0	1	0	0	1	0	=	0	0	0
chr22	3887	36143473	36143476	3	1	0	1	0	0	1	0	=	0	0	0
chr22	3888	36143704	36143757	53	2	0	2	0	0	2	0	=	0	0	0
chr22	3889	36144072	36145027	955	10	0	10	0	0	10	0	=	0	0	0
chr22	3890	36145412	36145415	3	1	0	1	0	0	1	0	=	0	0	0
chr22	3891	36145675	36145678	3	1	0	1	0	0	1	0	=	0	0	0
chr22	3892	36145999	36146147	148	2	0	4	0	2	5	0	=	0	0	0
chr22	3893	36146448	36146451	3	1	0	1	0	0	1	0	=	0	0	0
chr22	3894	36146757	36146760	3	1	0	1	0	0	1	0	=	0	0	0
chr22	3895	36147439	36147442	3	1	0	1	0	0	1	0	=	0	0	0
chr22	3896	36147671	36147851	180	2	0	2	0	0	2	0	=	0	0	0
chr22	3897	36148679	36148795	116	2	0	2	0	0	2	0	=	0	0	0
chr22	3898	36149087	36149090	3	1	0	1	0	0	1	0	=	0	0	0
chr22	3899	36149520	36149779	259	4	0	4	0	0	4	0	=	0	0	0
chr22	3900	36152356	36152359	3	1	0	1	0	0	1	0	=	0	0	0
chr22	3901	36153116	36153119	3	1	0	1	0	0	1	0	=	0	0	0
chr22	3902	36154017	36154020	3	1	0	1	0	0	1	0	=	0	0	0
chr22	3903	36154488	36154493	5	1	0	1	0	0	3	0	=	0	0	0
chr22	3904	36154732	36154735	3	1	0	1	0	0	1	0	=	0	0	0
chr22	3905	36155866	36155869	3	1	0	1	0	0	1	0	=	0	0	0
chr22	3906	36156289	36156355	66	2	0	2	0	0	2	0	=	0	0	0
chr22	3907	36158538	36158541	3	1	0	1	0	0	1	0	=	0	0	0
chr22	3908	36158965	36158969	4	1	0	1	0	0	2	0	=	0	0	0
chr22	3909	36159315	36159425	110	3	0	3	0	0	3	0	=	0	0	0
chr22	3910	36159744	36159747	3	1	0	1	0	0	1	0	=	0	0	0
chr22	3911	36160773	36160776	3	0	0	1	0	1	1	0	?	0	0	0
chr22	3912	36161573	36161772	199	2	0	2	0	0	2	0	=	0	0	0
chr22	3913	36163387	36163390	3	0	1	0	1	0	1	0	=	0	0	0
chr22	3914	36166186	36166387	201	0	2	0	2	0	2	0	=	0	0	0
chr22	3915	36166901	36166977	76	0	2	0	2	0	2	0	=	0	0	0
chr22	3916	36167599	36167602	3	0	1	0	1	0	1	0	=	0	0	0
chr22	3917	36168120	36168123	3	1	1	1	1	0	0	0	?	0	0	0
chr22	3918	36168665	36168714	49	0	2	0	2	0	39	0	=	0	0	0
chr22	3919	36168979	36168982	3	0	1	0	1	0	1	0	=	0	0	0
chr22	3920	36169711	36169714	3	0	1	0	1	0	1	0	=	0	0	0
chr22	3921	36170961	36170964	3	0	1	0	1	0	1	0	=	0	0	0
chr22	3922	36173041	36173043	2	0	0	1	1	2	2	0	?	0	0	0
chr22	3923	36173253	36173256	3	1	1	1	1	0	0	0	?	0	0	0
chr22	3924	36173794	36173797	3	1	1	1	1	0	0	0	?	0	0	0
chr22	3925	36174188	36174191	3	1	1	1	1	0	0	0	?	0	0	0
chr22	3926	36174439	36174442	3	1	1	1	1	0	0	0	?	0	0	0
chr22	3927	36174888	36174891	3	1	1	1	1	0	0	0	?	0	0	0
chr22	3928	36175866	36176023	157	2	2	2	2	0	0	0	?	0	0	0
chr22	3929	36176357	36176369	12	2	2	2	2	0	0	0	?	0	0	0
chr22	3930	36176986	36176989	3	1	1	1	1	0	0	0	?	0	0	0
chr22	3931	36177770	36178250	480	4	4	4	4	0	0	0	?	0	0	0
chr22	3932	36178717	36178720	3	1	1	1	1	0	0	0	?	0	0	0
chr22	3933	36178976	36178979	3	1	1	1	1	0	0	0	?	0	0	0
chr22	3934	36179614	36179617	3	1	1	1	1	0	0	0	?	0	0	0
chr22	3935	36180121	36180176	55	2	2	2	2	0	0	0	?	0	0	0
chr22	3936	36180744	36180747	3	1	1	1	1	0	0	0	?	0	0	0
chr22	3937	36181905	36182100	195	3	3	3	3	0	0	0	?	0	0	0
chr22	3938	36182804	36182807	3	1	1	1	1	0	0	0	?	0	0	0
chr22	3939	36183116	36183119	3	1	1	1	1	0	0	0	?	0	0	0
chr22	3940	36183511	36183514	3	1	1	1	1	0	0	0	?	0	0	0
chr22	3941	36184335	36184338	3	1	1	1	1	0	0	0	?	0	0	0
chr22	3942	36184829	36185258	429	6	6	6	6	0	0	0	?	0	0	0
chr22	3943	36185701	36185704	3	1	1	1	1	0	0	0	?	0	0	0
chr22	3944	36186338	36186529	191	2	2	2	2	0	0	0	?	0	0	0
chr22	3945	36186810	36187484	674	6	6	8	8	4	4	0	?	0	0	0
chr22	3946	36187733	36187736	3	0	0	1	1	2	2	0	?	0	0	0
chr22	3947	36187954	36188383	429	10	10	10	10	0	0	0	?	0	0	0
chr22	3948	36188663	36188666	3	1	1	1	1	0	0	0	?	0	0	0
chr22	3949	36189112	36189195	83	2	2	2	2	0	0	0	?	0	0	0
chr22	3950	36189476	36189811	335	6	6	6	6	0	0	0	?	0	0	0
chr22	3951	36190128	36190646	518	8	8	8	8	0	0	0	?	0	0	0
chr22	3952	36190888	36190891	3	1	1	1	1	0	0	0	?	0	0	0
chr22	3953	36191152	36191464	312	5	5	5	5	0	0	0	?	0	0	0
chr22	3954	36191904	36192367	463	6	6	6	6	0	0	0	?	0	0	0
chr22	3955	36193353	36193661	308	4	4	4	4	0	0	0	?	0	0	0
chr22	3956	36193945	36193948	3	1	1	1	1	0	0	0	?	0	0	0
chr22	3957	36194410	36194465	55	2	2	2	2	0	0	0	?	0	0	0
chr22	3958	36194809	36195035	226	2	3	2	3	0	1	0	=	0	0	0
chr22	3959	36195332	36195335	3	1	1	1	1	0	0	0	?	0	0	0
chr22	3960	36195765	36195783	18	2	2	2	2	0	0	0	?	0	0	0
chr22	3961	36196322	36196325	3	1	1	1	1	0	0	0	?	0	0	0
chr22	3962	36196950	36197274	324	6	6	6	6	0	0	0	?	0	0	0
chr22	3963	36198583	36198586	3	0	1	0	1	0	1	0	=	0	0	0
chr22	3964	36199196	36199209	13	0	2	0	2	0	2	0	=	0	0	0
chr22	3965	36199975	36200029	54	0	2	0	2	0	2	0	=	0	0	0
chr22	3966	36200322	36200370	48	0	2	0	2	0	2	0	=	0	0	0
chr22	3967	36200604	36200726	122	1	2	1	2	0	1	0	=	0	0	0
chr22	3968	36200968	36201166	198	0	4	0	4	0	4	0	=	0	0	0
chr22	3969	36201447	36202319	872	0	10	0	21	15	25	0	?	0	0	0
chr22	3970	36202719	36202745	26	1	3	1	3	0	4	0	=	0	0	0
chr22	3971	36203496	36203614	118	2	0	2	0	0	2	0	=	0	0	0
chr22	3972	36204243	36204246	3	0	1	0	1	0	1	0	=	0	0	0
chr22	3973	36205009	36205012	3	1	0	1	0	0	1	0	=	0	0	0
chr22	3974	36205515	36205518	3	1	0	1	0	0	1	0	=	0	0	0
chr22	3975	36206135	36206138	3	1	0	1	0	0	1	0	=	0	0	0
chr22	3976	36206443	36206446	3	1	1	1	1	0	0	0	?	0	0	0
chr22	3977	36206966	36206969	3	1	1	1	1	0	0	0	?	0	0	0
chr22	3978	36207560	36207570	10	0	2	0	2	0	2	0	=	0	0	0
chr22	3979	36208426	36208560	134	2	2	2	2	0	0	0	?	0	0	0
chr22	3980	36209283	36209438	155	3	3	3	3	0	0	0	?	0	0	0
chr22	3981	36209677	36209680	3	1	1	1	1	0	0	0	?	0	0	0
chr22	3982	36210581	36210584	3	0	1	0	1	0	1	0	=	0	0	0
chr22	3983	36211087	36211184	97	2	0	2	0	0	3	0	=	0	0	0
chr22	3984	36212157	36212304	147	2	0	2	0	0	2	0	=	0	0	0
chr22	3985	36213133	36213136	3	1	0	1	0	0	1	0	=	0	0	0
chr22	3986	36213586	36213694	108	2	0	2	0	0	2	0	=	0	0	0
chr22	3987	36214336	36214526	190	3	0	3	0	0	3	0	=	0	0	0
chr22	3988	36214877	36214887	10	2	0	2	0	0	2	0	=	0	0	0
chr22	3989	36215185	36215337	152	2	0	2	0	0	2	0	=	0	0	0
chr22	3990	36215815	36215818	3	1	0	1	0	0	1	0	=	0	0	0
chr22	3991	36216210	36216213	3	1	0	1	0	0	1	0	=	0	0	0
chr22	3992	36216603	36216999	396	3	0	4	0	1	9	0	=	0	0	0
chr22	3993	36217341	36217486	145	0	0	2	0	2	2	0	?	0	0	0
chr22	3994	36217905	36218366	461	1	0	5	0	4	5	0	?	0	0	0
chr22	3995	36218952	36219044	92	5	0	5	0	0	5	0	=	0	0	0
chr22	3996	36219437	36219723	286	4	0	8	1	13	28	0	?	0	0	0
chr22	3997	36219893	36220481	588	8	0	8	0	0	8	0	=	0	0	0
chr22	3998	36220843	36220846	3	1	0	1	0	0	1	0	=	0	0	0
chr22	3999	36221328	36221331	3	1	0	1	0	0	1	0	=	0	0	0
chr22	4000	36221790	36222032	242	6	0	6	0	0	6	0	=	0	0	0
chr22	4001	36222426	36222429	3	1	0	1	0	0	1	0	=	0	0	0
chr22	4002	36222979	36223012	33	2	0	2	0	0	2	0	=	0	0	0
chr22	4003	36223476	36223535	59	2	0	2	0	0	2	0	=	0	0	0
chr22	4004	36223897	36223900	3	1	0	1	0	0	1	0	=	0	0	0
chr22	4005	36224913	36225208	295	4	0	4	0	0	7	0	=	0	0	0
chr22	4006	36225565	36225664	99	2	0	2	0	0	2	0	=	0	0	0
chr22	4007	36226116	36226119	3	1	0	1	0	0	1	0	=	0	0	0
chr22	4008	36226666	36226861	195	3	0	3	0	0	3	0	=	0	0	0
chr22	4009	36227314	36227321	7	1	0	1	0	0	5	0	=	0	0	0
chr22	4010	36228413	36228650	237	0	5	0	5	0	5	0	=	0	0	0
chr22	4011	36229266	36229459	193	1	2	1	2	0	3	0	=	0	0	0
chr22	4012	36229837	36229866	29	2	1	2	1	0	3	0	=	0	0	0
chr22	4013	36230229	36230232	3	1	0	1	0	0	1	0	=	0	0	0
chr22	4014	36230506	36230556	50	1	2	1	2	0	1	0	=	0	0	0
chr22	4015	36230907	36230910	3	1	0	1	0	0	1	0	=	0	0	0
chr22	4016	36232528	36232531	3	1	1	1	1	0	0	0	?	0	0	0
chr22	4017	36232859	36232948	89	1	2	1	2	0	1	0	=	0	0	0
chr22	4018	36233418	36233588	170	0	2	0	2	0	2	0	=	0	0	0
chr22	4019	36234008	36234011	3	1	0	1	0	0	1	0	=	0	0	0
chr22	4020	36234302	36234394	92	0	2	0	2	0	2	0	=	0	0	0
chr22	4021	36234942	36235149	207	1	2	1	2	0	3	0	=	0	0	0
chr22	4022	36235458	36236051	593	5	7	6	8	7	14	0	?	0	0	0
chr22	4023	36236817	36236980	163	1	1	1	1	0	2	0	=	0	0	0
chr22	4024	36237379	36237519	140	3	1	3	1	0	2	0	=	0	0	0
chr22	4025	36237788	36237791	3	1	1	1	1	0	0	0	?	0	0	0
chr22	4026	36238169	36238172	3	1	1	1	1	0	0	0	?	0	0	0
chr22	4027	36238622	36238625	3	0	1	0	1	0	1	0	=	0	0	0
chr22	4028	36238984	36238987	3	0	1	0	1	0	1	0	=	0	0	0
chr22	4029	36239396	36239399	3	1	1	1	1	0	0	0	?	0	0	0
chr22	4030	36239708	36239922	214	3	2	3	2	0	1	0	=	0	0	0
chr22	4031	36240678	36240681	3	1	0	1	0	0	1	0	=	0	0	0
chr22	4032	36241797	36241800	3	0	0	0	1	1	1	0	?	0	0	0
chr22	4033	36244766	36244769	3	0	1	0	1	0	1	0	=	0	0	0
chr22	4034	36250917	36250920	3	0	1	0	1	0	1	0	=	0	0	0
chr22	4035	36256841	36256886	45	2	2	2	2	0	0	0	?	0	0	0
chr22	4036	36257695	36257809	114	3	3	3	3	0	0	0	?	0	0	0
chr22	4037	36258097	36258100	3	1	1	1	1	0	0	0	?	0	0	0
chr22	4038	36258964	36258967	3	1	1	1	1	0	0	0	?	0	0	0
chr22	4039	36259213	36259216	3	1	1	1	1	0	0	0	?	0	0	0
chr22	4040	36259465	36259468	3	1	1	1	1	0	0	0	?	0	0	0
chr22	4041	36260090	36260608	518	5	5	5	5	0	0	0	?	0	0	0
chr22	4042	36260975	36261744	769	8	8	8	8	0	0	0	?	0	0	0
chr22	4043	36262486	36262489	3	1	1	1	1	0	0	0	?	0	0	0
chr22	4044	36263140	36263254	114	2	1	2	1	0	1	0	=	0	0	0
chr22	4045	36263523	36263526	3	1	1	1	1	0	0	0	?	0	0	0
chr22	4046	36263826	36263829	3	0	1	0	1	0	1	0	=	0	0	0
chr22	4047	36264460	36264569	109	2	2	2	2	0	0	0	?	0	0	0
chr22	4048	36264794	36265285	491	6	6	6	6	0	0	0	?	0	0	0
chr22	4049	36265488	36265797	309	4	4	4	4	0	0	0	?	0	0	0
chr22	4050	36266641	36266703	62	3	2	3	2	0	3	0	=	0	0	0
chr22	4051	36267200	36267203	3	1	1	1	1	0	0	0	?	0	0	0
chr22	4052	36267435	36267582	147	1	1	1	1	0	2	0	=	0	0	0
chr22	4053	36268291	36268441	150	2	2	2	2	0	0	0	?	0	0	0
chr22	4054	36269490	36269493	3	1	0	1	0	0	1	0	=	0	0	0
chr22	4055	36269719	36269735	16	2	0	2	0	0	5	0	=	0	0	0
chr22	4056	36270277	36270280	3	1	1	1	1	0	0	0	?	0	0	0
chr22	4057	36270935	36271037	102	0	2	0	2	0	2	0	=	0	0	0
chr22	4058	36272354	36272382	28	2	2	2	2	0	0	0	?	0	0	0
chr22	4059	36272836	36273100	264	3	3	3	3	0	0	0	?	0	0	0
chr22	4060	36273367	36273370	3	0	1	0	1	0	1	0	=	0	0	0
chr22	4061	36273722	36273725	3	1	1	1	1	0	0	0	?	0	0	0
chr22	4062	36274473	36274645	172	3	3	3	3	0	0	0	?	0	0	0
chr22	4063	36274961	36274964	3	0	1	0	1	0	1	0	=	0	0	0
chr22	4064	36276228	36276250	22	2	2	2	2	0	0	0	?	0	0	0
chr22	4065	36276459	36276694	235	3	2	3	2	0	1	0	=	0	0	0
chr22	4066	36276903	36276909	6	1	0	1	0	0	4	0	=	0	0	0
chr22	4067	36277201	36277321	120	3	2	3	2	0	1	0	=	0	0	0
chr22	4068	36278963	36279105	142	2	2	2	2	0	0	0	?	0	0	0
chr22	4069	36279316	36279319	3	1	0	1	0	0	1	0	=	0	0	0
chr22	4070	36280146	36280148	2	1	0	1	0	0	1	0	=	0	0	0
chr22	4071	36280367	36280429	62	1	2	1	2	2	3	0	?	0	0	0
chr22	4072	36281352	36281355	3	0	1	0	1	0	1	0	=	0	0	0
chr22	4073	36281934	36282073	139	1	1	1	1	0	2	0	=	0	0	0
chr22	4074	36282405	36282431	26	0	2	0	2	0	2	0	=	0	0	0
chr22	4075	36283010	36283170	160	2	1	2	1	0	1	0	=	0	0	0
chr22	4076	36283483	36283634	151	2	3	2	3	0	3	0	=	0	0	0
chr22	4077	36284777	36284780	3	1	1	1	1	0	0	0	?	0	0	0
chr22	4078	36287613	36287616	3	0	1	0	1	0	1	0	=	0	0	0
chr22	4079	36289435	36289438	3	0	1	0	1	0	1	0	=	0	0	0
chr22	4080	36290008	36290218	210	1	2	1	2	0	1	0	=	0	0	0
chr22	4081	36291042	36291091	49	0	2	0	2	0	2	0	=	0	0	0
chr22	4082	36291682	36291867	185	0	2	1	2	2	3	0	?	0	0	0
chr22	4083	36292624	36292627	3	0	1	0	1	0	1	0	=	0	0	0
chr22	4084	36293978	36294068	90	2	0	2	0	0	2	0	=	0	0	0
chr22	4085	36295340	36295344	4	0	1	0	1	0	2	0	=	0	0	0
chr22	4086	36295559	36295562	3	1	1	1	1	0	0	0	?	0	0	0
chr22	4087	36295879	36295924	45	1	1	1	1	0	2	0	=	0	0	0
chr22	4088	36296171	36296174	3	1	1	1	1	0	0	0	?	0	0	0
chr22	4089	36296539	36296542	3	0	1	0	1	0	1	0	=	0	0	0
chr22	4090	36297394	36297608	214	2	1	2	1	0	1	0	=	0	0	0
chr22	4091	36297932	36297935	3	1	0	1	0	0	1	0	=	0	0	0
chr22	4092	36298285	36298288	3	1	0	1	0	0	1	0	=	0	0	0
chr22	4093	36298906	36299383	477	3	5	3	5	0	2	0	=	0	0	0
chr22	4094	36299894	36299897	3	1	1	1	1	0	0	0	?	0	0	0
chr22	4095	36303007	36303453	446	3	4	3	5	1	10	0	=	0	0	0
chr22	4096	36303740	36303787	47	1	2	1	2	0	2	0	=	0	0	0
chr22	4097	36304127	36304130	3	0	1	0	1	0	1	0	=	0	0	0
chr22	4098	36305439	36305442	3	0	1	0	1	0	1	0	=	0	0	0
chr22	4099	36306252	36306255	3	1	0	1	0	0	1	0	=	0	0	0
chr22	4100	36306844	36306847	3	1	1	1	1	0	0	0	?	0	0	0
chr22	4101	36308502	36308505	3	1	1	1	1	0	0	0	?	0	0	0
chr22	4102	36308714	36308789	75	2	1	2	1	0	1	0	=	0	0	0
chr22	4103	36309056	36309059	3	0	1	0	1	0	1	0	=	0	0	0
chr22	4104	36309482	36309608	126	4	1	4	1	0	3	0	=	0	0	0
chr22	4105	36310069	36310270	201	4	1	4	1	0	3	0	=	0	0	0
chr22	4106	36310749	36311359	610	4	1	4	1	0	5	0	=	0	0	0
chr22	4107	36311614	36312040	426	7	1	8	1	1	9	0	=	0	0	0
chr22	4108	36312291	36312709	418	5	2	5	2	0	5	0	=	0	0	0
chr22	4109	36312923	36313091	168	4	1	4	1	0	3	0	=	0	0	0
chr22	4110	36313327	36313669	342	7	0	7	0	0	10	0	=	0	0	0
chr22	4111	36314000	36314139	139	3	0	3	0	0	3	0	=	0	0	0
chr22	4112	36314472	36314674	202	4	0	4	0	0	4	0	=	0	0	0
chr22	4113	36314985	36314988	3	1	0	1	0	0	1	0	=	0	0	0
chr22	4114	36315315	36315434	119	2	0	2	0	0	2	0	=	0	0	0
chr22	4115	36315746	36316428	682	12	5	11	3	319	330	0	?	0	0	0
chr22	4116	36316763	36317054	291	4	1	5	2	54	57	0	?	0	0	0
chr22	4117	36317707	36317710	3	0	1	0	1	0	1	0	=	0	0	0
chr22	4118	36318042	36318045	3	1	1	1	1	0	0	0	?	0	0	0
chr22	4119	36318612	36318615	3	0	1	0	1	0	1	0	=	0	0	0
chr22	4120	36319227	36319230	3	1	1	1	1	0	0	0	?	0	0	0
chr22	4121	36319825	36320165	340	4	0	4	0	0	4	0	=	0	0	0
chr22	4122	36321992	36321995	3	0	1	0	1	0	1	0	=	0	0	0
chr22	4123	36322811	36322968	157	1	1	1	1	0	2	0	=	0	0	0
chr22	4124	36324377	36324735	358	3	0	3	0	0	3	0	=	0	0	0
chr22	4125	36326443	36326490	47	1	2	1	2	0	1	0	=	0	0	0
chr22	4126	36326792	36326795	3	1	0	1	0	0	1	0	=	0	0	0
chr22	4127	36327650	36327653	3	1	0	1	0	0	1	0	=	0	0	0
chr22	4128	36329281	36329283	2	1	0	1	0	0	1	0	=	0	0	0
chr22	4129	36329784	36329787	3	1	0	1	0	0	1	0	=	0	0	0
chr22	4130	36331504	36331507	3	1	0	1	0	0	1	0	=	0	0	0
chr22	4131	36332209	36332212	3	1	0	1	0	0	1	0	=	0	0	0
chr22	4132	36332645	36332663	18	1	0	2	1	2	3	0	?	0	0	0
chr22	4133	36333027	36333030	3	1	0	1	0	0	1	0	=	0	0	0
chr22	4134	36334900	36334903	3	1	0	1	0	0	1	0	=	0	0	0
chr22	4135	36335365	36335368	3	1	1	1	1	0	0	0	?	0	0	0
chr22	4136	36336490	36336493	3	1	0	1	0	0	1	0	=	0	0	0
chr22	4137	36337891	36337894	3	1	0	1	0	0	1	0	=	0	0	0
chr22	4138	36338556	36338567	11	2	0	2	0	0	2	0	=	0	0	0
chr22	4139	36340517	36340605	88	2	1	2	1	0	3	0	=	0	0	0
chr22	4140	36343547	36343549	2	1	0	1	0	0	1	0	=	0	0	0
chr22	4141	36344438	36344522	84	2	1	2	1	0	19	0	=	0	0	0
chr22	4142	36345310	36345313	3	1	1	1	1	0	0	0	?	0	0	0
chr22	4143	36345693	36345696	3	1	0	1	0	0	1	0	=	0	0	0
chr22	4144	36346150	36346153	3	1	0	1	0	0	1	0	=	0	0	0
chr22	4145	36347469	36347472	3	1	0	1	0	0	1	0	=	0	0	0
chr22	4146	36347817	36347821	4	1	0	1	0	0	2	0	=	0	0	0
chr22	4147	36348030	36348091	61	1	1	1	1	0	3	0	=	0	0	0
chr22	4148	36348507	36348510	3	1	1	1	1	0	0	0	?	0	0	0
chr22	4149	36348840	36348846	6	1	1	2	1	1	1	0	?	0	0	0
chr22	4150	36350032	36350035	3	1	0	1	0	0	1	0	=	0	0	0
chr22	4151	36351476	36351479	3	1	1	1	1	0	0	0	?	0	0	0
chr22	4152	36352946	36353111	165	2	3	2	2	0	7	0	=	0	0	0
chr22	4153	36354955	36354957	2	0	0	1	1	12	12	0	?	0	0	0
chr22	4154	36356579	36356581	2	0	0	1	0	1	1	0	?	0	0	0
chr22	4155	36373776	36373779	3	1	1	1	1	0	0	0	?	0	0	0
chr22	4156	36378402	36378405	3	1	1	1	1	0	0	0	?	0	0	0
chr22	4157	36384607	36384799	192	1	1	2	2	14	14	0	?	0	0	0
chr22	4158	36390116	36390119	3	0	0	1	1	2	2	0	?	0	0	0
chr22	4159	36391883	36391886	3	1	1	1	1	0	0	0	?	0	0	0
chr22	4160	36396758	36396761	3	1	1	1	1	0	0	0	?	0	0	0
chr22	4161	36398520	36398523	3	1	1	1	1	0	0	0	?	0	0	0
chr22	4162	36401474	36401491	17	0	0	9	9	18	18	0	?	0	0	0
chr22	4163	36402269	36402272	3	0	0	1	1	2	2	0	?	0	0	0
chr22	4164	36403926	36403929	3	1	1	1	1	0	0	0	?	0	0	0
chr22	4165	36404458	36404461	3	1	1	1	1	0	0	0	?	0	0	0
chr22	4166	36407426	36407434	8	1	1	1	1	0	0	0	?	0	0	0
chr22	4167	36407752	36407862	110	1	2	1	2	0	1	0	=	0	0	0
chr22	4168	36408349	36408351	2	0	0	0	1	1	1	0	?	0	0	0
chr22	4169	36408606	36408609	3	1	1	1	1	0	0	0	?	0	0	0
chr22	4170	36409674	36409677	3	1	1	1	1	0	0	0	?	0	0	0
chr22	4171	36410204	36410258	54	2	2	2	2	0	0	0	?	0	0	0
chr22	4172	36411715	36411718	3	1	1	1	1	0	0	0	?	0	0	0
chr22	4173	36412180	36412183	3	1	1	1	1	0	0	0	?	0	0	0
chr22	4174	36412725	36412728	3	0	1	0	1	0	1	0	=	0	0	0
chr22	4175	36414026	36414225	199	2	2	2	2	0	0	0	?	0	0	0
chr22	4176	36415456	36415459	3	1	1	1	1	0	0	0	?	0	0	0
chr22	4177	36416222	36416245	23	0	0	4	4	14	14	0	?	0	0	0
chr22	4178	36417847	36417849	2	1	1	1	1	0	0	0	?	0	0	0
chr22	4179	36419151	36419294	143	3	3	3	3	0	0	0	?	0	0	0
chr22	4180	36419523	36419526	3	1	1	1	1	0	0	0	?	0	0	0
chr22	4181	36420029	36420198	169	2	2	2	2	0	0	0	?	0	0	0
chr22	4182	36421370	36421373	3	1	1	1	1	0	0	0	?	0	0	0
chr22	4183	36421924	36421948	24	3	3	3	3	0	0	0	?	0	0	0
chr22	4184	36423226	36423229	3	1	1	1	1	0	0	0	?	0	0	0
chr22	4185	36423982	36424073	91	2	2	2	2	0	0	0	?	0	0	0
chr22	4186	36424347	36424350	3	1	1	1	1	0	0	0	?	0	0	0
chr22	4187	36424609	36424678	69	3	3	3	3	0	0	0	?	0	0	0
chr22	4188	36425823	36425858	35	2	2	2	2	0	0	0	?	0	0	0
chr22	4189	36426469	36426471	2	1	1	1	1	0	0	0	?	0	0	0
chr22	4190	36427237	36427392	155	2	2	2	2	0	0	0	?	0	0	0
chr22	4191	36427816	36427819	3	1	1	1	1	0	0	0	?	0	0	0
chr22	4192	36428202	36428205	3	0	0	1	1	2	2	0	?	0	0	0
chr22	4193	36428609	36428612	3	1	1	1	1	0	0	0	?	0	0	0
chr22	4194	36428953	36429141	188	2	2	2	2	0	0	0	?	0	0	0
chr22	4195	36429978	36429981	3	1	1	1	1	0	0	0	?	0	0	0
chr22	4196	36430270	36430420	150	3	3	3	3	0	0	0	?	0	0	0
chr22	4197	36430675	36430678	3	1	1	1	1	0	0	0	?	0	0	0
chr22	4198	36431047	36431050	3	1	1	1	1	0	0	0	?	0	0	0
chr22	4199	36431321	36431324	3	1	1	1	1	0	0	0	?	0	0	0
chr22	4200	36431535	36431538	3	1	1	1	1	0	0	0	?	0	0	0
chr22	4201	36432268	36432271	3	1	1	1	1	0	0	0	?	0	0	0
chr22	4202	36432869	36433196	327	3	3	3	3	0	0	0	?	0	0	0
chr22	4203	36433559	36433562	3	1	1	1	1	0	0	0	?	0	0	0
chr22	4204	36433898	36434430	532	4	4	30	30	65	65	0	?	0	0	0
chr22	4205	36434679	36434992	313	3	3	3	3	0	0	0	?	0	0	0
chr22	4206	36435657	36435983	326	3	4	3	4	0	1	0	=	0	0	0
chr22	4207	36436672	36436675	3	1	1	1	1	0	0	0	?	0	0	0
chr22	4208	36437030	36437415	385	7	8	8	8	2	4	0	?	0	0	0
chr22	4209	36438508	36438511	3	1	1	1	1	0	0	0	?	0	0	0
chr22	4210	36440704	36440707	3	1	1	1	1	0	0	0	?	0	0	0
chr22	4211	36441213	36441216	3	1	1	1	1	0	0	0	?	0	0	0
chr22	4212	36442623	36442625	2	1	1	1	1	0	0	0	?	0	0	0
chr22	4213	36443444	36443600	156	1	1	2	2	4	4	0	?	0	0	0
chr22	4214	36444292	36444459	167	3	3	3	3	0	0	0	?	0	0	0
chr22	4215	36445673	36445676	3	0	1	0	1	0	1	0	=	0	0	0
chr22	4216	36447107	36447111	4	1	1	1	1	0	0	0	?	0	0	0
chr22	4217	36448262	36448265	3	1	1	1	1	0	0	0	?	0	0	0
chr22	4218	36448570	36448573	3	1	1	1	1	0	0	0	?	0	0	0
chr22	4219	36454632	36454634	2	0	0	1	1	2	2	0	?	0	0	0
chr22	4220	36459635	36459638	3	1	0	1	0	0	1	0	=	0	0	0
chr22	4221	36478131	36478133	2	1	0	0	0	0	0	0	?	0	0	0
chr22	4222	36484468	36484470	2	1	0	1	0	0	1	0	=	0	0	0
chr22	4223	36489273	36489276	3	1	0	1	0	0	1	0	=	0	0	0
chr22	4224	36509034	36509037	3	0	0	1	0	1	1	0	?	0	0	0
chr22	4225	36509360	36509362	2	0	0	0	1	1	1	0	?	0	0	0
chr22	4226	36510479	36510482	3	0	1	0	1	0	1	0	=	0	0	0
chr22	4227	36512857	36512863	6	1	0	1	0	0	4	0	=	0	0	0
chr22	4228	36525238	36525241	3	1	1	1	1	0	0	0	?	0	0	0
chr22	4229	36527095	36527185	90	2	2	2	2	0	0	0	?	0	0	0
chr22	4230	36529448	36529451	3	0	1	0	1	0	1	0	=	0	0	0
chr22	4231	36532029	36532031	2	1	1	1	1	0	0	0	?	0	0	0
chr22	4232	36546274	36546277	3	0	1	0	1	0	1	0	=	0	0	0
chr22	4233	36547495	36547581	86	2	0	2	0	0	2	0	=	0	0	0
chr22	4234	36548027	36548310	283	3	0	3	0	0	3	0	=	0	0	0
chr22	4235	36548973	36548976	3	1	0	1	0	0	1	0	=	0	0	0
chr22	4236	36549240	36549299	59	2	0	2	0	0	12	0	=	0	0	0
chr22	4237	36549592	36549901	309	4	0	4	0	0	11	0	=	0	0	0
chr22	4238	36550281	36550597	316	3	0	3	0	0	3	0	=	0	0	0
chr22	4239	36551055	36551058	3	1	0	1	0	0	1	0	=	0	0	0
chr22	4240	36551575	36551578	3	1	0	1	0	0	1	0	=	0	0	0
chr22	4241	36552354	36552399	45	2	0	2	0	0	2	0	=	0	0	0
chr22	4242	36553451	36553454	3	1	0	1	0	0	1	0	=	0	0	0
chr22	4243	36553860	36553969	109	3	3	3	3	0	0	0	?	0	0	0
chr22	4244	36554251	36554254	3	1	1	1	1	0	0	0	?	0	0	0
chr22	4245	36554690	36554694	4	2	2	2	2	0	0	0	?	0	0	0
chr22	4246	36554935	36554943	8	1	0	1	0	0	6	0	=	0	0	0
chr22	4247	36556042	36556045	3	1	1	1	1	0	0	0	?	0	0	0
chr22	4248	36557766	36557894	128	2	0	2	0	0	2	0	=	0	0	0
chr22	4249	36558143	36558194	51	3	0	3	0	0	4	0	=	0	0	0
chr22	4250	36558510	36558582	72	2	0	2	0	0	2	0	=	0	0	0
chr22	4251	36558890	36558893	3	1	0	1	0	0	1	0	=	0	0	0
chr22	4252	36559112	36559336	224	3	0	3	0	0	3	0	=	0	0	0
chr22	4253	36560955	36560957	2	1	0	1	0	0	1	0	=	0	0	0
chr22	4254	36561285	36561288	3	1	1	1	1	0	0	0	?	0	0	0
chr22	4255	36561851	36561854	3	1	0	1	0	0	1	0	=	0	0	0
chr22	4256	36562859	36562959	100	2	0	2	0	0	2	0	=	0	0	0
chr22	4257	36563170	36563370	200	2	1	2	1	0	1	0	=	0	0	0
chr22	4258	36563690	36563693	3	1	0	1	0	0	1	0	=	0	0	0
chr22	4259	36563913	36563915	2	1	0	1	0	0	1	0	=	0	0	0
chr22	4260	36564175	36564177	2	1	0	1	0	0	1	0	=	0	0	0
chr22	4261	36565995	36565998	3	1	0	1	0	0	1	0	=	0	0	0
chr22	4262	36566304	36566307	3	1	0	1	0	0	1	0	=	0	0	0
chr22	4263	36567020	36567022	2	0	1	0	1	0	4	0	=	0	0	0
chr22	4264	36567484	36567487	3	1	0	1	0	0	1	0	=	0	0	0
chr22	4265	36567870	36567997	127	2	0	2	0	0	2	0	=	0	0	0
chr22	4266	36568310	36568313	3	1	1	1	1	0	0	0	?	0	0	0
chr22	4267	36569235	36569446	211	2	0	2	0	0	2	0	=	0	0	0
chr22	4268	36570160	36570196	36	2	0	2	0	0	2	0	=	0	0	0
chr22	4269	36571825	36571888	63	1	1	1	1	0	2	0	=	0	0	0
chr22	4270	36573550	36573637	87	2	0	2	0	0	2	0	=	0	0	0
chr22	4271	36573883	36573886	3	1	1	1	1	0	0	0	?	0	0	0
chr22	4272	36574238	36574241	3	1	0	1	0	0	1	0	=	0	0	0
chr22	4273	36574788	36574801	13	0	1	1	1	11	11	0	?	0	0	0
chr22	4274	36575500	36575503	3	1	0	1	0	0	1	0	=	0	0	0
chr22	4275	36575908	36576110	202	2	0	2	0	0	2	0	=	0	0	0
chr22	4276	36577610	36577712	102	1	3	1	3	0	5	0	=	0	0	0
chr22	4277	36578104	36578107	3	0	1	0	1	0	1	0	=	0	0	0
chr22	4278	36578356	36578358	2	1	1	1	1	0	2	0	=	0	0	0
chr22	4279	36579403	36579406	3	0	0	1	0	1	1	0	?	0	0	0
chr22	4280	36580461	36580464	3	0	1	0	1	0	1	0	=	0	0	0
chr22	4281	36580926	36580929	3	0	1	0	1	0	1	0	=	0	0	0
chr22	4282	36581970	36582483	513	4	3	4	3	0	5	0	=	0	0	0
chr22	4283	36583177	36583179	2	1	0	1	0	0	2	0	=	0	0	0
chr22	4284	36583440	36583444	4	2	0	2	0	0	2	0	=	0	0	0
chr22	4285	36583748	36583752	4	1	0	1	0	0	2	0	=	0	0	0
chr22	4286	36584053	36584091	38	2	0	2	0	0	2	0	=	0	0	0
chr22	4287	36584902	36584905	3	1	0	1	0	0	1	0	=	0	0	0
chr22	4288	36585207	36585210	3	1	0	1	0	0	1	0	=	0	0	0
chr22	4289	36586626	36586731	105	2	0	2	0	0	2	0	=	0	0	0
chr22	4290	36586942	36586944	2	1	1	1	1	0	0	0	?	0	0	0
chr22	4291	36587355	36587382	27	2	0	2	0	0	2	0	=	0	0	0
chr22	4292	36587912	36587915	3	1	0	1	0	0	1	0	=	0	0	0
chr22	4293	36588148	36588261	113	2	0	2	0	0	2	0	=	0	0	0
chr22	4294	36588985	36589148	163	2	1	2	1	1	4	0	=	0	0	0
chr22	4295	36589450	36589453	3	0	1	0	1	0	1	0	=	0	0	0
chr22	4296	36590178	36590181	3	1	0	1	0	0	1	0	=	0	0	0
chr22	4297	36590627	36590630	3	1	0	1	0	0	1	0	=	0	0	0
chr22	4298	36591023	36591322	299	3	3	3	3	0	2	0	=	0	0	0
chr22	4299	36591812	36591815	3	0	1	0	1	0	1	0	=	0	0	0
chr22	4300	36592069	36592206	137	2	2	2	2	0	0	0	?	0	0	0
chr22	4301	36592535	36592538	3	1	1	1	1	0	0	0	?	0	0	0
chr22	4302	36593278	36593360	82	2	2	2	2	0	0	0	?	0	0	0
chr22	4303	36594830	36594834	4	1	0	1	0	0	2	0	=	0	0	0
chr22	4304	36597039	36597042	3	0	1	0	1	0	1	0	=	0	0	0
chr22	4305	36599264	36599267	3	1	0	1	0	0	1	0	=	0	0	0
chr22	4306	36599571	36599574	3	0	1	0	1	0	1	0	=	0	0	0
chr22	4307	36600449	36600553	104	2	1	2	1	0	1	0	=	0	0	0
chr22	4308	36601822	36601825	3	0	1	0	1	0	1	0	=	0	0	0
chr22	4309	36602370	36602373	3	1	0	1	0	0	1	0	=	0	0	0
chr22	4310	36602858	36602861	3	1	0	1	0	0	1	0	=	0	0	0
chr22	4311	36603447	36603450	3	1	0	1	0	0	1	0	=	0	0	0
chr22	4312	36603964	36603967	3	0	1	0	1	0	1	0	=	0	0	0
chr22	4313	36604537	36604733	196	1	1	1	1	0	2	0	=	0	0	0
chr22	4314	36605446	36605530	84	3	1	3	1	0	2	0	=	0	0	0
chr22	4315	36606756	36606758	2	0	1	0	1	0	2	0	=	0	0	0
chr22	4316	36607407	36607410	3	1	1	1	1	0	0	0	?	0	0	0
chr22	4317	36608122	36608125	3	1	1	1	1	0	0	0	?	0	0	0
chr22	4318	36609410	36609439	29	1	0	1	1	60	60	0	?	0	0	0
chr22	4319	36609656	36609658	2	0	0	1	1	2	2	0	?	0	0	0
chr22	4320	36610082	36610365	283	5	5	5	5	0	0	0	?	0	0	0
chr22	4321	36611421	36611424	3	1	1	1	1	0	0	0	?	0	0	0
chr22	4322	36612281	36612441	160	2	2	2	2	0	0	0	?	0	0	0
chr22	4323	36612879	36612882	3	1	1	1	1	0	0	0	?	0	0	0
chr22	4324	36613155	36613157	2	1	0	1	1	7	10	0	?	0	0	0
chr22	4325	36615599	36615773	174	2	2	2	2	0	0	0	?	0	0	0
chr22	4326	36616049	36616275	226	3	3	3	3	0	0	0	?	0	0	0
chr22	4327	36616904	36616907	3	1	1	1	1	0	0	0	?	0	0	0
chr22	4328	36617118	36617121	3	1	1	1	1	0	0	0	?	0	0	0
chr22	4329	36617344	36617347	3	1	1	1	1	0	0	0	?	0	0	0
chr22	4330	36617560	36617773	213	3	3	3	3	0	0	0	?	0	0	0
chr22	4331	36618394	36618396	2	0	0	1	1	2	2	0	?	0	0	0
chr22	4332	36618648	36618949	301	7	7	7	7	0	0	0	?	0	0	0
chr22	4333	36619222	36619472	250	3	3	3	3	0	0	0	?	0	0	0
chr22	4334	36622785	36623015	230	2	2	4	4	6	6	0	?	0	0	0
chr22	4335	36623869	36623872	3	1	1	1	1	0	0	0	?	0	0	0
chr22	4336	36625025	36625491	466	3	3	4	4	28	28	0	?	0	0	0
chr22	4337	36625746	36625749	3	1	1	1	1	0	0	0	?	0	0	0
chr22	4338	36626437	36626440	3	1	1	1	1	0	0	0	?	0	0	0
chr22	4339	36627047	36627050	3	1	1	1	1	0	0	0	?	0	0	0
chr22	4340	36627278	36627280	2	1	1	1	1	0	0	0	?	0	0	0
chr22	4341	36627641	36627644	3	1	1	1	1	0	0	0	?	0	0	0
chr22	4342	36628904	36628907	3	1	1	1	1	0	0	0	?	0	0	0
chr22	4343	36629225	36629228	3	1	1	1	1	0	0	0	?	0	0	0
chr22	4344	36629543	36629546	3	1	1	1	1	0	0	0	?	0	0	0
chr22	4345	36629770	36629773	3	1	1	1	1	0	0	0	?	0	0	0
chr22	4346	36630946	36630949	3	1	1	1	1	0	0	0	?	0	0	0
chr22	4347	36631418	36631421	3	1	1	1	1	0	0	0	?	0	0	0
chr22	4348	36631631	36631741	110	2	1	2	1	0	3	0	=	0	0	0
chr22	4349	36632184	36632187	3	1	1	1	1	0	0	0	?	0	0	0
chr22	4350	36632468	36632472	4	1	1	1	1	0	0	0	?	0	0	0
chr22	4351	36635541	36635544	3	1	0	1	0	0	1	0	=	0	0	0
chr22	4352	36637215	36637218	3	1	0	1	0	0	1	0	=	0	0	0
chr22	4353	36643465	36643479	14	2	1	1	1	3	9	0	=	0	0	0
chr22	4354	36645535	36645555	20	1	0	1	1	1	19	0	=	0	0	0
chr22	4355	36650712	36650715	3	1	0	1	0	0	1	0	=	0	0	0
chr22	4356	36651223	36651225	2	1	0	1	0	0	1	0	=	0	0	0
chr22	4357	36653335	36653338	3	1	0	1	0	0	1	0	=	0	0	0
chr22	4358	36653917	36653985	68	1	2	2	2	4	9	0	?	0	0	0
chr22	4359	36654626	36654824	198	1	2	1	2	0	1	0	=	0	0	0
chr22	4360	36657289	36657423	134	0	2	0	2	0	2	0	=	0	0	0
chr22	4361	36657784	36657787	3	1	0	1	0	0	1	0	=	0	0	0
chr22	4362	36661965	36662024	59	1	1	2	1	1	1	0	?	0	0	0
chr22	4363	36662237	36662240	3	0	1	0	1	0	1	0	=	0	0	0
chr22	4364	36663047	36663050	3	0	1	0	1	0	1	0	=	0	0	0
chr22	4365	36663304	36663343	39	0	2	0	2	0	2	0	=	0	0	0
chr22	4366	36663749	36663752	3	1	0	1	0	0	1	0	=	0	0	0
chr22	4367	36664172	36664308	136	0	1	2	3	4	5	0	?	0	0	0
chr22	4368	36664603	36664606	3	0	1	0	1	0	1	0	=	0	0	0
chr22	4369	36665166	36665351	185	0	2	0	2	0	2	0	=	0	0	0
chr22	4370	36665647	36665706	59	0	2	0	2	0	2	0	=	0	0	0
chr22	4371	36666163	36666166	3	0	1	0	1	0	1	0	=	0	0	0
chr22	4372	36666399	36666484	85	0	3	0	3	0	7	0	=	0	0	0
chr22	4373	36666751	36666970	219	0	4	0	4	0	4	0	=	0	0	0
chr22	4374	36667204	36667207	3	0	1	0	1	0	1	0	=	0	0	0
chr22	4375	36667902	36667905	3	0	1	0	1	0	1	0	=	0	0	0
chr22	4376	36668329	36668588	259	0	5	0	5	0	5	0	=	0	0	0
chr22	4377	36668917	36668920	3	0	1	0	1	0	1	0	=	0	0	0
chr22	4378	36669365	36669511	146	0	2	0	2	0	3	0	=	0	0	0
chr22	4379	36670408	36670632	224	0	3	0	3	2	15	0	=	0	0	0
chr22	4380	36671039	36671042	3	0	1	0	1	0	1	0	=	0	0	0
chr22	4381	36671686	36671689	3	1	1	1	1	0	0	0	?	0	0	0
chr22	4382	36672340	36672343	3	0	1	0	1	0	1	0	=	0	0	0
chr22	4383	36672681	36672684	3	0	1	0	1	0	1	0	=	0	0	0
chr22	4384	36673981	36674127	146	0	3	0	3	0	3	0	=	0	0	0
chr22	4385	36674470	36674473	3	0	1	0	1	0	1	0	=	0	0	0
chr22	4386	36675485	36675488	3	0	1	0	1	0	1	0	=	0	0	0
chr22	4387	36675771	36675774	3	0	1	0	1	0	1	0	=	0	0	0
chr22	4388	36676931	36676933	2	0	0	1	1	14	14	0	?	0	0	0
chr22	4389	36677438	36677441	3	1	0	1	0	0	1	0	=	0	0	0
chr22	4390	36677700	36677703	3	0	1	0	1	0	1	0	=	0	0	0
chr22	4391	36679184	36679202	18	1	1	1	1	8	8	0	?	0	0	0
chr22	4392	36680095	36680097	2	0	0	1	0	198	198	0	?	0	0	0
chr22	4393	36680657	36680686	29	0	0	1	6	544	544	0	?	0	0	0
chr22	4394	36681317	36681320	3	1	0	1	0	0	1	0	=	0	0	0
chr22	4395	36681547	36681599	52	1	2	1	2	0	1	0	=	0	0	0
chr22	4396	36686065	36686068	3	1	1	1	1	0	0	0	?	0	0	0
chr22	4397	36687447	36687450	3	0	1	0	1	0	1	0	=	0	0	0
chr22	4398	36688308	36688311	3	1	1	1	1	0	0	0	?	0	0	0
chr22	4399	36688538	36688540	2	0	1	0	1	0	1	0	=	0	0	0
chr22	4400	36688934	36688937	3	1	1	1	1	0	0	0	?	0	0	0
chr22	4401	36689395	36689428	33	1	2	1	2	0	1	0	=	0	0	0
chr22	4402	36690370	36690372	2	0	0	1	1	2	2	0	?	0	0	0
chr22	4403	36690619	36690622	3	1	1	1	1	0	0	0	?	0	0	0
chr22	4404	36691003	36691005	2	1	1	1	1	0	0	0	?	0	0	0
chr22	4405	36691307	36691449	142	2	2	2	2	0	0	0	?	0	0	0
chr22	4406	36692292	36692295	3	1	1	1	1	0	0	0	?	0	0	0
chr22	4407	36693478	36693481	3	1	1	1	1	0	0	0	?	0	0	0
chr22	4408	36694199	36694202	3	1	1	1	1	0	0	0	?	0	0	0
chr22	4409	36695149	36695152	3	1	1	1	1	0	0	0	?	0	0	0
chr22	4410	36695395	36695587	192	2	2	2	2	0	0	0	?	0	0	0
chr22	4411	36697386	36697407	21	2	2	2	2	0	0	0	?	0	0	0
chr22	4412	36698446	36698449	3	1	1	1	1	0	0	0	?	0	0	0
chr22	4413	36699236	36699242	6	0	1	1	1	4	6	0	?	0	0	0
chr22	4414	36699648	36699651	3	1	1	1	1	0	0	0	?	0	0	0
chr22	4415	36700526	36700529	3	1	1	1	1	0	0	0	?	0	0	0
chr22	4416	36700747	36700750	3	1	1	1	1	0	0	0	?	0	0	0
chr22	4417	36701517	36701520	3	1	1	1	1	0	0	0	?	0	0	0
chr22	4418	36702844	36702858	14	2	2	2	2	0	0	0	?	0	0	0
chr22	4419	36703237	36703239	2	1	1	1	1	0	0	0	?	0	0	0
chr22	4420	36703491	36703828	337	2	2	7	7	70	70	0	?	0	0	0
chr22	4421	36704213	36704216	3	1	1	1	1	0	0	0	?	0	0	0
chr22	4422	36704640	36704642	2	1	1	1	1	0	0	0	?	0	0	0
chr22	4423	36705300	36705329	29	1	1	2	2	2	2	0	?	0	0	0
chr22	4424	36705811	36705846	35	2	2	2	2	0	0	0	?	0	0	0
chr22	4425	36706196	36706263	67	2	2	3	3	128	128	0	?	0	0	0
chr22	4426	36706588	36706591	3	1	1	1	1	0	0	0	?	0	0	0
chr22	4427	36708201	36708204	3	1	1	1	1	0	0	0	?	0	0	0
chr22	4428	36708720	36708829	109	2	2	2	2	0	0	0	?	0	0	0
chr22	4429	36709133	36709136	3	1	1	1	1	0	0	0	?	0	0	0
chr22	4430	36709423	36709426	3	1	1	1	1	0	0	0	?	0	0	0
chr22	4431	36709773	36709908	135	1	1	2	2	2	2	0	?	0	0	0
chr22	4432	36710560	36710563	3	1	1	1	1	0	0	0	?	0	0	0
chr22	4433	36710795	36710798	3	1	1	1	1	0	0	0	?	0	0	0
chr22	4434	36712101	36712249	148	2	2	2	2	0	0	0	?	0	0	0
chr22	4435	36712496	36712499	3	1	1	1	1	0	0	0	?	0	0	0
chr22	4436	36714909	36714911	2	0	0	1	1	2	2	0	?	0	0	0
chr22	4437	36715810	36715813	3	1	0	1	0	0	1	0	=	0	0	0
chr22	4438	36716958	36716961	3	1	1	1	1	0	0	0	?	0	0	0
chr22	4439	36718270	36718272	2	1	1	1	0	0	0	0	?	0	0	0
chr22	4440	36719236	36719239	3	1	1	1	1	0	0	0	?	0	0	0
chr22	4441	36719502	36719610	108	2	1	2	1	0	1	0	=	0	0	0
chr22	4442	36720644	36720647	3	1	1	1	1	0	0	0	?	0	0	0
chr22	4443	36721266	36721269	3	1	1	1	1	0	0	0	?	0	0	0
chr22	4444	36722057	36722245	188	2	2	2	2	0	0	0	?	0	0	0
chr22	4445	36723314	36723317	3	1	1	1	1	0	0	0	?	0	0	0
chr22	4446	36723569	36723756	187	1	2	1	2	0	1	0	=	0	0	0
chr22	4447	36724336	36724341	5	2	1	2	1	0	3	0	=	0	0	0
chr22	4448	36724818	36724821	3	1	1	1	1	0	0	0	?	0	0	0
chr22	4449	36725054	36725057	3	1	0	1	0	0	1	0	=	0	0	0
chr22	4450	36725637	36725640	3	1	1	1	1	0	0	0	?	0	0	0
chr22	4451	36725992	36725995	3	1	1	1	1	0	0	0	?	0	0	0
chr22	4452	36726304	36726307	3	1	1	1	1	0	0	0	?	0	0	0
chr22	4453	36726555	36726724	169	3	3	3	3	0	0	0	?	0	0	0
chr22	4454	36728101	36728279	178	4	4	4	4	0	0	0	?	0	0	0
chr22	4455	36729614	36729720	106	2	2	2	3	1	10	0	=	0	0	0
chr22	4456	36729999	36730002	3	1	1	1	1	0	0	0	?	0	0	0
chr22	4457	36731015	36731286	271	1	1	3	3	344	344	0	?	0	0	0
chr22	4458	36732208	36732211	3	1	1	1	1	0	0	0	?	0	0	0
chr22	4459	36732548	36732551	3	1	1	1	1	0	0	0	?	0	0	0
chr22	4460	36732760	36732763	3	1	1	1	1	0	0	0	?	0	0	0
chr22	4461	36733234	36733237	3	1	1	1	1	0	0	0	?	0	0	0
chr22	4462	36734031	36734034	3	1	1	1	1	0	0	0	?	0	0	0
chr22	4463	36734664	36734667	3	1	1	1	1	0	0	0	?	0	0	0
chr22	4464	36735058	36735062	4	1	1	1	1	0	0	0	?	0	0	0
chr22	4465	36735495	36735498	3	1	1	1	1	0	0	0	?	0	0	0
chr22	4466	36735812	36735890	78	2	2	2	2	0	0	0	?	0	0	0
chr22	4467	36736217	36736226	9	1	1	1	1	0	0	0	?	0	0	0
chr22	4468	36737366	36737369	3	1	1	1	1	0	0	0	?	0	0	0
chr22	4469	36738069	36738071	2	1	1	1	1	0	0	0	?	0	0	0
chr22	4470	36739258	36739261	3	1	1	1	1	0	0	0	?	0	0	0
chr22	4471	36740447	36740450	3	1	1	1	1	0	0	0	?	0	0	0
chr22	4472	36740734	36740942	208	2	2	2	2	0	0	0	?	0	0	0
chr22	4473	36741536	36741740	204	2	2	2	2	0	0	0	?	0	0	0
chr22	4474	36741973	36741976	3	1	1	1	1	0	0	0	?	0	0	0
chr22	4475	36742261	36742358	97	2	2	2	2	0	0	0	?	0	0	0
chr22	4476	36742632	36742654	22	0	0	2	2	16	16	0	?	0	0	0
chr22	4477	36744377	36744380	3	1	1	1	1	0	0	0	?	0	0	0
chr22	4478	36745320	36745323	3	1	1	1	1	0	0	0	?	0	0	0
chr22	4479	36746490	36746611	121	2	2	2	2	0	0	0	?	0	0	0
chr22	4480	36747131	36747305	174	0	7	1	0	1	1	0	?	0	0	0
chr22	4481	36748043	36748045	2	0	0	1	0	1	1	0	?	0	0	0
chr22	4482	36748622	36748974	352	0	0	3	0	3	3	0	?	0	0	0
chr22	4483	36750301	36750303	2	0	0	1	0	1	1	0	?	0	0	0
chr22	4484	36751339	36751852	513	2	0	17	2	404	404	0	?	0	0	0
chr22	4485	36752889	36752892	3	1	1	1	1	0	0	0	?	0	0	0
chr22	4486	36757139	36757533	394	4	5	4	5	0	2	0	=	0	0	0
chr22	4487	36759411	36759414	3	0	1	0	1	0	1	0	=	0	0	0
chr22	4488	36761119	36761197	78	2	2	2	2	0	0	0	?	0	0	0
chr22	4489	36761505	36761529	24	2	1	2	1	0	1	0	=	0	0	0
chr22	4490	36761800	36761803	3	1	1	1	1	0	0	0	?	0	0	0
chr22	4491	36763055	36763058	3	1	0	1	0	0	1	0	=	0	0	0
chr22	4492	36763304	36763350	46	1	2	1	2	0	1	0	=	0	0	0
chr22	4493	36763773	36763776	3	1	1	1	1	0	0	0	?	0	0	0
chr22	4494	36764439	36764578	139	2	0	2	0	0	2	0	=	0	0	0
chr22	4495	36765494	36765497	3	1	0	1	0	0	1	0	=	0	0	0
chr22	4496	36766927	36767037	110	2	2	2	2	0	2	0	=	0	0	0
chr22	4497	36767283	36767286	3	1	1	1	1	0	0	0	?	0	0	0
chr22	4498	36767561	36767564	3	1	1	1	1	0	0	0	?	0	0	0
chr22	4499	36767922	36767925	3	1	0	1	0	0	1	0	=	0	0	0
chr22	4500	36768827	36768830	3	1	0	1	0	0	1	0	=	0	0	0
chr22	4501	36769278	36769281	3	1	0	1	0	0	1	0	=	0	0	0
chr22	4502	36769857	36769860	3	1	1	1	1	0	0	0	?	0	0	0
chr22	4503	36770303	36770414	111	2	1	2	1	0	1	0	=	0	0	0
chr22	4504	36770628	36770631	3	1	1	1	1	0	0	0	?	0	0	0
chr22	4505	36771300	36771303	3	1	1	1	1	0	0	0	?	0	0	0
chr22	4506	36772398	36772877	479	3	3	4	4	2	2	0	?	0	0	0
chr22	4507	36773653	36773655	2	1	1	1	1	0	2	0	=	0	0	0
chr22	4508	36773939	36773942	3	1	1	1	1	0	0	0	?	0	0	0
chr22	4509	36774343	36774346	3	1	0	1	0	0	1	0	=	0	0	0
chr22	4510	36774652	36774934	282	3	5	3	5	0	2	0	=	0	0	0
chr22	4511	36775259	36775261	2	1	1	1	1	0	0	0	?	0	0	0
chr22	4512	36775565	36775568	3	0	1	0	1	0	1	0	=	0	0	0
chr22	4513	36776455	36776602	147	2	0	2	0	0	2	0	=	0	0	0
chr22	4514	36777039	36777042	3	1	1	1	1	0	0	0	?	0	0	0
chr22	4515	36777922	36777925	3	1	1	1	1	0	0	0	?	0	0	0
chr22	4516	36780153	36780156	3	1	1	1	1	0	0	0	?	0	0	0
chr22	4517	36780971	36781147	176	2	2	2	2	0	0	0	?	0	0	0
chr22	4518	36781592	36781595	3	1	1	1	1	0	0	0	?	0	0	0
chr22	4519	36781952	36781955	3	1	0	1	0	0	1	0	=	0	0	0
chr22	4520	36783500	36783503	3	1	1	1	1	0	0	0	?	0	0	0
chr22	4521	36785542	36785602	60	1	1	1	1	0	2	0	=	0	0	0
chr22	4522	36786635	36786638	3	0	1	0	1	0	1	0	=	0	0	0
chr22	4523	36788157	36788160	3	0	1	0	1	0	1	0	=	0	0	0
chr22	4524	36788579	36788709	130	0	0	2	2	58	58	0	?	0	0	0
chr22	4525	36789968	36789971	3	1	0	1	0	0	1	0	=	0	0	0
chr22	4526	36792736	36792809	73	1	1	1	1	0	2	0	=	0	0	0
chr22	4527	36794385	36794389	4	1	1	1	1	0	6	0	=	0	0	0
chr22	4528	36795372	36795398	26	1	1	1	1	0	2	0	=	0	0	0
chr22	4529	36796648	36796651	3	1	0	1	0	0	1	0	=	0	0	0
chr22	4530	36797578	36797581	3	1	1	1	1	0	0	0	?	0	0	0
chr22	4531	36797940	36797943	3	1	0	1	0	0	1	0	=	0	0	0
chr22	4532	36798670	36798958	288	6	1	6	1	0	5	0	=	0	0	0
chr22	4533	36799208	36799313	105	3	0	3	0	0	3	0	=	0	0	0
chr22	4534	36799584	36800416	832	9	5	9	5	166	179	0	?	0	0	0
chr22	4535	36800634	36800928	294	3	0	3	0	0	3	0	=	0	0	0
chr22	4536	36801799	36801805	6	0	1	0	1	0	4	0	=	0	0	0
chr22	4537	36802328	36802358	30	0	2	0	2	0	2	0	=	0	0	0
chr22	4538	36802597	36802604	7	0	0	1	1	3	3	0	?	0	0	0
chr22	4539	36802976	36802979	3	1	0	1	0	0	1	0	=	0	0	0
chr22	4540	36803547	36803763	216	2	3	2	3	0	9	0	=	0	0	0
chr22	4541	36804088	36804091	3	0	1	0	1	0	1	0	=	0	0	0
chr22	4542	36804789	36804792	3	0	1	0	1	0	1	0	=	0	0	0
chr22	4543	36805771	36805848	77	0	2	0	2	0	2	0	=	0	0	0
chr22	4544	36806502	36806505	3	0	1	0	1	0	1	0	=	0	0	0
chr22	4545	36806785	36806788	3	0	1	0	1	0	1	0	=	0	0	0
chr22	4546	36807251	36807254	3	0	1	0	1	0	1	0	=	0	0	0
chr22	4547	36808019	36808186	167	2	1	2	1	0	1	0	=	0	0	0
chr22	4548	36809104	36809107	3	0	1	0	1	0	1	0	=	0	0	0
chr22	4549	36809854	36809856	2	1	1	1	1	0	0	0	?	0	0	0
chr22	4550	36810103	36810119	16	1	2	1	2	0	1	0	=	0	0	0
chr22	4551	36810825	36810828	3	1	0	1	0	0	1	0	=	0	0	0
chr22	4552	36811274	36811276	2	0	1	1	1	4	12	0	=	0	0	0
chr22	4553	36812103	36812106	3	1	1	1	1	0	0	0	?	0	0	0
chr22	4554	36812614	36812909	295	4	4	4	4	0	0	0	?	0	0	0
chr22	4555	36813250	36813404	154	2	2	2	2	0	0	0	?	0	0	0
chr22	4556	36814267	36814634	367	6	6	6	6	0	0	0	?	0	0	0
chr22	4557	36815483	36815486	3	1	1	1	1	0	0	0	?	0	0	0
chr22	4558	36816043	36816046	3	0	0	1	1	2	2	0	?	0	0	0
chr22	4559	36816490	36816493	3	1	1	1	1	0	0	0	?	0	0	0
chr22	4560	36818675	36818678	3	1	1	1	1	0	0	0	?	0	0	0
chr22	4561	36819712	36819715	3	1	1	1	1	0	0	0	?	0	0	0
chr22	4562	36820436	36820439	3	1	1	1	1	0	0	0	?	0	0	0
chr22	4563	36821532	36821538	6	0	0	3	3	6	6	0	?	0	0	0
chr22	4564	36821802	36821836	34	1	1	4	4	14	14	0	?	0	0	0
chr22	4565	36822374	36822376	2	1	1	1	1	0	0	0	?	0	0	0
chr22	4566	36822927	36822929	2	0	0	1	1	2	2	0	?	0	0	0
chr22	4567	36825044	36825218	174	1	2	1	2	28	34	0	?	0	0	0
chr22	4568	36825756	36825916	160	0	4	0	4	0	4	0	=	0	0	0
chr22	4569	36826190	36826193	3	0	1	0	1	0	1	0	=	0	0	0
chr22	4570	36827288	36827889	601	0	5	1	6	2	7	0	=	0	0	0
chr22	4571	36828286	36828548	262	0	5	0	5	0	5	0	=	0	0	0
chr22	4572	36828824	36829447	623	1	4	1	4	0	5	0	=	0	0	0
chr22	4573	36829888	36829891	3	0	1	0	1	0	1	0	=	0	0	0
chr22	4574	36830163	36830166	3	0	1	0	1	0	1	0	=	0	0	0
chr22	4575	36831772	36831904	132	2	2	4	4	6	12	0	?	0	0	0
chr22	4576	36832232	36832235	3	0	1	0	1	0	1	0	=	0	0	0
chr22	4577	36832861	36832864	3	0	1	0	1	0	1	0	=	0	0	0
chr22	4578	36833135	36833143	8	1	1	1	1	0	0	0	?	0	0	0
chr22	4579	36833412	36833563	151	0	2	1	3	2	4	0	?	0	0	0
chr22	4580	36833967	36834166	199	1	2	1	2	0	1	0	=	0	0	0
chr22	4581	36834805	36834812	7	1	1	1	1	0	10	0	=	0	0	0
chr22	4582	36836569	36836571	2	1	0	1	0	0	1	0	=	0	0	0
chr22	4583	36837278	36837281	3	1	1	1	1	0	0	0	?	0	0	0
chr22	4584	36838197	36838200	3	1	1	1	1	0	0	0	?	0	0	0
chr22	4585	36838727	36838729	2	0	0	1	1	2	2	0	?	0	0	0
chr22	4586	36839317	36839320	3	1	0	1	0	0	1	0	=	0	0	0
chr22	4587	36840582	36840587	5	0	2	0	2	0	2	0	=	0	0	0
chr22	4588	36841146	36841149	3	0	1	0	1	0	1	0	=	0	0	0
chr22	4589	36842037	36842040	3	0	1	0	1	0	1	0	=	0	0	0
chr22	4590	36842363	36842366	3	0	1	0	1	0	1	0	=	0	0	0
chr22	4591	36843507	36843510	3	0	1	0	1	0	1	0	=	0	0	0
chr22	4592	36843869	36843872	3	1	0	1	0	0	1	0	=	0	0	0
chr22	4593	36845743	36846010	267	2	3	2	3	0	3	0	=	0	0	0
chr22	4594	36846268	36846583	315	4	4	4	4	0	5	0	=	0	0	0
chr22	4595	36847175	36847178	3	1	1	1	1	0	0	0	?	0	0	0
chr22	4596	36847540	36847711	171	0	3	0	3	0	3	0	=	0	0	0
chr22	4597	36848195	36848515	320	0	4	0	4	0	8	0	=	0	0	0
chr22	4598	36848775	36848979	204	0	3	0	3	0	4	0	=	0	0	0
chr22	4599	36850285	36850288	3	0	1	0	1	0	1	0	=	0	0	0
chr22	4600	36851002	36851005	3	0	1	0	1	0	1	0	=	0	0	0
chr22	4601	36851807	36851934	127	2	2	2	2	0	0	0	?	0	0	0
chr22	4602	36852441	36852443	2	1	1	1	1	0	2	0	=	0	0	0
chr22	4603	36853447	36853450	3	1	1	1	1	0	0	0	?	0	0	0
chr22	4604	36853983	36853997	14	1	1	1	1	0	12	0	=	0	0	0
chr22	4605	36855433	36855436	3	0	1	0	1	0	1	0	=	0	0	0
chr22	4606	36856640	36856643	3	1	0	1	0	0	1	0	=	0	0	0
chr22	4607	36857195	36857198	3	1	0	1	0	0	1	0	=	0	0	0
chr22	4608	36859192	36859194	2	1	1	1	1	0	0	0	?	0	0	0
chr22	4609	36860307	36860310	3	0	1	0	1	0	1	0	=	0	0	0
chr22	4610	36861811	36861814	3	0	1	0	1	0	1	0	=	0	0	0
chr22	4611	36862459	36862610	151	0	2	0	2	0	2	0	=	0	0	0
chr22	4612	36862942	36863318	376	1	3	1	3	0	4	0	=	0	0	0
chr22	4613	36863561	36863617	56	2	2	1	1	2	2	0	?	0	0	0
chr22	4614	36864557	36864560	3	1	1	1	1	0	0	0	?	0	0	0
chr22	4615	36867109	36867111	2	0	0	1	1	12	12	0	?	0	0	0
chr22	4616	36867662	36867805	143	2	2	2	2	0	0	0	?	0	0	0
chr22	4617	36869017	36869038	21	2	1	2	1	0	1	0	=	0	0	0
chr22	4618	36870278	36870281	3	1	1	1	1	0	0	0	?	0	0	0
chr22	4619	36870935	36870938	3	1	1	1	1	0	0	0	?	0	0	0
chr22	4620	36871723	36872216	493	4	4	4	4	0	0	0	?	0	0	0
chr22	4621	36872457	36873137	680	6	6	7	7	2	2	0	?	0	0	0
chr22	4622	36873463	36873515	52	2	2	2	2	0	0	0	?	0	0	0
chr22	4623	36873861	36874107	246	4	4	4	4	0	0	0	?	0	0	0
chr22	4624	36874458	36874461	3	1	1	1	1	0	0	0	?	0	0	0
chr22	4625	36874969	36874972	3	1	1	1	1	0	0	0	?	0	0	0
chr22	4626	36875263	36875390	127	2	2	2	2	0	0	0	?	0	0	0
chr22	4627	36875838	36875841	3	1	1	1	1	0	0	0	?	0	0	0
chr22	4628	36878350	36878353	3	1	1	1	1	0	0	0	?	0	0	0
chr22	4629	36879860	36880244	384	5	5	5	5	0	0	0	?	0	0	0
chr22	4630	36880870	36880971	101	3	3	4	4	6	6	0	?	0	0	0
chr22	4631	36881572	36881803	231	3	3	3	3	0	0	0	?	0	0	0
chr22	4632	36882290	36882319	29	2	2	2	2	0	0	0	?	0	0	0
chr22	4633	36883928	36883931	3	1	1	1	1	0	0	0	?	0	0	0
chr22	4634	36885029	36885032	3	0	1	0	1	0	1	0	=	0	0	0
chr22	4635	36886049	36886052	3	1	1	1	1	0	0	0	?	0	0	0
chr22	4636	36886383	36886389	6	0	0	1	1	8	8	0	?	0	0	0
chr22	4637	36888175	36888178	3	1	1	1	1	0	0	0	?	0	0	0
chr22	4638	36889547	36889550	3	1	1	1	1	0	0	0	?	0	0	0
chr22	4639	36889850	36889853	3	1	1	1	1	0	0	0	?	0	0	0
chr22	4640	36890894	36890896	2	0	0	1	1	6	6	0	?	0	0	0
chr22	4641	36893710	36893828	118	2	2	2	2	0	0	0	?	0	0	0
chr22	4642	36894503	36894506	3	1	1	1	1	0	0	0	?	0	0	0
chr22	4643	36896537	36896723	186	1	4	3	5	4	11	0	=	0	0	0
chr22	4644	36900085	36900088	3	1	1	1	1	0	0	0	?	0	0	0
chr22	4645	36900887	36900958	71	3	3	3	3	0	0	0	?	0	0	0
chr22	4646	36902300	36902303	3	1	1	1	1	0	0	0	?	0	0	0
chr22	4647	36902638	36902641	3	1	1	1	1	0	0	0	?	0	0	0
chr22	4648	36903455	36903458	3	1	1	1	1	0	0	0	?	0	0	0
chr22	4649	36904246	36904489	243	3	3	3	3	0	0	0	?	0	0	0
chr22	4650	36905982	36906051	69	0	2	0	2	0	2	0	=	0	0	0
chr22	4651	36906743	36906747	4	1	1	1	1	0	0	0	?	0	0	0
chr22	4652	36907034	36907036	2	1	1	1	1	0	0	0	?	0	0	0
chr22	4653	36908282	36908469	187	5	5	5	5	2	2	0	?	0	0	0
chr22	4654	36908820	36908966	146	2	2	2	2	0	0	0	?	0	0	0
chr22	4655	36909377	36909676	299	4	4	4	4	0	0	0	?	0	0	0
chr22	4656	36910620	36910858	238	3	3	3	3	0	0	0	?	0	0	0
chr22	4657	36911204	36911325	121	2	2	2	2	0	0	0	?	0	0	0
chr22	4658	36912775	36912874	99	2	2	2	2	0	0	0	?	0	0	0
chr22	4659	36913374	36913377	3	1	1	1	1	0	0	0	?	0	0	0
chr22	4660	36913872	36914392	520	5	5	5	5	0	0	0	?	0	0	0
chr22	4661	36914910	36915423	513	6	6	6	6	0	4	0	=	0	0	0
chr22	4662	36915762	36915836	74	2	2	2	2	0	0	0	?	0	0	0
chr22	4663	36916129	36916223	94	2	2	2	2	0	0	0	?	0	0	0
chr22	4664	36916517	36916520	3	1	1	1	1	0	0	0	?	0	0	0
chr22	4665	36917964	36918492	528	7	7	7	7	0	0	0	?	0	0	0
chr22	4666	36918726	36918729	3	1	1	1	1	0	0	0	?	0	0	0
chr22	4667	36919548	36920435	887	14	14	14	14	0	0	0	?	0	0	0
chr22	4668	36920829	36921488	659	10	10	10	10	0	0	0	?	0	0	0
chr22	4669	36921804	36921973	169	3	3	3	3	0	0	0	?	0	0	0
chr22	4670	36922382	36922474	92	3	3	3	3	0	0	0	?	0	0	0
chr22	4671	36922735	36922738	3	1	1	1	1	0	0	0	?	0	0	0
chr22	4672	36922965	36923040	75	2	2	2	2	0	0	0	?	0	0	0
chr22	4673	36923381	36923548	167	2	2	2	2	0	0	0	?	0	0	0
chr22	4674	36923903	36923906	3	1	1	1	1	0	0	0	?	0	0	0
chr22	4675	36924829	36925039	210	2	2	2	2	0	0	0	?	0	0	0
chr22	4676	36926938	36926941	3	1	1	1	1	0	0	0	?	0	0	0
chr22	4677	36927944	36927947	3	1	1	1	1	0	0	0	?	0	0	0
chr22	4678	36932433	36932437	4	0	1	0	1	0	2	0	=	0	0	0
chr22	4679	36932707	36932710	3	0	1	0	1	0	1	0	=	0	0	0
chr22	4680	36932922	36933070	148	0	2	0	2	0	2	0	=	0	0	0
chr22	4681	36933404	36933504	100	0	2	0	2	0	2	0	=	0	0	0
chr22	4682	36934038	36934208	170	0	2	0	2	0	2	0	=	0	0	0
chr22	4683	36934677	36934770	93	0	3	0	3	0	3	0	=	0	0	0
chr22	4684	36935261	36935264	3	0	1	0	1	0	1	0	=	0	0	0
chr22	4685	36935960	36935963	3	0	1	0	1	0	1	0	=	0	0	0
chr22	4686	36937323	36937326	3	1	0	1	0	0	1	0	=	0	0	0
chr22	4687	36937750	36937753	3	0	1	0	1	0	1	0	=	0	0	0
chr22	4688	36939282	36939285	3	1	0	1	0	0	1	0	=	0	0	0
chr22	4689	36939729	36939732	3	1	0	1	0	0	1	0	=	0	0	0
chr22	4690	36941365	36941368	3	1	0	1	0	0	1	0	=	0	0	0
chr22	4691	36942242	36942245	3	1	0	1	0	0	1	0	=	0	0	0
chr22	4692	36942465	36942467	2	1	0	1	0	0	1	0	=	0	0	0
chr22	4693	36942753	36942756	3	1	0	1	0	0	1	0	=	0	0	0
chr22	4694	36943742	36943744	2	0	1	1	1	8	8	0	?	0	0	0
chr22	4695	36944385	36944388	3	1	0	1	0	0	1	0	=	0	0	0
chr22	4696	36944726	36944729	3	1	0	1	0	0	1	0	=	0	0	0
chr22	4697	36946032	36946035	3	1	0	1	0	0	1	0	=	0	0	0
chr22	4698	36946334	36946337	3	1	0	1	0	0	1	0	=	0	0	0
chr22	4699	36946675	36946678	3	1	0	1	0	0	1	0	=	0	0	0
chr22	4700	36946956	36946959	3	1	1	1	1	0	0	0	?	0	0	0
chr22	4701	36947422	36947425	3	1	1	1	1	0	0	0	?	0	0	0
chr22	4702	36948059	36948150	91	1	2	1	2	0	1	0	=	0	0	0
chr22	4703	36948363	36948366	3	1	0	1	0	0	1	0	=	0	0	0
chr22	4704	36948817	36949563	746	1	9	1	9	0	10	0	=	0	0	0
chr22	4705	36949770	36950254	484	1	4	1	4	0	5	0	=	0	0	0
chr22	4706	36950570	36950609	39	0	2	0	2	0	2	0	=	0	0	0
chr22	4707	36950968	36951039	71	0	2	0	2	0	2	0	=	0	0	0
chr22	4708	36951263	36951570	307	3	6	3	6	0	5	0	=	0	0	0
chr22	4709	36951788	36952353	565	0	9	0	9	0	21	0	=	0	0	0
chr22	4710	36952678	36952887	209	0	2	0	2	0	2	0	=	0	0	0
chr22	4711	36953206	36953435	229	1	2	2	3	2	3	0	?	0	0	0
chr22	4712	36953949	36954112	163	0	3	0	3	0	3	0	=	0	0	0
chr22	4713	36954374	36954377	3	0	1	0	1	0	1	0	=	0	0	0
chr22	4714	36954838	36954841	3	0	1	0	1	0	1	0	=	0	0	0
chr22	4715	36955346	36955349	3	0	1	0	1	0	1	0	=	0	0	0
chr22	4716	36956413	36956416	3	0	1	0	1	0	1	0	=	0	0	0
chr22	4717	36956677	36956679	2	0	1	0	1	0	2	0	=	0	0	0
chr22	4718	36957150	36957222	72	1	3	1	3	0	2	0	=	0	0	0
chr22	4719	36957449	36957452	3	0	1	0	1	0	1	0	=	0	0	0
chr22	4720	36957671	36957674	3	0	0	1	1	2	2	0	?	0	0	0
chr22	4721	36957918	36957921	3	0	1	0	1	0	1	0	=	0	0	0
chr22	4722	36958311	36958314	3	0	1	0	1	0	1	0	=	0	0	0
chr22	4723	36958867	36959492	625	0	3	1	5	385	388	0	?	0	0	0
chr22	4724	36960601	36960604	3	0	1	0	1	0	1	0	=	0	0	0
chr22	4725	36961093	36961179	86	0	3	0	3	0	3	0	=	0	0	0
chr22	4726	36961834	36961837	3	0	1	0	1	0	1	0	=	0	0	0
chr22	4727	36962392	36962394	2	0	1	0	1	0	2	0	=	0	0	0
chr22	4728	36962667	36962670	3	0	1	0	1	0	1	0	=	0	0	0
chr22	4729	36963446	36963609	163	0	3	0	3	0	3	0	=	0	0	0
chr22	4730	36963918	36963921	3	0	1	0	1	0	1	0	=	0	0	0
chr22	4731	36964369	36964372	3	0	1	0	1	0	1	0	=	0	0	0
chr22	4732	36966327	36966339	12	0	1	0	1	0	10	0	=	0	0	0
chr22	4733	36967592	36967594	2	0	1	0	1	0	1	0	=	0	0	0
chr22	4734	36967951	36967953	2	0	1	0	1	0	4	0	=	0	0	0
chr22	4735	36969907	36969910	3	1	1	1	1	0	0	0	?	0	0	0
chr22	4736	36970945	36971099	154	1	1	1	1	0	12	0	=	0	0	0
chr22	4737	36971493	36971496	3	1	0	1	0	0	1	0	=	0	0	0
chr22	4738	36973711	36974292	581	5	0	5	0	0	5	0	=	0	0	0
chr22	4739	36974878	36975069	191	2	0	2	0	0	2	0	=	0	0	0
chr22	4740	36975598	36975601	3	1	0	1	0	0	1	0	=	0	0	0
chr22	4741	36976539	36976677	138	2	0	2	0	0	2	0	=	0	0	0
chr22	4742	36977477	36977480	3	1	0	1	0	0	1	0	=	0	0	0
chr22	4743	36978386	36978389	3	1	0	1	0	0	1	0	=	0	0	0
chr22	4744	36979088	36979092	4	1	0	1	0	0	2	0	=	0	0	0
chr22	4745	36979474	36980100	626	7	1	7	1	0	6	0	=	0	0	0
chr22	4746	36980480	36980483	3	1	0	1	0	0	1	0	=	0	0	0
chr22	4747	36981051	36981054	3	1	0	1	0	0	1	0	=	0	0	0
chr22	4748	36981394	36981398	4	1	0	1	0	0	2	0	=	0	0	0
chr22	4749	36981649	36981782	133	2	0	3	1	4	6	0	?	0	0	0
chr22	4750	36982165	36982168	3	1	0	1	0	0	1	0	=	0	0	0
chr22	4751	36982699	36982703	4	2	0	2	0	0	4	0	=	0	0	0
chr22	4752	36983496	36983649	153	2	0	2	0	0	2	0	=	0	0	0
chr22	4753	36983977	36984257	280	3	0	3	0	0	3	0	=	0	0	0
chr22	4754	36984974	36985411	437	4	0	11	2	26	30	0	?	0	0	0
chr22	4755	36985631	36985634	3	1	0	1	0	0	1	0	=	0	0	0
chr22	4756	36985846	36985849	3	1	0	1	0	0	1	0	=	0	0	0
chr22	4757	36986207	36986210	3	1	0	1	0	0	1	0	=	0	0	0
chr22	4758	36987333	36987437	104	4	0	4	0	0	5	0	=	0	0	0
chr22	4759	36987766	36987769	3	1	0	1	0	0	1	0	=	0	0	0
chr22	4760	36988060	36988160	100	2	0	2	0	0	2	0	=	0	0	0
chr22	4761	36988370	36988475	105	2	0	2	0	0	2	0	=	0	0	0
chr22	4762	36989006	36989009	3	1	0	1	0	0	1	0	=	0	0	0
chr22	4763	36989525	36989527	2	1	0	1	0	0	1	0	=	0	0	0
chr22	4764	36990491	36990754	263	3	0	3	0	0	3	0	=	0	0	0
chr22	4765	36991076	36991079	3	1	0	1	0	0	1	0	=	0	0	0
chr22	4766	36991714	36991717	3	1	0	1	0	0	1	0	=	0	0	0
chr22	4767	36992344	36992350	6	1	0	1	0	0	4	0	=	0	0	0
chr22	4768	36993015	36993017	2	1	0	1	0	0	1	0	=	0	0	0
chr22	4769	36993484	36993487	3	1	0	1	0	0	1	0	=	0	0	0
chr22	4770	36994291	36994360	69	2	0	2	0	0	2	0	=	0	0	0
chr22	4771	36994692	36994695	3	0	1	0	1	0	1	0	=	0	0	0
chr22	4772	36995512	36995595	83	2	0	2	0	0	2	0	=	0	0	0
chr22	4773	36995954	36996237	283	3	0	3	0	0	3	0	=	0	0	0
chr22	4774	36998251	36998468	217	5	0	5	0	0	5	0	=	0	0	0
chr22	4775	36998677	36998691	14	2	0	2	0	0	2	0	=	0	0	0
chr22	4776	36999291	36999572	281	2	0	4	0	8	10	0	?	0	0	0
